duplicate_group,sha256,copy_count,asset_id,origin,relative_path,size_bytes
DUP-00001,527a4afd4116ff8ee2d70a5a6af8db1e93ed17f388f48cb77c199d51b5bbb5c9,2,TEM-000019,TEMPLATE,public/textures/fenbridge_surface_atlas.webp,87780
DUP-00001,527a4afd4116ff8ee2d70a5a6af8db1e93ed17f388f48cb77c199d51b5bbb5c9,2,NOV-007870,NOVO,01_Assets_Organizados/Textures/textures/fenbridge_surface_atlas.webp,87780
DUP-00002,c236f266a99480a437a66b2d54ba86e7ce344f0569d20ba2f45cde53fd75f02e,2,TEM-000020,TEMPLATE,public/textures/eastbrook_surface_rough.webp,122242
DUP-00002,c236f266a99480a437a66b2d54ba86e7ce344f0569d20ba2f45cde53fd75f02e,2,NOV-007871,NOVO,01_Assets_Organizados/Textures/textures/eastbrook_surface_rough.webp,122242
DUP-00003,d66f2fab603aa83e6c73c6fc4bdde2d545a6d8c1a0d4a58d42a3fb227e5a3f9b,2,TEM-000021,TEMPLATE,public/textures/eastbrook_surface_atlas.webp,141666
DUP-00003,d66f2fab603aa83e6c73c6fc4bdde2d545a6d8c1a0d4a58d42a3fb227e5a3f9b,2,NOV-007872,NOVO,01_Assets_Organizados/Textures/textures/eastbrook_surface_atlas.webp,141666
DUP-00004,905e7210b9f3d0c7ea252dccb93dc319cc75153ea27968d4ae243ccdd7695424,2,TEM-000022,TEMPLATE,public/textures/eastbrook_surface_normal.webp,107466
DUP-00004,905e7210b9f3d0c7ea252dccb93dc319cc75153ea27968d4ae243ccdd7695424,2,NOV-007873,NOVO,01_Assets_Organizados/Textures/textures/eastbrook_surface_normal.webp,107466
DUP-00005,ea442943770ba8b7fc06783654ef34f6f2a7aee7d1e272a6d26800b31d410b4a,2,TEM-000023,TEMPLATE,public/textures/fenbridge_surface_roughness.webp,17080
DUP-00005,ea442943770ba8b7fc06783654ef34f6f2a7aee7d1e272a6d26800b31d410b4a,2,NOV-007874,NOVO,01_Assets_Organizados/Textures/textures/fenbridge_surface_roughness.webp,17080
DUP-00006,d68714b1925f792840fd1b6dd90d682c5bc2e7a474177105e3a9bb12a017cef9,2,TEM-000024,TEMPLATE,public/textures/fenbridge_surface_normal.webp,90220
DUP-00006,d68714b1925f792840fd1b6dd90d682c5bc2e7a474177105e3a9bb12a017cef9,2,NOV-007875,NOVO,01_Assets_Organizados/Textures/textures/fenbridge_surface_normal.webp,90220
DUP-00007,4c226fe5bcc428ad8859f49832c1a933e31450dc0bafca8ab33610d15d3ea876,2,TEM-000025,TEMPLATE,public/vfx/slash_02.png,28122
DUP-00007,4c226fe5bcc428ad8859f49832c1a933e31450dc0bafca8ab33610d15d3ea876,2,NOV-005781,NOVO,01_Assets_Organizados/VFX/slash_02.png,28122
DUP-00008,439a58c4e3486031996af880a841067961218cb7f7cc513ded25dc480f50f840,2,TEM-000026,TEMPLATE,public/vfx/flare_01.png,17953
DUP-00008,439a58c4e3486031996af880a841067961218cb7f7cc513ded25dc480f50f840,2,NOV-005782,NOVO,01_Assets_Organizados/VFX/flare_01.png,17953
DUP-00009,89ec5d9a02676f5fe83f398a1b869c15e91dc65bef01d2c5f7c67b59bd2a9d8b,2,TEM-000027,TEMPLATE,public/vfx/trace_05.png,22660
DUP-00009,89ec5d9a02676f5fe83f398a1b869c15e91dc65bef01d2c5f7c67b59bd2a9d8b,2,NOV-005783,NOVO,01_Assets_Organizados/VFX/trace_05.png,22660
DUP-00010,d45c9fb99de978e0558492e0a3517ca5f3d8fb4530724c22b1ede6c2f85b16b2,2,TEM-000028,TEMPLATE,public/vfx/smoke_05.png,67943
DUP-00010,d45c9fb99de978e0558492e0a3517ca5f3d8fb4530724c22b1ede6c2f85b16b2,2,NOV-005784,NOVO,01_Assets_Organizados/VFX/smoke_05.png,67943
DUP-00011,c9e0e947892b87cb71e110e60d85798810142b11aed154542c50b17dc93033b0,2,TEM-000029,TEMPLATE,public/vfx/light_01.png,60764
DUP-00011,c9e0e947892b87cb71e110e60d85798810142b11aed154542c50b17dc93033b0,2,NOV-005785,NOVO,01_Assets_Organizados/VFX/light_01.png,60764
DUP-00012,195f614a39a40b3e03961887e2d817f19bf4ec47f7091a42977c9923b55d8ccf,2,TEM-000030,TEMPLATE,public/vfx/flame_03.png,34261
DUP-00012,195f614a39a40b3e03961887e2d817f19bf4ec47f7091a42977c9923b55d8ccf,2,NOV-005786,NOVO,01_Assets_Organizados/VFX/flame_03.png,34261
DUP-00013,64c4d7d7f529e9ce78929ebf5b312b664ac177cfb63b943f5f2fa2b9bffe9452,2,TEM-000031,TEMPLATE,public/vfx/dirt_02.png,53980
DUP-00013,64c4d7d7f529e9ce78929ebf5b312b664ac177cfb63b943f5f2fa2b9bffe9452,2,NOV-005787,NOVO,01_Assets_Organizados/VFX/dirt_02.png,53980
DUP-00014,542198dcb07aab51469cdb6211c87583ebc2516e6b03238fafbf92c6c8966707,2,TEM-000032,TEMPLATE,public/vfx/spark_04.png,77451
DUP-00014,542198dcb07aab51469cdb6211c87583ebc2516e6b03238fafbf92c6c8966707,2,NOV-005788,NOVO,01_Assets_Organizados/VFX/spark_04.png,77451
DUP-00015,05e87b80ad4e65ddc0904f91f8520bb22059ca05c053ec7f5c780118e1294012,2,TEM-000033,TEMPLATE,public/vfx/circle_05.png,27583
DUP-00015,05e87b80ad4e65ddc0904f91f8520bb22059ca05c053ec7f5c780118e1294012,2,NOV-005789,NOVO,01_Assets_Organizados/VFX/circle_05.png,27583
DUP-00016,35fc73c16895d11e6782aba8d4a9b374cd09fad914429cef12d1f6612a38851b,2,TEM-000034,TEMPLATE,public/vfx/fire_01.png,96339
DUP-00016,35fc73c16895d11e6782aba8d4a9b374cd09fad914429cef12d1f6612a38851b,2,NOV-005790,NOVO,01_Assets_Organizados/VFX/fire_01.png,96339
DUP-00017,ba25d57c52ba4bfe83953acac9ef697135ecdf75aa27b75811380f9771070c36,2,TEM-000035,TEMPLATE,public/vfx/magic_01.png,60113
DUP-00017,ba25d57c52ba4bfe83953acac9ef697135ecdf75aa27b75811380f9771070c36,2,NOV-005792,NOVO,01_Assets_Organizados/VFX/magic_01.png,60113
DUP-00018,9ec3befd7a9fa4ef78d503fbb90a633a52a504eee1d57c5859a93226e09e9ddc,2,TEM-000036,TEMPLATE,public/vfx/light_02.png,60327
DUP-00018,9ec3befd7a9fa4ef78d503fbb90a633a52a504eee1d57c5859a93226e09e9ddc,2,NOV-005793,NOVO,01_Assets_Organizados/VFX/light_02.png,60327
DUP-00019,18137131f93a9f97dbe9ba6f405a6c89236759875635c97be8c4859617a6a5f7,2,TEM-000037,TEMPLATE,public/vfx/twirl_01.png,31267
DUP-00019,18137131f93a9f97dbe9ba6f405a6c89236759875635c97be8c4859617a6a5f7,2,NOV-005794,NOVO,01_Assets_Organizados/VFX/twirl_01.png,31267
DUP-00020,b615e988e12bbff49ad061c59d8d08f976fab9f72ceac0224b67b4558e336857,2,TEM-000038,TEMPLATE,public/vfx/spark_06.png,42423
DUP-00020,b615e988e12bbff49ad061c59d8d08f976fab9f72ceac0224b67b4558e336857,2,NOV-005795,NOVO,01_Assets_Organizados/VFX/spark_06.png,42423
DUP-00021,db52cb9014be1bb580eaca82ae17e7e01fa28ee29c7325d68274d98152f02baa,2,TEM-000039,TEMPLATE,public/vfx/magic_04.png,31286
DUP-00021,db52cb9014be1bb580eaca82ae17e7e01fa28ee29c7325d68274d98152f02baa,2,NOV-005796,NOVO,01_Assets_Organizados/VFX/magic_04.png,31286
DUP-00022,ae3e59099231a3daf031a56b5e0c841aad60ec2fb7549df79412da4c75bb3bcf,2,TEM-000040,TEMPLATE,public/vfx/star_07.png,25846
DUP-00022,ae3e59099231a3daf031a56b5e0c841aad60ec2fb7549df79412da4c75bb3bcf,2,NOV-005797,NOVO,01_Assets_Organizados/VFX/star_07.png,25846
DUP-00023,8a12582d315cf8e8e60727d4d5896575612b8d8c256f2c00a59197b0102b5bed,2,TEM-000176,TEMPLATE,public/env/nightbloom_dream_2k.hdr,8388659
DUP-00023,8a12582d315cf8e8e60727d4d5896575612b8d8c256f2c00a59197b0102b5bed,2,NOV-007876,NOVO,01_Assets_Organizados/Textures/env/nightbloom_dream_2k.hdr,8388659
DUP-00024,6f301c0144a705d9c55f4d64f02b0f3c0ed235ff5cb5dddf1d2229bfc1d7eccd,2,TEM-000177,TEMPLATE,public/env/wraithwood_gloom_1k.hdr,2097202
DUP-00024,6f301c0144a705d9c55f4d64f02b0f3c0ed235ff5cb5dddf1d2229bfc1d7eccd,2,NOV-007877,NOVO,01_Assets_Organizados/Textures/env/wraithwood_gloom_1k.hdr,2097202
DUP-00025,bc457362165aa3a9a9497ac790bb400d6eb038dc199f975fa224b629099832ca,2,TEM-000179,TEMPLATE,public/env/amber_sunset_2k.hdr,8388659
DUP-00025,bc457362165aa3a9a9497ac790bb400d6eb038dc199f975fa224b629099832ca,2,NOV-007878,NOVO,01_Assets_Organizados/Textures/env/amber_sunset_2k.hdr,8388659
DUP-00026,1b495e2b31b88ddffbd86a933f0dcd9f755c14089f4e6b510adc035d9f4a6fe2,2,TEM-000181,TEMPLATE,public/env/amber_sunset_1k.hdr,2097202
DUP-00026,1b495e2b31b88ddffbd86a933f0dcd9f755c14089f4e6b510adc035d9f4a6fe2,2,NOV-007879,NOVO,01_Assets_Organizados/Textures/env/amber_sunset_1k.hdr,2097202
DUP-00027,0e03309f35d1fe357cd588591dc22cc3cc61ea5a7637fe540cf8b9df965315c1,2,TEM-000182,TEMPLATE,public/env/vale_day_1k.hdr,2097202
DUP-00027,0e03309f35d1fe357cd588591dc22cc3cc61ea5a7637fe540cf8b9df965315c1,2,NOV-007880,NOVO,01_Assets_Organizados/Textures/env/vale_day_1k.hdr,2097202
DUP-00028,4f0e8a6edf0c88ead74092ad2c5f678b6ae8899d71cff4131f235a1b9323e8c6,2,TEM-000183,TEMPLATE,public/env/galecrest_day_1k.hdr,2097202
DUP-00028,4f0e8a6edf0c88ead74092ad2c5f678b6ae8899d71cff4131f235a1b9323e8c6,2,NOV-007881,NOVO,01_Assets_Organizados/Textures/env/galecrest_day_1k.hdr,2097202
DUP-00029,0884437b856558bd5caf93cc68fa445a4a4a682ddf83163f96f5a06b60638e6e,2,TEM-000184,TEMPLATE,public/env/fen_day_2k.hdr,8388659
DUP-00029,0884437b856558bd5caf93cc68fa445a4a4a682ddf83163f96f5a06b60638e6e,2,NOV-007882,NOVO,01_Assets_Organizados/Textures/env/fen_day_2k.hdr,8388659
DUP-00030,497a018ea5f9660691ab3da4116ce83adb4c51300355ecd7385d6671d72b3e0c,2,TEM-000185,TEMPLATE,public/env/peaks_dawn_2k.hdr,8388659
DUP-00030,497a018ea5f9660691ab3da4116ce83adb4c51300355ecd7385d6671d72b3e0c,2,NOV-007883,NOVO,01_Assets_Organizados/Textures/env/peaks_dawn_2k.hdr,8388659
DUP-00031,d03c07cb0fe772e5ecdf4270a459c6aeb7b7f4c40930f85ad82b14ea37b3351a,2,TEM-000186,TEMPLATE,public/env/evergarden_day_1k.hdr,2097202
DUP-00031,d03c07cb0fe772e5ecdf4270a459c6aeb7b7f4c40930f85ad82b14ea37b3351a,2,NOV-007884,NOVO,01_Assets_Organizados/Textures/env/evergarden_day_1k.hdr,2097202
DUP-00032,747e752cb29502edcce1bdde3e1146e65bf967b7e794e1c7dcd2afe721b488c2,2,TEM-000188,TEMPLATE,public/env/frost_twilight_1k.hdr,2097202
DUP-00032,747e752cb29502edcce1bdde3e1146e65bf967b7e794e1c7dcd2afe721b488c2,2,NOV-007885,NOVO,01_Assets_Organizados/Textures/env/frost_twilight_1k.hdr,2097202
DUP-00033,08face7e8220da20e3427e8c48120457e48f9a35d2315dede11b9dba61682867,2,TEM-000189,TEMPLATE,public/env/fen_day_1k.hdr,2097202
DUP-00033,08face7e8220da20e3427e8c48120457e48f9a35d2315dede11b9dba61682867,2,NOV-007886,NOVO,01_Assets_Organizados/Textures/env/fen_day_1k.hdr,2097202
DUP-00034,2efed90bca7fce53b2005d490877fe87dd58ff36b9a446a2c69edaad69edd8a6,2,TEM-000190,TEMPLATE,public/env/nightbloom_dream_1k.hdr,2097202
DUP-00034,2efed90bca7fce53b2005d490877fe87dd58ff36b9a446a2c69edaad69edd8a6,2,NOV-007887,NOVO,01_Assets_Organizados/Textures/env/nightbloom_dream_1k.hdr,2097202
DUP-00035,caeb9554a7c79d044051b1acb31e65aad3f6f9951f0590b74dd31e35d04e3e05,2,TEM-000192,TEMPLATE,public/env/evergarden_day_2k.hdr,8388659
DUP-00035,caeb9554a7c79d044051b1acb31e65aad3f6f9951f0590b74dd31e35d04e3e05,2,NOV-007888,NOVO,01_Assets_Organizados/Textures/env/evergarden_day_2k.hdr,8388659
DUP-00036,91f3a799b55a0b2b14756d62a46fad570b603d2373b50bfc223cb1cc3d7540ba,2,TEM-000193,TEMPLATE,public/env/galecrest_day_2k.hdr,8388659
DUP-00036,91f3a799b55a0b2b14756d62a46fad570b603d2373b50bfc223cb1cc3d7540ba,2,NOV-007889,NOVO,01_Assets_Organizados/Textures/env/galecrest_day_2k.hdr,8388659
DUP-00037,0469b6164a4919a41fa0b5bd53fcec8921c5a8392d83f969cb7e11039952ef0c,2,TEM-000194,TEMPLATE,public/env/peaks_dawn_1k.hdr,2097202
DUP-00037,0469b6164a4919a41fa0b5bd53fcec8921c5a8392d83f969cb7e11039952ef0c,2,NOV-007890,NOVO,01_Assets_Organizados/Textures/env/peaks_dawn_1k.hdr,2097202
DUP-00038,ded9e4405b959b59884d1a14e2c344079b95d4a23b39fdb8c3ffa14bb9c59ba4,2,TEM-000195,TEMPLATE,public/env/hollow_dusk_2k.hdr,8388659
DUP-00038,ded9e4405b959b59884d1a14e2c344079b95d4a23b39fdb8c3ffa14bb9c59ba4,2,NOV-007891,NOVO,01_Assets_Organizados/Textures/env/hollow_dusk_2k.hdr,8388659
DUP-00039,35b5ef6d664b9d32db5ef852f52f97b4227a0dca1830e9c8bdb3af5dc2f169cf,2,TEM-000197,TEMPLATE,public/env/night_2k.hdr,7050455
DUP-00039,35b5ef6d664b9d32db5ef852f52f97b4227a0dca1830e9c8bdb3af5dc2f169cf,2,NOV-007892,NOVO,01_Assets_Organizados/Textures/env/night_2k.hdr,7050455
DUP-00040,307e9a5f38ae34bfc6bfa25a2ed403e1cd7e9568fa56438953c22f3ef9f12ec8,2,TEM-000198,TEMPLATE,public/env/vale_cup_2k.hdr,8388659
DUP-00040,307e9a5f38ae34bfc6bfa25a2ed403e1cd7e9568fa56438953c22f3ef9f12ec8,2,NOV-007893,NOVO,01_Assets_Organizados/Textures/env/vale_cup_2k.hdr,8388659
DUP-00041,3d8343ec47c0d0cb510ec6fffadc2ccbe85c69943fe4c5d89763ad44cd3c1a33,2,TEM-000199,TEMPLATE,public/env/ember_storm_1k.hdr,2097202
DUP-00041,3d8343ec47c0d0cb510ec6fffadc2ccbe85c69943fe4c5d89763ad44cd3c1a33,2,NOV-007894,NOVO,01_Assets_Organizados/Textures/env/ember_storm_1k.hdr,2097202
DUP-00042,b229e2330816dc7966d88d433ffafdbb2ca549613d833e7f43f70befb8c03d79,2,TEM-000200,TEMPLATE,public/env/marsh_overcast_1k.hdr,2097202
DUP-00042,b229e2330816dc7966d88d433ffafdbb2ca549613d833e7f43f70befb8c03d79,2,NOV-007895,NOVO,01_Assets_Organizados/Textures/env/marsh_overcast_1k.hdr,2097202
DUP-00043,91facaf80f7aba041b7e4ca372564f9879c516795c4511f1fce62bd4b4040b6e,2,TEM-000201,TEMPLATE,public/env/palmreach_day_2k.hdr,8388659
DUP-00043,91facaf80f7aba041b7e4ca372564f9879c516795c4511f1fce62bd4b4040b6e,2,NOV-007896,NOVO,01_Assets_Organizados/Textures/env/palmreach_day_2k.hdr,8388659
DUP-00044,ab53b5bf6557e7d791e303b0b02c3c17b0d20b1c916239ec9afd32f36a2ec0cd,2,TEM-000203,TEMPLATE,public/env/palmreach_day_1k.hdr,2097202
DUP-00044,ab53b5bf6557e7d791e303b0b02c3c17b0d20b1c916239ec9afd32f36a2ec0cd,2,NOV-007897,NOVO,01_Assets_Organizados/Textures/env/palmreach_day_1k.hdr,2097202
DUP-00045,fc2c75b899497dab9003b39f9c0d7aa5b5b78f9351745c038122131080c3de1f,2,TEM-000204,TEMPLATE,public/env/farshore_day_1k.hdr,2097202
DUP-00045,fc2c75b899497dab9003b39f9c0d7aa5b5b78f9351745c038122131080c3de1f,2,NOV-007898,NOVO,01_Assets_Organizados/Textures/env/farshore_day_1k.hdr,2097202
DUP-00046,fcb9cb0c0ef7bea8e5cd2258356e138611e1378b959109abfb7816be684baff1,2,TEM-000205,TEMPLATE,public/env/hollow_dusk_1k.hdr,2097202
DUP-00046,fcb9cb0c0ef7bea8e5cd2258356e138611e1378b959109abfb7816be684baff1,2,NOV-007899,NOVO,01_Assets_Organizados/Textures/env/hollow_dusk_1k.hdr,2097202
DUP-00047,8dac02076465a6aa95665814e9dc6cb45bd3a503629225c9ad90c733a190276b,2,TEM-000206,TEMPLATE,public/env/farshore_day_2k.hdr,8388659
DUP-00047,8dac02076465a6aa95665814e9dc6cb45bd3a503629225c9ad90c733a190276b,2,NOV-007900,NOVO,01_Assets_Organizados/Textures/env/farshore_day_2k.hdr,8388659
DUP-00048,a33bca4e2580595400e51871a39a8d9ca147bdbe1eefe14a5fbcdef71024718c,2,TEM-000207,TEMPLATE,public/env/vale_cup_1k.hdr,2097202
DUP-00048,a33bca4e2580595400e51871a39a8d9ca147bdbe1eefe14a5fbcdef71024718c,2,NOV-007901,NOVO,01_Assets_Organizados/Textures/env/vale_cup_1k.hdr,2097202
DUP-00049,9700c158eb52265c55760f5dfdcc1b8114bcff14bd56168bd0ca5c8b8497085b,2,TEM-000208,TEMPLATE,public/env/vale_day_2k.hdr,8388659
DUP-00049,9700c158eb52265c55760f5dfdcc1b8114bcff14bd56168bd0ca5c8b8497085b,2,NOV-007902,NOVO,01_Assets_Organizados/Textures/env/vale_day_2k.hdr,8388659
DUP-00050,8066c3775943c1b1b0cb71ffead8ceff089ca1423e5fea5471a69062608c2458,2,TEM-000209,TEMPLATE,public/env/marsh_overcast_2k.hdr,8388659
DUP-00050,8066c3775943c1b1b0cb71ffead8ceff089ca1423e5fea5471a69062608c2458,2,NOV-007903,NOVO,01_Assets_Organizados/Textures/env/marsh_overcast_2k.hdr,8388659
DUP-00051,0b9724332a2da8ca3b19bdb7d2813e504221c534eb54a6df0b107abc25abd0e7,2,TEM-000210,TEMPLATE,public/env/ember_storm_2k.hdr,8388659
DUP-00051,0b9724332a2da8ca3b19bdb7d2813e504221c534eb54a6df0b107abc25abd0e7,2,NOV-007904,NOVO,01_Assets_Organizados/Textures/env/ember_storm_2k.hdr,8388659
DUP-00052,1265d7d635e1c3817a183a61c405cb76747b2aa8b111141bb65c4444e86b96f8,2,TEM-000211,TEMPLATE,public/env/frost_twilight_2k.hdr,8388659
DUP-00052,1265d7d635e1c3817a183a61c405cb76747b2aa8b111141bb65c4444e86b96f8,2,NOV-007905,NOVO,01_Assets_Organizados/Textures/env/frost_twilight_2k.hdr,8388659
DUP-00053,91af7f5d1b91b4fa9f754db49198db86a7957f32969b484acd03cdf943d3b383,2,TEM-000212,TEMPLATE,public/env/wraithwood_gloom_2k.hdr,8388659
DUP-00053,91af7f5d1b91b4fa9f754db49198db86a7957f32969b484acd03cdf943d3b383,2,NOV-007906,NOVO,01_Assets_Organizados/Textures/env/wraithwood_gloom_2k.hdr,8388659
DUP-00054,6861489f983cdc0c22435b781a3487171bd25f25f9cc52c46ac402d48e08249e,2,TEM-000213,TEMPLATE,public/env/night_1k.hdr,1745132
DUP-00054,6861489f983cdc0c22435b781a3487171bd25f25f9cc52c46ac402d48e08249e,2,NOV-007907,NOVO,01_Assets_Organizados/Textures/env/night_1k.hdr,1745132
DUP-00055,b01e419b817154035271ee47bf23e051fda675a6ab9ef61ebefbfabbf3379e2c,2,TEM-000265,TEMPLATE,public/audio/sfx/mount_run_thunderstrut_gobbler.mp3,11328
DUP-00055,b01e419b817154035271ee47bf23e051fda675a6ab9ef61ebefbfabbf3379e2c,2,TEM-000325,TEMPLATE,public/audio/sfx/mount_run_drakemaw_raptor.mp3,11328
DUP-00056,e35e91fe5e5b8edc0be4aa2254c88e9f4dce8ac7a428d166a4123b78605ec0ed,2,TEM-001233,TEMPLATE,public/claudium/icons/stack_single_512.webp,31700
DUP-00056,e35e91fe5e5b8edc0be4aa2254c88e9f4dce8ac7a428d166a4123b78605ec0ed,2,TEM-001271,TEMPLATE,public/claudium/icons/stack_single.webp,31700
DUP-00057,eddf70cb501895eef643f674e4f80ba6b15b75bfdbe961b35262d9bf47b024a0,2,TEM-001235,TEMPLATE,public/claudium/icons/stack_small_512.webp,33124
DUP-00057,eddf70cb501895eef643f674e4f80ba6b15b75bfdbe961b35262d9bf47b024a0,2,TEM-001255,TEMPLATE,public/claudium/icons/stack_small.webp,33124
DUP-00058,08f939eb6779fb02d88d49d93d4b02c80af6d1b97d34c6cf751ccbe0b8e0f3c3,2,TEM-001239,TEMPLATE,public/claudium/icons/stack_large_512.webp,29574
DUP-00058,08f939eb6779fb02d88d49d93d4b02c80af6d1b97d34c6cf751ccbe0b8e0f3c3,2,TEM-001253,TEMPLATE,public/claudium/icons/stack_large.webp,29574
DUP-00059,731327c4a1ffdccea496fe2f8bc4c749aa9e3f4cdddd7dbe4fa93d7c2f809ac1,2,TEM-001241,TEMPLATE,public/claudium/icons/icon_buy.webp,33440
DUP-00059,731327c4a1ffdccea496fe2f8bc4c749aa9e3f4cdddd7dbe4fa93d7c2f809ac1,2,TEM-001242,TEMPLATE,public/claudium/icons/icon_buy_512.webp,33440
DUP-00060,2f674baf5984bfbbef2f822fb5f6093dc8251332318fb19b6616cff76dae4960,2,TEM-001248,TEMPLATE,public/claudium/icons/icon_history.webp,44326
DUP-00060,2f674baf5984bfbbef2f822fb5f6093dc8251332318fb19b6616cff76dae4960,2,TEM-001266,TEMPLATE,public/claudium/icons/icon_history_512.webp,44326
DUP-00061,efb11ee42bcb15dd4baf02cf84898a912ccad8eaf6477d0c8b656a742878efad,2,TEM-001252,TEMPLATE,public/claudium/icons/icon_wallet_512.webp,38624
DUP-00061,efb11ee42bcb15dd4baf02cf84898a912ccad8eaf6477d0c8b656a742878efad,2,TEM-001262,TEMPLATE,public/claudium/icons/icon_wallet.webp,38624
DUP-00062,7d9932aec2ffc67cf8513758c73d3d9b07a074ec537d3b260bc6ed95b486b8fe,2,TEM-001257,TEMPLATE,public/claudium/icons/claudium_coin_512.webp,34976
DUP-00062,7d9932aec2ffc67cf8513758c73d3d9b07a074ec537d3b260bc6ed95b486b8fe,2,TEM-001258,TEMPLATE,public/claudium/icons/claudium_coin.webp,34976
DUP-00063,2a542ed5511747fecf1a29d039f8261b163ca9684d8baf7090313eb5b3c10a3c,2,TEM-001261,TEMPLATE,public/claudium/icons/icon_store_512.webp,29614
DUP-00063,2a542ed5511747fecf1a29d039f8261b163ca9684d8baf7090313eb5b3c10a3c,2,TEM-001267,TEMPLATE,public/claudium/icons/icon_store.webp,29614
DUP-00064,c72ebb9661a6a94859bd9ba3ec0d28cdec431270af368d799d9bb18253855de8,2,TEM-001273,TEMPLATE,public/textures/structures/RustCoarse01_AmbientOcclusion.jpg,656257
DUP-00064,c72ebb9661a6a94859bd9ba3ec0d28cdec431270af368d799d9bb18253855de8,2,NOV-007927,NOVO,01_Assets_Organizados/Textures/textures/structures/RustCoarse01_AmbientOcclusion.jpg,656257
DUP-00065,08ae69576b453b0970f5982d359897f09aae41c7cb18c19c02de37324160625c,2,TEM-001274,TEMPLATE,public/textures/structures/RustCoarse01_NormalGL.jpg,763053
DUP-00065,08ae69576b453b0970f5982d359897f09aae41c7cb18c19c02de37324160625c,2,NOV-007928,NOVO,01_Assets_Organizados/Textures/textures/structures/RustCoarse01_NormalGL.jpg,763053
DUP-00066,ba9f34d58b68e6fd5a0800ee497d3893e87d014b3afc6f4f644ec02b0f241dda,2,TEM-001275,TEMPLATE,public/textures/structures/Bark012_Displacement.jpg,598905
DUP-00066,ba9f34d58b68e6fd5a0800ee497d3893e87d014b3afc6f4f644ec02b0f241dda,2,NOV-007929,NOVO,01_Assets_Organizados/Textures/textures/structures/Bark012_Displacement.jpg,598905
DUP-00067,327f54f11672742a3082c2823ab6067b20f1943537194d9cf3aeb1f85e47e51b,2,TEM-001276,TEMPLATE,public/textures/structures/Metal013_Metalness.jpg,780052
DUP-00067,327f54f11672742a3082c2823ab6067b20f1943537194d9cf3aeb1f85e47e51b,2,NOV-007930,NOVO,01_Assets_Organizados/Textures/textures/structures/Metal013_Metalness.jpg,780052
DUP-00068,7bc92fc916b9b0876595acf5f7db582f50508b62a70cac3d659d1833178be218,2,TEM-001277,TEMPLATE,public/textures/structures/Plaster007_Roughness.jpg,738576
DUP-00068,7bc92fc916b9b0876595acf5f7db582f50508b62a70cac3d659d1833178be218,2,NOV-007932,NOVO,01_Assets_Organizados/Textures/textures/structures/Plaster007_Roughness.jpg,738576
DUP-00069,516a7c92605277d05c7fcdc8fb468572ccdba10a661da1212a10c57977d449b6,2,TEM-001278,TEMPLATE,public/textures/structures/Bark012_NormalGL.jpg,2443285
DUP-00069,516a7c92605277d05c7fcdc8fb468572ccdba10a661da1212a10c57977d449b6,2,NOV-007933,NOVO,01_Assets_Organizados/Textures/textures/structures/Bark012_NormalGL.jpg,2443285
DUP-00070,1cfe3e77008171a21488f21492dc2651f6d324001f103113ff4ffc16bade65b1,2,TEM-001279,TEMPLATE,public/textures/structures/Bricks076A_NormalGL.jpg,2136374
DUP-00070,1cfe3e77008171a21488f21492dc2651f6d324001f103113ff4ffc16bade65b1,2,NOV-007934,NOVO,01_Assets_Organizados/Textures/textures/structures/Bricks076A_NormalGL.jpg,2136374
DUP-00071,221bf708cb614b01ae83b856376fa79fff22dc249d8a397ab0f89dd3b7fe6da6,2,TEM-001280,TEMPLATE,public/textures/structures/Fabric030_Roughness.jpg,866950
DUP-00071,221bf708cb614b01ae83b856376fa79fff22dc249d8a397ab0f89dd3b7fe6da6,2,NOV-007935,NOVO,01_Assets_Organizados/Textures/textures/structures/Fabric030_Roughness.jpg,866950
DUP-00072,4f695890ad517325cc00659e6e66fa9388ee6470d525b78476c643d6c4c1e3b7,2,TEM-001281,TEMPLATE,public/textures/structures/Bark012_AmbientOcclusion.jpg,758060
DUP-00072,4f695890ad517325cc00659e6e66fa9388ee6470d525b78476c643d6c4c1e3b7,2,NOV-007937,NOVO,01_Assets_Organizados/Textures/textures/structures/Bark012_AmbientOcclusion.jpg,758060
DUP-00073,c65d7934028e0658d8ee85d8cbebb35cfc5885e00f219b398c3d4991a6a0586d,2,TEM-001282,TEMPLATE,public/textures/structures/Bricks076B_NormalGL.jpg,2137350
DUP-00073,c65d7934028e0658d8ee85d8cbebb35cfc5885e00f219b398c3d4991a6a0586d,2,NOV-007938,NOVO,01_Assets_Organizados/Textures/textures/structures/Bricks076B_NormalGL.jpg,2137350
DUP-00074,65bba089b8b7589e0dd6107fe418faaaa2ededcd610de4f9c9897bde763356a9,2,TEM-001283,TEMPLATE,public/textures/structures/Bark012_Roughness.jpg,728470
DUP-00074,65bba089b8b7589e0dd6107fe418faaaa2ededcd610de4f9c9897bde763356a9,2,NOV-007940,NOVO,01_Assets_Organizados/Textures/textures/structures/Bark012_Roughness.jpg,728470
DUP-00075,7ecc283c69abae1952c8f4286164260c64ee38b24ea49ee4a57ee5ed00c316e0,2,TEM-001284,TEMPLATE,public/textures/structures/Bricks076B_Displacement.jpg,441324
DUP-00075,7ecc283c69abae1952c8f4286164260c64ee38b24ea49ee4a57ee5ed00c316e0,2,NOV-007941,NOVO,01_Assets_Organizados/Textures/textures/structures/Bricks076B_Displacement.jpg,441324
DUP-00076,c0f6be3cc6141868a44204dac5dc4a4f890ea585c0938bf9c06b7bf7ef99f802,2,TEM-001285,TEMPLATE,public/textures/structures/Fabric030_AmbientOcclusion.jpg,835879
DUP-00076,c0f6be3cc6141868a44204dac5dc4a4f890ea585c0938bf9c06b7bf7ef99f802,2,NOV-007943,NOVO,01_Assets_Organizados/Textures/textures/structures/Fabric030_AmbientOcclusion.jpg,835879
DUP-00077,e2fd3ab5e76a418bffceb88ce3837939e1039f94c432a3913c539b0d440ee7a5,2,TEM-001286,TEMPLATE,public/textures/structures/MedievalWood_Roughness.jpg,321025
DUP-00077,e2fd3ab5e76a418bffceb88ce3837939e1039f94c432a3913c539b0d440ee7a5,2,NOV-007947,NOVO,01_Assets_Organizados/Textures/textures/structures/MedievalWood_Roughness.jpg,321025
DUP-00078,f3a8c21257ef15ce3db10f33cfb0849f915506ec85010089c7761e125569759d,2,TEM-001287,TEMPLATE,public/textures/structures/Bricks076A_AmbientOcclusion.jpg,714723
DUP-00078,f3a8c21257ef15ce3db10f33cfb0849f915506ec85010089c7761e125569759d,2,NOV-007948,NOVO,01_Assets_Organizados/Textures/textures/structures/Bricks076A_AmbientOcclusion.jpg,714723
DUP-00079,297f61617f778a3ec5c2342aa2ac7b3b310afe036edbdd208a77e0336a499777,2,TEM-001288,TEMPLATE,public/textures/structures/Bricks076B_Roughness.jpg,600719
DUP-00079,297f61617f778a3ec5c2342aa2ac7b3b310afe036edbdd208a77e0336a499777,2,NOV-007949,NOVO,01_Assets_Organizados/Textures/textures/structures/Bricks076B_Roughness.jpg,600719
DUP-00080,c691b768a7d46bf55367be2d0f679b5667bce93de15fb0ac2e3cb2a2ad0cd9bf,2,TEM-001289,TEMPLATE,public/textures/structures/RustCoarse01_Displacement.jpg,415221
DUP-00080,c691b768a7d46bf55367be2d0f679b5667bce93de15fb0ac2e3cb2a2ad0cd9bf,2,NOV-007950,NOVO,01_Assets_Organizados/Textures/textures/structures/RustCoarse01_Displacement.jpg,415221
DUP-00081,5403919f1d08aa512ef56779f7800ab51b5375c6c51ed5f43646ae1a9525b39c,2,TEM-001290,TEMPLATE,public/textures/structures/Plaster007_Displacement.jpg,438483
DUP-00081,5403919f1d08aa512ef56779f7800ab51b5375c6c51ed5f43646ae1a9525b39c,2,NOV-007951,NOVO,01_Assets_Organizados/Textures/textures/structures/Plaster007_Displacement.jpg,438483
DUP-00082,05721f284a1acf7b8b2362bddcb7fe9de07444818f35b320628fb4bec1eb1240,2,TEM-001291,TEMPLATE,public/textures/structures/Bricks076B_Color.jpg,1459414
DUP-00082,05721f284a1acf7b8b2362bddcb7fe9de07444818f35b320628fb4bec1eb1240,2,NOV-007952,NOVO,01_Assets_Organizados/Textures/textures/structures/Bricks076B_Color.jpg,1459414
DUP-00083,25e7a8f1bf929fd356a38bc5c8540b5bde17c4dd9db4c9b0d2d66e98d60ca55c,2,TEM-001292,TEMPLATE,public/textures/structures/Plaster007_AmbientOcclusion.jpg,660056
DUP-00083,25e7a8f1bf929fd356a38bc5c8540b5bde17c4dd9db4c9b0d2d66e98d60ca55c,2,NOV-007954,NOVO,01_Assets_Organizados/Textures/textures/structures/Plaster007_AmbientOcclusion.jpg,660056
DUP-00084,6d1ac26fe23f4f4a54ebb29c03051e8597d1f1159582ada708715575c74316c3,2,TEM-001293,TEMPLATE,public/textures/structures/Fabric030_Displacement.jpg,831560
DUP-00084,6d1ac26fe23f4f4a54ebb29c03051e8597d1f1159582ada708715575c74316c3,2,NOV-007956,NOVO,01_Assets_Organizados/Textures/textures/structures/Fabric030_Displacement.jpg,831560
DUP-00085,bef928e219791fc7b5df99b9896b526375f999bb6358b9a008f1e4b2abce844f,2,TEM-001294,TEMPLATE,public/textures/structures/Plaster007_Color.jpg,1164937
DUP-00085,bef928e219791fc7b5df99b9896b526375f999bb6358b9a008f1e4b2abce844f,2,NOV-007957,NOVO,01_Assets_Organizados/Textures/textures/structures/Plaster007_Color.jpg,1164937
DUP-00086,ec35e1242c4a5ff762b0c4c9593efd96ee393426bcebc190ea813526bfa7ab9e,2,TEM-001295,TEMPLATE,public/textures/structures/MedievalWood_AmbientOcclusion.jpg,363919
DUP-00086,ec35e1242c4a5ff762b0c4c9593efd96ee393426bcebc190ea813526bfa7ab9e,2,NOV-007958,NOVO,01_Assets_Organizados/Textures/textures/structures/MedievalWood_AmbientOcclusion.jpg,363919
DUP-00087,932c94033f485ff3031e28394eaeaf91c946c66afb871b8945a341835e58d534,2,TEM-001296,TEMPLATE,public/textures/structures/Metal013_NormalGL.jpg,1766792
DUP-00087,932c94033f485ff3031e28394eaeaf91c946c66afb871b8945a341835e58d534,2,NOV-007959,NOVO,01_Assets_Organizados/Textures/textures/structures/Metal013_NormalGL.jpg,1766792
DUP-00088,66a36635dc3f2db696dbb6939b1d4f86c0b666c898c1b55c6b5d6d9f1896b43e,2,TEM-001297,TEMPLATE,public/textures/structures/MedievalWood_Color.jpg,747216
DUP-00088,66a36635dc3f2db696dbb6939b1d4f86c0b666c898c1b55c6b5d6d9f1896b43e,2,NOV-007960,NOVO,01_Assets_Organizados/Textures/textures/structures/MedievalWood_Color.jpg,747216
DUP-00089,2ba7287b839522c426052912b9b02b33ca86efcdac8d329d58a3bbef13a692bb,2,TEM-001298,TEMPLATE,public/textures/structures/Metal013_Displacement.jpg,620767
DUP-00089,2ba7287b839522c426052912b9b02b33ca86efcdac8d329d58a3bbef13a692bb,2,NOV-007961,NOVO,01_Assets_Organizados/Textures/textures/structures/Metal013_Displacement.jpg,620767
DUP-00090,b387d5008f7f45609a9854fcbdd3c4f71977a06953cd5fdeb996eb8a90f3cb1f,2,TEM-001299,TEMPLATE,public/textures/structures/Bricks076A_Roughness.jpg,582179
DUP-00090,b387d5008f7f45609a9854fcbdd3c4f71977a06953cd5fdeb996eb8a90f3cb1f,2,NOV-007964,NOVO,01_Assets_Organizados/Textures/textures/structures/Bricks076A_Roughness.jpg,582179
DUP-00091,96cae18e9f21be185de1dc2dc56c64baf219096b2e045edfb5bf321617aeb4b7,2,TEM-001300,TEMPLATE,public/textures/structures/Metal013_Roughness.jpg,526949
DUP-00091,96cae18e9f21be185de1dc2dc56c64baf219096b2e045edfb5bf321617aeb4b7,2,NOV-007966,NOVO,01_Assets_Organizados/Textures/textures/structures/Metal013_Roughness.jpg,526949
DUP-00092,64da463dbdf6d453b1d8fa613aef577f812b000be64a7754fea25b32d254f616,2,TEM-001301,TEMPLATE,public/textures/structures/Bricks076B_AmbientOcclusion.jpg,715204
DUP-00092,64da463dbdf6d453b1d8fa613aef577f812b000be64a7754fea25b32d254f616,2,NOV-007967,NOVO,01_Assets_Organizados/Textures/textures/structures/Bricks076B_AmbientOcclusion.jpg,715204
DUP-00093,90b0ce551282d55830497397edad9b0c3ea690728483de45b7df13eb0850df01,2,TEM-001302,TEMPLATE,public/textures/structures/MedievalWood_NormalGL.jpg,827061
DUP-00093,90b0ce551282d55830497397edad9b0c3ea690728483de45b7df13eb0850df01,2,NOV-007969,NOVO,01_Assets_Organizados/Textures/textures/structures/MedievalWood_NormalGL.jpg,827061
DUP-00094,dad06a54a13b75de7876cc24dd48eb85d34b98565f2819feb8be4cc9438ecf78,2,TEM-001303,TEMPLATE,public/textures/structures/Plaster007_NormalGL.jpg,1810633
DUP-00094,dad06a54a13b75de7876cc24dd48eb85d34b98565f2819feb8be4cc9438ecf78,2,NOV-007972,NOVO,01_Assets_Organizados/Textures/textures/structures/Plaster007_NormalGL.jpg,1810633
DUP-00095,6352924fbfe2be8d7151e3182e8cbe87c1138769b7733d43fb7ee2cf37a453e9,2,TEM-001304,TEMPLATE,public/textures/structures/Bricks076A_Displacement.jpg,440925
DUP-00095,6352924fbfe2be8d7151e3182e8cbe87c1138769b7733d43fb7ee2cf37a453e9,2,NOV-007973,NOVO,01_Assets_Organizados/Textures/textures/structures/Bricks076A_Displacement.jpg,440925
DUP-00096,c9a8f4ff15527af0b226b8a8840405f944c45a32c2e4462864d3b0136827e6e2,2,TEM-001305,TEMPLATE,public/textures/structures/Fabric030_NormalGL.jpg,2682952
DUP-00096,c9a8f4ff15527af0b226b8a8840405f944c45a32c2e4462864d3b0136827e6e2,2,NOV-007980,NOVO,01_Assets_Organizados/Textures/textures/structures/Fabric030_NormalGL.jpg,2682952
DUP-00097,b2a33b174919a568df785ad7d19db7f9d0d328c405ad9449680ace57c7f0e55f,2,TEM-001306,TEMPLATE,public/textures/structures/Bricks076A_Color.jpg,1445636
DUP-00097,b2a33b174919a568df785ad7d19db7f9d0d328c405ad9449680ace57c7f0e55f,2,NOV-007981,NOVO,01_Assets_Organizados/Textures/textures/structures/Bricks076A_Color.jpg,1445636
DUP-00098,24d256850a860f3e7d95b26e250687f847be41a70a446cdfd9a49f65e81ded5f,2,TEM-001307,TEMPLATE,public/textures/structures/MedievalWood_Displacement.jpg,158906
DUP-00098,24d256850a860f3e7d95b26e250687f847be41a70a446cdfd9a49f65e81ded5f,2,NOV-007984,NOVO,01_Assets_Organizados/Textures/textures/structures/MedievalWood_Displacement.jpg,158906
DUP-00099,f5b4a23044af1b49284e6adb082f49e6ea1a33c3753d5641e36f72de1ebf323e,2,TEM-001308,TEMPLATE,public/textures/structures/RustCoarse01_Roughness.jpg,712003
DUP-00099,f5b4a23044af1b49284e6adb082f49e6ea1a33c3753d5641e36f72de1ebf323e,2,NOV-007985,NOVO,01_Assets_Organizados/Textures/textures/structures/RustCoarse01_Roughness.jpg,712003
DUP-00100,bf9f86b24612ee8fbb5fb2929dd5efcf09ced40005f10837dbeef49029e30952,2,TEM-001309,TEMPLATE,public/textures/foliage/Moss002_AmbientOcclusion.jpg,896972
DUP-00100,bf9f86b24612ee8fbb5fb2929dd5efcf09ced40005f10837dbeef49029e30952,2,NOV-007986,NOVO,01_Assets_Organizados/Textures/textures/foliage/Moss002_AmbientOcclusion.jpg,896972
DUP-00101,10f00f2bfc8a96e1b3995a727fee60d485e69354c75fcea48b50537e611b87a2,2,TEM-001310,TEMPLATE,public/textures/foliage/Moss002_NormalGL.jpg,2395922
DUP-00101,10f00f2bfc8a96e1b3995a727fee60d485e69354c75fcea48b50537e611b87a2,2,NOV-007987,NOVO,01_Assets_Organizados/Textures/textures/foliage/Moss002_NormalGL.jpg,2395922
DUP-00102,458156780810eefc52a945b55f11d02571042fcd077134b59bb330335f68571a,2,TEM-001311,TEMPLATE,public/textures/terrain/Ground023_Color.jpg,1820307
DUP-00102,458156780810eefc52a945b55f11d02571042fcd077134b59bb330335f68571a,2,NOV-007988,NOVO,01_Assets_Organizados/Textures/textures/terrain/Ground023_Color.jpg,1820307
DUP-00103,f30750394ea226d5bdf2c9fbd094f743080828639ed651a8f9e32f51476e13ce,2,TEM-001312,TEMPLATE,public/textures/terrain/GroundAO_Packed.png,915952
DUP-00103,f30750394ea226d5bdf2c9fbd094f743080828639ed651a8f9e32f51476e13ce,2,NOV-007989,NOVO,01_Assets_Organizados/Textures/textures/terrain/GroundAO_Packed.png,915952
DUP-00104,058a3aa7c5f5b53eff9391b9b42f2a2377f86c7cda10ce330c042b1f02211081,2,TEM-001313,TEMPLATE,public/textures/terrain/Snow010A_Roughness.jpg,773806
DUP-00104,058a3aa7c5f5b53eff9391b9b42f2a2377f86c7cda10ce330c042b1f02211081,2,NOV-007990,NOVO,01_Assets_Organizados/Textures/textures/terrain/Snow010A_Roughness.jpg,773806
DUP-00105,b1b205a519b6fd139a8bcc8e78bbe55ea5c7cf4e5151924b270372b827a653fb,2,TEM-001314,TEMPLATE,public/textures/terrain/Rock051_NormalGL.jpg,2102099
DUP-00105,b1b205a519b6fd139a8bcc8e78bbe55ea5c7cf4e5151924b270372b827a653fb,2,NOV-007991,NOVO,01_Assets_Organizados/Textures/textures/terrain/Rock051_NormalGL.jpg,2102099
DUP-00106,688cb03920cfd16207e0386ef8157d59b1945c19bb4042064ae9a90b7120bd1f,2,TEM-001315,TEMPLATE,public/textures/terrain/Snow010A_AmbientOcclusion.jpg,355887
DUP-00106,688cb03920cfd16207e0386ef8157d59b1945c19bb4042064ae9a90b7120bd1f,2,NOV-007992,NOVO,01_Assets_Organizados/Textures/textures/terrain/Snow010A_AmbientOcclusion.jpg,355887
DUP-00107,34091e37c36cfc778fcdd77a4f1c64c7a4cc12c9b5bfbc1ecace700e2605d68b,2,TEM-001316,TEMPLATE,public/textures/terrain/Ground080_AmbientOcclusion.jpg,558874
DUP-00107,34091e37c36cfc778fcdd77a4f1c64c7a4cc12c9b5bfbc1ecace700e2605d68b,2,NOV-007993,NOVO,01_Assets_Organizados/Textures/textures/terrain/Ground080_AmbientOcclusion.jpg,558874
DUP-00108,e30ed618ddba9d08107a9984b4a545a0063945021ffc8960895864a2f4924046,2,TEM-001317,TEMPLATE,public/textures/terrain/Rock060_Displacement.jpg,294271
DUP-00108,e30ed618ddba9d08107a9984b4a545a0063945021ffc8960895864a2f4924046,2,NOV-007994,NOVO,01_Assets_Organizados/Textures/textures/terrain/Rock060_Displacement.jpg,294271
DUP-00109,0e87e0d98f4189c64ba8713b753fefb090042dc82caaabbdda1e18b677202d58,2,TEM-001318,TEMPLATE,public/textures/terrain/Rock051_AmbientOcclusion.jpg,671597
DUP-00109,0e87e0d98f4189c64ba8713b753fefb090042dc82caaabbdda1e18b677202d58,2,NOV-007996,NOVO,01_Assets_Organizados/Textures/textures/terrain/Rock051_AmbientOcclusion.jpg,671597
DUP-00110,ed9cb8439aa247e9ed4324fcc5d286f54d513c0da332b7b9b77bf9ca0f3dfbc2,2,TEM-001319,TEMPLATE,public/textures/terrain/Rock026_NormalGL.jpg,1789482
DUP-00110,ed9cb8439aa247e9ed4324fcc5d286f54d513c0da332b7b9b77bf9ca0f3dfbc2,2,NOV-007997,NOVO,01_Assets_Organizados/Textures/textures/terrain/Rock026_NormalGL.jpg,1789482
DUP-00111,59f9f93f8e12cb880c15065d25db20634003be34016ff009219607ea44a562e5,2,TEM-001320,TEMPLATE,public/textures/terrain/Rock029_NormalGL.jpg,268366
DUP-00111,59f9f93f8e12cb880c15065d25db20634003be34016ff009219607ea44a562e5,2,NOV-007998,NOVO,01_Assets_Organizados/Textures/textures/terrain/Rock029_NormalGL.jpg,268366
DUP-00112,8364c043491d7d75859db9b5e3049b3b30f61e8a6a23496e718d5ac9f200dc9a,2,TEM-001321,TEMPLATE,public/textures/terrain/Ground095A_NormalGL.jpg,75385
DUP-00112,8364c043491d7d75859db9b5e3049b3b30f61e8a6a23496e718d5ac9f200dc9a,2,NOV-008001,NOVO,01_Assets_Organizados/Textures/textures/terrain/Ground095A_NormalGL.jpg,75385
DUP-00113,3178c0a1c41896f463259e0f1ab5a5c9c7c37697de91c3672e4e79a3399dff96,2,TEM-001322,TEMPLATE,public/textures/terrain/Gravel024_NormalGL.jpg,291350
DUP-00113,3178c0a1c41896f463259e0f1ab5a5c9c7c37697de91c3672e4e79a3399dff96,2,NOV-008002,NOVO,01_Assets_Organizados/Textures/textures/terrain/Gravel024_NormalGL.jpg,291350
DUP-00114,b4c67014a863ff4e89499edf2673a1f58813f5e761f0d31d64e62a9a95f59a5c,2,TEM-001323,TEMPLATE,public/textures/terrain/Ground080_NormalGL.jpg,1513641
DUP-00114,b4c67014a863ff4e89499edf2673a1f58813f5e761f0d31d64e62a9a95f59a5c,2,NOV-008003,NOVO,01_Assets_Organizados/Textures/textures/terrain/Ground080_NormalGL.jpg,1513641
DUP-00115,92bdd9212a6d5c6dcc7a143130e51f8b2eceeb1410825714e1565b1bc1102445,2,TEM-001324,TEMPLATE,public/textures/terrain/Rock051_Color.jpg,1584524
DUP-00115,92bdd9212a6d5c6dcc7a143130e51f8b2eceeb1410825714e1565b1bc1102445,2,NOV-008004,NOVO,01_Assets_Organizados/Textures/textures/terrain/Rock051_Color.jpg,1584524
DUP-00116,a3b746ee8aa993500e94656a57eea4dee04ceae7b557bb7e8c37cee78b5fb17b,2,TEM-001325,TEMPLATE,public/textures/terrain/Rock035_NormalGL.jpg,286606
DUP-00116,a3b746ee8aa993500e94656a57eea4dee04ceae7b557bb7e8c37cee78b5fb17b,2,NOV-008005,NOVO,01_Assets_Organizados/Textures/textures/terrain/Rock035_NormalGL.jpg,286606
DUP-00117,3dcdf6b058eb7ce9a2c7bcfe955c3e621c5adfacc26dfed06a709395cbd4ff8d,2,TEM-001326,TEMPLATE,public/textures/terrain/Rock060_NormalGL.jpg,1921754
DUP-00117,3dcdf6b058eb7ce9a2c7bcfe955c3e621c5adfacc26dfed06a709395cbd4ff8d,2,NOV-008006,NOVO,01_Assets_Organizados/Textures/textures/terrain/Rock060_NormalGL.jpg,1921754
DUP-00118,8810effd44756341170d551501b7d0c645dc2395dbce46a8c7f1e61045258a06,2,TEM-001327,TEMPLATE,public/textures/terrain/Grass001_Roughness.jpg,823623
DUP-00118,8810effd44756341170d551501b7d0c645dc2395dbce46a8c7f1e61045258a06,2,NOV-008007,NOVO,01_Assets_Organizados/Textures/textures/terrain/Grass001_Roughness.jpg,823623
DUP-00119,dc190e7c94c21afee1a356350bf43620f33594d2b829160e959c667ceffec6f0,2,TEM-001328,TEMPLATE,public/textures/terrain/Ground054_NormalGL.jpg,139531
DUP-00119,dc190e7c94c21afee1a356350bf43620f33594d2b829160e959c667ceffec6f0,2,NOV-008008,NOVO,01_Assets_Organizados/Textures/textures/terrain/Ground054_NormalGL.jpg,139531
DUP-00120,220719c2a35df577aa80ded3835b4f96645401d76ec687b04dcba36e0763aec2,2,TEM-001329,TEMPLATE,public/textures/terrain/Ground071_NormalGL.jpg,1992995
DUP-00120,220719c2a35df577aa80ded3835b4f96645401d76ec687b04dcba36e0763aec2,2,NOV-008009,NOVO,01_Assets_Organizados/Textures/textures/terrain/Ground071_NormalGL.jpg,1992995
DUP-00121,64da196ff294dfc7edf0da3608c306ba8e7adab29529aac2759d5f2c7d8d3698,2,TEM-001330,TEMPLATE,public/textures/terrain/Snow010A_NormalGL.jpg,1465548
DUP-00121,64da196ff294dfc7edf0da3608c306ba8e7adab29529aac2759d5f2c7d8d3698,2,NOV-008010,NOVO,01_Assets_Organizados/Textures/textures/terrain/Snow010A_NormalGL.jpg,1465548
DUP-00122,8819849a3b3ceee6c3581ebc1c9c8fa41d275e4e843f65c5869388e1a980dd2e,2,TEM-001331,TEMPLATE,public/textures/terrain/PavingStones046_NormalGL.jpg,2176030
DUP-00122,8819849a3b3ceee6c3581ebc1c9c8fa41d275e4e843f65c5869388e1a980dd2e,2,NOV-008011,NOVO,01_Assets_Organizados/Textures/textures/terrain/PavingStones046_NormalGL.jpg,2176030
DUP-00123,f8b58e9f6db764c3985bb942b79fce11d91b7f8cdc5eb5eeecca5ddadf673259,2,TEM-001332,TEMPLATE,public/textures/terrain/Rock060_AmbientOcclusion.jpg,603867
DUP-00123,f8b58e9f6db764c3985bb942b79fce11d91b7f8cdc5eb5eeecca5ddadf673259,2,NOV-008012,NOVO,01_Assets_Organizados/Textures/textures/terrain/Rock060_AmbientOcclusion.jpg,603867
DUP-00124,c24eda1eb09198a23ab29a79ce4c1e335d9bb1eb8145ed368639ac78036e9365,2,TEM-001333,TEMPLATE,public/textures/terrain/PavingStones046_Roughness.jpg,636185
DUP-00124,c24eda1eb09198a23ab29a79ce4c1e335d9bb1eb8145ed368639ac78036e9365,2,NOV-008013,NOVO,01_Assets_Organizados/Textures/textures/terrain/PavingStones046_Roughness.jpg,636185
DUP-00125,62923dd21d2d7b19fc5d6fe49827e00cabfcc16f1151d6805087b9c1ecc0bdd2,2,TEM-001334,TEMPLATE,public/textures/terrain/Rock026_Roughness.jpg,319913
DUP-00125,62923dd21d2d7b19fc5d6fe49827e00cabfcc16f1151d6805087b9c1ecc0bdd2,2,NOV-008014,NOVO,01_Assets_Organizados/Textures/textures/terrain/Rock026_Roughness.jpg,319913
DUP-00126,431223a2b8ca9684a115b3ce7445122013cf1516645d7ed9a66f5f26c94cd253,2,TEM-001335,TEMPLATE,public/textures/terrain/Ground054_Color.jpg,157638
DUP-00126,431223a2b8ca9684a115b3ce7445122013cf1516645d7ed9a66f5f26c94cd253,2,NOV-008016,NOVO,01_Assets_Organizados/Textures/textures/terrain/Ground054_Color.jpg,157638
DUP-00127,0badf4e433aa96102c3beaeadb08ae4a9510d374ee251ddbf3ae77f73efaddad,2,TEM-001336,TEMPLATE,public/textures/terrain/Rock060_Color.jpg,1028453
DUP-00127,0badf4e433aa96102c3beaeadb08ae4a9510d374ee251ddbf3ae77f73efaddad,2,NOV-008017,NOVO,01_Assets_Organizados/Textures/textures/terrain/Rock060_Color.jpg,1028453
DUP-00128,21e2b5c25ca441bb525caf5444cd4b97eec6e201940021b526c7e48ef7462112,2,TEM-001337,TEMPLATE,public/textures/terrain/Ground093A_NormalGL.jpg,68414
DUP-00128,21e2b5c25ca441bb525caf5444cd4b97eec6e201940021b526c7e48ef7462112,2,NOV-008018,NOVO,01_Assets_Organizados/Textures/textures/terrain/Ground093A_NormalGL.jpg,68414
DUP-00129,eef0b56db5f00a6fcb3d0e0f8463e4e141e88aa85b26527a04d617b75a4ab5d2,2,TEM-001338,TEMPLATE,public/textures/terrain/Grass001_NormalGL.jpg,2338245
DUP-00129,eef0b56db5f00a6fcb3d0e0f8463e4e141e88aa85b26527a04d617b75a4ab5d2,2,NOV-008019,NOVO,01_Assets_Organizados/Textures/textures/terrain/Grass001_NormalGL.jpg,2338245
DUP-00130,7dcdf120d837ccbd48de1a46619fa2b21d2988adf48ce9712a0028448719dc1c,2,TEM-001339,TEMPLATE,public/textures/terrain/Ground023_NormalGL.jpg,2521545
DUP-00130,7dcdf120d837ccbd48de1a46619fa2b21d2988adf48ce9712a0028448719dc1c,2,NOV-008021,NOVO,01_Assets_Organizados/Textures/textures/terrain/Ground023_NormalGL.jpg,2521545
DUP-00131,4154f5e28dfe03914ad5dfab8b1381950ae3967e995ae3193a51e7021d2d6105,2,TEM-001340,TEMPLATE,public/textures/terrain/Ground093A_Color.jpg,22735
DUP-00131,4154f5e28dfe03914ad5dfab8b1381950ae3967e995ae3193a51e7021d2d6105,2,NOV-008022,NOVO,01_Assets_Organizados/Textures/textures/terrain/Ground093A_Color.jpg,22735
DUP-00132,342a049071ba62dc2d1792868752fc19f88cdb45f5858206da933034bba571c4,2,TEM-001341,TEMPLATE,public/textures/terrain/PavingStones046_Color.jpg,1083584
DUP-00132,342a049071ba62dc2d1792868752fc19f88cdb45f5858206da933034bba571c4,2,NOV-008023,NOVO,01_Assets_Organizados/Textures/textures/terrain/PavingStones046_Color.jpg,1083584
DUP-00133,9e931b8cee12dfa88d8a8af3718007cf093b5d3a959487edefc3c6e60db5cb08,2,TEM-001342,TEMPLATE,public/textures/terrain/Lava004_NormalGL.jpg,125893
DUP-00133,9e931b8cee12dfa88d8a8af3718007cf093b5d3a959487edefc3c6e60db5cb08,2,NOV-008024,NOVO,01_Assets_Organizados/Textures/textures/terrain/Lava004_NormalGL.jpg,125893
DUP-00134,9c83847804d2fc8accbf1a74489b23409c55e6f471808ed4bf0deb5f07837cdb,2,TEM-001343,TEMPLATE,public/textures/terrain/Rock026_AmbientOcclusion.jpg,272032
DUP-00134,9c83847804d2fc8accbf1a74489b23409c55e6f471808ed4bf0deb5f07837cdb,2,NOV-008025,NOVO,01_Assets_Organizados/Textures/textures/terrain/Rock026_AmbientOcclusion.jpg,272032
DUP-00135,a5e6e6a1c4329562e99f009313f09e44dd179dedbfb5dd679feeaf17ca122ab9,2,TEM-001344,TEMPLATE,public/textures/terrain/Grass001_AmbientOcclusion.jpg,902486
DUP-00135,a5e6e6a1c4329562e99f009313f09e44dd179dedbfb5dd679feeaf17ca122ab9,2,NOV-008026,NOVO,01_Assets_Organizados/Textures/textures/terrain/Grass001_AmbientOcclusion.jpg,902486
DUP-00136,3d46cc8b373655c29b5b523b9ea270ad6056dc8efe1a292d25a34d6783f6ca61,2,TEM-001345,TEMPLATE,public/textures/terrain/Ground071_Color.jpg,1809189
DUP-00136,3d46cc8b373655c29b5b523b9ea270ad6056dc8efe1a292d25a34d6783f6ca61,2,NOV-008027,NOVO,01_Assets_Organizados/Textures/textures/terrain/Ground071_Color.jpg,1809189
DUP-00137,a43293088f9614232a5dc265e233923e52e0c464a021ce59862974d367d5688c,2,TEM-001346,TEMPLATE,public/textures/terrain/Rock029_Color.jpg,198988
DUP-00137,a43293088f9614232a5dc265e233923e52e0c464a021ce59862974d367d5688c,2,NOV-008028,NOVO,01_Assets_Organizados/Textures/textures/terrain/Rock029_Color.jpg,198988
DUP-00138,e492600c846590b72476f2ab596009076e6253433fe86481f45db2ed30609cb2,2,TEM-001347,TEMPLATE,public/textures/terrain/Rock026_Displacement.jpg,214437
DUP-00138,e492600c846590b72476f2ab596009076e6253433fe86481f45db2ed30609cb2,2,NOV-008029,NOVO,01_Assets_Organizados/Textures/textures/terrain/Rock026_Displacement.jpg,214437
DUP-00139,b9b6d61bc3b6137b868a3447eef18737896acd26d58fe2f4b83ce8c0e9d3f8ad,2,TEM-001348,TEMPLATE,public/textures/terrain/Grass001_Color.jpg,1764300
DUP-00139,b9b6d61bc3b6137b868a3447eef18737896acd26d58fe2f4b83ce8c0e9d3f8ad,2,NOV-008030,NOVO,01_Assets_Organizados/Textures/textures/terrain/Grass001_Color.jpg,1764300
DUP-00140,1190f48670ae2709fe10c35c61292ea23ba599fcbfa5c5e1d5c5e2638fd14c16,2,TEM-001349,TEMPLATE,public/textures/terrain/Ground095A_Color.jpg,35140
DUP-00140,1190f48670ae2709fe10c35c61292ea23ba599fcbfa5c5e1d5c5e2638fd14c16,2,NOV-008031,NOVO,01_Assets_Organizados/Textures/textures/terrain/Ground095A_Color.jpg,35140
DUP-00141,d6a7619f22c1a82f822e06d259a9dac7a68d3389eec18a3cc18f712956e360c6,2,TEM-001350,TEMPLATE,public/textures/terrain/Gravel024_Color.jpg,174277
DUP-00141,d6a7619f22c1a82f822e06d259a9dac7a68d3389eec18a3cc18f712956e360c6,2,NOV-008032,NOVO,01_Assets_Organizados/Textures/textures/terrain/Gravel024_Color.jpg,174277
DUP-00142,700f4f6a1ac62eab8bf0555e07113949bc1190b80ee27bb6830d910ebc88637d,2,TEM-001351,TEMPLATE,public/textures/terrain/Ground071_AmbientOcclusion.jpg,836731
DUP-00142,700f4f6a1ac62eab8bf0555e07113949bc1190b80ee27bb6830d910ebc88637d,2,NOV-008035,NOVO,01_Assets_Organizados/Textures/textures/terrain/Ground071_AmbientOcclusion.jpg,836731
DUP-00143,6f2595c1a1e96b5cb69855787386e5d8804e29a0bc2074cbca572fb920afc7d6,2,TEM-001352,TEMPLATE,public/textures/terrain/Rock026_Color.jpg,1369157
DUP-00143,6f2595c1a1e96b5cb69855787386e5d8804e29a0bc2074cbca572fb920afc7d6,2,NOV-008036,NOVO,01_Assets_Organizados/Textures/textures/terrain/Rock026_Color.jpg,1369157
DUP-00144,639ab71c514098ba7cb1ebd017f1c7a20b7fd0e38a7ac2c5ff55e7bf2ae2f3d7,2,TEM-001353,TEMPLATE,public/textures/terrain/Ground023_Roughness.jpg,746375
DUP-00144,639ab71c514098ba7cb1ebd017f1c7a20b7fd0e38a7ac2c5ff55e7bf2ae2f3d7,2,NOV-008037,NOVO,01_Assets_Organizados/Textures/textures/terrain/Ground023_Roughness.jpg,746375
DUP-00145,12e4af13bc58529ead334e979986f51a4ff03d7cceb8e3b49b08b8c7f6b340fa,2,TEM-001354,TEMPLATE,public/textures/terrain/Ground071_Roughness.jpg,648538
DUP-00145,12e4af13bc58529ead334e979986f51a4ff03d7cceb8e3b49b08b8c7f6b340fa,2,NOV-008038,NOVO,01_Assets_Organizados/Textures/textures/terrain/Ground071_Roughness.jpg,648538
DUP-00146,99c3ed6b80e59253f5755460f527d2a37f1c3d8088be624ad10469f41998f5be,2,TEM-001355,TEMPLATE,public/textures/terrain/Ground080_Color.jpg,1054251
DUP-00146,99c3ed6b80e59253f5755460f527d2a37f1c3d8088be624ad10469f41998f5be,2,NOV-008039,NOVO,01_Assets_Organizados/Textures/textures/terrain/Ground080_Color.jpg,1054251
DUP-00147,b74637faab0f4f05558fecf65c0fd0e6eaa1fba29ba31a5765306779fc98d0c7,2,TEM-001356,TEMPLATE,public/textures/terrain/Rock035_Color.jpg,179975
DUP-00147,b74637faab0f4f05558fecf65c0fd0e6eaa1fba29ba31a5765306779fc98d0c7,2,NOV-008040,NOVO,01_Assets_Organizados/Textures/textures/terrain/Rock035_Color.jpg,179975
DUP-00148,6b1c6ea866c845836b1eaccf9c6a36111043ecc085c9de648a17854fb7b57d32,2,TEM-001357,TEMPLATE,public/textures/terrain/Rock051_Roughness.jpg,577866
DUP-00148,6b1c6ea866c845836b1eaccf9c6a36111043ecc085c9de648a17854fb7b57d32,2,NOV-008041,NOVO,01_Assets_Organizados/Textures/textures/terrain/Rock051_Roughness.jpg,577866
DUP-00149,da98bdc437d8064e4032d5c6975c9088ca5ff3d67830d3fe9c3337743c3b8598,2,TEM-001358,TEMPLATE,public/textures/terrain/PavingStones046_AmbientOcclusion.jpg,404327
DUP-00149,da98bdc437d8064e4032d5c6975c9088ca5ff3d67830d3fe9c3337743c3b8598,2,NOV-008042,NOVO,01_Assets_Organizados/Textures/textures/terrain/PavingStones046_AmbientOcclusion.jpg,404327
DUP-00150,9acacb7c64099c3e570be8a58e331b1cf76a1afb80b4fdf9a0e3c1ad46d05cf3,2,TEM-001359,TEMPLATE,public/textures/terrain/Ground023_AmbientOcclusion.jpg,732506
DUP-00150,9acacb7c64099c3e570be8a58e331b1cf76a1afb80b4fdf9a0e3c1ad46d05cf3,2,NOV-008043,NOVO,01_Assets_Organizados/Textures/textures/terrain/Ground023_AmbientOcclusion.jpg,732506
DUP-00151,01eaee3da7249497a51144702d047820f668486ffea3cf76a97374bd3928bac0,2,TEM-001360,TEMPLATE,public/textures/terrain/Lava004_Color.jpg,148023
DUP-00151,01eaee3da7249497a51144702d047820f668486ffea3cf76a97374bd3928bac0,2,NOV-008045,NOVO,01_Assets_Organizados/Textures/textures/terrain/Lava004_Color.jpg,148023
DUP-00152,93752e01f9b4a5de77d43567d4ca245372d2a55a8fefa8e2aca4be669f74cbdf,2,TEM-001361,TEMPLATE,public/textures/terrain/Ground080_Roughness.jpg,493875
DUP-00152,93752e01f9b4a5de77d43567d4ca245372d2a55a8fefa8e2aca4be669f74cbdf,2,NOV-008046,NOVO,01_Assets_Organizados/Textures/textures/terrain/Ground080_Roughness.jpg,493875
DUP-00153,ce7b984376757d3c0f7e5fdd43fa84241a9f7026c9f530813c2e493061a369b2,2,TEM-001362,TEMPLATE,public/textures/terrain/Snow010A_Color.jpg,878073
DUP-00153,ce7b984376757d3c0f7e5fdd43fa84241a9f7026c9f530813c2e493061a369b2,2,NOV-008047,NOVO,01_Assets_Organizados/Textures/textures/terrain/Snow010A_Color.jpg,878073
DUP-00154,de4fd1bca94806e44b80d4d25988910340e3c73dbee1a2a4ac045cad41f29180,2,TEM-001363,TEMPLATE,public/textures/terrain/Rock060_Roughness.jpg,783640
DUP-00154,de4fd1bca94806e44b80d4d25988910340e3c73dbee1a2a4ac045cad41f29180,2,NOV-008048,NOVO,01_Assets_Organizados/Textures/textures/terrain/Rock060_Roughness.jpg,783640
DUP-00155,add9912b158a4fe9c12421745babe68c44c8af75631ac4837236cb2a03bc373f,2,TEM-001364,TEMPLATE,public/textures/water/waternormals.jpg,248813
DUP-00155,add9912b158a4fe9c12421745babe68c44c8af75631ac4837236cb2a03bc373f,2,NOV-008049,NOVO,01_Assets_Organizados/Textures/textures/water/waternormals.jpg,248813
DUP-00156,6d7825469a374ff84700b4fb1a2890bd1fce0ca1f777bdd4d5ecdaf15833a804,2,TEM-001365,TEMPLATE,public/textures/water/water_1_normal.jpg,406361
DUP-00156,6d7825469a374ff84700b4fb1a2890bd1fce0ca1f777bdd4d5ecdaf15833a804,2,NOV-008050,NOVO,01_Assets_Organizados/Textures/textures/water/water_1_normal.jpg,406361
DUP-00157,1f6f3fc5af584fb3ad7ff97df39b1835aaa184f53bf647c63120a83be7d63183,2,TEM-001366,TEMPLATE,public/textures/water/water_2_normal.jpg,437899
DUP-00157,1f6f3fc5af584fb3ad7ff97df39b1835aaa184f53bf647c63120a83be7d63183,2,NOV-008051,NOVO,01_Assets_Organizados/Textures/textures/water/water_2_normal.jpg,437899
DUP-00158,e7d4189f2f17b2359ea40bf869c7142051889f30fbc4401ef32611f57035666f,2,TEM-001367,TEMPLATE,public/textures/skins/ranger/alt_suit_chrome.png,38720
DUP-00158,e7d4189f2f17b2359ea40bf869c7142051889f30fbc4401ef32611f57035666f,2,NOV-008056,NOVO,01_Assets_Organizados/Textures/textures/skins/ranger/alt_suit_chrome.png,38720
DUP-00159,639cd0ba5106fbdf65370b52b9290091d3bd92fe267693abc8dc474471bb800f,2,TEM-001368,TEMPLATE,public/textures/skins/ranger/base.png,13248
DUP-00159,639cd0ba5106fbdf65370b52b9290091d3bd92fe267693abc8dc474471bb800f,2,NOV-008058,NOVO,01_Assets_Organizados/Textures/textures/skins/ranger/base.png,13248
DUP-00160,3998a09aca289019d82afa7068e5144e2f8c70564ff7b67ae472eca4cd510586,2,TEM-001369,TEMPLATE,public/textures/skins/ranger/alt_c.png,13458
DUP-00160,3998a09aca289019d82afa7068e5144e2f8c70564ff7b67ae472eca4cd510586,2,NOV-008059,NOVO,01_Assets_Organizados/Textures/textures/skins/ranger/alt_c.png,13458
DUP-00161,ee5a59953a1097aeae290b3dd723f7c024d2d75c2ab7690b906e60b58b7cd8cd,2,TEM-001370,TEMPLATE,public/textures/skins/ranger/alt_suit_prismatic.png,184686
DUP-00161,ee5a59953a1097aeae290b3dd723f7c024d2d75c2ab7690b906e60b58b7cd8cd,2,NOV-008061,NOVO,01_Assets_Organizados/Textures/textures/skins/ranger/alt_suit_prismatic.png,184686
DUP-00162,6ff473d8db432b9cd03e7956cd26502ee7973cc8df3ddafa8599a40478c92c71,2,TEM-001371,TEMPLATE,public/textures/skins/ranger/alt_a.png,13547
DUP-00162,6ff473d8db432b9cd03e7956cd26502ee7973cc8df3ddafa8599a40478c92c71,2,NOV-008062,NOVO,01_Assets_Organizados/Textures/textures/skins/ranger/alt_a.png,13547
DUP-00163,acb7e3e2e0079ffb987806c1efbed4f9d8eee8beed9df6b74af55a3bf3c614ac,2,TEM-001372,TEMPLATE,public/textures/skins/ranger/alt_b.png,13259
DUP-00163,acb7e3e2e0079ffb987806c1efbed4f9d8eee8beed9df6b74af55a3bf3c614ac,2,NOV-008064,NOVO,01_Assets_Organizados/Textures/textures/skins/ranger/alt_b.png,13259
DUP-00164,b9ad79aefb1dfddcea078d6aa7832ff49e720b35aee1ed697e30887956bde15d,2,TEM-001373,TEMPLATE,public/textures/skins/paladin/alt_suit_chrome.png,46978
DUP-00164,b9ad79aefb1dfddcea078d6aa7832ff49e720b35aee1ed697e30887956bde15d,2,NOV-008066,NOVO,01_Assets_Organizados/Textures/textures/skins/paladin/alt_suit_chrome.png,46978
DUP-00165,34709f20dfc85b745fef07ff89a3f189f7039939ef92d91eadfa96b62f526fd7,2,TEM-001374,TEMPLATE,public/textures/skins/paladin/base.png,21068
DUP-00165,34709f20dfc85b745fef07ff89a3f189f7039939ef92d91eadfa96b62f526fd7,2,NOV-008068,NOVO,01_Assets_Organizados/Textures/textures/skins/paladin/base.png,21068
DUP-00166,09fcf95d024723b8e08325fd7c2b2d31a2d736619ff228cdc17881a79c35ab6c,2,TEM-001375,TEMPLATE,public/textures/skins/paladin/alt_suit_prismatic.png,134610
DUP-00166,09fcf95d024723b8e08325fd7c2b2d31a2d736619ff228cdc17881a79c35ab6c,2,NOV-008070,NOVO,01_Assets_Organizados/Textures/textures/skins/paladin/alt_suit_prismatic.png,134610
DUP-00167,bfa07731777cc6014bf9694f0e647ea1d83209b61b1674eeb215a9d2c62d366b,2,TEM-001376,TEMPLATE,public/textures/skins/paladin/alt_a.png,20293
DUP-00167,bfa07731777cc6014bf9694f0e647ea1d83209b61b1674eeb215a9d2c62d366b,2,NOV-008071,NOVO,01_Assets_Organizados/Textures/textures/skins/paladin/alt_a.png,20293
DUP-00168,dcd7f620e4a30fe6780a579119c3bda42e54c1ec6cce4a171d10dc88f596242c,2,TEM-001377,TEMPLATE,public/textures/skins/druid/alt_suit_chrome.png,41738
DUP-00168,dcd7f620e4a30fe6780a579119c3bda42e54c1ec6cce4a171d10dc88f596242c,2,NOV-008074,NOVO,01_Assets_Organizados/Textures/textures/skins/druid/alt_suit_chrome.png,41738
DUP-00169,702f10c2bcaab1954069d500d0c912d8109af702c9a1a9aea400cbb3d17f8d72,2,TEM-001378,TEMPLATE,public/textures/skins/druid/base.png,15263
DUP-00169,702f10c2bcaab1954069d500d0c912d8109af702c9a1a9aea400cbb3d17f8d72,2,NOV-008076,NOVO,01_Assets_Organizados/Textures/textures/skins/druid/base.png,15263
DUP-00170,0c1df6538b4a64e80d204ef70eeaa8a578f8882b45cfe06fd60361b0ee777405,2,TEM-001379,TEMPLATE,public/textures/skins/druid/alt_c.png,14899
DUP-00170,0c1df6538b4a64e80d204ef70eeaa8a578f8882b45cfe06fd60361b0ee777405,2,NOV-008077,NOVO,01_Assets_Organizados/Textures/textures/skins/druid/alt_c.png,14899
DUP-00171,490c54dc38b4f059af77d9001eed7245d8b89448b0f1903185e426885d10e676,2,TEM-001380,TEMPLATE,public/textures/skins/druid/alt_suit_prismatic.png,252359
DUP-00171,490c54dc38b4f059af77d9001eed7245d8b89448b0f1903185e426885d10e676,2,NOV-008079,NOVO,01_Assets_Organizados/Textures/textures/skins/druid/alt_suit_prismatic.png,252359
DUP-00172,84c2524aa03e92aa03044da7eb86cdb23319f3fac433186cba30b4ed69b9f81b,2,TEM-001381,TEMPLATE,public/textures/skins/druid/alt_a.png,14816
DUP-00172,84c2524aa03e92aa03044da7eb86cdb23319f3fac433186cba30b4ed69b9f81b,2,NOV-008080,NOVO,01_Assets_Organizados/Textures/textures/skins/druid/alt_a.png,14816
DUP-00173,96d105c976c4ceea7d6acae99128b9dbd3061cf741723244c25df7efd38cef84,2,TEM-001382,TEMPLATE,public/textures/skins/druid/alt_b.png,15360
DUP-00173,96d105c976c4ceea7d6acae99128b9dbd3061cf741723244c25df7efd38cef84,2,NOV-008082,NOVO,01_Assets_Organizados/Textures/textures/skins/druid/alt_b.png,15360
DUP-00174,2a7c545c6729260a7d73148a9fd32c746fa2316ccaf56d750375d9e57e6db38d,2,TEM-001383,TEMPLATE,public/textures/skins/mage/alt_suit_chrome.png,40757
DUP-00174,2a7c545c6729260a7d73148a9fd32c746fa2316ccaf56d750375d9e57e6db38d,2,NOV-008085,NOVO,01_Assets_Organizados/Textures/textures/skins/mage/alt_suit_chrome.png,40757
DUP-00175,9ef9672e93b231fc4e0e19238edfae3be22513aaf634df1898f45842ce6e4b5f,2,TEM-001384,TEMPLATE,public/textures/skins/mage/base.png,14740
DUP-00175,9ef9672e93b231fc4e0e19238edfae3be22513aaf634df1898f45842ce6e4b5f,2,NOV-008087,NOVO,01_Assets_Organizados/Textures/textures/skins/mage/base.png,14740
DUP-00176,1f88d079ad1d926bca7c4b76d8546202761c23940ac697d7e5343eaa1fed947d,2,TEM-001385,TEMPLATE,public/textures/skins/mage/alt_c.png,15809
DUP-00176,1f88d079ad1d926bca7c4b76d8546202761c23940ac697d7e5343eaa1fed947d,2,NOV-008088,NOVO,01_Assets_Organizados/Textures/textures/skins/mage/alt_c.png,15809
DUP-00177,d679be143630d4bee168b82be0bddb70dce7e60d70c9242b864ff01fd81d1655,2,TEM-001386,TEMPLATE,public/textures/skins/mage/alt_suit_prismatic.png,188867
DUP-00177,d679be143630d4bee168b82be0bddb70dce7e60d70c9242b864ff01fd81d1655,2,NOV-008090,NOVO,01_Assets_Organizados/Textures/textures/skins/mage/alt_suit_prismatic.png,188867
DUP-00178,39e64cd8441add6e419c06039b59a595e322f839a65a79c76032f3ebf44f5e0d,2,TEM-001387,TEMPLATE,public/textures/skins/mage/alt_a.png,14136
DUP-00178,39e64cd8441add6e419c06039b59a595e322f839a65a79c76032f3ebf44f5e0d,2,NOV-008091,NOVO,01_Assets_Organizados/Textures/textures/skins/mage/alt_a.png,14136
DUP-00179,32a046c3944712ab3c0a3f8c7a240542807a63bd05281e19db7ed1a38ada5cc9,2,TEM-001388,TEMPLATE,public/textures/skins/mage/alt_b.png,13673
DUP-00179,32a046c3944712ab3c0a3f8c7a240542807a63bd05281e19db7ed1a38ada5cc9,2,NOV-008093,NOVO,01_Assets_Organizados/Textures/textures/skins/mage/alt_b.png,13673
DUP-00180,3469331477c58c645ac8e5b8ecf5e20d8cd5a38ebe5ddcd2765910d5e05f1a38,2,TEM-001389,TEMPLATE,public/textures/skins/rogue/alt_suit_chrome.png,42283
DUP-00180,3469331477c58c645ac8e5b8ecf5e20d8cd5a38ebe5ddcd2765910d5e05f1a38,2,NOV-008096,NOVO,01_Assets_Organizados/Textures/textures/skins/rogue/alt_suit_chrome.png,42283
DUP-00181,64f0ff1d0a43234e46b883887191107f2eab9df58151641cf46b2104406a6044,2,TEM-001390,TEMPLATE,public/textures/skins/rogue/fernando.png,28814
DUP-00181,64f0ff1d0a43234e46b883887191107f2eab9df58151641cf46b2104406a6044,2,NOV-008097,NOVO,01_Assets_Organizados/Textures/textures/skins/rogue/fernando.png,28814
DUP-00182,2e2fc741e20e7e2c85b176c8143b49b769bca0d2ed1a1cfc1807a758a0e4d3e1,2,TEM-001391,TEMPLATE,public/textures/skins/rogue/base.png,15026
DUP-00182,2e2fc741e20e7e2c85b176c8143b49b769bca0d2ed1a1cfc1807a758a0e4d3e1,2,NOV-008099,NOVO,01_Assets_Organizados/Textures/textures/skins/rogue/base.png,15026
DUP-00183,313b6e6b64bb27937a5107d4fa9522273e7a611bebc4ad03894940f45be07ba3,2,TEM-001392,TEMPLATE,public/textures/skins/rogue/alt_c.png,12273
DUP-00183,313b6e6b64bb27937a5107d4fa9522273e7a611bebc4ad03894940f45be07ba3,2,NOV-008100,NOVO,01_Assets_Organizados/Textures/textures/skins/rogue/alt_c.png,12273
DUP-00184,4be831acbd7aa7368717b8c708cf1c838daee3737b20fbd838cbe6db4ca7f9d4,2,TEM-001393,TEMPLATE,public/textures/skins/rogue/alt_suit_prismatic.png,180266
DUP-00184,4be831acbd7aa7368717b8c708cf1c838daee3737b20fbd838cbe6db4ca7f9d4,2,NOV-008102,NOVO,01_Assets_Organizados/Textures/textures/skins/rogue/alt_suit_prismatic.png,180266
DUP-00185,2f596728529e8192a27fd1f9c102426522dc24b530d2fafad76db950e1821a1f,2,TEM-001394,TEMPLATE,public/textures/skins/rogue/alt_a.png,12370
DUP-00185,2f596728529e8192a27fd1f9c102426522dc24b530d2fafad76db950e1821a1f,2,NOV-008103,NOVO,01_Assets_Organizados/Textures/textures/skins/rogue/alt_a.png,12370
DUP-00186,338368783406fb0a97bf0d82f3147ce6a276e7202374f3391ab393c91a9128fe,2,TEM-001395,TEMPLATE,public/textures/skins/rogue/alt_b.png,11638
DUP-00186,338368783406fb0a97bf0d82f3147ce6a276e7202374f3391ab393c91a9128fe,2,NOV-008106,NOVO,01_Assets_Organizados/Textures/textures/skins/rogue/alt_b.png,11638
DUP-00187,7ca1c8ba2be97281f67576518c1dfde15139b2a1a910e0964c7ac95dce64cd20,2,TEM-001396,TEMPLATE,public/textures/skins/barbarian/alt_suit_chrome.png,39940
DUP-00187,7ca1c8ba2be97281f67576518c1dfde15139b2a1a910e0964c7ac95dce64cd20,2,NOV-008109,NOVO,01_Assets_Organizados/Textures/textures/skins/barbarian/alt_suit_chrome.png,39940
DUP-00188,f11434d3e5e4df929dacd2c69d15734effb82babf8176a80bb040d2007f5f882,2,TEM-001397,TEMPLATE,public/textures/skins/barbarian/base.png,14424
DUP-00188,f11434d3e5e4df929dacd2c69d15734effb82babf8176a80bb040d2007f5f882,2,NOV-008111,NOVO,01_Assets_Organizados/Textures/textures/skins/barbarian/base.png,14424
DUP-00189,5e1f20e038b4a41dac94b359a9dccaa079bab71d9a29f3221a6b0a04e6bee3c9,2,TEM-001398,TEMPLATE,public/textures/skins/barbarian/alt_c.png,14419
DUP-00189,5e1f20e038b4a41dac94b359a9dccaa079bab71d9a29f3221a6b0a04e6bee3c9,2,NOV-008112,NOVO,01_Assets_Organizados/Textures/textures/skins/barbarian/alt_c.png,14419
DUP-00190,3987522853da1578fcac0750c47e4c1594f8ab85737a653461408ae019a60371,2,TEM-001399,TEMPLATE,public/textures/skins/barbarian/alt_suit_prismatic.png,212085
DUP-00190,3987522853da1578fcac0750c47e4c1594f8ab85737a653461408ae019a60371,2,NOV-008114,NOVO,01_Assets_Organizados/Textures/textures/skins/barbarian/alt_suit_prismatic.png,212085
DUP-00191,3433bfc8444856a2d9cc2a8400d893525324f43ff00c5202c223b5369f1d4574,2,TEM-001400,TEMPLATE,public/textures/skins/barbarian/alt_a.png,13545
DUP-00191,3433bfc8444856a2d9cc2a8400d893525324f43ff00c5202c223b5369f1d4574,2,NOV-008115,NOVO,01_Assets_Organizados/Textures/textures/skins/barbarian/alt_a.png,13545
DUP-00192,23af16cb9251508f038be571bd5dfda34fd69e5e1cbd9e69b0c083f8809c47f9,2,TEM-001401,TEMPLATE,public/textures/skins/barbarian/alt_b.png,14964
DUP-00192,23af16cb9251508f038be571bd5dfda34fd69e5e1cbd9e69b0c083f8809c47f9,2,NOV-008117,NOVO,01_Assets_Organizados/Textures/textures/skins/barbarian/alt_b.png,14964
DUP-00193,bf89045b540e8ce9f9a6bdbaad6a72be09535ae7acc6c81aa23c6880916cab21,2,TEM-001402,TEMPLATE,public/textures/skins/knight/alt_suit_chrome.png,38194
DUP-00193,bf89045b540e8ce9f9a6bdbaad6a72be09535ae7acc6c81aa23c6880916cab21,2,NOV-008120,NOVO,01_Assets_Organizados/Textures/textures/skins/knight/alt_suit_chrome.png,38194
DUP-00194,028db4d1cd8b3471e6ba21686515abd4e36ae582f8b314b71ad2ab1fb5453b12,2,TEM-001403,TEMPLATE,public/textures/skins/knight/base.png,12914
DUP-00194,028db4d1cd8b3471e6ba21686515abd4e36ae582f8b314b71ad2ab1fb5453b12,2,NOV-008122,NOVO,01_Assets_Organizados/Textures/textures/skins/knight/base.png,12914
DUP-00195,215692ab91b7faefb3d1224592782ebd8934947ce81876c636da87cfeba5bfe6,2,TEM-001404,TEMPLATE,public/textures/skins/knight/alt_c.png,13021
DUP-00195,215692ab91b7faefb3d1224592782ebd8934947ce81876c636da87cfeba5bfe6,2,NOV-008123,NOVO,01_Assets_Organizados/Textures/textures/skins/knight/alt_c.png,13021
DUP-00196,0205043f9f73294c7034d424bdd85d5f97c96620254d53f8b743b6ca66061573,2,TEM-001405,TEMPLATE,public/textures/skins/knight/alt_suit_prismatic.png,217861
DUP-00196,0205043f9f73294c7034d424bdd85d5f97c96620254d53f8b743b6ca66061573,2,NOV-008125,NOVO,01_Assets_Organizados/Textures/textures/skins/knight/alt_suit_prismatic.png,217861
DUP-00197,f80ecdec4895cddc9e983eea9fcc2c3454942d93598a3741fc6c523e878c5a1f,2,TEM-001406,TEMPLATE,public/textures/skins/knight/alt_a.png,12341
DUP-00197,f80ecdec4895cddc9e983eea9fcc2c3454942d93598a3741fc6c523e878c5a1f,2,NOV-008126,NOVO,01_Assets_Organizados/Textures/textures/skins/knight/alt_a.png,12341
DUP-00198,1b133dadff6261b9f594086cfbf5aa9b515dc22e5382d55707d30d2897979d22,2,TEM-001407,TEMPLATE,public/textures/skins/knight/alt_b.png,12614
DUP-00198,1b133dadff6261b9f594086cfbf5aa9b515dc22e5382d55707d30d2897979d22,2,NOV-008128,NOVO,01_Assets_Organizados/Textures/textures/skins/knight/alt_b.png,12614
DUP-00199,896a94e66c6e252dfd2a0def737673ab55bf3ef92d87a45760278787c3708f37,2,TEM-001408,TEMPLATE,public/models/props/fen_lilies.glb,341380
DUP-00199,896a94e66c6e252dfd2a0def737673ab55bf3ef92d87a45760278787c3708f37,2,NOV-005552,NOVO,01_Assets_Organizados/Props/fen_lilies.glb,341380
DUP-00200,94cf295de472d033c95354bd295f808e66bf53cb368eb9111be9d7f4d288720d,2,TEM-001409,TEMPLATE,public/models/props/mushroom_giant_purple.glb,232460
DUP-00200,94cf295de472d033c95354bd295f808e66bf53cb368eb9111be9d7f4d288720d,2,NOV-005553,NOVO,01_Assets_Organizados/Props/mushroom_giant_purple.glb,232460
DUP-00201,ee7452dc3b3cf2147c05fd4fa1ad922a18ae94c8e33a935bd15f742c4b37c98c,2,TEM-001410,TEMPLATE,public/models/props/willow_tree.glb,560744
DUP-00201,ee7452dc3b3cf2147c05fd4fa1ad922a18ae94c8e33a935bd15f742c4b37c98c,2,NOV-005554,NOVO,01_Assets_Organizados/Props/willow_tree.glb,560744
DUP-00202,3a1862da5c46104ea3601f2210060ecab47ac447d116b352bd3f17ac1821ce20,2,TEM-001414,TEMPLATE,public/models/props/lava_river_b.glb,760404
DUP-00202,3a1862da5c46104ea3601f2210060ecab47ac447d116b352bd3f17ac1821ce20,2,NOV-005559,NOVO,01_Assets_Organizados/Props/lava_river_b.glb,760404
DUP-00203,0b65e6ff606115c3d5849caaabf450bfc9185c397a736ad9bd6934b64c24c40f,2,TEM-001415,TEMPLATE,public/models/props/rock_large_f.glb,4916
DUP-00203,0b65e6ff606115c3d5849caaabf450bfc9185c397a736ad9bd6934b64c24c40f,2,NOV-005560,NOVO,01_Assets_Organizados/Props/rock_large_f.glb,4916
DUP-00204,c640c4068fdbc02ad2c2bdcf7127818844df2f62bc1000b05ac80d90fef11b24,2,TEM-001416,TEMPLATE,public/models/props/star_heart_crystal.glb,264284
DUP-00204,c640c4068fdbc02ad2c2bdcf7127818844df2f62bc1000b05ac80d90fef11b24,2,NOV-005562,NOVO,01_Assets_Organizados/Props/star_heart_crystal.glb,264284
DUP-00205,53da35cf778468bc0ff027b8232190825aab8d72c1831f5ac37a8117f082cbab,4,TEM-001417,TEMPLATE,public/models/props/garden_iron_gate.glb,44192
DUP-00205,53da35cf778468bc0ff027b8232190825aab8d72c1831f5ac37a8117f082cbab,4,TEM-001679,TEMPLATE,public/models/dungeon/fence_gate.glb,44192
DUP-00205,53da35cf778468bc0ff027b8232190825aab8d72c1831f5ac37a8117f082cbab,4,NOV-004841,NOVO,01_Assets_Organizados/Dungeon/fence_gate.glb,44192
DUP-00205,53da35cf778468bc0ff027b8232190825aab8d72c1831f5ac37a8117f082cbab,4,NOV-005564,NOVO,01_Assets_Organizados/Props/garden_iron_gate.glb,44192
DUP-00206,6606edaccdd501b8df45eff9c1d20d0e3e74db4912e8a4af661bcddb57d01ce0,2,TEM-001418,TEMPLATE,public/models/props/wildheart_canopy_platform.glb,158744
DUP-00206,6606edaccdd501b8df45eff9c1d20d0e3e74db4912e8a4af661bcddb57d01ce0,2,NOV-005565,NOVO,01_Assets_Organizados/Props/wildheart_canopy_platform.glb,158744
DUP-00207,530fd7b94cf61f12ee93b2e8c4ebfad1123d71176188c73ceb733e6ceb5cf76a,2,TEM-001419,TEMPLATE,public/models/props/kmed_tavern_hollow.glb,194172
DUP-00207,530fd7b94cf61f12ee93b2e8c4ebfad1123d71176188c73ceb733e6ceb5cf76a,2,NOV-005567,NOVO,01_Assets_Organizados/Props/kmed_tavern_hollow.glb,194172
DUP-00208,437e1e4d7467589497254e0a9ab847150308d0fefd6b9882fc418086a4f013ec,2,TEM-001421,TEMPLATE,public/models/props/obsidian_fang.glb,209628
DUP-00208,437e1e4d7467589497254e0a9ab847150308d0fefd6b9882fc418086a4f013ec,2,NOV-005569,NOVO,01_Assets_Organizados/Props/obsidian_fang.glb,209628
DUP-00209,87c8306f95e335ce01150ef3fb90b52cabc15e047077f98d1f25df8d76a95b9e,2,TEM-001422,TEMPLATE,public/models/props/house_1.glb,84484
DUP-00209,87c8306f95e335ce01150ef3fb90b52cabc15e047077f98d1f25df8d76a95b9e,2,NOV-005571,NOVO,01_Assets_Organizados/Props/house_1.glb,84484
DUP-00210,2835dc7f475ea165138e17db4b05aa017ec34533cbf0a3961ca026e60951b5c7,2,TEM-001423,TEMPLATE,public/models/props/statue_head.glb,6128
DUP-00210,2835dc7f475ea165138e17db4b05aa017ec34533cbf0a3961ca026e60951b5c7,2,NOV-005572,NOVO,01_Assets_Organizados/Props/statue_head.glb,6128
DUP-00211,53bfde8c84b4f0ef736bcd8679396ff96b099ab86bea47c46734121b9bb165b9,2,TEM-001425,TEMPLATE,public/models/props/rift_portal.glb,5113152
DUP-00211,53bfde8c84b4f0ef736bcd8679396ff96b099ab86bea47c46734121b9bb165b9,2,NOV-005574,NOVO,01_Assets_Organizados/Props/rift_portal.glb,5113152
DUP-00212,2f6f129930acbd03c7a3093861201392a2d05a6c98438b245cdc552cb4dbd333,2,TEM-001426,TEMPLATE,public/models/props/crystal_amethyst_cluster.glb,190496
DUP-00212,2f6f129930acbd03c7a3093861201392a2d05a6c98438b245cdc552cb4dbd333,2,NOV-005575,NOVO,01_Assets_Organizados/Props/crystal_amethyst_cluster.glb,190496
DUP-00213,b4ee690b34e5d6ec4d37458c85702547476494af03f02b6f629467b732af70f5,2,TEM-001428,TEMPLATE,public/models/props/dungeon_door_arch.glb,218428
DUP-00213,b4ee690b34e5d6ec4d37458c85702547476494af03f02b6f629467b732af70f5,2,NOV-005577,NOVO,01_Assets_Organizados/Props/dungeon_door_arch.glb,218428
DUP-00214,65f086560fa14241f361e44bd20b2c9a9925e349417e669d5c1f44dfa34ac934,2,TEM-001429,TEMPLATE,public/models/props/hell_forge.glb,246844
DUP-00214,65f086560fa14241f361e44bd20b2c9a9925e349417e669d5c1f44dfa34ac934,2,NOV-005578,NOVO,01_Assets_Organizados/Props/hell_forge.glb,246844
DUP-00215,e9eb0fc85374f7cca3681fd11e391558d569b23b75d44019c1488ec4846ff6a5,2,TEM-001430,TEMPLATE,public/models/props/lava_pool.glb,629448
DUP-00215,e9eb0fc85374f7cca3681fd11e391558d569b23b75d44019c1488ec4846ff6a5,2,NOV-005579,NOVO,01_Assets_Organizados/Props/lava_pool.glb,629448
DUP-00216,bb6ef260a5b8f41fa0c3c869804f127e72f9b2a7ff807d75c11b9b7cc53f866f,2,TEM-001431,TEMPLATE,public/models/props/delve_rite_shrine_bell.glb,280628
DUP-00216,bb6ef260a5b8f41fa0c3c869804f127e72f9b2a7ff807d75c11b9b7cc53f866f,2,NOV-005580,NOVO,01_Assets_Organizados/Props/delve_rite_shrine_bell.glb,280628
DUP-00217,582187ee9f0bb65f3be04300cbcc6e595d1ced78168acde5b943f64f62ff2671,2,TEM-001432,TEMPLATE,public/models/props/marsh_dead_tree.glb,119416
DUP-00217,582187ee9f0bb65f3be04300cbcc6e595d1ced78168acde5b943f64f62ff2671,2,NOV-005581,NOVO,01_Assets_Organizados/Props/marsh_dead_tree.glb,119416
DUP-00218,af9378727756f2b1943ffabd9dfbca638e9347d28ab58f32a984583ae59612c2,2,TEM-001433,TEMPLATE,public/models/props/tent_small.glb,5932
DUP-00218,af9378727756f2b1943ffabd9dfbca638e9347d28ab58f32a984583ae59612c2,2,NOV-005583,NOVO,01_Assets_Organizados/Props/tent_small.glb,5932
DUP-00219,9561ddd05b882b23e7d23a94ab9f11ff43171674c7256d89345b5cb4d2441416,2,TEM-001434,TEMPLATE,public/models/props/inscription_lectern.glb,228212
DUP-00219,9561ddd05b882b23e7d23a94ab9f11ff43171674c7256d89345b5cb4d2441416,2,NOV-005584,NOVO,01_Assets_Organizados/Props/inscription_lectern.glb,228212
DUP-00220,b90661fb9c17935e7e97e0fb205821304bd032a20f78fb2a1a000c4a40e1858e,2,TEM-001435,TEMPLATE,public/models/props/mushroom_tan.glb,3652
DUP-00220,b90661fb9c17935e7e97e0fb205821304bd032a20f78fb2a1a000c4a40e1858e,2,NOV-005585,NOVO,01_Assets_Organizados/Props/mushroom_tan.glb,3652
DUP-00221,300efd9a16b9c767f0e534ca9a375946d15d1c858b77a3288c7c2767da1eafe5,2,TEM-001436,TEMPLATE,public/models/props/rock_tall_a.glb,5724
DUP-00221,300efd9a16b9c767f0e534ca9a375946d15d1c858b77a3288c7c2767da1eafe5,2,NOV-005586,NOVO,01_Assets_Organizados/Props/rock_tall_a.glb,5724
DUP-00222,a2b5d6de9817fbea032461372d49f4df7ac3dcfe1b0da36419893d0f5a802d9a,2,TEM-001437,TEMPLATE,public/models/props/leatherworking_rack.glb,211812
DUP-00222,a2b5d6de9817fbea032461372d49f4df7ac3dcfe1b0da36419893d0f5a802d9a,2,NOV-005587,NOVO,01_Assets_Organizados/Props/leatherworking_rack.glb,211812
DUP-00223,9308ba09ea3bed048984eeb14307b0557c5ea11404556d33afa9ed904b6ee123,2,TEM-001438,TEMPLATE,public/models/props/well.glb,27788
DUP-00223,9308ba09ea3bed048984eeb14307b0557c5ea11404556d33afa9ed904b6ee123,2,NOV-005588,NOVO,01_Assets_Organizados/Props/well.glb,27788
DUP-00224,d2c4516ea2e9e3e15f1791080da273963f84396efc845740428179e5b5fe43fa,2,TEM-001439,TEMPLATE,public/models/props/delve_rite_shrine_candle.glb,316652
DUP-00224,d2c4516ea2e9e3e15f1791080da273963f84396efc845740428179e5b5fe43fa,2,NOV-005589,NOVO,01_Assets_Organizados/Props/delve_rite_shrine_candle.glb,316652
DUP-00225,db1c41999e77b57a951af1bf56eb751e4459d0fbe2165293a09e5c2635a09464,2,TEM-001440,TEMPLATE,public/models/props/hollow_gate_crystal.glb,708872
DUP-00225,db1c41999e77b57a951af1bf56eb751e4459d0fbe2165293a09e5c2635a09464,2,NOV-005590,NOVO,01_Assets_Organizados/Props/hollow_gate_crystal.glb,708872
DUP-00226,ee13c673f614f05b25fc9323b14f960d27fa06b5733fe746594daac831d46e9b,2,TEM-001441,TEMPLATE,public/models/props/farmcrate_apple.glb,3224488
DUP-00226,ee13c673f614f05b25fc9323b14f960d27fa06b5733fe746594daac831d46e9b,2,NOV-005591,NOVO,01_Assets_Organizados/Props/farmcrate_apple.glb,3224488
DUP-00227,10cf89c3fcc32ee19f2c6f5ff18f97a850b03f9735b8574778164817dacf20dd,2,TEM-001443,TEMPLATE,public/models/props/column.glb,5324
DUP-00227,10cf89c3fcc32ee19f2c6f5ff18f97a850b03f9735b8574778164817dacf20dd,2,NOV-005593,NOVO,01_Assets_Organizados/Props/column.glb,5324
DUP-00228,cb050cc8251438135e979e6c3d28ab82be947cdfc78a0e245dd5da4d27f63299,2,TEM-001444,TEMPLATE,public/models/props/wildheart_mask_totem.glb,165356
DUP-00228,cb050cc8251438135e979e6c3d28ab82be947cdfc78a0e245dd5da4d27f63299,2,NOV-005594,NOVO,01_Assets_Organizados/Props/wildheart_mask_totem.glb,165356
DUP-00229,2f312d45979057d89852894993c59a32020775b246f7ee85971c796c636efa5a,2,TEM-001447,TEMPLATE,public/models/props/crate_wooden.glb,1999980
DUP-00229,2f312d45979057d89852894993c59a32020775b246f7ee85971c796c636efa5a,2,NOV-005601,NOVO,01_Assets_Organizados/Props/crate_wooden.glb,1999980
DUP-00230,3998b5ef36f6c4e441001df70991eb3fc4f92d0d582afca9c9215bca990b03f9,2,TEM-001448,TEMPLATE,public/models/props/barrel.glb,1998896
DUP-00230,3998b5ef36f6c4e441001df70991eb3fc4f92d0d582afca9c9215bca990b03f9,2,NOV-005602,NOVO,01_Assets_Organizados/Props/barrel.glb,1998896
DUP-00231,f1497af995f74a233ee53575963c51ce9cabf754a4d6f069c51550f9689a51ee,2,TEM-001449,TEMPLATE,public/models/props/wildheart_giant_fern.glb,209240
DUP-00231,f1497af995f74a233ee53575963c51ce9cabf754a4d6f069c51550f9689a51ee,2,NOV-005603,NOVO,01_Assets_Organizados/Props/wildheart_giant_fern.glb,209240
DUP-00232,36a98625e9924cc34363a982e115c777e909a11259dd9cf3dbc893f50d85ddbd,2,TEM-001451,TEMPLATE,public/models/props/kmed_church_hollow.glb,113052
DUP-00232,36a98625e9924cc34363a982e115c777e909a11259dd9cf3dbc893f50d85ddbd,2,NOV-005605,NOVO,01_Assets_Organizados/Props/kmed_church_hollow.glb,113052
DUP-00233,b5d673bcf2a265f0f4cf17f454fdf01532f9d892b8b32f17575cec1dc2a47273,2,TEM-001452,TEMPLATE,public/models/props/fallen_coconuts.glb,372232
DUP-00233,b5d673bcf2a265f0f4cf17f454fdf01532f9d892b8b32f17575cec1dc2a47273,2,NOV-005606,NOVO,01_Assets_Organizados/Props/fallen_coconuts.glb,372232
DUP-00234,6ee51fe49a470f415e26dad46baa2181dbdce586ffe604c531aabe16e89aa556,2,TEM-001453,TEMPLATE,public/models/props/mining_ore_cart.glb,185556
DUP-00234,6ee51fe49a470f415e26dad46baa2181dbdce586ffe604c531aabe16e89aa556,2,NOV-005607,NOVO,01_Assets_Organizados/Props/mining_ore_cart.glb,185556
DUP-00235,2b3339b515e2180ce8888980ce9bff0cf83aef9c0b84758d231d64533377fd5b,2,TEM-001454,TEMPLATE,public/models/props/delve_rite_shrine_reed.glb,387940
DUP-00235,2b3339b515e2180ce8888980ce9bff0cf83aef9c0b84758d231d64533377fd5b,2,NOV-005608,NOVO,01_Assets_Organizados/Props/delve_rite_shrine_reed.glb,387940
DUP-00236,5ed44efaa85f7d46da284fd0a49ea22915bd3612067533946eafe20dec3d5cba,2,TEM-001455,TEMPLATE,public/models/props/fen_mushrooms.glb,529112
DUP-00236,5ed44efaa85f7d46da284fd0a49ea22915bd3612067533946eafe20dec3d5cba,2,NOV-005610,NOVO,01_Assets_Organizados/Props/fen_mushrooms.glb,529112
DUP-00237,fdcaf9b402f9b1b187be3c24cd02b76d8c81948337f7cd68544128ee5c10d69b,2,TEM-001456,TEMPLATE,public/models/props/reeds.glb,47672
DUP-00237,fdcaf9b402f9b1b187be3c24cd02b76d8c81948337f7cd68544128ee5c10d69b,2,NOV-005612,NOVO,01_Assets_Organizados/Props/reeds.glb,47672
DUP-00238,19a856aeb2ab19431015af7bb061eabcc5f1f5bcd27015472c8bfb4756eec4df,2,TEM-001457,TEMPLATE,public/models/props/kmed_home_B_hollow.glb,105436
DUP-00238,19a856aeb2ab19431015af7bb061eabcc5f1f5bcd27015472c8bfb4756eec4df,2,NOV-005613,NOVO,01_Assets_Organizados/Props/kmed_home_B_hollow.glb,105436
DUP-00239,d03d6671b55afb767b4fb2f9f8951c34042e843695c2505f163bce4137289057,2,TEM-001458,TEMPLATE,public/models/props/yumi_torch_handle.glb,164384
DUP-00239,d03d6671b55afb767b4fb2f9f8951c34042e843695c2505f163bce4137289057,2,NOV-005614,NOVO,01_Assets_Organizados/Props/yumi_torch_handle.glb,164384
DUP-00240,2bdf8bb9bc3b8f8f8c207903bc36252282c1a36bcf23aac168e8cd47c5ed9381,2,TEM-001460,TEMPLATE,public/models/props/leafy_fox_statue.glb,237400
DUP-00240,2bdf8bb9bc3b8f8f8c207903bc36252282c1a36bcf23aac168e8cd47c5ed9381,2,NOV-005616,NOVO,01_Assets_Organizados/Props/leafy_fox_statue.glb,237400
DUP-00241,048ea99ae38e79fa96be5a511ccfb9324b36512702ec8fbd6c3919a96a4463ba,2,TEM-001461,TEMPLATE,public/models/props/destructible_wall.glb,121116
DUP-00241,048ea99ae38e79fa96be5a511ccfb9324b36512702ec8fbd6c3919a96a4463ba,2,NOV-005617,NOVO,01_Assets_Organizados/Props/destructible_wall.glb,121116
DUP-00242,334f5ddfa9ef8e33219fa0bf9290933d65f7640d599665e1df4c66526994ac84,2,TEM-001462,TEMPLATE,public/models/props/lava_terrace.glb,677404
DUP-00242,334f5ddfa9ef8e33219fa0bf9290933d65f7640d599665e1df4c66526994ac84,2,NOV-005618,NOVO,01_Assets_Organizados/Props/lava_terrace.glb,677404
DUP-00243,19e8e69c9304b52fb06f6a86052c923bd8bf0b4dd2044cb45485249378bde9a6,2,TEM-001463,TEMPLATE,public/models/props/mushroom_red.glb,3736
DUP-00243,19e8e69c9304b52fb06f6a86052c923bd8bf0b4dd2044cb45485249378bde9a6,2,NOV-005619,NOVO,01_Assets_Organizados/Props/mushroom_red.glb,3736
DUP-00244,60a960ff6599a2d7bc304536546afa37a331a4184a647b9303468623b182cae8,2,TEM-001464,TEMPLATE,public/models/props/jump_oxer.glb,280792
DUP-00244,60a960ff6599a2d7bc304536546afa37a331a4184a647b9303468623b182cae8,2,NOV-005620,NOVO,01_Assets_Organizados/Props/jump_oxer.glb,280792
DUP-00245,79ac06eb6926a012286dcbd1a769ed7b4c5d7b8f63f9a77886928b92f46303ba,2,TEM-001465,TEMPLATE,public/models/props/jump_vertical.glb,283600
DUP-00245,79ac06eb6926a012286dcbd1a769ed7b4c5d7b8f63f9a77886928b92f46303ba,2,NOV-005621,NOVO,01_Assets_Organizados/Props/jump_vertical.glb,283600
DUP-00246,bf0bf86b625d17f9bd85d4a25567b9936916c4370340093136bb42fbdd06ccc7,2,TEM-001466,TEMPLATE,public/models/props/marsh_reed_cluster.glb,176148
DUP-00246,bf0bf86b625d17f9bd85d4a25567b9936916c4370340093136bb42fbdd06ccc7,2,NOV-005622,NOVO,01_Assets_Organizados/Props/marsh_reed_cluster.glb,176148
DUP-00247,2e116064fef77ff2dce75a366232be5f896a25c58aa5c5f1f772d9d932a669de,2,TEM-001467,TEMPLATE,public/models/props/ember_lily.glb,437664
DUP-00247,2e116064fef77ff2dce75a366232be5f896a25c58aa5c5f1f772d9d932a669de,2,NOV-005623,NOVO,01_Assets_Organizados/Props/ember_lily.glb,437664
DUP-00248,4796aadec6ee714b5aa1027be91216b640b31ab140df8d2a1088332d4174b1ee,2,TEM-001469,TEMPLATE,public/models/props/bone_throne.glb,274048
DUP-00248,4796aadec6ee714b5aa1027be91216b640b31ab140df8d2a1088332d4174b1ee,2,NOV-005625,NOVO,01_Assets_Organizados/Props/bone_throne.glb,274048
DUP-00249,61a4652852b41c352631cac97d6e4ee4598f909b5cf26ce53da4eaaae7e67d01,2,TEM-001470,TEMPLATE,public/models/props/pixie_mushroom_house.glb,238992
DUP-00249,61a4652852b41c352631cac97d6e4ee4598f909b5cf26ce53da4eaaae7e67d01,2,NOV-005626,NOVO,01_Assets_Organizados/Props/pixie_mushroom_house.glb,238992
DUP-00250,19c6a34dc5591effe92804b53c5deabf0c6d79e37fb6743e5ed0b7b53940be1a,2,TEM-001471,TEMPLATE,public/models/props/stag_shrine.glb,258948
DUP-00250,19c6a34dc5591effe92804b53c5deabf0c6d79e37fb6743e5ed0b7b53940be1a,2,NOV-005627,NOVO,01_Assets_Organizados/Props/stag_shrine.glb,258948
DUP-00251,8cdfdde55594cdca9168386fb2f494d0fc304cd47b4718215f1f1d8fa5c59b05,2,TEM-001473,TEMPLATE,public/models/props/rock_tall_h.glb,4952
DUP-00251,8cdfdde55594cdca9168386fb2f494d0fc304cd47b4718215f1f1d8fa5c59b05,2,NOV-005629,NOVO,01_Assets_Organizados/Props/rock_tall_h.glb,4952
DUP-00252,4a8930dfc3593974208bbc594c4941820395ecf6b458462c9b2eca53c02e314a,2,TEM-001474,TEMPLATE,public/models/props/lava_river_a.glb,876828
DUP-00252,4a8930dfc3593974208bbc594c4941820395ecf6b458462c9b2eca53c02e314a,2,NOV-005630,NOVO,01_Assets_Organizados/Props/lava_river_a.glb,876828
DUP-00253,3b426a1d8894d3423c0a32c61527dfcbf79e9c0727fa9b83889cf6fa93d9b969,2,TEM-001475,TEMPLATE,public/models/props/house_3.glb,43696
DUP-00253,3b426a1d8894d3423c0a32c61527dfcbf79e9c0727fa9b83889cf6fa93d9b969,2,NOV-005631,NOVO,01_Assets_Organizados/Props/house_3.glb,43696
DUP-00254,e5e80d10917f72d02535cc4d048f25697c5425cb74b1b34e16e9faacbfa724f1,2,TEM-001476,TEMPLATE,public/models/props/gravestone_cross.glb,16576
DUP-00254,e5e80d10917f72d02535cc4d048f25697c5425cb74b1b34e16e9faacbfa724f1,2,NOV-005632,NOVO,01_Assets_Organizados/Props/gravestone_cross.glb,16576
DUP-00255,ebe71c2c9f2755a43a8cdd4e5499212334b5ddf0cbe80404408559de55e93420,2,TEM-001477,TEMPLATE,public/models/props/weapon_stand.glb,2006008
DUP-00255,ebe71c2c9f2755a43a8cdd4e5499212334b5ddf0cbe80404408559de55e93420,2,NOV-005633,NOVO,01_Assets_Organizados/Props/weapon_stand.glb,2006008
DUP-00256,ad89ce85c6cb0e7404bfc01f51a40b9e96906dabd5942efe206ec4a11340e305,2,TEM-001478,TEMPLATE,public/models/props/dragon_hoard.glb,873808
DUP-00256,ad89ce85c6cb0e7404bfc01f51a40b9e96906dabd5942efe206ec4a11340e305,2,NOV-005634,NOVO,01_Assets_Organizados/Props/dragon_hoard.glb,873808
DUP-00257,a96321115d06d551f49fde080ca4cb62d2b07bac8015e3801bf7c2dba324c03c,2,TEM-001479,TEMPLATE,public/models/props/gravestone_round.glb,15832
DUP-00257,a96321115d06d551f49fde080ca4cb62d2b07bac8015e3801bf7c2dba324c03c,2,NOV-005635,NOVO,01_Assets_Organizados/Props/gravestone_round.glb,15832
DUP-00258,f70e1546d48131ef8c2795abd2b3130c9d8ac13f38f1765596263c07fd32a86c,2,TEM-001480,TEMPLATE,public/models/props/marsh_sluice_post.glb,249524
DUP-00258,f70e1546d48131ef8c2795abd2b3130c9d8ac13f38f1765596263c07fd32a86c,2,NOV-005636,NOVO,01_Assets_Organizados/Props/marsh_sluice_post.glb,249524
DUP-00259,abb821520c70ef9b92418a908394dad32c7d3cdb5c4f37bd97270dfc741a5fa8,2,TEM-001481,TEMPLATE,public/models/props/dragon_eggs.glb,497268
DUP-00259,abb821520c70ef9b92418a908394dad32c7d3cdb5c4f37bd97270dfc741a5fa8,2,NOV-005637,NOVO,01_Assets_Organizados/Props/dragon_eggs.glb,497268
DUP-00260,c5c6779d7e19a533ff1cef999957843963519d79f53a2f98fe9f37fa4e604443,2,TEM-001482,TEMPLATE,public/models/props/delve_pressure_plate.glb,331212
DUP-00260,c5c6779d7e19a533ff1cef999957843963519d79f53a2f98fe9f37fa4e604443,2,NOV-005638,NOVO,01_Assets_Organizados/Props/delve_pressure_plate.glb,331212
DUP-00261,0ddc77f1f10fd39401430b9a3ee698ab8793d7bd1b73bbb7818f65bb5000d9fb,2,TEM-001483,TEMPLATE,public/models/props/infernal_altar.glb,244896
DUP-00261,0ddc77f1f10fd39401430b9a3ee698ab8793d7bd1b73bbb7818f65bb5000d9fb,2,NOV-005639,NOVO,01_Assets_Organizados/Props/infernal_altar.glb,244896
DUP-00262,34c21bb4fa12649ae426670c5fa47e7595db8ea00dab6284f23751bb2d6c20f5,2,TEM-001484,TEMPLATE,public/models/props/hollow_gate_tree.glb,804784
DUP-00262,34c21bb4fa12649ae426670c5fa47e7595db8ea00dab6284f23751bb2d6c20f5,2,NOV-005641,NOVO,01_Assets_Organizados/Props/hollow_gate_tree.glb,804784
DUP-00263,cc592b3d0092b5a9a6095ec63d19948fc293de23b6ff497faa606fdd3bd6d2d8,2,TEM-001485,TEMPLATE,public/models/props/marsh_corpse_candle.glb,139808
DUP-00263,cc592b3d0092b5a9a6095ec63d19948fc293de23b6ff497faa606fdd3bd6d2d8,2,NOV-005642,NOVO,01_Assets_Organizados/Props/marsh_corpse_candle.glb,139808
DUP-00264,9287df4629a522cba4686fc6957891b7f0fa86699c96afe283a596a5fcafbbf3,2,TEM-001486,TEMPLATE,public/models/props/rock_large_d.glb,4996
DUP-00264,9287df4629a522cba4686fc6957891b7f0fa86699c96afe283a596a5fcafbbf3,2,NOV-005643,NOVO,01_Assets_Organizados/Props/rock_large_d.glb,4996
DUP-00265,3e5f78d3d6dbd24ee71ead9127ae10b59f286f87b89432d0285b921d99258747,2,TEM-001487,TEMPLATE,public/models/props/bonfire.glb,13284
DUP-00265,3e5f78d3d6dbd24ee71ead9127ae10b59f286f87b89432d0285b921d99258747,2,NOV-005644,NOVO,01_Assets_Organizados/Props/bonfire.glb,13284
DUP-00266,d6d2914bc4bba748d325bc9f3fddc3970283e9f01a96e17c13ebd09fbb860373,2,TEM-001488,TEMPLATE,public/models/props/ship_monument.glb,715768
DUP-00266,d6d2914bc4bba748d325bc9f3fddc3970283e9f01a96e17c13ebd09fbb860373,2,NOV-005645,NOVO,01_Assets_Organizados/Props/ship_monument.glb,715768
DUP-00267,c586da6bf4b97b0d5f37603cdacc5cff85b3cfb9f63920360675eb06febf44c6,2,TEM-001489,TEMPLATE,public/models/props/kmed_market_hollow.glb,175480
DUP-00267,c586da6bf4b97b0d5f37603cdacc5cff85b3cfb9f63920360675eb06febf44c6,2,NOV-005647,NOVO,01_Assets_Organizados/Props/kmed_market_hollow.glb,175480
DUP-00268,1ff35d051d4fdc648d23643d148061c3e0c0b7d28f2c8f567f95a992cea42782,2,TEM-001490,TEMPLATE,public/models/props/marsh_shrine_fragment.glb,167356
DUP-00268,1ff35d051d4fdc648d23643d148061c3e0c0b7d28f2c8f567f95a992cea42782,2,NOV-005649,NOVO,01_Assets_Organizados/Props/marsh_shrine_fragment.glb,167356
DUP-00269,cc0b105ea93d9841afc3e4a9651887fdf9cc48f4d5dac46d2c80172f36911df3,2,TEM-001491,TEMPLATE,public/models/props/rift_rune.glb,183628
DUP-00269,cc0b105ea93d9841afc3e4a9651887fdf9cc48f4d5dac46d2c80172f36911df3,2,NOV-005650,NOVO,01_Assets_Organizados/Props/rift_rune.glb,183628
DUP-00270,c1be426a8f47c81d5e757aa25dc7cdabd65f0e688dbb1fc066b25c94cdd77ed8,2,TEM-001492,TEMPLATE,public/models/props/engineering_workbench.glb,171672
DUP-00270,c1be426a8f47c81d5e757aa25dc7cdabd65f0e688dbb1fc066b25c94cdd77ed8,2,NOV-005652,NOVO,01_Assets_Organizados/Props/engineering_workbench.glb,171672
DUP-00271,b5bc6a5f716264fbd17e78034d6062ec1c50a695f808e76cd32fb91091038846,2,TEM-001493,TEMPLATE,public/models/props/banker_chest.glb,43956
DUP-00271,b5bc6a5f716264fbd17e78034d6062ec1c50a695f808e76cd32fb91091038846,2,NOV-005653,NOVO,01_Assets_Organizados/Props/banker_chest.glb,43956
DUP-00272,c14cc708926d3fb6af1c832a3b5093c524c6e00fc2b8ce130aee89a59e75da56,2,TEM-001494,TEMPLATE,public/models/props/crystal_mound_cave.glb,334060
DUP-00272,c14cc708926d3fb6af1c832a3b5093c524c6e00fc2b8ce130aee89a59e75da56,2,NOV-005654,NOVO,01_Assets_Organizados/Props/crystal_mound_cave.glb,334060
DUP-00273,3fbac209b03a1437496b27433900153b42694d05e5ed36d8b80f87bab355fa24,2,TEM-001495,TEMPLATE,public/models/props/hanging_cage.glb,193000
DUP-00273,3fbac209b03a1437496b27433900153b42694d05e5ed36d8b80f87bab355fa24,2,NOV-005656,NOVO,01_Assets_Organizados/Props/hanging_cage.glb,193000
DUP-00274,8142f15371adbca725f94f613b2337851ae59c7f6139a1b310a681ab3605cfaf,2,TEM-001496,TEMPLATE,public/models/props/lava_river_end.glb,742212
DUP-00274,8142f15371adbca725f94f613b2337851ae59c7f6139a1b310a681ab3605cfaf,2,NOV-005657,NOVO,01_Assets_Organizados/Props/lava_river_end.glb,742212
DUP-00275,94436661fb9b4d789dc9f0fa415700cf04d6d1509b838b3e923d715945e5451f,2,TEM-001497,TEMPLATE,public/models/props/infernal_brazier.glb,150536
DUP-00275,94436661fb9b4d789dc9f0fa415700cf04d6d1509b838b3e923d715945e5451f,2,NOV-005658,NOVO,01_Assets_Organizados/Props/infernal_brazier.glb,150536
DUP-00276,0e2c4eab80307badeff0e8072214778c7a8f7589a32e397b2b4b0030435d76d0,4,TEM-001498,TEMPLATE,public/models/props/garden_iron_pillar.glb,32172
DUP-00276,0e2c4eab80307badeff0e8072214778c7a8f7589a32e397b2b4b0030435d76d0,4,TEM-001612,TEMPLATE,public/models/dungeon/fence_pillar.glb,32172
DUP-00276,0e2c4eab80307badeff0e8072214778c7a8f7589a32e397b2b4b0030435d76d0,4,NOV-004770,NOVO,01_Assets_Organizados/Dungeon/fence_pillar.glb,32172
DUP-00276,0e2c4eab80307badeff0e8072214778c7a8f7589a32e397b2b4b0030435d76d0,4,NOV-005659,NOVO,01_Assets_Organizados/Props/garden_iron_pillar.glb,32172
DUP-00277,5850d8b540007753e2916856852e5f9e360d4a3e6aad30387e56a71278afb19e,2,TEM-001499,TEMPLATE,public/models/props/marsh_root_wall.glb,227768
DUP-00277,5850d8b540007753e2916856852e5f9e360d4a3e6aad30387e56a71278afb19e,2,NOV-005660,NOVO,01_Assets_Organizados/Props/marsh_root_wall.glb,227768
DUP-00278,003172f4ceacc895f689a0e0187dd80b45c362b3828e4df8087c4a67f714cfe4,4,TEM-001501,TEMPLATE,public/models/props/garden_iron_fence.glb,37352
DUP-00278,003172f4ceacc895f689a0e0187dd80b45c362b3828e4df8087c4a67f714cfe4,4,TEM-001882,TEMPLATE,public/models/dungeon/fence.glb,37352
DUP-00278,003172f4ceacc895f689a0e0187dd80b45c362b3828e4df8087c4a67f714cfe4,4,NOV-005060,NOVO,01_Assets_Organizados/Dungeon/fence.glb,37352
DUP-00278,003172f4ceacc895f689a0e0187dd80b45c362b3828e4df8087c4a67f714cfe4,4,NOV-005662,NOVO,01_Assets_Organizados/Props/garden_iron_fence.glb,37352
DUP-00279,d884ca344f1aec14ffd4cb27004faf303cb7630531d7bee7ebdc2161f4b689c2,2,TEM-001502,TEMPLATE,public/models/props/slag_cauldron.glb,219836
DUP-00279,d884ca344f1aec14ffd4cb27004faf303cb7630531d7bee7ebdc2161f4b689c2,2,NOV-005663,NOVO,01_Assets_Organizados/Props/slag_cauldron.glb,219836
DUP-00280,f9f6bfe947db24c2d44b61356ad8b4fe1f93529062cc817f219475079bf9a357,2,TEM-001504,TEMPLATE,public/models/props/course_arch.glb,304380
DUP-00280,f9f6bfe947db24c2d44b61356ad8b4fe1f93529062cc817f219475079bf9a357,2,NOV-005666,NOVO,01_Assets_Organizados/Props/course_arch.glb,304380
DUP-00281,fd43ef284a809c39240687bed908411c296e41dc9d0430760e6b390355e6c170,2,TEM-001505,TEMPLATE,public/models/props/timber_pillar.glb,14336
DUP-00281,fd43ef284a809c39240687bed908411c296e41dc9d0430760e6b390355e6c170,2,NOV-005667,NOVO,01_Assets_Organizados/Props/timber_pillar.glb,14336
DUP-00282,8bb07d235482439d0e4f1d9152d932b6487cdb09b3331c668f882461401f43d9,2,TEM-001506,TEMPLATE,public/models/props/cart.glb,30972
DUP-00282,8bb07d235482439d0e4f1d9152d932b6487cdb09b3331c668f882461401f43d9,2,NOV-005668,NOVO,01_Assets_Organizados/Props/cart.glb,30972
DUP-00283,c264ba9d8a0018ba8e9caffc5f88d31511b7533382ae02fb39d562be78f23c3e,2,TEM-001507,TEMPLATE,public/models/props/bell_tower.glb,135736
DUP-00283,c264ba9d8a0018ba8e9caffc5f88d31511b7533382ae02fb39d562be78f23c3e,2,NOV-005669,NOVO,01_Assets_Organizados/Props/bell_tower.glb,135736
DUP-00284,cb2b179b77bdf93b805f6ad88fc4b7aed9ff595e53d914e96bbf4088900c9073,2,TEM-001508,TEMPLATE,public/models/props/alchemy_cauldron.glb,237944
DUP-00284,cb2b179b77bdf93b805f6ad88fc4b7aed9ff595e53d914e96bbf4088900c9073,2,NOV-005670,NOVO,01_Assets_Organizados/Props/alchemy_cauldron.glb,237944
DUP-00285,acd0ae4d4381020a3f3961117a3d58f8ee515ffe60ea3743713df080fa08dd96,2,TEM-001510,TEMPLATE,public/models/props/rift_flame.glb,128464
DUP-00285,acd0ae4d4381020a3f3961117a3d58f8ee515ffe60ea3743713df080fa08dd96,2,NOV-005672,NOVO,01_Assets_Organizados/Props/rift_flame.glb,128464
DUP-00286,39ddd2fbb3fd0fe64de2196708b916978a3ba76aecf343655309d086c7c8eefc,2,TEM-001511,TEMPLATE,public/models/props/delve_rite_shrine_skull.glb,279796
DUP-00286,39ddd2fbb3fd0fe64de2196708b916978a3ba76aecf343655309d086c7c8eefc,2,NOV-005673,NOVO,01_Assets_Organizados/Props/delve_rite_shrine_skull.glb,279796
DUP-00287,04caba8590023f7bbb0213fba4035cffc794f9c6f3512a8a72733f6d12576737,2,TEM-001512,TEMPLATE,public/models/props/wildheart_jaguar_gate.glb,228532
DUP-00287,04caba8590023f7bbb0213fba4035cffc794f9c6f3512a8a72733f6d12576737,2,NOV-005674,NOVO,01_Assets_Organizados/Props/wildheart_jaguar_gate.glb,228532
DUP-00288,6b08008914dd05c23b8d719be8a9109431456ab4b4c1c529be1090d1ed347d3e,2,TEM-001513,TEMPLATE,public/models/props/fen_log.glb,553564
DUP-00288,6b08008914dd05c23b8d719be8a9109431456ab4b4c1c529be1090d1ed347d3e,2,NOV-005675,NOVO,01_Assets_Organizados/Props/fen_log.glb,553564
DUP-00289,d0911ba1291e1236cfbda452316afdf28269e3bc76a7d6e87515dcad3636abc0,2,TEM-001514,TEMPLATE,public/models/props/wildheart_jungle_canopy_tree.glb,126108
DUP-00289,d0911ba1291e1236cfbda452316afdf28269e3bc76a7d6e87515dcad3636abc0,2,NOV-005676,NOVO,01_Assets_Organizados/Props/wildheart_jungle_canopy_tree.glb,126108
DUP-00290,909d140eb4472480f81bf355a0056b1cb354fb3f9a1a0542d121a1f249e6beda,2,TEM-001515,TEMPLATE,public/models/props/lava_river_c.glb,902268
DUP-00290,909d140eb4472480f81bf355a0056b1cb354fb3f9a1a0542d121a1f249e6beda,2,NOV-005677,NOVO,01_Assets_Organizados/Props/lava_river_c.glb,902268
DUP-00291,652bc56dd70ba44bef2c0d194299602d3a10c2b9f3b2d0342bdef5cef5ec8e0f,2,TEM-001516,TEMPLATE,public/models/props/garden_arch.glb,38264
DUP-00291,652bc56dd70ba44bef2c0d194299602d3a10c2b9f3b2d0342bdef5cef5ec8e0f,2,NOV-005678,NOVO,01_Assets_Organizados/Props/garden_arch.glb,38264
DUP-00292,ecd569bea2ebe40acc4e8339652321526dd2010b493e0d9904c83c491de38f0d,2,TEM-001518,TEMPLATE,public/models/props/flower_bed_round.glb,300044
DUP-00292,ecd569bea2ebe40acc4e8339652321526dd2010b493e0d9904c83c491de38f0d,2,NOV-005680,NOVO,01_Assets_Organizados/Props/flower_bed_round.glb,300044
DUP-00293,cce25b1216e80c343374e43f66112f7ed72cc6e203edb534c0be538da0cda5af,2,TEM-001521,TEMPLATE,public/models/props/column_broken.glb,4104
DUP-00293,cce25b1216e80c343374e43f66112f7ed72cc6e203edb534c0be538da0cda5af,2,NOV-005686,NOVO,01_Assets_Organizados/Props/column_broken.glb,4104
DUP-00294,8f9d2473348b2080184e3f5b20374ecc3056bfe005fc35823f60c42712d4607a,2,TEM-001523,TEMPLATE,public/models/props/lantern_wall.glb,1086232
DUP-00294,8f9d2473348b2080184e3f5b20374ecc3056bfe005fc35823f60c42712d4607a,2,NOV-005688,NOVO,01_Assets_Organizados/Props/lantern_wall.glb,1086232
DUP-00295,ef278ae5ddb78d3aad028462863730198b5b0796f9c3dee6ca52b1d5599142a5,2,TEM-001524,TEMPLATE,public/models/props/delve_module_exit.glb,387652
DUP-00295,ef278ae5ddb78d3aad028462863730198b5b0796f9c3dee6ca52b1d5599142a5,2,NOV-005689,NOVO,01_Assets_Organizados/Props/delve_module_exit.glb,387652
DUP-00296,893c49e06a5c7e5967caad0a666666fb898f3d6823e81dec66b8cf96b3aca3ac,2,TEM-001525,TEMPLATE,public/models/props/blacksmith.glb,97444
DUP-00296,893c49e06a5c7e5967caad0a666666fb898f3d6823e81dec66b8cf96b3aca3ac,2,NOV-005690,NOVO,01_Assets_Organizados/Props/blacksmith.glb,97444
DUP-00297,2cb3839c7cd19782db8497b91d035a2a87ca27e23bde97ec199296f2f592ded5,2,TEM-001526,TEMPLATE,public/models/props/dock_platform.glb,17332
DUP-00297,2cb3839c7cd19782db8497b91d035a2a87ca27e23bde97ec199296f2f592ded5,2,NOV-005691,NOVO,01_Assets_Organizados/Props/dock_platform.glb,17332
DUP-00298,10cd806a8f1f4952fcae5ab0ca9d667afe013a55e970b842585ec73bac8da283,2,TEM-001527,TEMPLATE,public/models/props/wildheart_beast_den.glb,138136
DUP-00298,10cd806a8f1f4952fcae5ab0ca9d667afe013a55e970b842585ec73bac8da283,2,NOV-005692,NOVO,01_Assets_Organizados/Props/wildheart_beast_den.glb,138136
DUP-00299,ede3299a2b09bdf66fc56cb56187ae1cdd673ee23eb44b75a40aa38cd8855e93,2,TEM-001528,TEMPLATE,public/models/props/house_2.glb,103180
DUP-00299,ede3299a2b09bdf66fc56cb56187ae1cdd673ee23eb44b75a40aa38cd8855e93,2,NOV-005693,NOVO,01_Assets_Organizados/Props/house_2.glb,103180
DUP-00300,58622eb120fc4f8d67dea442946427b3bc3b5749606aace9f114ea00d805a202,2,TEM-001529,TEMPLATE,public/models/props/rowboat.glb,16028
DUP-00300,58622eb120fc4f8d67dea442946427b3bc3b5749606aace9f114ea00d805a202,2,NOV-005695,NOVO,01_Assets_Organizados/Props/rowboat.glb,16028
DUP-00301,0e6d4105916657a76e980006ff606015851945cd27157ca841f4f12b495b5148,2,TEM-001530,TEMPLATE,public/models/props/anvil.glb,1050280
DUP-00301,0e6d4105916657a76e980006ff606015851945cd27157ca841f4f12b495b5148,2,NOV-005696,NOVO,01_Assets_Organizados/Props/anvil.glb,1050280
DUP-00302,798b24ca0d10744666c95a06df233f6a33264b00c40c26c37ae94b4d919b50c6,2,TEM-001531,TEMPLATE,public/models/props/delve_surface_exit.glb,363436
DUP-00302,798b24ca0d10744666c95a06df233f6a33264b00c40c26c37ae94b4d919b50c6,2,NOV-005697,NOVO,01_Assets_Organizados/Props/delve_surface_exit.glb,363436
DUP-00303,bd7e0b63042303e9a7d2852bb5b529a37fe4474ba5b0a723f553f261124bed90,2,TEM-001532,TEMPLATE,public/models/props/jewelcrafting_bench.glb,205648
DUP-00303,bd7e0b63042303e9a7d2852bb5b529a37fe4474ba5b0a723f553f261124bed90,2,NOV-005698,NOVO,01_Assets_Organizados/Props/jewelcrafting_bench.glb,205648
DUP-00304,7871872c578dda46d07940a57cc436851a7cdf82615965cead39c5eb9c728e85,2,TEM-001533,TEMPLATE,public/models/props/flower_bed_square_b.glb,1030012
DUP-00304,7871872c578dda46d07940a57cc436851a7cdf82615965cead39c5eb9c728e85,2,NOV-005699,NOVO,01_Assets_Organizados/Props/flower_bed_square_b.glb,1030012
DUP-00305,2733d17f9180a9af843e92a1f0a9e0ea28dc530f0890c66af2a7e14d764bdca9,2,TEM-001534,TEMPLATE,public/models/props/herbalism_drying_rack.glb,278556
DUP-00305,2733d17f9180a9af843e92a1f0a9e0ea28dc530f0890c66af2a7e14d764bdca9,2,NOV-005700,NOVO,01_Assets_Organizados/Props/herbalism_drying_rack.glb,278556
DUP-00306,db1980cf6d57ff8fd5131a89c62312d533f8c9405a77f6ca28e4a651f81d638a,2,TEM-001536,TEMPLATE,public/models/props/mushroom_glow_cluster.glb,164420
DUP-00306,db1980cf6d57ff8fd5131a89c62312d533f8c9405a77f6ca28e4a651f81d638a,2,NOV-005702,NOVO,01_Assets_Organizados/Props/mushroom_glow_cluster.glb,164420
DUP-00307,23644069cd292e2e307a29b637cce04f7ee7838428ee3784fb1f69184831cf2e,2,TEM-001537,TEMPLATE,public/models/props/tailoring_loom.glb,205776
DUP-00307,23644069cd292e2e307a29b637cce04f7ee7838428ee3784fb1f69184831cf2e,2,NOV-005703,NOVO,01_Assets_Organizados/Props/tailoring_loom.glb,205776
DUP-00308,b81f32ab47d17e5b76386814554fe5c1419189049c727d5b84a46a2278ce3597,2,TEM-001538,TEMPLATE,public/models/props/market_stand_2.glb,18868
DUP-00308,b81f32ab47d17e5b76386814554fe5c1419189049c727d5b84a46a2278ce3597,2,NOV-005704,NOVO,01_Assets_Organizados/Props/market_stand_2.glb,18868
DUP-00309,7ded3141e3c730dcc099d97ded15474720bae1a9b996bad37fcabe5d97ea1f05,2,TEM-001539,TEMPLATE,public/models/props/bone_pile.glb,265672
DUP-00309,7ded3141e3c730dcc099d97ded15474720bae1a9b996bad37fcabe5d97ea1f05,2,NOV-005705,NOVO,01_Assets_Organizados/Props/bone_pile.glb,265672
DUP-00310,ee400170bf7711860d4f1e1930f912851a044ba0f14f01eeccb8e68c9fc5d2e5,2,TEM-001540,TEMPLATE,public/models/props/golden_horse_statue.glb,692416
DUP-00310,ee400170bf7711860d4f1e1930f912851a044ba0f14f01eeccb8e68c9fc5d2e5,2,NOV-005706,NOVO,01_Assets_Organizados/Props/golden_horse_statue.glb,692416
DUP-00311,ff22bf2593398774f20e7e6f82f3a9184e326cc4c45cd780a0981590a54172c0,2,TEM-001541,TEMPLATE,public/models/props/fence.glb,4836
DUP-00311,ff22bf2593398774f20e7e6f82f3a9184e326cc4c45cd780a0981590a54172c0,2,NOV-005707,NOVO,01_Assets_Organizados/Props/fence.glb,4836
DUP-00312,b80fe1fdc6afdfa1fe6dc317ad52ab13e4193fd531be23cd28a4032430b05f78,2,TEM-001542,TEMPLATE,public/models/props/flower_glow.glb,205160
DUP-00312,b80fe1fdc6afdfa1fe6dc317ad52ab13e4193fd531be23cd28a4032430b05f78,2,NOV-005708,NOVO,01_Assets_Organizados/Props/flower_glow.glb,205160
DUP-00313,98cfbed072225de0b3fbab6b0283143cc8d6e36a6678689196c55266d745dc83,2,TEM-001543,TEMPLATE,public/models/props/marsh_bell_gallows.glb,207152
DUP-00313,98cfbed072225de0b3fbab6b0283143cc8d6e36a6678689196c55266d745dc83,2,NOV-005709,NOVO,01_Assets_Organizados/Props/marsh_bell_gallows.glb,207152
DUP-00314,d96c61cd6d5b62790f539794e314db4505ad9381dd5635dd0b0d4d28bbc06282,2,TEM-001544,TEMPLATE,public/models/props/shrub_flowering.glb,411428
DUP-00314,d96c61cd6d5b62790f539794e314db4505ad9381dd5635dd0b0d4d28bbc06282,2,NOV-005710,NOVO,01_Assets_Organizados/Props/shrub_flowering.glb,411428
DUP-00315,99857d708b17ea5dab0132190201f20697d38630e366670fbe2a1ab343cb55f8,2,TEM-001546,TEMPLATE,public/models/props/gravestone_decorative.glb,14704
DUP-00315,99857d708b17ea5dab0132190201f20697d38630e366670fbe2a1ab343cb55f8,2,NOV-005712,NOVO,01_Assets_Organizados/Props/gravestone_decorative.glb,14704
DUP-00316,1473bee561ada1ef2c31db9707cbfbb81dbd2d8c7fd8402387d2979b42407aae,2,TEM-001548,TEMPLATE,public/models/props/fen_reeds.glb,304296
DUP-00316,1473bee561ada1ef2c31db9707cbfbb81dbd2d8c7fd8402387d2979b42407aae,2,NOV-005714,NOVO,01_Assets_Organizados/Props/fen_reeds.glb,304296
DUP-00317,c1f00dc536f642d3054dc68d9dff5f9214bc6235f6c95095500eee6decb3d9c0,2,TEM-001549,TEMPLATE,public/models/props/cooking_spit.glb,242568
DUP-00317,c1f00dc536f642d3054dc68d9dff5f9214bc6235f6c95095500eee6decb3d9c0,2,NOV-005715,NOVO,01_Assets_Organizados/Props/cooking_spit.glb,242568
DUP-00318,5ce35a978eb9db4669b3a8575e04ec646ea5d79e4325fbe1befb0465dc64591a,2,TEM-001550,TEMPLATE,public/models/props/wildheart_ritual_pyramid.glb,201300
DUP-00318,5ce35a978eb9db4669b3a8575e04ec646ea5d79e4325fbe1befb0465dc64591a,2,NOV-005716,NOVO,01_Assets_Organizados/Props/wildheart_ritual_pyramid.glb,201300
DUP-00319,75484e36b17c0fadd330df2c9372ffdeb72b5746929eb6de69a44e9f9e0d4398,2,TEM-001552,TEMPLATE,public/models/props/gravestone_bevel.glb,15580
DUP-00319,75484e36b17c0fadd330df2c9372ffdeb72b5746929eb6de69a44e9f9e0d4398,2,NOV-005718,NOVO,01_Assets_Organizados/Props/gravestone_bevel.glb,15580
DUP-00320,522cacbeb3b08a3a5be2cebffd2481abb0c89548cf43a60ee69764e8b7d1b32d,2,TEM-001553,TEMPLATE,public/models/props/statue_block.glb,4300
DUP-00320,522cacbeb3b08a3a5be2cebffd2481abb0c89548cf43a60ee69764e8b7d1b32d,2,NOV-005719,NOVO,01_Assets_Organizados/Props/statue_block.glb,4300
DUP-00321,d59645bb16549882280e091e41804cca09dac4a693772960bde0418e5d0229b5,2,TEM-001554,TEMPLATE,public/models/props/market_stand_1.glb,25184
DUP-00321,d59645bb16549882280e091e41804cca09dac4a693772960bde0418e5d0229b5,2,NOV-005720,NOVO,01_Assets_Organizados/Props/market_stand_1.glb,25184
DUP-00322,1be850d4d441033ad9f1446fb7184968cf800d819055f119f2e0ef4a01bec04c,2,TEM-001555,TEMPLATE,public/models/props/demon_idol.glb,235924
DUP-00322,1be850d4d441033ad9f1446fb7184968cf800d819055f119f2e0ef4a01bec04c,2,NOV-005722,NOVO,01_Assets_Organizados/Props/demon_idol.glb,235924
DUP-00323,9e62f366381072af84d387f8e5f6e8ccdd231c9a29da9c7a688c14a227dfdbe0,2,TEM-001556,TEMPLATE,public/models/props/marsh_plank_bridge.glb,183360
DUP-00323,9e62f366381072af84d387f8e5f6e8ccdd231c9a29da9c7a688c14a227dfdbe0,2,NOV-005723,NOVO,01_Assets_Organizados/Props/marsh_plank_bridge.glb,183360
DUP-00324,7ba7be6452c88924f14ebb745329991e1d76a1104c931499743e488430922b6f,2,TEM-001557,TEMPLATE,public/models/props/wildheart_rope_bridge.glb,186880
DUP-00324,7ba7be6452c88924f14ebb745329991e1d76a1104c931499743e488430922b6f,2,NOV-005724,NOVO,01_Assets_Organizados/Props/wildheart_rope_bridge.glb,186880
DUP-00325,f965f1b2d4dca13937e9119fe7486b8ba5dd0be0d90756b1819f66617d2902e4,2,TEM-001558,TEMPLATE,public/models/props/cracked_grave.glb,90992
DUP-00325,f965f1b2d4dca13937e9119fe7486b8ba5dd0be0d90756b1819f66617d2902e4,2,NOV-005725,NOVO,01_Assets_Organizados/Props/cracked_grave.glb,90992
DUP-00326,0ef8c170e0c8f51d614fe6464c819f7e296edeba9fa05bf3ba7777362f8506c0,2,TEM-001559,TEMPLATE,public/models/props/flower_bed_square_a.glb,959032
DUP-00326,0ef8c170e0c8f51d614fe6464c819f7e296edeba9fa05bf3ba7777362f8506c0,2,NOV-005726,NOVO,01_Assets_Organizados/Props/flower_bed_square_a.glb,959032
DUP-00327,827678b00a331fdd8f10261446f2b7751a777c7a64388fa0cc15f7950bf0fdd4,2,TEM-001560,TEMPLATE,public/models/props/enchanting_altar.glb,298488
DUP-00327,827678b00a331fdd8f10261446f2b7751a777c7a64388fa0cc15f7950bf0fdd4,2,NOV-005727,NOVO,01_Assets_Organizados/Props/enchanting_altar.glb,298488
DUP-00328,0b973225014833976d73fafb9b03a6b5575b1d3f7a88850b941eed0a7af07a5a,2,TEM-001561,TEMPLATE,public/models/props/kmed_blacksmith_hollow.glb,146368
DUP-00328,0b973225014833976d73fafb9b03a6b5575b1d3f7a88850b941eed0a7af07a5a,2,NOV-005728,NOVO,01_Assets_Organizados/Props/kmed_blacksmith_hollow.glb,146368
DUP-00329,c7134ba5940cf84d2dd5b7be615a7a2b067d937fbdb123e7d3c6da2032868b10,2,TEM-001562,TEMPLATE,public/models/props/kmed_home_A_hollow.glb,78668
DUP-00329,c7134ba5940cf84d2dd5b7be615a7a2b067d937fbdb123e7d3c6da2032868b10,2,NOV-005730,NOVO,01_Assets_Organizados/Props/kmed_home_A_hollow.glb,78668
DUP-00330,ecc1b1c488c92144323331a33698821756d121790d20c51f8b0fd10d4cc6f33d,2,TEM-001564,TEMPLATE,public/models/props/ore_rocks.glb,3356
DUP-00330,ecc1b1c488c92144323331a33698821756d121790d20c51f8b0fd10d4cc6f33d,2,NOV-005732,NOVO,01_Assets_Organizados/Props/ore_rocks.glb,3356
DUP-00331,af1c23fdd6d2ea0246d26f0d4be10ebd8e5ab5ff0342126a2f9865159333cba3,2,TEM-001565,TEMPLATE,public/models/props/wildheart_limestone_cliff.glb,171344
DUP-00331,af1c23fdd6d2ea0246d26f0d4be10ebd8e5ab5ff0342126a2f9865159333cba3,2,NOV-005734,NOVO,01_Assets_Organizados/Props/wildheart_limestone_cliff.glb,171344
DUP-00332,5f37b9de8ac23f3d8f029de867c3d008b3325a45aae9cba5242afc0353d9ab04,2,TEM-001566,TEMPLATE,public/models/props/wildheart_ancestor_ruin.glb,164060
DUP-00332,5f37b9de8ac23f3d8f029de867c3d008b3325a45aae9cba5242afc0353d9ab04,2,NOV-005735,NOVO,01_Assets_Organizados/Props/wildheart_ancestor_ruin.glb,164060
DUP-00333,089549899ccffe3dcf2e700f856005defd9f0e8fb5536d5431406daed91aa4d2,2,TEM-001567,TEMPLATE,public/models/props/fallback_crate.glb,97220
DUP-00333,089549899ccffe3dcf2e700f856005defd9f0e8fb5536d5431406daed91aa4d2,2,NOV-005736,NOVO,01_Assets_Organizados/Props/fallback_crate.glb,97220
DUP-00334,9bf2c3924d5e767ee666ca33811e5a9fb37e91aaab626d3c53e4bee5fd41b1a5,2,TEM-001568,TEMPLATE,public/models/props/infernal_statue.glb,187016
DUP-00334,9bf2c3924d5e767ee666ca33811e5a9fb37e91aaab626d3c53e4bee5fd41b1a5,2,NOV-005737,NOVO,01_Assets_Organizados/Props/infernal_statue.glb,187016
DUP-00335,92b3477806c64ed79616f24315c06cf76af2e84eed9645646a5aea4e5dec1221,2,TEM-001569,TEMPLATE,public/models/props/tent_open.glb,5204
DUP-00335,92b3477806c64ed79616f24315c06cf76af2e84eed9645646a5aea4e5dec1221,2,NOV-005738,NOVO,01_Assets_Organizados/Props/tent_open.glb,5204
DUP-00336,d40737b062f86859806b6e3aacb89924fbd0a3773a714ba8c747077da2efacbe,2,TEM-001570,TEMPLATE,public/models/props/yumi_brazier_stand.glb,264676
DUP-00336,d40737b062f86859806b6e3aacb89924fbd0a3773a714ba8c747077da2efacbe,2,NOV-005740,NOVO,01_Assets_Organizados/Props/yumi_brazier_stand.glb,264676
DUP-00337,95bbd1dc10368b3cab9ca254a6eed537d78c11f5e424a4080d99b285aa9fa95b,2,TEM-001571,TEMPLATE,public/models/props/maze_hedge_wall.glb,294856
DUP-00337,95bbd1dc10368b3cab9ca254a6eed537d78c11f5e424a4080d99b285aa9fa95b,2,NOV-005742,NOVO,01_Assets_Organizados/Props/maze_hedge_wall.glb,294856
DUP-00338,a1386fe4db504f5110df670b91f4e5f6fdc3baf545cc023fb21ebcc457867a04,2,TEM-001572,TEMPLATE,public/models/props/inn.glb,92748
DUP-00338,a1386fe4db504f5110df670b91f4e5f6fdc3baf545cc023fb21ebcc457867a04,2,NOV-005744,NOVO,01_Assets_Organizados/Props/inn.glb,92748
DUP-00339,b5975894d3a4af226d5034c0af0ef472e5d2865f9154dd0196e5380352a1dcee,2,TEM-001573,TEMPLATE,public/models/props/maze_hedge_arch.glb,302708
DUP-00339,b5975894d3a4af226d5034c0af0ef472e5d2865f9154dd0196e5380352a1dcee,2,NOV-005745,NOVO,01_Assets_Organizados/Props/maze_hedge_arch.glb,302708
DUP-00340,6b9ea1e2d59ba8da500e2e81d4db63d2b198f659f570e422dc7bc622f43843db,2,TEM-001574,TEMPLATE,public/models/dungeon/bookcase_single_decorateda.glb,50392
DUP-00340,6b9ea1e2d59ba8da500e2e81d4db63d2b198f659f570e422dc7bc622f43843db,2,NOV-004732,NOVO,01_Assets_Organizados/Dungeon/bookcase_single_decorateda.glb,50392
DUP-00341,6002df808dec486513c4a08b5e4449c37c58d2f78f408f5a47a1d90f919350b9,4,TEM-001575,TEMPLATE,public/models/dungeon/wall_window_open.glb,41444
DUP-00341,6002df808dec486513c4a08b5e4449c37c58d2f78f408f5a47a1d90f919350b9,4,TEM-002429,TEMPLATE,public/models/biome/kcas_wall_window.glb,41444
DUP-00341,6002df808dec486513c4a08b5e4449c37c58d2f78f408f5a47a1d90f919350b9,4,NOV-004733,NOVO,01_Assets_Organizados/Dungeon/wall_window_open.glb,41444
DUP-00341,6002df808dec486513c4a08b5e4449c37c58d2f78f408f5a47a1d90f919350b9,4,NOV-005308,NOVO,01_Assets_Organizados/Nature/kcas_wall_window.glb,41444
DUP-00342,8eb38ab14ff294f08bd874ca91f9e9625d270196729078c8dc652b18f33ca0f2,2,TEM-001576,TEMPLATE,public/models/dungeon/fence_broken.glb,38336
DUP-00342,8eb38ab14ff294f08bd874ca91f9e9625d270196729078c8dc652b18f33ca0f2,2,NOV-004734,NOVO,01_Assets_Organizados/Dungeon/fence_broken.glb,38336
DUP-00343,dee35142402c3cc2de412eb646e248e980fc84f5299f8790eb22f3f31f5dbf61,2,TEM-001577,TEMPLATE,public/models/dungeon/stool_round.glb,34652
DUP-00343,dee35142402c3cc2de412eb646e248e980fc84f5299f8790eb22f3f31f5dbf61,2,NOV-004735,NOVO,01_Assets_Organizados/Dungeon/stool_round.glb,34652
DUP-00344,78061438a7c2fa32a574668241a0bb7dae2435718013754c69056ddd0464be73,2,TEM-001578,TEMPLATE,public/models/dungeon/chest_mimic.glb,48060
DUP-00344,78061438a7c2fa32a574668241a0bb7dae2435718013754c69056ddd0464be73,2,NOV-004736,NOVO,01_Assets_Organizados/Dungeon/chest_mimic.glb,48060
DUP-00345,6cc2a455d21e5a34d6942fd2aa94e8d4373d665881f82b3ce38c43db62ef421f,2,TEM-001579,TEMPLATE,public/models/dungeon/floor_foundation_front_and_back.glb,34628
DUP-00345,6cc2a455d21e5a34d6942fd2aa94e8d4373d665881f82b3ce38c43db62ef421f,2,NOV-004737,NOVO,01_Assets_Organizados/Dungeon/floor_foundation_front_and_back.glb,34628
DUP-00346,b1cf829d45f89dd0d7576a71de7ce7cc4f5a2a550ca309abbce20f1134bd135f,2,TEM-001580,TEMPLATE,public/models/dungeon/bucket.glb,34724
DUP-00346,b1cf829d45f89dd0d7576a71de7ce7cc4f5a2a550ca309abbce20f1134bd135f,2,NOV-004738,NOVO,01_Assets_Organizados/Dungeon/bucket.glb,34724
DUP-00347,caa3c3e2a56d4b8ae5fef7ff3e0bae041288ea9abdf85d64dc90e15033bd8b6d,2,TEM-001581,TEMPLATE,public/models/dungeon/pumpkin_yellow_jackolantern.glb,34808
DUP-00347,caa3c3e2a56d4b8ae5fef7ff3e0bae041288ea9abdf85d64dc90e15033bd8b6d,2,NOV-004739,NOVO,01_Assets_Organizados/Dungeon/pumpkin_yellow_jackolantern.glb,34808
DUP-00348,efff0ce7fc639e022f8ba8781e103ad1ddb22eb4fb55729be9330376b615a5c4,2,TEM-001582,TEMPLATE,public/models/dungeon/bar_straight_a_short.glb,33524
DUP-00348,efff0ce7fc639e022f8ba8781e103ad1ddb22eb4fb55729be9330376b615a5c4,2,NOV-004740,NOVO,01_Assets_Organizados/Dungeon/bar_straight_a_short.glb,33524
DUP-00349,7ccfffbe2802b6aa40b290df689f16912439359aaf98b5dbad06fc19772d563d,4,TEM-001583,TEMPLATE,public/models/dungeon/banner_patterna_red.glb,32664
DUP-00349,7ccfffbe2802b6aa40b290df689f16912439359aaf98b5dbad06fc19772d563d,4,TEM-002375,TEMPLATE,public/models/biome/kcas_banner_red_a.glb,32664
DUP-00349,7ccfffbe2802b6aa40b290df689f16912439359aaf98b5dbad06fc19772d563d,4,NOV-004741,NOVO,01_Assets_Organizados/Dungeon/banner_patterna_red.glb,32664
DUP-00349,7ccfffbe2802b6aa40b290df689f16912439359aaf98b5dbad06fc19772d563d,4,NOV-005253,NOVO,01_Assets_Organizados/Nature/kcas_banner_red_a.glb,32664
DUP-00350,16a4a55b71bcd72ed44fa4bd23eddaa5fa064f328f8e954a9c9e9700941fd20f,2,TEM-001584,TEMPLATE,public/models/dungeon/banner_thin_red.glb,32020
DUP-00350,16a4a55b71bcd72ed44fa4bd23eddaa5fa064f328f8e954a9c9e9700941fd20f,2,NOV-004742,NOVO,01_Assets_Organizados/Dungeon/banner_thin_red.glb,32020
DUP-00351,072b0629464717cdb81d876bc10c17c69bfa749abd77c0cec63c053ca8b7836a,2,TEM-001585,TEMPLATE,public/models/dungeon/delve_entrance_2.glb,496380
DUP-00351,072b0629464717cdb81d876bc10c17c69bfa749abd77c0cec63c053ca8b7836a,2,NOV-004744,NOVO,01_Assets_Organizados/Dungeon/delve_entrance_2.glb,496380
DUP-00352,def1aa8e159cf796f9e1c476f6d9603d3c9921bcd79957256accd7346a5e6271,2,TEM-001586,TEMPLATE,public/models/dungeon/floor_foundation_corner.glb,34652
DUP-00352,def1aa8e159cf796f9e1c476f6d9603d3c9921bcd79957256accd7346a5e6271,2,NOV-004745,NOVO,01_Assets_Organizados/Dungeon/floor_foundation_corner.glb,34652
DUP-00353,a883dc0d6037f045b8b52c5446aebf016776b5cbb86678af58f0734576afbd59,2,TEM-001587,TEMPLATE,public/models/dungeon/keyring_hanging.glb,39008
DUP-00353,a883dc0d6037f045b8b52c5446aebf016776b5cbb86678af58f0734576afbd59,2,NOV-004746,NOVO,01_Assets_Organizados/Dungeon/keyring_hanging.glb,39008
DUP-00354,747b148414b35fa07306531a712c420c13af8284635e3182d423afa0732da122,2,TEM-001588,TEMPLATE,public/models/dungeon/wagon_hay.glb,94156
DUP-00354,747b148414b35fa07306531a712c420c13af8284635e3182d423afa0732da122,2,NOV-004747,NOVO,01_Assets_Organizados/Dungeon/wagon_hay.glb,94156
DUP-00355,49c32a0910dc1c3e11083079e3337fd152de395a59da0ccb0f7881e398599ef2,2,TEM-001589,TEMPLATE,public/models/dungeon/torch_mounted.glb,32384
DUP-00355,49c32a0910dc1c3e11083079e3337fd152de395a59da0ccb0f7881e398599ef2,2,NOV-004748,NOVO,01_Assets_Organizados/Dungeon/torch_mounted.glb,32384
DUP-00356,5bb02d22085e123bf92cfbc238b5e7f5c67423688f54682733f3d871c4c8cae8,2,TEM-001591,TEMPLATE,public/models/dungeon/banner_patternb_white.glb,32452
DUP-00356,5bb02d22085e123bf92cfbc238b5e7f5c67423688f54682733f3d871c4c8cae8,2,NOV-004749,NOVO,01_Assets_Organizados/Dungeon/banner_patternb_white.glb,32452
DUP-00357,3a9ee403b9825dadf2a368d15a414b0819fe0cd2051495a048d02c932103be3b,2,TEM-001592,TEMPLATE,public/models/dungeon/bone_c.glb,32808
DUP-00357,3a9ee403b9825dadf2a368d15a414b0819fe0cd2051495a048d02c932103be3b,2,NOV-004750,NOVO,01_Assets_Organizados/Dungeon/bone_c.glb,32808
DUP-00358,3449b0fe7ddc83fd183c71529aa4f54ff7690bf776d180da09ca8115601e9c13,2,TEM-001593,TEMPLATE,public/models/dungeon/banner_thin_yellow.glb,32024
DUP-00358,3449b0fe7ddc83fd183c71529aa4f54ff7690bf776d180da09ca8115601e9c13,2,NOV-004751,NOVO,01_Assets_Organizados/Dungeon/banner_thin_yellow.glb,32024
DUP-00359,ebcf7f7bf6b40ec6561b3bb46234f928fc1e6343ccd805f897ce696ab9da7a0c,2,TEM-001594,TEMPLATE,public/models/dungeon/fence_pillar_broken.glb,32388
DUP-00359,ebcf7f7bf6b40ec6561b3bb46234f928fc1e6343ccd805f897ce696ab9da7a0c,2,NOV-004752,NOVO,01_Assets_Organizados/Dungeon/fence_pillar_broken.glb,32388
DUP-00360,4f5ae031f225a633e5e3dded3614ad6e7e1bd5a25e7ae905f098714a136f4c1a,2,TEM-001595,TEMPLATE,public/models/dungeon/candy_blue_a.glb,32652
DUP-00360,4f5ae031f225a633e5e3dded3614ad6e7e1bd5a25e7ae905f098714a136f4c1a,2,NOV-004753,NOVO,01_Assets_Organizados/Dungeon/candy_blue_a.glb,32652
DUP-00361,ee5e4056e3faee6aeff40e6639f0d89addbadb411ff9ea0b1aea480fd824ad96,2,TEM-001596,TEMPLATE,public/models/dungeon/tractor.glb,109172
DUP-00361,ee5e4056e3faee6aeff40e6639f0d89addbadb411ff9ea0b1aea480fd824ad96,2,NOV-004754,NOVO,01_Assets_Organizados/Dungeon/tractor.glb,109172
DUP-00362,c9683e58c6d54e4c2750d1f2773e481d59caaf45468f30f4f4a7f51b5769bb9d,2,TEM-001597,TEMPLATE,public/models/dungeon/plate_food_a.glb,37164
DUP-00362,c9683e58c6d54e4c2750d1f2773e481d59caaf45468f30f4f4a7f51b5769bb9d,2,NOV-004755,NOVO,01_Assets_Organizados/Dungeon/plate_food_a.glb,37164
DUP-00363,773f5fec36eb85d758980dba3ae555fa676b77d855d59222607a23d749fc0044,2,TEM-001598,TEMPLATE,public/models/dungeon/scaffold_pillar_wall_torch.glb,35496
DUP-00363,773f5fec36eb85d758980dba3ae555fa676b77d855d59222607a23d749fc0044,2,NOV-004756,NOVO,01_Assets_Organizados/Dungeon/scaffold_pillar_wall_torch.glb,35496
DUP-00364,cb73f044b3c10184d5b9055f46a08088d3dd177a133a0d6e57e192804bd0ca80,2,TEM-001599,TEMPLATE,public/models/dungeon/bed_frame.glb,34004
DUP-00364,cb73f044b3c10184d5b9055f46a08088d3dd177a133a0d6e57e192804bd0ca80,2,NOV-004757,NOVO,01_Assets_Organizados/Dungeon/bed_frame.glb,34004
DUP-00365,637ceaa938f62069076b8ded1216fb009298bba1031e7b6ffbafcabf00c57988,2,TEM-001600,TEMPLATE,public/models/dungeon/coin.glb,31928
DUP-00365,637ceaa938f62069076b8ded1216fb009298bba1031e7b6ffbafcabf00c57988,2,NOV-004758,NOVO,01_Assets_Organizados/Dungeon/coin.glb,31928
DUP-00366,1c00be764af401be9bb5a90cc382e483f9454abfd7a4ed5c068f81b0696da936,2,TEM-001601,TEMPLATE,public/models/dungeon/stairs_wood.glb,34532
DUP-00366,1c00be764af401be9bb5a90cc382e483f9454abfd7a4ed5c068f81b0696da936,2,NOV-004759,NOVO,01_Assets_Organizados/Dungeon/stairs_wood.glb,34532
DUP-00367,141bb94651eb9154b04cc7e4fc1eec27f130ca54f1d46b99d82ac03f786f673a,4,TEM-001602,TEMPLATE,public/models/dungeon/barrier.glb,31888
DUP-00367,141bb94651eb9154b04cc7e4fc1eec27f130ca54f1d46b99d82ac03f786f673a,4,TEM-002424,TEMPLATE,public/models/biome/kcas_barrier.glb,31888
DUP-00367,141bb94651eb9154b04cc7e4fc1eec27f130ca54f1d46b99d82ac03f786f673a,4,NOV-004760,NOVO,01_Assets_Organizados/Dungeon/barrier.glb,31888
DUP-00367,141bb94651eb9154b04cc7e4fc1eec27f130ca54f1d46b99d82ac03f786f673a,4,NOV-005302,NOVO,01_Assets_Organizados/Nature/kcas_barrier.glb,31888
DUP-00368,84a3fe170c90283572aa0247aa56188a873d146cb41df8aad899a53cd1a176da,2,TEM-001603,TEMPLATE,public/models/dungeon/stairs_long_modular_left.glb,35392
DUP-00368,84a3fe170c90283572aa0247aa56188a873d146cb41df8aad899a53cd1a176da,2,NOV-004761,NOVO,01_Assets_Organizados/Dungeon/stairs_long_modular_left.glb,35392
DUP-00369,b0dafd80999d724121683a223cb63fd86516bc7bd3bf0895c6887a4dd0bcf8bc,2,TEM-001604,TEMPLATE,public/models/dungeon/banner_patterna_yellow.glb,32668
DUP-00369,b0dafd80999d724121683a223cb63fd86516bc7bd3bf0895c6887a4dd0bcf8bc,2,NOV-004762,NOVO,01_Assets_Organizados/Dungeon/banner_patterna_yellow.glb,32668
DUP-00370,818524fdd3adaae0d561b7ec9e36a77d8299c0fcc34bb7e113be1e3f9d437c3a,2,TEM-001605,TEMPLATE,public/models/dungeon/keg.glb,40192
DUP-00370,818524fdd3adaae0d561b7ec9e36a77d8299c0fcc34bb7e113be1e3f9d437c3a,2,NOV-004763,NOVO,01_Assets_Organizados/Dungeon/keg.glb,40192
DUP-00371,2b0712fbfa9209bff8c34bf7b7bdb3c90da7690496f3d87de66a3cf700540f58,2,TEM-001606,TEMPLATE,public/models/dungeon/shrine.glb,30000
DUP-00371,2b0712fbfa9209bff8c34bf7b7bdb3c90da7690496f3d87de66a3cf700540f58,2,NOV-004764,NOVO,01_Assets_Organizados/Dungeon/shrine.glb,30000
DUP-00372,20384727589a3ec8e47363c4e1fca3f3f6a17e9eeab363fa4794f819ff862163,2,TEM-001607,TEMPLATE,public/models/dungeon/shelf_small_candles.glb,34072
DUP-00372,20384727589a3ec8e47363c4e1fca3f3f6a17e9eeab363fa4794f819ff862163,2,NOV-004765,NOVO,01_Assets_Organizados/Dungeon/shelf_small_candles.glb,34072
DUP-00373,4f924f226a019b8c09bf1d7400fa9d8dd53590a2549a3054f1cdc6d7e1836e2d,2,TEM-001608,TEMPLATE,public/models/dungeon/sword_shield_broken.glb,34664
DUP-00373,4f924f226a019b8c09bf1d7400fa9d8dd53590a2549a3054f1cdc6d7e1836e2d,2,NOV-004766,NOVO,01_Assets_Organizados/Dungeon/sword_shield_broken.glb,34664
DUP-00374,6ceecd5a7ebab2683816ef537077463e7ac5cf6d823fa8399d984d67d615a452,2,TEM-001609,TEMPLATE,public/models/dungeon/post.glb,31596
DUP-00374,6ceecd5a7ebab2683816ef537077463e7ac5cf6d823fa8399d984d67d615a452,2,NOV-004767,NOVO,01_Assets_Organizados/Dungeon/post.glb,31596
DUP-00375,7df4d10291deba440edc6263d0f833d8d44f05fe9f8435c6057bbfe3d06eb9e4,2,TEM-001610,TEMPLATE,public/models/dungeon/floor_dirt_large_rocky.glb,31436
DUP-00375,7df4d10291deba440edc6263d0f833d8d44f05fe9f8435c6057bbfe3d06eb9e4,2,NOV-004768,NOVO,01_Assets_Organizados/Dungeon/floor_dirt_large_rocky.glb,31436
DUP-00376,8370d886c4e9400ed76ac8673dfc272bd43568ca6bee11eb575a279ab18efe10,2,TEM-001611,TEMPLATE,public/models/dungeon/banner_shield_yellow.glb,41560
DUP-00376,8370d886c4e9400ed76ac8673dfc272bd43568ca6bee11eb575a279ab18efe10,2,NOV-004769,NOVO,01_Assets_Organizados/Dungeon/banner_shield_yellow.glb,41560
DUP-00377,64632e41a80f70366ad8eaf928c49b263a976d426f66ebdbb324679849ed008e,2,TEM-001613,TEMPLATE,public/models/dungeon/wall_archedwindow_gated.glb,41092
DUP-00377,64632e41a80f70366ad8eaf928c49b263a976d426f66ebdbb324679849ed008e,2,NOV-004772,NOVO,01_Assets_Organizados/Dungeon/wall_archedwindow_gated.glb,41092
DUP-00378,6947860a32c525ff27bd586f867026e2672dd97556512244884fde54fc8e6a87,2,TEM-001614,TEMPLATE,public/models/dungeon/trunk_small_a.glb,34108
DUP-00378,6947860a32c525ff27bd586f867026e2672dd97556512244884fde54fc8e6a87,2,NOV-004773,NOVO,01_Assets_Organizados/Dungeon/trunk_small_a.glb,34108
DUP-00379,3360d32800cc67b40ce739b65102fe3cbd782b7f6a351b3277d22ee4f7cd7422,2,TEM-001615,TEMPLATE,public/models/dungeon/floor_tile_small_broken_B.glb,28284
DUP-00379,3360d32800cc67b40ce739b65102fe3cbd782b7f6a351b3277d22ee4f7cd7422,2,NOV-004774,NOVO,01_Assets_Organizados/Dungeon/floor_tile_small_broken_B.glb,28284
DUP-00380,6cb6fc43827c506e5143f7a2db2f8d0c42fa378bd3816a77a58057d0d0f6784d,2,TEM-001616,TEMPLATE,public/models/dungeon/scaffold_frame_large.glb,32764
DUP-00380,6cb6fc43827c506e5143f7a2db2f8d0c42fa378bd3816a77a58057d0d0f6784d,2,NOV-004775,NOVO,01_Assets_Organizados/Dungeon/scaffold_frame_large.glb,32764
DUP-00381,ab22f55d6bba0a0cf3228a4554c612285df6841ebc7a74adf9427dfea653dcab,4,TEM-001617,TEMPLATE,public/models/dungeon/banner_shield_red.glb,41556
DUP-00381,ab22f55d6bba0a0cf3228a4554c612285df6841ebc7a74adf9427dfea653dcab,4,TEM-002359,TEMPLATE,public/models/biome/kcas_banner_red_shield.glb,41556
DUP-00381,ab22f55d6bba0a0cf3228a4554c612285df6841ebc7a74adf9427dfea653dcab,4,NOV-004776,NOVO,01_Assets_Organizados/Dungeon/banner_shield_red.glb,41556
DUP-00381,ab22f55d6bba0a0cf3228a4554c612285df6841ebc7a74adf9427dfea653dcab,4,NOV-005234,NOVO,01_Assets_Organizados/Nature/kcas_banner_red_shield.glb,41556
DUP-00382,ab8fa7ef8e27edf4cc89d0749703bc9e919963ec7ecbc1516f3009979010ea09,2,TEM-001618,TEMPLATE,public/models/dungeon/crate_small.glb,33468
DUP-00382,ab8fa7ef8e27edf4cc89d0749703bc9e919963ec7ecbc1516f3009979010ea09,2,NOV-004777,NOVO,01_Assets_Organizados/Dungeon/crate_small.glb,33468
DUP-00383,d5873cff796898f04883676cee08cfdf66e33fc929becb97b3cb0d7e77643d0e,2,TEM-001619,TEMPLATE,public/models/dungeon/arch.glb,36168
DUP-00383,d5873cff796898f04883676cee08cfdf66e33fc929becb97b3cb0d7e77643d0e,2,NOV-004778,NOVO,01_Assets_Organizados/Dungeon/arch.glb,36168
DUP-00384,9166a629fc1a023a8622a13dd8a559895b806fd4a060c4850cac6571bd91f5c8,2,TEM-001620,TEMPLATE,public/models/dungeon/floor_tile_big_grate_open.glb,35544
DUP-00384,9166a629fc1a023a8622a13dd8a559895b806fd4a060c4850cac6571bd91f5c8,2,NOV-004779,NOVO,01_Assets_Organizados/Dungeon/floor_tile_big_grate_open.glb,35544
DUP-00385,6eb299f8542f082fa71b6ef92d38e5f7d1c7452906017b1c9b039346d0bb205f,2,TEM-001621,TEMPLATE,public/models/dungeon/bed_decorated.glb,50740
DUP-00385,6eb299f8542f082fa71b6ef92d38e5f7d1c7452906017b1c9b039346d0bb205f,2,NOV-004780,NOVO,01_Assets_Organizados/Dungeon/bed_decorated.glb,50740
DUP-00386,df84b2d13a7047674cab210beacd3270f0e4ce59c7b022866a64e5dff64d2758,2,TEM-001622,TEMPLATE,public/models/dungeon/wall_window_open_scaffold.glb,42908
DUP-00386,df84b2d13a7047674cab210beacd3270f0e4ce59c7b022866a64e5dff64d2758,2,NOV-004781,NOVO,01_Assets_Organizados/Dungeon/wall_window_open_scaffold.glb,42908
DUP-00387,fbf09d22d3a36028666062e5c6414f197a951c66cc51323f95f7985d874ac5c1,2,TEM-001623,TEMPLATE,public/models/dungeon/wooden_gate_halloween.glb,49128
DUP-00387,fbf09d22d3a36028666062e5c6414f197a951c66cc51323f95f7985d874ac5c1,2,NOV-004782,NOVO,01_Assets_Organizados/Dungeon/wooden_gate_halloween.glb,49128
DUP-00388,21a45672fd2a7102bed7061b51d8754438b07604af03e042e975e402fa8b745e,2,TEM-001624,TEMPLATE,public/models/dungeon/banner_patternC_green.glb,29212
DUP-00388,21a45672fd2a7102bed7061b51d8754438b07604af03e042e975e402fa8b745e,2,NOV-004783,NOVO,01_Assets_Organizados/Dungeon/banner_patternC_green.glb,29212
DUP-00389,e24be17d1e1dc9fef427b59699ac4646115f547215c4f9ce4ee9a43d910021a2,2,TEM-001625,TEMPLATE,public/models/dungeon/floor_tile_extralarge_grates_open.glb,42448
DUP-00389,e24be17d1e1dc9fef427b59699ac4646115f547215c4f9ce4ee9a43d910021a2,2,NOV-004784,NOVO,01_Assets_Organizados/Dungeon/floor_tile_extralarge_grates_open.glb,42448
DUP-00390,2b54f812c416d4d60f464af4476933453b5e2f96a30c8341c10d75020ad4195b,2,TEM-001626,TEMPLATE,public/models/dungeon/pumpkin_orange_jackolantern.glb,34812
DUP-00390,2b54f812c416d4d60f464af4476933453b5e2f96a30c8341c10d75020ad4195b,2,NOV-004785,NOVO,01_Assets_Organizados/Dungeon/pumpkin_orange_jackolantern.glb,34812
DUP-00391,a25b95385259aac6bf1577ccb81e5bb40409b08df1a06d5d4e1a1e532bbe6fec,2,TEM-001627,TEMPLATE,public/models/dungeon/shelves_decorated.glb,49976
DUP-00391,a25b95385259aac6bf1577ccb81e5bb40409b08df1a06d5d4e1a1e532bbe6fec,2,NOV-004786,NOVO,01_Assets_Organizados/Dungeon/shelves_decorated.glb,49976
DUP-00392,dcc563bf1f481bf275bbc163ed9f7e4940e36d7af42642ee6bd3aff6e744da62,2,TEM-001628,TEMPLATE,public/models/dungeon/table_small_decorated_a.glb,44116
DUP-00392,dcc563bf1f481bf275bbc163ed9f7e4940e36d7af42642ee6bd3aff6e744da62,2,NOV-004787,NOVO,01_Assets_Organizados/Dungeon/table_small_decorated_a.glb,44116
DUP-00393,b8e1084cc1026c425eaff9f80d1c43e6d3844d3941ffd1c43816cb3e1464ade9,2,TEM-001629,TEMPLATE,public/models/dungeon/floor_dirt_small_corner.glb,31544
DUP-00393,b8e1084cc1026c425eaff9f80d1c43e6d3844d3941ffd1c43816cb3e1464ade9,2,NOV-004788,NOVO,01_Assets_Organizados/Dungeon/floor_dirt_small_corner.glb,31544
DUP-00394,91d2eef38e71016c095e54da8a689b91b69a6ca5cfa15c1727dd38246472c7c0,2,TEM-001630,TEMPLATE,public/models/dungeon/table_small_decorated_c.glb,35860
DUP-00394,91d2eef38e71016c095e54da8a689b91b69a6ca5cfa15c1727dd38246472c7c0,2,NOV-004789,NOVO,01_Assets_Organizados/Dungeon/table_small_decorated_c.glb,35860
DUP-00395,885b9ff1e76d6cd9c469146cf1d9466b7f248e5801b301bdda589e6ff7fcce1d,2,TEM-001631,TEMPLATE,public/models/dungeon/key_gold.glb,32380
DUP-00395,885b9ff1e76d6cd9c469146cf1d9466b7f248e5801b301bdda589e6ff7fcce1d,2,NOV-004790,NOVO,01_Assets_Organizados/Dungeon/key_gold.glb,32380
DUP-00396,78e9f4351eb6b12fef7082d9e923c60a8641f1b1dfe3231d3aebdbc4c18d150c,2,TEM-001632,TEMPLATE,public/models/dungeon/trunk_medium_a.glb,33056
DUP-00396,78e9f4351eb6b12fef7082d9e923c60a8641f1b1dfe3231d3aebdbc4c18d150c,2,NOV-004791,NOVO,01_Assets_Organizados/Dungeon/trunk_medium_a.glb,33056
DUP-00397,4374caa447d10d406225d1d0241f54798b86450678d0796ef0e0816786940e56,2,TEM-001633,TEMPLATE,public/models/dungeon/bed_a_double.glb,39252
DUP-00397,4374caa447d10d406225d1d0241f54798b86450678d0796ef0e0816786940e56,2,NOV-004792,NOVO,01_Assets_Organizados/Dungeon/bed_a_double.glb,39252
DUP-00398,a982ac06c9ff2d27dc785143ac70674877aba1ea3362d03ad9c16d79ed5fe64a,2,TEM-001634,TEMPLATE,public/models/dungeon/pickaxe.glb,32256
DUP-00398,a982ac06c9ff2d27dc785143ac70674877aba1ea3362d03ad9c16d79ed5fe64a,2,NOV-004793,NOVO,01_Assets_Organizados/Dungeon/pickaxe.glb,32256
DUP-00399,b44e375e8d7c14b84d72162e65c8f7d7e62cc24cc2ce024f00a2a7ff3f2c7baa,2,TEM-001635,TEMPLATE,public/models/dungeon/scaffold_beam_wall.glb,30672
DUP-00399,b44e375e8d7c14b84d72162e65c8f7d7e62cc24cc2ce024f00a2a7ff3f2c7baa,2,NOV-004794,NOVO,01_Assets_Organizados/Dungeon/scaffold_beam_wall.glb,30672
DUP-00400,0616338f19cc653daaefa40210d350937e249ce5aa9634d89a3eae775e4bd2b2,2,TEM-001636,TEMPLATE,public/models/dungeon/keyring.glb,38896
DUP-00400,0616338f19cc653daaefa40210d350937e249ce5aa9634d89a3eae775e4bd2b2,2,NOV-004795,NOVO,01_Assets_Organizados/Dungeon/keyring.glb,38896
DUP-00401,5a2e2e3738dc9c73bf6df145fd10ead771c7c91e35dadd78136791d2cfd41a89,2,TEM-001637,TEMPLATE,public/models/dungeon/floor_dirt_small_c.glb,31128
DUP-00401,5a2e2e3738dc9c73bf6df145fd10ead771c7c91e35dadd78136791d2cfd41a89,2,NOV-004796,NOVO,01_Assets_Organizados/Dungeon/floor_dirt_small_c.glb,31128
DUP-00402,c4e2a1749a98ed7d8ce0a70a8a32debd352836103bf6a5f4d6bb4d7274c15088,2,TEM-001638,TEMPLATE,public/models/dungeon/plaque_candles.glb,34584
DUP-00402,c4e2a1749a98ed7d8ce0a70a8a32debd352836103bf6a5f4d6bb4d7274c15088,2,NOV-004797,NOVO,01_Assets_Organizados/Dungeon/plaque_candles.glb,34584
DUP-00403,83fee9cf81b423e54d0907e01e83ef6eb866386ab751b91ec5d6769e34ad3b72,2,TEM-001639,TEMPLATE,public/models/dungeon/bookcase_double.glb,33912
DUP-00403,83fee9cf81b423e54d0907e01e83ef6eb866386ab751b91ec5d6769e34ad3b72,2,NOV-004798,NOVO,01_Assets_Organizados/Dungeon/bookcase_double.glb,33912
DUP-00404,b2c986c53bd97f057230424b4381479ab7e8186497ffdbe6b40fddfb27aa6fe6,2,TEM-001640,TEMPLATE,public/models/dungeon/barrel_small_stack.glb,51676
DUP-00404,b2c986c53bd97f057230424b4381479ab7e8186497ffdbe6b40fddfb27aa6fe6,2,NOV-004800,NOVO,01_Assets_Organizados/Dungeon/barrel_small_stack.glb,51676
DUP-00405,42c83fd3ace8ffc0fe8efbce0089aabb51a06b3feadd2e1477dfc9056d3b0d73,2,TEM-001641,TEMPLATE,public/models/dungeon/ceiling_tile.glb,31156
DUP-00405,42c83fd3ace8ffc0fe8efbce0089aabb51a06b3feadd2e1477dfc9056d3b0d73,2,NOV-004801,NOVO,01_Assets_Organizados/Dungeon/ceiling_tile.glb,31156
DUP-00406,87045a07bf112802970e7a24b6713ff0a805036f7bee1d4685ce63a94d92af55,2,TEM-001642,TEMPLATE,public/models/dungeon/wall_corner_small.glb,35100
DUP-00406,87045a07bf112802970e7a24b6713ff0a805036f7bee1d4685ce63a94d92af55,2,NOV-004802,NOVO,01_Assets_Organizados/Dungeon/wall_corner_small.glb,35100
DUP-00407,4f8fb8967af13cbc2a5c870392a9e526b431aa99a9751b80ddede7dcec9428b9,2,TEM-001643,TEMPLATE,public/models/dungeon/bottle_b_brown.glb,33028
DUP-00407,4f8fb8967af13cbc2a5c870392a9e526b431aa99a9751b80ddede7dcec9428b9,2,NOV-004803,NOVO,01_Assets_Organizados/Dungeon/bottle_b_brown.glb,33028
DUP-00408,6e24a959e118fc2c758fa2606581ab59a4c9221ff1eaf2d0ed4191ed9b3464be,2,TEM-001644,TEMPLATE,public/models/dungeon/wall_open_scaffold.glb,33580
DUP-00408,6e24a959e118fc2c758fa2606581ab59a4c9221ff1eaf2d0ed4191ed9b3464be,2,NOV-004804,NOVO,01_Assets_Organizados/Dungeon/wall_open_scaffold.glb,33580
DUP-00409,20614f3d531a409c4085a6be4fb4172c4afe1c16256ca22180e96e4890c4621f,2,TEM-001645,TEMPLATE,public/models/dungeon/lollipop_orange.glb,34116
DUP-00409,20614f3d531a409c4085a6be4fb4172c4afe1c16256ca22180e96e4890c4621f,2,NOV-004805,NOVO,01_Assets_Organizados/Dungeon/lollipop_orange.glb,34116
DUP-00410,c391f77da8be0655a912820f695e2a9d4b41d83ed050ce3bea1f2104d1bc9f47,2,TEM-001646,TEMPLATE,public/models/dungeon/barrel_large.glb,35188
DUP-00410,c391f77da8be0655a912820f695e2a9d4b41d83ed050ce3bea1f2104d1bc9f47,2,NOV-004806,NOVO,01_Assets_Organizados/Dungeon/barrel_large.glb,35188
DUP-00411,4bc60daab4d6de915468988b859d3c47e7120a5713ef5097d50f3df8cccd724a,2,TEM-001647,TEMPLATE,public/models/dungeon/bottle_b_green.glb,33192
DUP-00411,4bc60daab4d6de915468988b859d3c47e7120a5713ef5097d50f3df8cccd724a,2,NOV-004807,NOVO,01_Assets_Organizados/Dungeon/bottle_b_green.glb,33192
DUP-00412,24b892acc3559ddb2615c706b77133ebcbabb378ad0222488b3508a8d9369fe3,2,TEM-001648,TEMPLATE,public/models/dungeon/wall_window_closed.glb,42540
DUP-00412,24b892acc3559ddb2615c706b77133ebcbabb378ad0222488b3508a8d9369fe3,2,NOV-004808,NOVO,01_Assets_Organizados/Dungeon/wall_window_closed.glb,42540
DUP-00413,98c5d8009370c374aaeabdf334bd6d067f9d6a4eb242afa4df491c5f10fc625d,2,TEM-001649,TEMPLATE,public/models/dungeon/floor_dirt_small_b.glb,31096
DUP-00413,98c5d8009370c374aaeabdf334bd6d067f9d6a4eb242afa4df491c5f10fc625d,2,NOV-004809,NOVO,01_Assets_Organizados/Dungeon/floor_dirt_small_b.glb,31096
DUP-00414,b256c308c0b48f2647df7f6773fe38785ba7818b9ad2acdf02766243131f3447,2,TEM-001650,TEMPLATE,public/models/dungeon/wall_inset_shelves_decoratedb.glb,59912
DUP-00414,b256c308c0b48f2647df7f6773fe38785ba7818b9ad2acdf02766243131f3447,2,NOV-004810,NOVO,01_Assets_Organizados/Dungeon/wall_inset_shelves_decoratedb.glb,59912
DUP-00415,194ebeb02667f07e5e99d84421c43eedeb81d5246f296b5ee60537c509a77e81,2,TEM-001651,TEMPLATE,public/models/dungeon/scaffold_pillar_wall_cross.glb,31732
DUP-00415,194ebeb02667f07e5e99d84421c43eedeb81d5246f296b5ee60537c509a77e81,2,NOV-004811,NOVO,01_Assets_Organizados/Dungeon/scaffold_pillar_wall_cross.glb,31732
DUP-00416,600f70e4735824d4facdefaced1a5981d9503ef8888a49e47a8368dfbe61fe38,2,TEM-001652,TEMPLATE,public/models/dungeon/lollipop_purple.glb,34124
DUP-00416,600f70e4735824d4facdefaced1a5981d9503ef8888a49e47a8368dfbe61fe38,2,NOV-004812,NOVO,01_Assets_Organizados/Dungeon/lollipop_purple.glb,34124
DUP-00417,da734c646514b4fb21a885536417cd2948bce93ad8af8f4980af653dfbf62be7,2,TEM-001653,TEMPLATE,public/models/dungeon/bottle_c_brown.glb,33024
DUP-00417,da734c646514b4fb21a885536417cd2948bce93ad8af8f4980af653dfbf62be7,2,NOV-004813,NOVO,01_Assets_Organizados/Dungeon/bottle_c_brown.glb,33024
DUP-00418,65a794851f156e68dd403b3a4bd7f31c8bf50c3827f38c628648b7f3dd28a790,2,TEM-001654,TEMPLATE,public/models/dungeon/wall_shelves.glb,58844
DUP-00418,65a794851f156e68dd403b3a4bd7f31c8bf50c3827f38c628648b7f3dd28a790,2,NOV-004814,NOVO,01_Assets_Organizados/Dungeon/wall_shelves.glb,58844
DUP-00419,da979bdd268a3bec1a54775a60483fbc545cc4fab50926fdc9c62e2737c7114a,2,TEM-001655,TEMPLATE,public/models/dungeon/coffin_decorated.glb,51432
DUP-00419,da979bdd268a3bec1a54775a60483fbc545cc4fab50926fdc9c62e2737c7114a,2,NOV-004815,NOVO,01_Assets_Organizados/Dungeon/coffin_decorated.glb,51432
DUP-00420,3883d220e77bfc7d40e5821b1e2cdadc27b206b5a7430d58ee1303643c8f1ace,2,TEM-001656,TEMPLATE,public/models/dungeon/chest.glb,41900
DUP-00420,3883d220e77bfc7d40e5821b1e2cdadc27b206b5a7430d58ee1303643c8f1ace,2,NOV-004816,NOVO,01_Assets_Organizados/Dungeon/chest.glb,41900
DUP-00421,bda9e82d3778e60639739e58f491c14b1116cfee072a4818de7f37a285577e92,2,TEM-001657,TEMPLATE,public/models/dungeon/coin_stack_small.glb,37380
DUP-00421,bda9e82d3778e60639739e58f491c14b1116cfee072a4818de7f37a285577e92,2,NOV-004817,NOVO,01_Assets_Organizados/Dungeon/coin_stack_small.glb,37380
DUP-00422,f2a2fc4ef5b763f12e51a5100ed8a525baa753bbbe155b373c3b0b1c5f1e1eda,2,TEM-001658,TEMPLATE,public/models/dungeon/chest_gold.glb,55240
DUP-00422,f2a2fc4ef5b763f12e51a5100ed8a525baa753bbbe155b373c3b0b1c5f1e1eda,2,NOV-004818,NOVO,01_Assets_Organizados/Dungeon/chest_gold.glb,55240
DUP-00423,ea356f4fabf633b8a4ed7bee9f9abc6d664afc425a8e62aa6f9809f411759968,2,TEM-001659,TEMPLATE,public/models/dungeon/table_medium_broken.glb,35776
DUP-00423,ea356f4fabf633b8a4ed7bee9f9abc6d664afc425a8e62aa6f9809f411759968,2,NOV-004819,NOVO,01_Assets_Organizados/Dungeon/table_medium_broken.glb,35776
DUP-00424,98b1b2e09a588adcc11188a685491701d5c0a0fc747e974f71a73d60c921641e,2,TEM-001660,TEMPLATE,public/models/dungeon/floor_dirt_grave.glb,32760
DUP-00424,98b1b2e09a588adcc11188a685491701d5c0a0fc747e974f71a73d60c921641e,2,NOV-004820,NOVO,01_Assets_Organizados/Dungeon/floor_dirt_grave.glb,32760
DUP-00425,9b6be2c0054655932ca7c51eb1c70fc95f90bc1dd8e5494f4ba2b997d392f675,2,TEM-001661,TEMPLATE,public/models/dungeon/candy_green_b.glb,32640
DUP-00425,9b6be2c0054655932ca7c51eb1c70fc95f90bc1dd8e5494f4ba2b997d392f675,2,NOV-004822,NOVO,01_Assets_Organizados/Dungeon/candy_green_b.glb,32640
DUP-00426,acf1eb5f1fec7d908d71c1a7ed79257903498828006a94b4f2c02a254cbf1168,2,TEM-001662,TEMPLATE,public/models/dungeon/banner_patterna_brown.glb,32668
DUP-00426,acf1eb5f1fec7d908d71c1a7ed79257903498828006a94b4f2c02a254cbf1168,2,NOV-004823,NOVO,01_Assets_Organizados/Dungeon/banner_patterna_brown.glb,32668
DUP-00427,f6bf2a03818e67675f74906694cdb0ee0df88e3bf15248aff2663bbe132d3fc8,2,TEM-001663,TEMPLATE,public/models/dungeon/bed_b_single.glb,45236
DUP-00427,f6bf2a03818e67675f74906694cdb0ee0df88e3bf15248aff2663bbe132d3fc8,2,NOV-004824,NOVO,01_Assets_Organizados/Dungeon/bed_b_single.glb,45236
DUP-00428,6aa02be77185b3be426b3a202cdd95bc579d3dfe06d13cf34e7872156f0de97d,4,TEM-001664,TEMPLATE,public/models/dungeon/wall_doorway.glb,46572
DUP-00428,6aa02be77185b3be426b3a202cdd95bc579d3dfe06d13cf34e7872156f0de97d,4,TEM-002363,TEMPLATE,public/models/biome/kcas_wall_doorway.glb,46572
DUP-00428,6aa02be77185b3be426b3a202cdd95bc579d3dfe06d13cf34e7872156f0de97d,4,NOV-004826,NOVO,01_Assets_Organizados/Dungeon/wall_doorway.glb,46572
DUP-00428,6aa02be77185b3be426b3a202cdd95bc579d3dfe06d13cf34e7872156f0de97d,4,NOV-005240,NOVO,01_Assets_Organizados/Nature/kcas_wall_doorway.glb,46572
DUP-00429,d1c5e3870852422b011dafa5d0e457e5bf85e4b54289f55f2c6919d06aaedf4c,2,TEM-001665,TEMPLATE,public/models/dungeon/banner_shield_green.glb,41564
DUP-00429,d1c5e3870852422b011dafa5d0e457e5bf85e4b54289f55f2c6919d06aaedf4c,2,NOV-004827,NOVO,01_Assets_Organizados/Dungeon/banner_shield_green.glb,41564
DUP-00430,1974736a24451706aa2c17f81aff70d5d6acfb83c8f87d098a999e67292496f1,2,TEM-001666,TEMPLATE,public/models/dungeon/pumpkin_orange.glb,33284
DUP-00430,1974736a24451706aa2c17f81aff70d5d6acfb83c8f87d098a999e67292496f1,2,NOV-004828,NOVO,01_Assets_Organizados/Dungeon/pumpkin_orange.glb,33284
DUP-00431,7bdc53278c6a9cbf0e8ab90d7fa2b6d1da75f7d6c5796fb94a049dee59c1df1e,2,TEM-001667,TEMPLATE,public/models/dungeon/banner_patternb_green.glb,32452
DUP-00431,7bdc53278c6a9cbf0e8ab90d7fa2b6d1da75f7d6c5796fb94a049dee59c1df1e,2,NOV-004829,NOVO,01_Assets_Organizados/Dungeon/banner_patternb_green.glb,32452
DUP-00432,d11093509dabc937fb33fcb4ac814bf2be5b0415bcbeb3af0bf7e68067b7d9ce,2,TEM-001668,TEMPLATE,public/models/dungeon/wall_archedwindow_gated_scaffold.glb,42376
DUP-00432,d11093509dabc937fb33fcb4ac814bf2be5b0415bcbeb3af0bf7e68067b7d9ce,2,NOV-004830,NOVO,01_Assets_Organizados/Dungeon/wall_archedwindow_gated_scaffold.glb,42376
DUP-00433,f538fa2d74c5ad9db9b944556643da72f0a0a585d15182d56dbf3585f8e2cc73,2,TEM-001669,TEMPLATE,public/models/dungeon/table_round_medium.glb,37276
DUP-00433,f538fa2d74c5ad9db9b944556643da72f0a0a585d15182d56dbf3585f8e2cc73,2,NOV-004831,NOVO,01_Assets_Organizados/Dungeon/table_round_medium.glb,37276
DUP-00434,a66019137220ed765a3ddfeb898021a4ce7a10ca1a815d1980f8d4dace8c1a07,2,TEM-001670,TEMPLATE,public/models/dungeon/bar_innercorner.glb,38256
DUP-00434,a66019137220ed765a3ddfeb898021a4ce7a10ca1a815d1980f8d4dace8c1a07,2,NOV-004832,NOVO,01_Assets_Organizados/Dungeon/bar_innercorner.glb,38256
DUP-00435,f9281d09a9ea0c77fe6390ce6db7192f5965130ab1c6335a52ef7bde3a61e06e,2,TEM-001671,TEMPLATE,public/models/dungeon/banner_yellow.glb,32348
DUP-00435,f9281d09a9ea0c77fe6390ce6db7192f5965130ab1c6335a52ef7bde3a61e06e,2,NOV-004833,NOVO,01_Assets_Organizados/Dungeon/banner_yellow.glb,32348
DUP-00436,fd32040c9088cf139d1a4bbb903e50edc2b6b8a0a0e37f2c4ac037c1a282ad2e,2,TEM-001672,TEMPLATE,public/models/dungeon/floor_tile_small_decorated.glb,34260
DUP-00436,fd32040c9088cf139d1a4bbb903e50edc2b6b8a0a0e37f2c4ac037c1a282ad2e,2,NOV-004834,NOVO,01_Assets_Organizados/Dungeon/floor_tile_small_decorated.glb,34260
DUP-00437,da57d7833c14cb31ca3c832ca69895fb545d236cb757862131b522f0651558ed,2,TEM-001673,TEMPLATE,public/models/dungeon/table_long_decorated_a.glb,56120
DUP-00437,da57d7833c14cb31ca3c832ca69895fb545d236cb757862131b522f0651558ed,2,NOV-004835,NOVO,01_Assets_Organizados/Dungeon/table_long_decorated_a.glb,56120
DUP-00438,44daf630ac27957677e3f8bba2b1de42943c8862d89b09d2cb3695802b505da2,4,TEM-001674,TEMPLATE,public/models/dungeon/column.glb,31252
DUP-00438,44daf630ac27957677e3f8bba2b1de42943c8862d89b09d2cb3695802b505da2,4,TEM-002403,TEMPLATE,public/models/biome/kcas_column.glb,31252
DUP-00438,44daf630ac27957677e3f8bba2b1de42943c8862d89b09d2cb3695802b505da2,4,NOV-004836,NOVO,01_Assets_Organizados/Dungeon/column.glb,31252
DUP-00438,44daf630ac27957677e3f8bba2b1de42943c8862d89b09d2cb3695802b505da2,4,NOV-005281,NOVO,01_Assets_Organizados/Nature/kcas_column.glb,31252
DUP-00439,e76ca69ca751b4bfc2d2caac758fb3bc4f7ade0bef29d390d2c2852889dd45d8,2,TEM-001675,TEMPLATE,public/models/dungeon/fence_seperate.glb,36212
DUP-00439,e76ca69ca751b4bfc2d2caac758fb3bc4f7ade0bef29d390d2c2852889dd45d8,2,NOV-004837,NOVO,01_Assets_Organizados/Dungeon/fence_seperate.glb,36212
DUP-00440,2e184aa3d636ca067d2e28600360cf4214ee10c054cbe0206f81d548830981e7,2,TEM-001676,TEMPLATE,public/models/dungeon/banner_patternb_blue.glb,32452
DUP-00440,2e184aa3d636ca067d2e28600360cf4214ee10c054cbe0206f81d548830981e7,2,NOV-004838,NOVO,01_Assets_Organizados/Dungeon/banner_patternb_blue.glb,32452
DUP-00441,0f56df419f2fdb7f8b99a9d2f083a1f8ed28fe9626d47a99f91bba52ab74fb0c,2,TEM-001677,TEMPLATE,public/models/dungeon/banner_green.glb,29204
DUP-00441,0f56df419f2fdb7f8b99a9d2f083a1f8ed28fe9626d47a99f91bba52ab74fb0c,2,NOV-004839,NOVO,01_Assets_Organizados/Dungeon/banner_green.glb,29204
DUP-00442,a884eff5820eff41b7dc80fe2085be3e180c0a3ee1f6e857d178c1644a5af7f9,2,TEM-001678,TEMPLATE,public/models/dungeon/wall_inset_shelves_broken.glb,45140
DUP-00442,a884eff5820eff41b7dc80fe2085be3e180c0a3ee1f6e857d178c1644a5af7f9,2,NOV-004840,NOVO,01_Assets_Organizados/Dungeon/wall_inset_shelves_broken.glb,45140
DUP-00443,70cf3182f969a41bc0573c0a6871130f574efcd4374e621bf59b56fd765d4981,2,TEM-001680,TEMPLATE,public/models/dungeon/banner_patternb_brown.glb,32452
DUP-00443,70cf3182f969a41bc0573c0a6871130f574efcd4374e621bf59b56fd765d4981,2,NOV-004842,NOVO,01_Assets_Organizados/Dungeon/banner_patternb_brown.glb,32452
DUP-00444,195c23e42038f4caa5c143dccaccf5c2fada9255274e76ccac25395435fedec6,4,TEM-001681,TEMPLATE,public/models/dungeon/bookcase_double_decorateda.glb,66396
DUP-00444,195c23e42038f4caa5c143dccaccf5c2fada9255274e76ccac25395435fedec6,4,TEM-002520,TEMPLATE,public/models/biome/kcas_bookcase.glb,66396
DUP-00444,195c23e42038f4caa5c143dccaccf5c2fada9255274e76ccac25395435fedec6,4,NOV-004843,NOVO,01_Assets_Organizados/Dungeon/bookcase_double_decorateda.glb,66396
DUP-00444,195c23e42038f4caa5c143dccaccf5c2fada9255274e76ccac25395435fedec6,4,NOV-005392,NOVO,01_Assets_Organizados/Nature/kcas_bookcase.glb,66396
DUP-00445,a4fd2f3a640a4fd4dd2122bf96ee9c59dec1dc19b193c99c0a7061f2148af029,2,TEM-001682,TEMPLATE,public/models/dungeon/path_d.glb,33500
DUP-00445,a4fd2f3a640a4fd4dd2122bf96ee9c59dec1dc19b193c99c0a7061f2148af029,2,NOV-004844,NOVO,01_Assets_Organizados/Dungeon/path_d.glb,33500
DUP-00446,bdcf5ed8f75df54d799d937f6fd353d197a10b8196d876390b50d895ec12bc63,2,TEM-001683,TEMPLATE,public/models/dungeon/table_small.glb,33848
DUP-00446,bdcf5ed8f75df54d799d937f6fd353d197a10b8196d876390b50d895ec12bc63,2,NOV-004845,NOVO,01_Assets_Organizados/Dungeon/table_small.glb,33848
DUP-00447,840dec724eaaeeb3825c74edf2a87b6a366c06a0c8ee87b2d9a2fed2644b59ab,2,TEM-001684,TEMPLATE,public/models/dungeon/key.glb,32364
DUP-00447,840dec724eaaeeb3825c74edf2a87b6a366c06a0c8ee87b2d9a2fed2644b59ab,2,NOV-004846,NOVO,01_Assets_Organizados/Dungeon/key.glb,32364
DUP-00448,cd0f6879d2c3a76056ac91f588a2cd64ababbe26b3e69c6c0760447cffbbad12,2,TEM-001685,TEMPLATE,public/models/dungeon/path_c.glb,34768
DUP-00448,cd0f6879d2c3a76056ac91f588a2cd64ababbe26b3e69c6c0760447cffbbad12,2,NOV-004847,NOVO,01_Assets_Organizados/Dungeon/path_c.glb,34768
DUP-00449,2cbf79279474274f2df9e5e52ecbe6a88339e10ace1a3ec6b14caf93af800a89,2,TEM-001686,TEMPLATE,public/models/dungeon/bartop_b_medium.glb,35204
DUP-00449,2cbf79279474274f2df9e5e52ecbe6a88339e10ace1a3ec6b14caf93af800a89,2,NOV-004848,NOVO,01_Assets_Organizados/Dungeon/bartop_b_medium.glb,35204
DUP-00450,e04e7cd1a9b86d05171b7ea53ea210c34ada542be9c19a252e9bf243ae53cc09,2,TEM-001687,TEMPLATE,public/models/dungeon/gravestone.glb,31808
DUP-00450,e04e7cd1a9b86d05171b7ea53ea210c34ada542be9c19a252e9bf243ae53cc09,2,NOV-004849,NOVO,01_Assets_Organizados/Dungeon/gravestone.glb,31808
DUP-00451,d4340aec7b876aa374f2ffc5f51d7b18f069ff0bf81122ebb7c156a1d6ab6577,4,TEM-001688,TEMPLATE,public/models/dungeon/stairs_walled.glb,45940
DUP-00451,d4340aec7b876aa374f2ffc5f51d7b18f069ff0bf81122ebb7c156a1d6ab6577,4,TEM-002483,TEMPLATE,public/models/biome/kcas_stairs_walled.glb,45940
DUP-00451,d4340aec7b876aa374f2ffc5f51d7b18f069ff0bf81122ebb7c156a1d6ab6577,4,NOV-004850,NOVO,01_Assets_Organizados/Dungeon/stairs_walled.glb,45940
DUP-00451,d4340aec7b876aa374f2ffc5f51d7b18f069ff0bf81122ebb7c156a1d6ab6577,4,NOV-005362,NOVO,01_Assets_Organizados/Nature/kcas_stairs_walled.glb,45940
DUP-00452,01ade1c23d92936ed1b07806cdb4a449d5eb67152c64feb0f4c79c79eb5f665c,2,TEM-001689,TEMPLATE,public/models/dungeon/pumpkin_yellow.glb,33292
DUP-00452,01ade1c23d92936ed1b07806cdb4a449d5eb67152c64feb0f4c79c79eb5f665c,2,NOV-004851,NOVO,01_Assets_Organizados/Dungeon/pumpkin_yellow.glb,33292
DUP-00453,ebb63bcd1565cf9a6a0886c0cabe10f577708d25b64f1d168b3e6de408d4bb71,2,TEM-001690,TEMPLATE,public/models/dungeon/path_a.glb,34316
DUP-00453,ebb63bcd1565cf9a6a0886c0cabe10f577708d25b64f1d168b3e6de408d4bb71,2,NOV-004852,NOVO,01_Assets_Organizados/Dungeon/path_a.glb,34316
DUP-00454,c19bfcffba334d01bfa750ba899f3c51a0e280140fbfd5ce03d6ddf988f52345,2,TEM-001691,TEMPLATE,public/models/dungeon/plate_small.glb,31936
DUP-00454,c19bfcffba334d01bfa750ba899f3c51a0e280140fbfd5ce03d6ddf988f52345,2,NOV-004853,NOVO,01_Assets_Organizados/Dungeon/plate_small.glb,31936
DUP-00455,1989dd530400c138ec231638e4950a900ddc8e042dda821ac55ea25cb3f98280,2,TEM-001692,TEMPLATE,public/models/dungeon/candy_blue_b.glb,32648
DUP-00455,1989dd530400c138ec231638e4950a900ddc8e042dda821ac55ea25cb3f98280,2,NOV-004854,NOVO,01_Assets_Organizados/Dungeon/candy_blue_b.glb,32648
DUP-00456,884debcfc6527aa9e646187ad880f3242b69f61b0f0a4be910810f29c7d085be,2,TEM-001693,TEMPLATE,public/models/dungeon/floor_wood_small.glb,31736
DUP-00456,884debcfc6527aa9e646187ad880f3242b69f61b0f0a4be910810f29c7d085be,2,NOV-004855,NOVO,01_Assets_Organizados/Dungeon/floor_wood_small.glb,31736
DUP-00457,296fbec02475c7807b2a8efa083dee03d7e3ea6682a219e3a2593eed86ba7dc5,2,TEM-001694,TEMPLATE,public/models/dungeon/grave_a.glb,34828
DUP-00457,296fbec02475c7807b2a8efa083dee03d7e3ea6682a219e3a2593eed86ba7dc5,2,NOV-004856,NOVO,01_Assets_Organizados/Dungeon/grave_a.glb,34828
DUP-00458,1ecfa1de961324f9a99c7085cd9ce4e3e28c8184c5bfdf2bac4d95c2baf91746,2,TEM-001695,TEMPLATE,public/models/dungeon/wall_archedwindow_open.glb,41700
DUP-00458,1ecfa1de961324f9a99c7085cd9ce4e3e28c8184c5bfdf2bac4d95c2baf91746,2,NOV-004857,NOVO,01_Assets_Organizados/Dungeon/wall_archedwindow_open.glb,41700
DUP-00459,c1a9ab77c355e3d9cc28ee17d745a1de3a882892e8098a8aef229591088674d5,2,TEM-001696,TEMPLATE,public/models/dungeon/keg_decorated.glb,63516
DUP-00459,c1a9ab77c355e3d9cc28ee17d745a1de3a882892e8098a8aef229591088674d5,2,NOV-004858,NOVO,01_Assets_Organizados/Dungeon/keg_decorated.glb,63516
DUP-00460,cb60815f3022a90fb73ccbdbfd4275c0d393cc00a8111b3457aa989bee13946d,2,TEM-001697,TEMPLATE,public/models/dungeon/scaffold_beam_corner.glb,31136
DUP-00460,cb60815f3022a90fb73ccbdbfd4275c0d393cc00a8111b3457aa989bee13946d,2,NOV-004860,NOVO,01_Assets_Organizados/Dungeon/scaffold_beam_corner.glb,31136
DUP-00461,51457a443def876b3bf89bc1011d6789c17e37806b63143366bdba83d565fb52,2,TEM-001698,TEMPLATE,public/models/dungeon/banner_triple_brown.glb,35356
DUP-00461,51457a443def876b3bf89bc1011d6789c17e37806b63143366bdba83d565fb52,2,NOV-004861,NOVO,01_Assets_Organizados/Dungeon/banner_triple_brown.glb,35356
DUP-00462,d2d3c963f15bede5a986ca47ec711a966543e6aa0646b3a748499174c1a227e6,2,TEM-001699,TEMPLATE,public/models/dungeon/bucket_pickaxes.glb,38788
DUP-00462,d2d3c963f15bede5a986ca47ec711a966543e6aa0646b3a748499174c1a227e6,2,NOV-004862,NOVO,01_Assets_Organizados/Dungeon/bucket_pickaxes.glb,38788
DUP-00463,77eca7ca43234d1ebeb5a8485e9d17915108f8300544566221d7de1dd0837c82,2,TEM-001700,TEMPLATE,public/models/dungeon/banner_white.glb,29204
DUP-00463,77eca7ca43234d1ebeb5a8485e9d17915108f8300544566221d7de1dd0837c82,2,NOV-004863,NOVO,01_Assets_Organizados/Dungeon/banner_white.glb,29204
DUP-00464,0f67f16afa89aade990616e068aa903d9361477ef40946f672a8f19ee767948c,2,TEM-001701,TEMPLATE,public/models/dungeon/bookcase_single.glb,33736
DUP-00464,0f67f16afa89aade990616e068aa903d9361477ef40946f672a8f19ee767948c,2,NOV-004864,NOVO,01_Assets_Organizados/Dungeon/bookcase_single.glb,33736
DUP-00465,7e9d7d399c14963c74e84bacc91be0b855177f1b7bc6c3063b80a8fc5e07787e,2,TEM-001702,TEMPLATE,public/models/dungeon/table_round_small.glb,36628
DUP-00465,7e9d7d399c14963c74e84bacc91be0b855177f1b7bc6c3063b80a8fc5e07787e,2,NOV-004865,NOVO,01_Assets_Organizados/Dungeon/table_round_small.glb,36628
DUP-00466,eaaec6672e01df074fd62e4a7bafd8268d4f3e4be4648cbd13189ad294f36178,4,TEM-001703,TEMPLATE,public/models/dungeon/barrier_half.glb,31100
DUP-00466,eaaec6672e01df074fd62e4a7bafd8268d4f3e4be4648cbd13189ad294f36178,4,TEM-002454,TEMPLATE,public/models/biome/kcas_barrier_half.glb,31100
DUP-00466,eaaec6672e01df074fd62e4a7bafd8268d4f3e4be4648cbd13189ad294f36178,4,NOV-004866,NOVO,01_Assets_Organizados/Dungeon/barrier_half.glb,31100
DUP-00466,eaaec6672e01df074fd62e4a7bafd8268d4f3e4be4648cbd13189ad294f36178,4,NOV-005332,NOVO,01_Assets_Organizados/Nature/kcas_barrier_half.glb,31100
DUP-00467,9a0a2d342e39dbf65100e1ed9d49099a0ae1457ce386cf69952af2cb7fa2cfb4,2,TEM-001704,TEMPLATE,public/models/dungeon/bartop_b_small.glb,35200
DUP-00467,9a0a2d342e39dbf65100e1ed9d49099a0ae1457ce386cf69952af2cb7fa2cfb4,2,NOV-004867,NOVO,01_Assets_Organizados/Dungeon/bartop_b_small.glb,35200
DUP-00468,aae78d62361a7d0ac65330088dcb786c4e22b9114842250ffb2c07ad8cb365e7,2,TEM-001705,TEMPLATE,public/models/dungeon/fence_seperate_broken.glb,36712
DUP-00468,aae78d62361a7d0ac65330088dcb786c4e22b9114842250ffb2c07ad8cb365e7,2,NOV-004868,NOVO,01_Assets_Organizados/Dungeon/fence_seperate_broken.glb,36712
DUP-00469,60cd2db619d70b05c8f29a862b65c2dbbc9a89a89358d73ea846c27335275f43,2,TEM-001706,TEMPLATE,public/models/dungeon/plate_food_b.glb,34460
DUP-00469,60cd2db619d70b05c8f29a862b65c2dbbc9a89a89358d73ea846c27335275f43,2,NOV-004869,NOVO,01_Assets_Organizados/Dungeon/plate_food_b.glb,34460
DUP-00470,88b99266d2ff445e58b2afa9baea03b4c3390d4e7dc25cb9bb5ce462648d439f,2,TEM-001707,TEMPLATE,public/models/dungeon/banner_thin_green.glb,32028
DUP-00470,88b99266d2ff445e58b2afa9baea03b4c3390d4e7dc25cb9bb5ce462648d439f,2,NOV-004870,NOVO,01_Assets_Organizados/Dungeon/banner_thin_green.glb,32028
DUP-00471,c05ab730a263edd7b0b17c60ae8a1f2fcfe9409367b6573c3d33c929fa337a21,2,TEM-001708,TEMPLATE,public/models/dungeon/sign_left.glb,32384
DUP-00471,c05ab730a263edd7b0b17c60ae8a1f2fcfe9409367b6573c3d33c929fa337a21,2,NOV-004871,NOVO,01_Assets_Organizados/Dungeon/sign_left.glb,32384
DUP-00472,3b2cb6f59ef6f0b5604f5ad3859893d5acc6f6e99396ad3ba04830b9be4e2415,2,TEM-001709,TEMPLATE,public/models/dungeon/rocks_small.glb,34000
DUP-00472,3b2cb6f59ef6f0b5604f5ad3859893d5acc6f6e99396ad3ba04830b9be4e2415,2,NOV-004872,NOVO,01_Assets_Organizados/Dungeon/rocks_small.glb,34000
DUP-00473,8df5267a7e7045b459de872e2cadefb53acf88acc87b59d671f7e04d9183b6f5,2,TEM-001710,TEMPLATE,public/models/dungeon/skull.glb,32540
DUP-00473,8df5267a7e7045b459de872e2cadefb53acf88acc87b59d671f7e04d9183b6f5,2,NOV-004873,NOVO,01_Assets_Organizados/Dungeon/skull.glb,32540
DUP-00474,c711e881a25568df28c267cb7707217a062df5cf38babb5a154e00c1aaf84abc,2,TEM-001711,TEMPLATE,public/models/dungeon/candycorn.glb,31420
DUP-00474,c711e881a25568df28c267cb7707217a062df5cf38babb5a154e00c1aaf84abc,2,NOV-004874,NOVO,01_Assets_Organizados/Dungeon/candycorn.glb,31420
DUP-00475,bd3aaea19a21580e7d04ebee72fc9723380da8c8f23a5514a31122e570b3c890,2,TEM-001712,TEMPLATE,public/models/dungeon/lantern_standing.glb,34196
DUP-00475,bd3aaea19a21580e7d04ebee72fc9723380da8c8f23a5514a31122e570b3c890,2,NOV-004875,NOVO,01_Assets_Organizados/Dungeon/lantern_standing.glb,34196
DUP-00476,1bd740498dc32844b26cae8e20970ade816d4e915877e826daa896c158d364a4,2,TEM-001713,TEMPLATE,public/models/dungeon/wall_crossing.glb,44028
DUP-00476,1bd740498dc32844b26cae8e20970ade816d4e915877e826daa896c158d364a4,2,NOV-004876,NOVO,01_Assets_Organizados/Dungeon/wall_crossing.glb,44028
DUP-00477,f2bc0209ef887d1f701ed9ad211991ebf9c7fb341ef3e21606fa0b250bad91e9,2,TEM-001714,TEMPLATE,public/models/dungeon/box_small.glb,30608
DUP-00477,f2bc0209ef887d1f701ed9ad211991ebf9c7fb341ef3e21606fa0b250bad91e9,2,NOV-004878,NOVO,01_Assets_Organizados/Dungeon/box_small.glb,30608
DUP-00478,d14170573643e5103443bd861528926b17e607439ec98fa0a3034b292d309529,2,TEM-001715,TEMPLATE,public/models/dungeon/pillar_decorated.glb,40800
DUP-00478,d14170573643e5103443bd861528926b17e607439ec98fa0a3034b292d309529,2,NOV-004879,NOVO,01_Assets_Organizados/Dungeon/pillar_decorated.glb,40800
DUP-00479,85c1bc9d333e1337fd39e8e6f589efebc6a8568ad0d408dba015e1ee7ca394a0,2,TEM-001716,TEMPLATE,public/models/dungeon/wall_scaffold.glb,42376
DUP-00479,85c1bc9d333e1337fd39e8e6f589efebc6a8568ad0d408dba015e1ee7ca394a0,2,NOV-004880,NOVO,01_Assets_Organizados/Dungeon/wall_scaffold.glb,42376
DUP-00480,b7ee89d418b1553021e52bb202630e08ee6f641450e720ca21a180ac525acfab,2,TEM-001717,TEMPLATE,public/models/dungeon/box_small_decorated.glb,47020
DUP-00480,b7ee89d418b1553021e52bb202630e08ee6f641450e720ca21a180ac525acfab,2,NOV-004881,NOVO,01_Assets_Organizados/Dungeon/box_small_decorated.glb,47020
DUP-00481,48463d0766272e0dd22f2d76bc19f03837b51c57396e68bf209ca66e77cfc308,2,TEM-001718,TEMPLATE,public/models/dungeon/table_medium_tablecloth_decorated_b.glb,47504
DUP-00481,48463d0766272e0dd22f2d76bc19f03837b51c57396e68bf209ca66e77cfc308,2,NOV-004882,NOVO,01_Assets_Organizados/Dungeon/table_medium_tablecloth_decorated_b.glb,47504
DUP-00482,1eea8347f4495306245beff6faef808b24d2be9f9976215d26080c712f730890,2,TEM-001719,TEMPLATE,public/models/dungeon/floor_dirt_small_weeds.glb,36740
DUP-00482,1eea8347f4495306245beff6faef808b24d2be9f9976215d26080c712f730890,2,NOV-004883,NOVO,01_Assets_Organizados/Dungeon/floor_dirt_small_weeds.glb,36740
DUP-00483,a6170621975e134a1755661b60586a4302cd071ab359701a4582dd8aa1afe2ed,2,TEM-001720,TEMPLATE,public/models/dungeon/banner_thin_blue.glb,32020
DUP-00483,a6170621975e134a1755661b60586a4302cd071ab359701a4582dd8aa1afe2ed,2,NOV-004884,NOVO,01_Assets_Organizados/Dungeon/banner_thin_blue.glb,32020
DUP-00484,3fa6e83cc8220ba2b672d5dca42af00409fa3cc48037819616af63e42166776a,2,TEM-001721,TEMPLATE,public/models/dungeon/banner_triple_green.glb,32616
DUP-00484,3fa6e83cc8220ba2b672d5dca42af00409fa3cc48037819616af63e42166776a,2,NOV-004885,NOVO,01_Assets_Organizados/Dungeon/banner_triple_green.glb,32616
DUP-00485,939a1f788b9eb76d9991c95ad3345249d22d058fd32b9b8452773a9c2655a4fe,2,TEM-001722,TEMPLATE,public/models/dungeon/floor_tile_small_weeds_B.glb,35084
DUP-00485,939a1f788b9eb76d9991c95ad3345249d22d058fd32b9b8452773a9c2655a4fe,2,NOV-004886,NOVO,01_Assets_Organizados/Dungeon/floor_tile_small_weeds_B.glb,35084
DUP-00486,ff7662a8fd719294b8adc47802173c54c92ba70eb09658738ba405d3b2b73908,2,TEM-001723,TEMPLATE,public/models/dungeon/trunk_large_c.glb,34060
DUP-00486,ff7662a8fd719294b8adc47802173c54c92ba70eb09658738ba405d3b2b73908,2,NOV-004887,NOVO,01_Assets_Organizados/Dungeon/trunk_large_c.glb,34060
DUP-00487,b35742c65ee4a76ec28b0ceb3b799d9493ed48af8e71fed5b66f1edbfb3b3297,2,TEM-001724,TEMPLATE,public/models/dungeon/bookcase_single_decoratedb.glb,52576
DUP-00487,b35742c65ee4a76ec28b0ceb3b799d9493ed48af8e71fed5b66f1edbfb3b3297,2,NOV-004888,NOVO,01_Assets_Organizados/Dungeon/bookcase_single_decoratedb.glb,52576
DUP-00488,772f0aa0f2b28b2956961d394df6e625e90a240974dbdc1a123c898be575374e,2,TEM-001725,TEMPLATE,public/models/dungeon/stairs_wall_right.glb,42028
DUP-00488,772f0aa0f2b28b2956961d394df6e625e90a240974dbdc1a123c898be575374e,2,NOV-004889,NOVO,01_Assets_Organizados/Dungeon/stairs_wall_right.glb,42028
DUP-00489,11d4b5f96a5c8c265c9caf7445f599f9c8aa7b6e509a83542d970cab931159af,4,TEM-001726,TEMPLATE,public/models/dungeon/stairs_wide.glb,37780
DUP-00489,11d4b5f96a5c8c265c9caf7445f599f9c8aa7b6e509a83542d970cab931159af,4,TEM-002558,TEMPLATE,public/models/biome/kcas_stairs_wide.glb,37780
DUP-00489,11d4b5f96a5c8c265c9caf7445f599f9c8aa7b6e509a83542d970cab931159af,4,NOV-004890,NOVO,01_Assets_Organizados/Dungeon/stairs_wide.glb,37780
DUP-00489,11d4b5f96a5c8c265c9caf7445f599f9c8aa7b6e509a83542d970cab931159af,4,NOV-005436,NOVO,01_Assets_Organizados/Nature/kcas_stairs_wide.glb,37780
DUP-00490,ddfc7a1bffb4eaf4c9b05e0e281e9ad5078405a29e6de86ecce1a95e5bb7e008,2,TEM-001727,TEMPLATE,public/models/dungeon/floor_tile_grate.glb,29712
DUP-00490,ddfc7a1bffb4eaf4c9b05e0e281e9ad5078405a29e6de86ecce1a95e5bb7e008,2,NOV-004891,NOVO,01_Assets_Organizados/Dungeon/floor_tile_grate.glb,29712
DUP-00491,cb8711c5423b67b9e8ad3a798dc57aff38198136cdf7026f62971077abe8b5d9,2,TEM-001728,TEMPLATE,public/models/dungeon/floor_tile_small_weeds_A.glb,35388
DUP-00491,cb8711c5423b67b9e8ad3a798dc57aff38198136cdf7026f62971077abe8b5d9,2,NOV-004892,NOVO,01_Assets_Organizados/Dungeon/floor_tile_small_weeds_A.glb,35388
DUP-00492,ada1dee19b05418b39c5958ba3a489a86a36c4c817298b781d39f8b77fbbe41e,2,TEM-001729,TEMPLATE,public/models/dungeon/plate.glb,31928
DUP-00492,ada1dee19b05418b39c5958ba3a489a86a36c4c817298b781d39f8b77fbbe41e,2,NOV-004893,NOVO,01_Assets_Organizados/Dungeon/plate.glb,31928
DUP-00493,c342e4b6bd21cdee063a9917b2904e858eaf2c79b21f2bcf2c6889ad070a4c05,2,TEM-001730,TEMPLATE,public/models/dungeon/crypt.glb,45956
DUP-00493,c342e4b6bd21cdee063a9917b2904e858eaf2c79b21f2bcf2c6889ad070a4c05,2,NOV-004895,NOVO,01_Assets_Organizados/Dungeon/crypt.glb,45956
DUP-00494,1eaf7dbd692f4e93795a1d4991eb39fa0635115da42919cbe35d05a6ec84852a,4,TEM-001731,TEMPLATE,public/models/dungeon/rubble_large.glb,42744
DUP-00494,1eaf7dbd692f4e93795a1d4991eb39fa0635115da42919cbe35d05a6ec84852a,4,TEM-002498,TEMPLATE,public/models/biome/kcas_rubble_large.glb,42744
DUP-00494,1eaf7dbd692f4e93795a1d4991eb39fa0635115da42919cbe35d05a6ec84852a,4,NOV-004897,NOVO,01_Assets_Organizados/Dungeon/rubble_large.glb,42744
DUP-00494,1eaf7dbd692f4e93795a1d4991eb39fa0635115da42919cbe35d05a6ec84852a,4,NOV-005373,NOVO,01_Assets_Organizados/Nature/kcas_rubble_large.glb,42744
DUP-00495,dcf78fb3bb9917f0327fcdb60e566ca69b24e84be99ed93eeb0385a8994348cd,2,TEM-001732,TEMPLATE,public/models/dungeon/table_medium_decorated_b.glb,41444
DUP-00495,dcf78fb3bb9917f0327fcdb60e566ca69b24e84be99ed93eeb0385a8994348cd,2,NOV-004898,NOVO,01_Assets_Organizados/Dungeon/table_medium_decorated_b.glb,41444
DUP-00496,960b05d8d62ef7fbf327751a5d494c049ecde9d171d2d37925a063c554b3e3b7,2,TEM-001733,TEMPLATE,public/models/dungeon/crates_stacked.glb,53920
DUP-00496,960b05d8d62ef7fbf327751a5d494c049ecde9d171d2d37925a063c554b3e3b7,2,NOV-004899,NOVO,01_Assets_Organizados/Dungeon/crates_stacked.glb,53920
DUP-00497,34290ebc4d60886c296d329605a8c6d1f5e45229948ee8a1a59dff0e842a53c7,4,TEM-001734,TEMPLATE,public/models/dungeon/wall_corner.glb,39328
DUP-00497,34290ebc4d60886c296d329605a8c6d1f5e45229948ee8a1a59dff0e842a53c7,4,TEM-002445,TEMPLATE,public/models/biome/kcas_wall_corner.glb,39328
DUP-00497,34290ebc4d60886c296d329605a8c6d1f5e45229948ee8a1a59dff0e842a53c7,4,NOV-004900,NOVO,01_Assets_Organizados/Dungeon/wall_corner.glb,39328
DUP-00497,34290ebc4d60886c296d329605a8c6d1f5e45229948ee8a1a59dff0e842a53c7,4,NOV-005323,NOVO,01_Assets_Organizados/Nature/kcas_wall_corner.glb,39328
DUP-00498,bbe12f304ab79fb597fe1672608602297f1335a4aeff6db5fcfd0b8ab0108900,2,TEM-001735,TEMPLATE,public/models/dungeon/candy_brown_b.glb,32648
DUP-00498,bbe12f304ab79fb597fe1672608602297f1335a4aeff6db5fcfd0b8ab0108900,2,NOV-004901,NOVO,01_Assets_Organizados/Dungeon/candy_brown_b.glb,32648
DUP-00499,537e35e710cef65edcbbbc2ca0c9f8955c9683839b0c73358124731f26bb08a2,2,TEM-001736,TEMPLATE,public/models/dungeon/floor_wood_small_dark.glb,31756
DUP-00499,537e35e710cef65edcbbbc2ca0c9f8955c9683839b0c73358124731f26bb08a2,2,NOV-004902,NOVO,01_Assets_Organizados/Dungeon/floor_wood_small_dark.glb,31756
DUP-00500,9a95ba5558c85111f75f227b9d724e2ea8d6d6d40b413da6420d50f465df0414,2,TEM-001737,TEMPLATE,public/models/dungeon/book_grey.glb,31372
DUP-00500,9a95ba5558c85111f75f227b9d724e2ea8d6d6d40b413da6420d50f465df0414,2,NOV-004903,NOVO,01_Assets_Organizados/Dungeon/book_grey.glb,31372
DUP-00501,9721c8fbd0a3ea643840b1b2fd9f6b755f4017b797f11369967ddd14828d1357,2,TEM-001738,TEMPLATE,public/models/dungeon/stairs_long.glb,39696
DUP-00501,9721c8fbd0a3ea643840b1b2fd9f6b755f4017b797f11369967ddd14828d1357,2,NOV-004904,NOVO,01_Assets_Organizados/Dungeon/stairs_long.glb,39696
DUP-00502,8cd09f005f59a15fc6ce82b8d83ee47b2d933e25f952016402e63610489af3f2,2,TEM-001739,TEMPLATE,public/models/dungeon/bone_B.glb,30312
DUP-00502,8cd09f005f59a15fc6ce82b8d83ee47b2d933e25f952016402e63610489af3f2,2,NOV-004905,NOVO,01_Assets_Organizados/Dungeon/bone_B.glb,30312
DUP-00503,14c275e91c82517f3648842896b2b97fa0eca3a13da72b892723b0190dcde3cc,2,TEM-001740,TEMPLATE,public/models/dungeon/shelves.glb,32948
DUP-00503,14c275e91c82517f3648842896b2b97fa0eca3a13da72b892723b0190dcde3cc,2,NOV-004907,NOVO,01_Assets_Organizados/Dungeon/shelves.glb,32948
DUP-00504,1d7e6eaa7790df84ef451a1b60d3bb752a5a3d40794afc845264b0193b8bd829,2,TEM-001741,TEMPLATE,public/models/dungeon/trunk_medium_b.glb,33056
DUP-00504,1d7e6eaa7790df84ef451a1b60d3bb752a5a3d40794afc845264b0193b8bd829,2,NOV-004908,NOVO,01_Assets_Organizados/Dungeon/trunk_medium_b.glb,33056
DUP-00505,cc235f44403c3e4de30f7367ad74533540c3040e76b52e8cb748ce5ad1d46080,2,TEM-001742,TEMPLATE,public/models/dungeon/banner_patternc_yellow.glb,32456
DUP-00505,cc235f44403c3e4de30f7367ad74533540c3040e76b52e8cb748ce5ad1d46080,2,NOV-004909,NOVO,01_Assets_Organizados/Dungeon/banner_patternc_yellow.glb,32456
DUP-00506,2d8acbcd87974d536f1096f384a28adb6eaa6e7129b139fd03fce769b034ad4e,2,TEM-001743,TEMPLATE,public/models/dungeon/table_long_decorated_c.glb,84676
DUP-00506,2d8acbcd87974d536f1096f384a28adb6eaa6e7129b139fd03fce769b034ad4e,2,NOV-004911,NOVO,01_Assets_Organizados/Dungeon/table_long_decorated_c.glb,84676
DUP-00507,c0bc85619339a7c955059ee861812b0faf7d3815e0cbfa4a459f5e16d7724077,2,TEM-001744,TEMPLATE,public/models/dungeon/candy_orange_c.glb,32640
DUP-00507,c0bc85619339a7c955059ee861812b0faf7d3815e0cbfa4a459f5e16d7724077,2,NOV-004912,NOVO,01_Assets_Organizados/Dungeon/candy_orange_c.glb,32640
DUP-00508,f0903cb16c12dd95c0734fa82b4d22c80f09cd570db9cc42af7b598867f7261b,2,TEM-001745,TEMPLATE,public/models/dungeon/banner_shield_white.glb,41560
DUP-00508,f0903cb16c12dd95c0734fa82b4d22c80f09cd570db9cc42af7b598867f7261b,2,NOV-004913,NOVO,01_Assets_Organizados/Dungeon/banner_shield_white.glb,41560
DUP-00509,3d7acc3f322e4cc0be6dcde7bc71c462a8515c5182faee9b1db12a7800f693a7,2,TEM-001746,TEMPLATE,public/models/dungeon/floor_dirt_small_d.glb,30816
DUP-00509,3d7acc3f322e4cc0be6dcde7bc71c462a8515c5182faee9b1db12a7800f693a7,2,NOV-004914,NOVO,01_Assets_Organizados/Dungeon/floor_dirt_small_d.glb,30816
DUP-00510,891e90fd1c5e1aef0085b3340a6fd3b0274ee7b92fbe963e84c179b6819e30a9,2,TEM-001747,TEMPLATE,public/models/dungeon/crate_large_decorated.glb,42060
DUP-00510,891e90fd1c5e1aef0085b3340a6fd3b0274ee7b92fbe963e84c179b6819e30a9,2,NOV-004915,NOVO,01_Assets_Organizados/Dungeon/crate_large_decorated.glb,42060
DUP-00511,9f9123c11503a1fc96f12fe5978a5c1d07915abfef163e3be3045f473699aaee,2,TEM-001748,TEMPLATE,public/models/dungeon/bed_a_stacked.glb,51404
DUP-00511,9f9123c11503a1fc96f12fe5978a5c1d07915abfef163e3be3045f473699aaee,2,NOV-004916,NOVO,01_Assets_Organizados/Dungeon/bed_a_stacked.glb,51404
DUP-00512,4af8a6805654eb5bb1d75c4fa24bc579cfcc560787126904b5cd2f346c52457a,2,TEM-001749,TEMPLATE,public/models/dungeon/stairs_narrow.glb,37864
DUP-00512,4af8a6805654eb5bb1d75c4fa24bc579cfcc560787126904b5cd2f346c52457a,2,NOV-004917,NOVO,01_Assets_Organizados/Dungeon/stairs_narrow.glb,37864
DUP-00513,644d832f82611c2e9756810bff118d1813e1a42c0aa45fa0fcbf709989774f17,2,TEM-001750,TEMPLATE,public/models/dungeon/wall_arched.glb,43432
DUP-00513,644d832f82611c2e9756810bff118d1813e1a42c0aa45fa0fcbf709989774f17,2,NOV-004918,NOVO,01_Assets_Organizados/Dungeon/wall_arched.glb,43432
DUP-00514,c8655d68e8d2a60352ff1cff7d52a2c8538c1de1d6da4812f1b2a353ad0e028e,2,TEM-001751,TEMPLATE,public/models/dungeon/floor_wood_large_dark.glb,35124
DUP-00514,c8655d68e8d2a60352ff1cff7d52a2c8538c1de1d6da4812f1b2a353ad0e028e,2,NOV-004919,NOVO,01_Assets_Organizados/Dungeon/floor_wood_large_dark.glb,35124
DUP-00515,bfdf1b62f35cc351de6966c1a539a102d6e8a9213c2b8afecaac8f758d07d41c,2,TEM-001752,TEMPLATE,public/models/dungeon/candle.glb,31468
DUP-00515,bfdf1b62f35cc351de6966c1a539a102d6e8a9213c2b8afecaac8f758d07d41c,2,NOV-004920,NOVO,01_Assets_Organizados/Dungeon/candle.glb,31468
DUP-00516,97e982a1de35d66d100c0c6dcbc7507eb4b2683897e0256633d33c3ce53b6970,2,TEM-001753,TEMPLATE,public/models/dungeon/arch_gate.glb,48776
DUP-00516,97e982a1de35d66d100c0c6dcbc7507eb4b2683897e0256633d33c3ce53b6970,2,NOV-004921,NOVO,01_Assets_Organizados/Dungeon/arch_gate.glb,48776
DUP-00517,85f190dd1da81239049b2e3e5b6092b2dabeeb916a431710c56f2a2547a42e33,2,TEM-001754,TEMPLATE,public/models/dungeon/tree_pine_yellow_medium.glb,36200
DUP-00517,85f190dd1da81239049b2e3e5b6092b2dabeeb916a431710c56f2a2547a42e33,2,NOV-004922,NOVO,01_Assets_Organizados/Dungeon/tree_pine_yellow_medium.glb,36200
DUP-00518,39dbf791bd8980edb73ed6f775a9083420ecb02132760861cb38acf7646a2957,2,TEM-001755,TEMPLATE,public/models/dungeon/candy_green_c.glb,32644
DUP-00518,39dbf791bd8980edb73ed6f775a9083420ecb02132760861cb38acf7646a2957,2,NOV-004923,NOVO,01_Assets_Organizados/Dungeon/candy_green_c.glb,32644
DUP-00519,47bfdf4393a0354ebe727df1ddee1105aa5ac984b29f564916debbbaaf327733,2,TEM-001756,TEMPLATE,public/models/dungeon/stairs_modular_center.glb,31152
DUP-00519,47bfdf4393a0354ebe727df1ddee1105aa5ac984b29f564916debbbaaf327733,2,NOV-004924,NOVO,01_Assets_Organizados/Dungeon/stairs_modular_center.glb,31152
DUP-00520,c55a6dba85a5aab6d6330d330c0accd2238866a0fe272587ed280fa6d5e7ce2a,2,TEM-001757,TEMPLATE,public/models/dungeon/sign_right.glb,32452
DUP-00520,c55a6dba85a5aab6d6330d330c0accd2238866a0fe272587ed280fa6d5e7ce2a,2,NOV-004925,NOVO,01_Assets_Organizados/Dungeon/sign_right.glb,32452
DUP-00521,41af27cf2415fd58149f734f6195f83c5c0b5e00966e2140a9ad51ef6a4734e0,2,TEM-001758,TEMPLATE,public/models/dungeon/path_b.glb,34292
DUP-00521,41af27cf2415fd58149f734f6195f83c5c0b5e00966e2140a9ad51ef6a4734e0,2,NOV-004926,NOVO,01_Assets_Organizados/Dungeon/path_b.glb,34292
DUP-00522,cc343fbdd3d063643f5dab0e7724f10a4c0712aa92398efb325d09ca8ace6f42,2,TEM-001759,TEMPLATE,public/models/dungeon/wall_cracked.glb,64640
DUP-00522,cc343fbdd3d063643f5dab0e7724f10a4c0712aa92398efb325d09ca8ace6f42,2,NOV-004927,NOVO,01_Assets_Organizados/Dungeon/wall_cracked.glb,64640
DUP-00523,e69174fcb023d1a4198eb7e6c8f85c6ba0f13bd8cd74fb3901243522e97ae444,2,TEM-001760,TEMPLATE,public/models/dungeon/chair.glb,35564
DUP-00523,e69174fcb023d1a4198eb7e6c8f85c6ba0f13bd8cd74fb3901243522e97ae444,2,NOV-004928,NOVO,01_Assets_Organizados/Dungeon/chair.glb,35564
DUP-00524,d541c158f848ed00e850ddbf4b0e761a6ec39b1952d818c9a03a86242e89b0b7,2,TEM-001761,TEMPLATE,public/models/dungeon/floor_foundation_diagonal_corner.glb,32780
DUP-00524,d541c158f848ed00e850ddbf4b0e761a6ec39b1952d818c9a03a86242e89b0b7,2,NOV-004930,NOVO,01_Assets_Organizados/Dungeon/floor_foundation_diagonal_corner.glb,32780
DUP-00525,989fde3c6f8c8d268fd6d6ce2843e5b13070ea74413bb027dd7165c9cac1d482,2,TEM-001762,TEMPLATE,public/models/dungeon/bartop_a_small.glb,34664
DUP-00525,989fde3c6f8c8d268fd6d6ce2843e5b13070ea74413bb027dd7165c9cac1d482,2,NOV-004931,NOVO,01_Assets_Organizados/Dungeon/bartop_a_small.glb,34664
DUP-00526,e066d79b575f8d328eaa02b21f143afbf9b34c87120e97eeb2cbfff81c3c06f1,2,TEM-001763,TEMPLATE,public/models/dungeon/banner_patternb_red.glb,32444
DUP-00526,e066d79b575f8d328eaa02b21f143afbf9b34c87120e97eeb2cbfff81c3c06f1,2,NOV-004932,NOVO,01_Assets_Organizados/Dungeon/banner_patternb_red.glb,32444
DUP-00527,9c07fe5c40f78adbdbdb46b7471830b39d441e340fc6fcb659862ee111431110,4,TEM-001764,TEMPLATE,public/models/dungeon/chest_large_gold.glb,43088
DUP-00527,9c07fe5c40f78adbdbdb46b7471830b39d441e340fc6fcb659862ee111431110,4,TEM-002497,TEMPLATE,public/models/biome/kcas_chest_gold.glb,43088
DUP-00527,9c07fe5c40f78adbdbdb46b7471830b39d441e340fc6fcb659862ee111431110,4,NOV-004933,NOVO,01_Assets_Organizados/Dungeon/chest_large_gold.glb,43088
DUP-00527,9c07fe5c40f78adbdbdb46b7471830b39d441e340fc6fcb659862ee111431110,4,NOV-005372,NOVO,01_Assets_Organizados/Nature/kcas_chest_gold.glb,43088
DUP-00528,96d9818423b021c31c3ebcf39e56f9d562b8364859057bb3a2094b23398e6859,2,TEM-001765,TEMPLATE,public/models/dungeon/bartop_a_large.glb,34520
DUP-00528,96d9818423b021c31c3ebcf39e56f9d562b8364859057bb3a2094b23398e6859,2,NOV-004934,NOVO,01_Assets_Organizados/Dungeon/bartop_a_large.glb,34520
DUP-00529,502e0f808bec77844be4d0f2a7e673aa529987ad220ac0263a193c3c0ad0b997,2,TEM-001766,TEMPLATE,public/models/dungeon/floor_wood_large.glb,35080
DUP-00529,502e0f808bec77844be4d0f2a7e673aa529987ad220ac0263a193c3c0ad0b997,2,NOV-004935,NOVO,01_Assets_Organizados/Dungeon/floor_wood_large.glb,35080
DUP-00530,2fb1b674d4747a560f5aa6c1e5f61346733d91a53a9931d3ef3d078ccea0272b,2,TEM-001767,TEMPLATE,public/models/dungeon/coin_stack_large.glb,57364
DUP-00530,2fb1b674d4747a560f5aa6c1e5f61346733d91a53a9931d3ef3d078ccea0272b,2,NOV-004936,NOVO,01_Assets_Organizados/Dungeon/coin_stack_large.glb,57364
DUP-00531,2978895d7fdeb9b2a1cb90f135634729790f45558393e6c20e19fd4b90155214,2,TEM-001768,TEMPLATE,public/models/dungeon/tree_dead_large_decorated.glb,44724
DUP-00531,2978895d7fdeb9b2a1cb90f135634729790f45558393e6c20e19fd4b90155214,2,NOV-004937,NOVO,01_Assets_Organizados/Dungeon/tree_dead_large_decorated.glb,44724
DUP-00532,b32245d03805d99138568c0e48ede5b63f7ee79aedf393f517cd578f7efeb711,4,TEM-001769,TEMPLATE,public/models/dungeon/rocks.glb,34040
DUP-00532,b32245d03805d99138568c0e48ede5b63f7ee79aedf393f517cd578f7efeb711,4,TEM-002504,TEMPLATE,public/models/biome/kcas_rocks.glb,34040
DUP-00532,b32245d03805d99138568c0e48ede5b63f7ee79aedf393f517cd578f7efeb711,4,NOV-004938,NOVO,01_Assets_Organizados/Dungeon/rocks.glb,34040
DUP-00532,b32245d03805d99138568c0e48ede5b63f7ee79aedf393f517cd578f7efeb711,4,NOV-005376,NOVO,01_Assets_Organizados/Nature/kcas_rocks.glb,34040
DUP-00533,ac219cd6f49e0ca839909e8e1118551c90208ef277016dc0a2fc9085c4e13f35,2,TEM-001770,TEMPLATE,public/models/dungeon/bartop_b_large.glb,35592
DUP-00533,ac219cd6f49e0ca839909e8e1118551c90208ef277016dc0a2fc9085c4e13f35,2,NOV-004939,NOVO,01_Assets_Organizados/Dungeon/bartop_b_large.glb,35592
DUP-00534,034e17f36ee97fd6e8a9648dfc5fb47cffbd03100785c71106e03c240bf5d972,2,TEM-001771,TEMPLATE,public/models/dungeon/banner_thin_brown.glb,32024
DUP-00534,034e17f36ee97fd6e8a9648dfc5fb47cffbd03100785c71106e03c240bf5d972,2,NOV-004940,NOVO,01_Assets_Organizados/Dungeon/banner_thin_brown.glb,32024
DUP-00535,9194493af1c816d4eda54cd7850287b53f0e108c66249326ca15785d468220a4,2,TEM-001772,TEMPLATE,public/models/dungeon/banner_patternc_blue.glb,32452
DUP-00535,9194493af1c816d4eda54cd7850287b53f0e108c66249326ca15785d468220a4,2,NOV-004941,NOVO,01_Assets_Organizados/Dungeon/banner_patternc_blue.glb,32452
DUP-00536,c98938742dd0e3d4e90e41e5965ba65f6367e0dfc80fbd7b2234cdb5ab1b9311,2,TEM-001773,TEMPLATE,public/models/dungeon/bar_straight_c_short.glb,34948
DUP-00536,c98938742dd0e3d4e90e41e5965ba65f6367e0dfc80fbd7b2234cdb5ab1b9311,2,NOV-004942,NOVO,01_Assets_Organizados/Dungeon/bar_straight_c_short.glb,34948
DUP-00537,e36cdb41560bd65ca9ccfe4727b666e6ef7d05214fc44988c99329fe53047788,2,TEM-001774,TEMPLATE,public/models/dungeon/candy_bucket_b_decorated.glb,43752
DUP-00537,e36cdb41560bd65ca9ccfe4727b666e6ef7d05214fc44988c99329fe53047788,2,NOV-004943,NOVO,01_Assets_Organizados/Dungeon/candy_bucket_b_decorated.glb,43752
DUP-00538,d877bba689797dead83bf9694cff5e3dc85307179eb71aabeb7f8c20c23370ac,2,TEM-001775,TEMPLATE,public/models/dungeon/wall_endcap.glb,35276
DUP-00538,d877bba689797dead83bf9694cff5e3dc85307179eb71aabeb7f8c20c23370ac,2,NOV-004944,NOVO,01_Assets_Organizados/Dungeon/wall_endcap.glb,35276
DUP-00539,8590de35af69e6468a0d34f90d2ef6077e2b8065f6574bc121bfbb3c2628dffc,2,TEM-001776,TEMPLATE,public/models/dungeon/table_medium.glb,34736
DUP-00539,8590de35af69e6468a0d34f90d2ef6077e2b8065f6574bc121bfbb3c2628dffc,2,NOV-004945,NOVO,01_Assets_Organizados/Dungeon/table_medium.glb,34736
DUP-00540,4fc77dc3211f988c48a9d3a8f5b80cd81423289c6f552097ff99e402a36b84c9,2,TEM-001777,TEMPLATE,public/models/dungeon/candy_bucket_a_decorated.glb,42992
DUP-00540,4fc77dc3211f988c48a9d3a8f5b80cd81423289c6f552097ff99e402a36b84c9,2,NOV-004946,NOVO,01_Assets_Organizados/Dungeon/candy_bucket_a_decorated.glb,42992
DUP-00541,43ec7fe44e38404387871a5a0cbedeb37395ee8d27aec87455a2b75e444bdfe2,2,TEM-001778,TEMPLATE,public/models/dungeon/lollipop_blue.glb,34116
DUP-00541,43ec7fe44e38404387871a5a0cbedeb37395ee8d27aec87455a2b75e444bdfe2,2,NOV-004947,NOVO,01_Assets_Organizados/Dungeon/lollipop_blue.glb,34116
DUP-00542,3a39da93159061ff26eddf114473da9e5829b6ae32d3b3bc74a4f4e4ceffb1ef,2,TEM-001779,TEMPLATE,public/models/dungeon/banner_patterna_white.glb,32664
DUP-00542,3a39da93159061ff26eddf114473da9e5829b6ae32d3b3bc74a4f4e4ceffb1ef,2,NOV-004948,NOVO,01_Assets_Organizados/Dungeon/banner_patterna_white.glb,32664
DUP-00543,da8e4f36fda94002e7cf8b2e8931496a30de063a81ed127b12258eb824c5ae2c,2,TEM-001780,TEMPLATE,public/models/dungeon/candy_orange_a.glb,32644
DUP-00543,da8e4f36fda94002e7cf8b2e8931496a30de063a81ed127b12258eb824c5ae2c,2,NOV-004949,NOVO,01_Assets_Organizados/Dungeon/candy_orange_a.glb,32644
DUP-00544,97efde805b287a80e016f599c92745b09db645ba769c5e8a59423de0eb3f8546,2,TEM-001781,TEMPLATE,public/models/dungeon/book_tan.glb,31356
DUP-00544,97efde805b287a80e016f599c92745b09db645ba769c5e8a59423de0eb3f8546,2,NOV-004950,NOVO,01_Assets_Organizados/Dungeon/book_tan.glb,31356
DUP-00545,1d38892f959e036270f2fcd5e8a6f5e10c9e13b688306e171c7bdb9592d033bd,2,TEM-001782,TEMPLATE,public/models/dungeon/scaffold_frame_small.glb,32820
DUP-00545,1d38892f959e036270f2fcd5e8a6f5e10c9e13b688306e171c7bdb9592d033bd,2,NOV-004951,NOVO,01_Assets_Organizados/Dungeon/scaffold_frame_small.glb,32820
DUP-00546,fc4a04b771436c328f28350506b6e751db1639b2b0201d889443131f90233a4c,2,TEM-001783,TEMPLATE,public/models/dungeon/bone_A.glb,30776
DUP-00546,fc4a04b771436c328f28350506b6e751db1639b2b0201d889443131f90233a4c,2,NOV-004952,NOVO,01_Assets_Organizados/Dungeon/bone_A.glb,30776
DUP-00547,418302f85ef06667861701d4d6c0a0bdd2b4d0a9f153b3f1978f93b667d8ee62,2,TEM-001784,TEMPLATE,public/models/dungeon/grave_a_destroyed.glb,37580
DUP-00547,418302f85ef06667861701d4d6c0a0bdd2b4d0a9f153b3f1978f93b667d8ee62,2,NOV-004953,NOVO,01_Assets_Organizados/Dungeon/grave_a_destroyed.glb,37580
DUP-00548,68b4fef7f09bc30524bcc05ce514f8b8c06494644f8a270435e324d54d7091d7,2,TEM-001785,TEMPLATE,public/models/dungeon/tree_pine_yellow_small.glb,35036
DUP-00548,68b4fef7f09bc30524bcc05ce514f8b8c06494644f8a270435e324d54d7091d7,2,NOV-004954,NOVO,01_Assets_Organizados/Dungeon/tree_pine_yellow_small.glb,35036
DUP-00549,18c73a7bdc209be8c008b090882d4d89031910d9e65a90aa28f9f913e9e70185,2,TEM-001786,TEMPLATE,public/models/dungeon/candle_thin_lit.glb,31864
DUP-00549,18c73a7bdc209be8c008b090882d4d89031910d9e65a90aa28f9f913e9e70185,2,NOV-004955,NOVO,01_Assets_Organizados/Dungeon/candle_thin_lit.glb,31864
DUP-00550,8d9f221c8d80ccfee1b9380925e063a6cd768ff21e0d83bddb3138aca14e67c9,2,TEM-001787,TEMPLATE,public/models/dungeon/table_long_tablecloth.glb,35692
DUP-00550,8d9f221c8d80ccfee1b9380925e063a6cd768ff21e0d83bddb3138aca14e67c9,2,NOV-004956,NOVO,01_Assets_Organizados/Dungeon/table_long_tablecloth.glb,35692
DUP-00551,451a9a6fbf2eff2bea946c8d0801188e4e5d0b1a14dc0df23176b8fb51904ed0,2,TEM-001788,TEMPLATE,public/models/dungeon/bartop_a_medium.glb,34672
DUP-00551,451a9a6fbf2eff2bea946c8d0801188e4e5d0b1a14dc0df23176b8fb51904ed0,2,NOV-004957,NOVO,01_Assets_Organizados/Dungeon/bartop_a_medium.glb,34672
DUP-00552,50fe4fe1f7671b47cda777864c3cb4db1e876fdbe949ee75a4dbc7820025980a,2,TEM-001789,TEMPLATE,public/models/dungeon/rocks_gold.glb,38092
DUP-00552,50fe4fe1f7671b47cda777864c3cb4db1e876fdbe949ee75a4dbc7820025980a,2,NOV-004958,NOVO,01_Assets_Organizados/Dungeon/rocks_gold.glb,38092
DUP-00553,2bacb6073a4a87cb2d43b0515e0e091adbd902b478a78e03ebc02c040d4553ae,2,TEM-001790,TEMPLATE,public/models/dungeon/scaffold_pillars_connected.glb,32768
DUP-00553,2bacb6073a4a87cb2d43b0515e0e091adbd902b478a78e03ebc02c040d4553ae,2,NOV-004959,NOVO,01_Assets_Organizados/Dungeon/scaffold_pillars_connected.glb,32768
DUP-00554,270d3a929b3b5a729b8c61435f4dee2e27f66827131ef287e3f25711bcb886d5,2,TEM-001791,TEMPLATE,public/models/dungeon/scaffold_pillars_connected_torch.glb,40908
DUP-00554,270d3a929b3b5a729b8c61435f4dee2e27f66827131ef287e3f25711bcb886d5,2,NOV-004960,NOVO,01_Assets_Organizados/Dungeon/scaffold_pillars_connected_torch.glb,40908
DUP-00555,6d6d01e9f244683a7740f0ceea7422027323275567336ed55644027eb0c32c79,2,TEM-001792,TEMPLATE,public/models/dungeon/skull_candle.glb,35924
DUP-00555,6d6d01e9f244683a7740f0ceea7422027323275567336ed55644027eb0c32c79,2,NOV-004961,NOVO,01_Assets_Organizados/Dungeon/skull_candle.glb,35924
DUP-00556,67991de033d703050d3e4047b42e96f1b53f1e7b50114e80d61dc2dd0515f0ac,2,TEM-001793,TEMPLATE,public/models/dungeon/candle_melted.glb,31512
DUP-00556,67991de033d703050d3e4047b42e96f1b53f1e7b50114e80d61dc2dd0515f0ac,2,NOV-004962,NOVO,01_Assets_Organizados/Dungeon/candle_melted.glb,31512
DUP-00557,d2c5fd55c52d222c8117d2f77966ea831e85bfa0c50428e6eada0af32af0dc30,2,TEM-001794,TEMPLATE,public/models/dungeon/crate_large.glb,33384
DUP-00557,d2c5fd55c52d222c8117d2f77966ea831e85bfa0c50428e6eada0af32af0dc30,2,NOV-004964,NOVO,01_Assets_Organizados/Dungeon/crate_large.glb,33384
DUP-00558,52a8fe305ac8cabbe2fe9af8978f19fb2fd1a2290bc21c7b9bf8584896fbd4bf,2,TEM-001795,TEMPLATE,public/models/dungeon/candy_pink_b.glb,32640
DUP-00558,52a8fe305ac8cabbe2fe9af8978f19fb2fd1a2290bc21c7b9bf8584896fbd4bf,2,NOV-004965,NOVO,01_Assets_Organizados/Dungeon/candy_pink_b.glb,32640
DUP-00559,6d091cf0d1f9c8430f45c3b0523aaf03b449a33ed8c05a69e887de3943394d05,2,TEM-001796,TEMPLATE,public/models/dungeon/maze_tall.glb,39556
DUP-00559,6d091cf0d1f9c8430f45c3b0523aaf03b449a33ed8c05a69e887de3943394d05,2,NOV-004966,NOVO,01_Assets_Organizados/Dungeon/maze_tall.glb,39556
DUP-00560,025e1a0663f8881c7b87f2197b3e5c111f8752fd461a22df4a845f5d61164cad,2,TEM-001797,TEMPLATE,public/models/dungeon/chest_large.glb,43100
DUP-00560,025e1a0663f8881c7b87f2197b3e5c111f8752fd461a22df4a845f5d61164cad,2,NOV-004967,NOVO,01_Assets_Organizados/Dungeon/chest_large.glb,43100
DUP-00561,68a4f6e17de20f120b9ffb6b842fd5ffd415582868660ee3f9804eeae81b41c8,2,TEM-001798,TEMPLATE,public/models/dungeon/stairs_wall_left.glb,41832
DUP-00561,68a4f6e17de20f120b9ffb6b842fd5ffd415582868660ee3f9804eeae81b41c8,2,NOV-004968,NOVO,01_Assets_Organizados/Dungeon/stairs_wall_left.glb,41832
DUP-00562,eb97d014e8a4a101fd3c923c765e37e499ccdfa7c613286bf95c4cfd19a4491d,2,TEM-001799,TEMPLATE,public/models/dungeon/banner_triple_blue.glb,32620
DUP-00562,eb97d014e8a4a101fd3c923c765e37e499ccdfa7c613286bf95c4cfd19a4491d,2,NOV-004969,NOVO,01_Assets_Organizados/Dungeon/banner_triple_blue.glb,32620
DUP-00563,98a8dcafae2a95a86bff1982b798b19cd6b13f4c5cffb80d29e5be68802ee1c4,2,TEM-001800,TEMPLATE,public/models/dungeon/table_long_decorated_b.glb,42376
DUP-00563,98a8dcafae2a95a86bff1982b798b19cd6b13f4c5cffb80d29e5be68802ee1c4,2,NOV-004970,NOVO,01_Assets_Organizados/Dungeon/table_long_decorated_b.glb,42376
DUP-00564,81307d451dd8cb183f5e9d371a8ffc684d780f41c27ad93d536a15dc990f5e30,2,TEM-001801,TEMPLATE,public/models/dungeon/table_long.glb,35012
DUP-00564,81307d451dd8cb183f5e9d371a8ffc684d780f41c27ad93d536a15dc990f5e30,2,NOV-004971,NOVO,01_Assets_Organizados/Dungeon/table_long.glb,35012
DUP-00565,dac9aa7b677d20b7d9e1f4e872b028eed52ca4136ba7f16c061f479883361d21,2,TEM-001802,TEMPLATE,public/models/dungeon/wall_gated.glb,35096
DUP-00565,dac9aa7b677d20b7d9e1f4e872b028eed52ca4136ba7f16c061f479883361d21,2,NOV-004972,NOVO,01_Assets_Organizados/Dungeon/wall_gated.glb,35096
DUP-00566,37740b7a384e59689461ee9cab90e02de290e10497b7a93d7e90db20a4e92775,4,TEM-001803,TEMPLATE,public/models/dungeon/bench.glb,35708
DUP-00566,37740b7a384e59689461ee9cab90e02de290e10497b7a93d7e90db20a4e92775,4,TEM-002390,TEMPLATE,public/models/biome/kcas_bench.glb,35708
DUP-00566,37740b7a384e59689461ee9cab90e02de290e10497b7a93d7e90db20a4e92775,4,NOV-004973,NOVO,01_Assets_Organizados/Dungeon/bench.glb,35708
DUP-00566,37740b7a384e59689461ee9cab90e02de290e10497b7a93d7e90db20a4e92775,4,NOV-005269,NOVO,01_Assets_Organizados/Nature/kcas_bench.glb,35708
DUP-00567,52ee14416fb92ecb0d4ef0f9f31cedd04e37e631330038304d9535a2dbdd8bc7,2,TEM-001804,TEMPLATE,public/models/dungeon/candy_brown_a.glb,32648
DUP-00567,52ee14416fb92ecb0d4ef0f9f31cedd04e37e631330038304d9535a2dbdd8bc7,2,NOV-004974,NOVO,01_Assets_Organizados/Dungeon/candy_brown_a.glb,32648
DUP-00568,7f5897ef074c431b5a7ad9c36aacb5b91a29ab427e76c101c49bd1cbbb45f417,2,TEM-001805,TEMPLATE,public/models/dungeon/box_stacked.glb,66744
DUP-00568,7f5897ef074c431b5a7ad9c36aacb5b91a29ab427e76c101c49bd1cbbb45f417,2,NOV-004975,NOVO,01_Assets_Organizados/Dungeon/box_stacked.glb,66744
DUP-00569,cb201432b64bd06ef0cce64377ff02d1129527da547bfdedc6ca580438bcc64f,2,TEM-001806,TEMPLATE,public/models/dungeon/stairs_modular_right.glb,34588
DUP-00569,cb201432b64bd06ef0cce64377ff02d1129527da547bfdedc6ca580438bcc64f,2,NOV-004976,NOVO,01_Assets_Organizados/Dungeon/stairs_modular_right.glb,34588
DUP-00570,f8d4f559d3b3dda8e8d4f5e1481a489152aa056acd4009c18f0b7083e06ec665,2,TEM-001807,TEMPLATE,public/models/dungeon/candle_thin.glb,31476
DUP-00570,f8d4f559d3b3dda8e8d4f5e1481a489152aa056acd4009c18f0b7083e06ec665,2,NOV-004977,NOVO,01_Assets_Organizados/Dungeon/candle_thin.glb,31476
DUP-00571,8ef0737637bc526df7ea77019944d078390b40f7ba55cdbac08130044d7d0ef6,2,TEM-001808,TEMPLATE,public/models/dungeon/wall_inset_shelves.glb,43992
DUP-00571,8ef0737637bc526df7ea77019944d078390b40f7ba55cdbac08130044d7d0ef6,2,NOV-004978,NOVO,01_Assets_Organizados/Dungeon/wall_inset_shelves.glb,43992
DUP-00572,b05d131cc1cb9dc6412305b91f28806d2346afea536399b701c2a47788d96ab6,2,TEM-001809,TEMPLATE,public/models/dungeon/sword_shield.glb,37220
DUP-00572,b05d131cc1cb9dc6412305b91f28806d2346afea536399b701c2a47788d96ab6,2,NOV-004979,NOVO,01_Assets_Organizados/Dungeon/sword_shield.glb,37220
DUP-00573,d2754afa7c3455ed24a2961e3b59500e6b95149f99bc68301440caac9afc09e0,2,TEM-001810,TEMPLATE,public/models/dungeon/wall_inset_candles.glb,47648
DUP-00573,d2754afa7c3455ed24a2961e3b59500e6b95149f99bc68301440caac9afc09e0,2,NOV-004980,NOVO,01_Assets_Organizados/Dungeon/wall_inset_candles.glb,47648
DUP-00574,627dbb89e413d9b45a648b92467a31bd13799a08ea401bb86da770a988f6fdb3,2,TEM-001811,TEMPLATE,public/models/dungeon/floor_foundation_allsides.glb,35744
DUP-00574,627dbb89e413d9b45a648b92467a31bd13799a08ea401bb86da770a988f6fdb3,2,NOV-004981,NOVO,01_Assets_Organizados/Dungeon/floor_foundation_allsides.glb,35744
DUP-00575,fc8274b758280bec90ab0900a9c71eb5bc11480a50856f4909f92905d4da6e2e,2,TEM-001812,TEMPLATE,public/models/dungeon/floor_foundation_front.glb,32744
DUP-00575,fc8274b758280bec90ab0900a9c71eb5bc11480a50856f4909f92905d4da6e2e,2,NOV-004982,NOVO,01_Assets_Organizados/Dungeon/floor_foundation_front.glb,32744
DUP-00576,c5479392be758828a1781809884fb75ab6f30a1b6d3a6a54ae45e529add693e0,2,TEM-001813,TEMPLATE,public/models/dungeon/bar_straight_c.glb,37152
DUP-00576,c5479392be758828a1781809884fb75ab6f30a1b6d3a6a54ae45e529add693e0,2,NOV-004983,NOVO,01_Assets_Organizados/Dungeon/bar_straight_c.glb,37152
DUP-00577,9206d34541aab907b850d6a2d279f6abbc4c99e3bad6507395a7adb7cd507f54,2,TEM-001814,TEMPLATE,public/models/dungeon/floor_tile_small_corner.glb,30920
DUP-00577,9206d34541aab907b850d6a2d279f6abbc4c99e3bad6507395a7adb7cd507f54,2,NOV-004984,NOVO,01_Assets_Organizados/Dungeon/floor_tile_small_corner.glb,30920
DUP-00578,ca9bc41c6710e9689e134518baa7e76fa69c17e7e9b2c4f5aa125465c64bf2dc,2,TEM-001815,TEMPLATE,public/models/dungeon/floor_tile_big_spikes.glb,42828
DUP-00578,ca9bc41c6710e9689e134518baa7e76fa69c17e7e9b2c4f5aa125465c64bf2dc,2,NOV-004985,NOVO,01_Assets_Organizados/Dungeon/floor_tile_big_spikes.glb,42828
DUP-00579,d2aa954ec9eb4dfd6e2e23e649cbd64ebf520c1f7f92fc475d4e5598b263d729,2,TEM-001816,TEMPLATE,public/models/dungeon/banner_patternc_red.glb,32448
DUP-00579,d2aa954ec9eb4dfd6e2e23e649cbd64ebf520c1f7f92fc475d4e5598b263d729,2,NOV-004986,NOVO,01_Assets_Organizados/Dungeon/banner_patternc_red.glb,32448
DUP-00580,e62811872bb16a4b1ed82e7931140c330763f230abae69c5f2a9deb7b4199f22,2,TEM-001817,TEMPLATE,public/models/dungeon/lollipop_brown.glb,34116
DUP-00580,e62811872bb16a4b1ed82e7931140c330763f230abae69c5f2a9deb7b4199f22,2,NOV-004987,NOVO,01_Assets_Organizados/Dungeon/lollipop_brown.glb,34116
DUP-00581,0fa556913b2aceb7fb1b958846b5cfc86a2af16b302a8fe7f2a5741ff78f873c,2,TEM-001818,TEMPLATE,public/models/dungeon/grave_B.glb,32276
DUP-00581,0fa556913b2aceb7fb1b958846b5cfc86a2af16b302a8fe7f2a5741ff78f873c,2,NOV-004989,NOVO,01_Assets_Organizados/Dungeon/grave_B.glb,32276
DUP-00582,fc7769266518802e33f559b22d3f7e6408a3717a6c2843f05f537370d600a1e2,2,TEM-001819,TEMPLATE,public/models/dungeon/ribcage.glb,44328
DUP-00582,fc7769266518802e33f559b22d3f7e6408a3717a6c2843f05f537370d600a1e2,2,NOV-004990,NOVO,01_Assets_Organizados/Dungeon/ribcage.glb,44328
DUP-00583,51b36ddfc441ef4c76aef8834a4b69910c1df3aff1da60441f8e4e53b5b74475,2,TEM-001820,TEMPLATE,public/models/dungeon/pumpkin_yellow_small.glb,33500
DUP-00583,51b36ddfc441ef4c76aef8834a4b69910c1df3aff1da60441f8e4e53b5b74475,2,NOV-004991,NOVO,01_Assets_Organizados/Dungeon/pumpkin_yellow_small.glb,33500
DUP-00584,dac5e05261731b6000073cf14b83024545ba70ae2743469e323d2ed6ea965fff,2,TEM-001821,TEMPLATE,public/models/dungeon/plaque.glb,31832
DUP-00584,dac5e05261731b6000073cf14b83024545ba70ae2743469e323d2ed6ea965fff,2,NOV-004992,NOVO,01_Assets_Organizados/Dungeon/plaque.glb,31832
DUP-00585,6bda7565b6a7e2345befba107881dad773f392278015277a1fcfc5a12c1a1e00,2,TEM-001822,TEMPLATE,public/models/dungeon/shrine_candles.glb,34056
DUP-00585,6bda7565b6a7e2345befba107881dad773f392278015277a1fcfc5a12c1a1e00,2,NOV-004993,NOVO,01_Assets_Organizados/Dungeon/shrine_candles.glb,34056
DUP-00586,44f4f8f93676318c0182e1f8f48af2e6885d013a617a0c876b5cdf3443ccd3c8,2,TEM-001823,TEMPLATE,public/models/dungeon/wall_inset_shelves_decorateda.glb,59372
DUP-00586,44f4f8f93676318c0182e1f8f48af2e6885d013a617a0c876b5cdf3443ccd3c8,2,NOV-004994,NOVO,01_Assets_Organizados/Dungeon/wall_inset_shelves_decorateda.glb,59372
DUP-00587,fc753372ea8223964a543a750c2411d9163db3ff5117ad4231baad5b75adf511,2,TEM-001824,TEMPLATE,public/models/dungeon/candy_green_a.glb,32644
DUP-00587,fc753372ea8223964a543a750c2411d9163db3ff5117ad4231baad5b75adf511,2,NOV-004995,NOVO,01_Assets_Organizados/Dungeon/candy_green_a.glb,32644
DUP-00588,3330c22b155eb868fd9c3abc26f696bc1dcd201ce187cb8d3de2f8e378c06619,2,TEM-001825,TEMPLATE,public/models/dungeon/floor_dirt_large.glb,29536
DUP-00588,3330c22b155eb868fd9c3abc26f696bc1dcd201ce187cb8d3de2f8e378c06619,2,NOV-004996,NOVO,01_Assets_Organizados/Dungeon/floor_dirt_large.glb,29536
DUP-00589,cb76705ece504b755399ba9fb3f1f130a0acffc568495bbc46b0826516b4a2fd,2,TEM-001826,TEMPLATE,public/models/dungeon/wagon.glb,54052
DUP-00589,cb76705ece504b755399ba9fb3f1f130a0acffc568495bbc46b0826516b4a2fd,2,NOV-004997,NOVO,01_Assets_Organizados/Dungeon/wagon.glb,54052
DUP-00590,e591115b8c8f0464963fb2f6310965e3e25810da0051757e52a905767ce5c8bb,2,TEM-001827,TEMPLATE,public/models/dungeon/post_skull.glb,41284
DUP-00590,e591115b8c8f0464963fb2f6310965e3e25810da0051757e52a905767ce5c8bb,2,NOV-004998,NOVO,01_Assets_Organizados/Dungeon/post_skull.glb,41284
DUP-00591,926b023aeabc694d1eaa9f1cf7322b0d6d9e5860a6a00e835856158604dbc4d1,2,TEM-001828,TEMPLATE,public/models/dungeon/coin_stack_medium.glb,42852
DUP-00591,926b023aeabc694d1eaa9f1cf7322b0d6d9e5860a6a00e835856158604dbc4d1,2,NOV-004999,NOVO,01_Assets_Organizados/Dungeon/coin_stack_medium.glb,42852
DUP-00592,39e2b71bdef7667d3e8af673a51209002e3d40e07d855dfd4654157e60d40a7c,2,TEM-001829,TEMPLATE,public/models/dungeon/barrier_colum_half.glb,31996
DUP-00592,39e2b71bdef7667d3e8af673a51209002e3d40e07d855dfd4654157e60d40a7c,2,NOV-005001,NOVO,01_Assets_Organizados/Dungeon/barrier_colum_half.glb,31996
DUP-00593,4ba2c3243ef5d8562d164063232bd0fc29fe70991d45cc8d149f6c0a0d68611b,4,TEM-001830,TEMPLATE,public/models/dungeon/table_long_tablecloth_decorated_a.glb,56892
DUP-00593,4ba2c3243ef5d8562d164063232bd0fc29fe70991d45cc8d149f6c0a0d68611b,4,TEM-002441,TEMPLATE,public/models/biome/kcas_table_long.glb,56892
DUP-00593,4ba2c3243ef5d8562d164063232bd0fc29fe70991d45cc8d149f6c0a0d68611b,4,NOV-005002,NOVO,01_Assets_Organizados/Dungeon/table_long_tablecloth_decorated_a.glb,56892
DUP-00593,4ba2c3243ef5d8562d164063232bd0fc29fe70991d45cc8d149f6c0a0d68611b,4,NOV-005320,NOVO,01_Assets_Organizados/Nature/kcas_table_long.glb,56892
DUP-00594,7a1f5a046079e4f8f183379154521577c3a130c348bb82112d81646b7d7fb61c,2,TEM-001831,TEMPLATE,public/models/dungeon/banner_patternc_white.glb,32448
DUP-00594,7a1f5a046079e4f8f183379154521577c3a130c348bb82112d81646b7d7fb61c,2,NOV-005003,NOVO,01_Assets_Organizados/Dungeon/banner_patternc_white.glb,32448
DUP-00595,ce1081470706e0a4dea19a7e5a29934fbc553595e14c479840b1256b22c39c6d,2,TEM-001832,TEMPLATE,public/models/dungeon/trunk_small_b.glb,34104
DUP-00595,ce1081470706e0a4dea19a7e5a29934fbc553595e14c479840b1256b22c39c6d,2,NOV-005004,NOVO,01_Assets_Organizados/Dungeon/trunk_small_b.glb,34104
DUP-00596,bfd342d55a2dab82f7349f730b4f97ebb125d030de752d676aa4a347ddba89d4,2,TEM-001833,TEMPLATE,public/models/dungeon/tree_pine_yellow_large.glb,36228
DUP-00596,bfd342d55a2dab82f7349f730b4f97ebb125d030de752d676aa4a347ddba89d4,2,NOV-005005,NOVO,01_Assets_Organizados/Dungeon/tree_pine_yellow_large.glb,36228
DUP-00597,d3d1b3e058b8524a9d90ca5e2d50d96503f03a8fd30fa4ebbfb2b5b19c0af3ad,2,TEM-001834,TEMPLATE,public/models/dungeon/floor_dirt_small.glb,31824
DUP-00597,d3d1b3e058b8524a9d90ca5e2d50d96503f03a8fd30fa4ebbfb2b5b19c0af3ad,2,NOV-005006,NOVO,01_Assets_Organizados/Dungeon/floor_dirt_small.glb,31824
DUP-00598,1da339427692bf6dc72598c8ad75d4bbd156a04795354d8a02046c9333e904e4,2,TEM-001835,TEMPLATE,public/models/dungeon/tree_pine_orange_large.glb,36228
DUP-00598,1da339427692bf6dc72598c8ad75d4bbd156a04795354d8a02046c9333e904e4,2,NOV-005007,NOVO,01_Assets_Organizados/Dungeon/tree_pine_orange_large.glb,36228
DUP-00599,4fbe163b4801bfa49c6e24b9786fa50c35911abaad39f6da3d890286c014f825,2,TEM-001836,TEMPLATE,public/models/dungeon/floor_tile_grate_open.glb,32696
DUP-00599,4fbe163b4801bfa49c6e24b9786fa50c35911abaad39f6da3d890286c014f825,2,NOV-005008,NOVO,01_Assets_Organizados/Dungeon/floor_tile_grate_open.glb,32696
DUP-00600,236b697af9c2f3bf0bcb11c6242231d57f4462db8b000865b95c31d5941fd1e6,2,TEM-001837,TEMPLATE,public/models/dungeon/box_large.glb,33684
DUP-00600,236b697af9c2f3bf0bcb11c6242231d57f4462db8b000865b95c31d5941fd1e6,2,NOV-005009,NOVO,01_Assets_Organizados/Dungeon/box_large.glb,33684
DUP-00601,7463c02f24d792167eabe8240dcb1c53556918271f487f9c635c84c57ad21c93,4,TEM-001838,TEMPLATE,public/models/dungeon/torch_lit.glb,34136
DUP-00601,7463c02f24d792167eabe8240dcb1c53556918271f487f9c635c84c57ad21c93,4,TEM-002427,TEMPLATE,public/models/biome/kcas_torch.glb,34136
DUP-00601,7463c02f24d792167eabe8240dcb1c53556918271f487f9c635c84c57ad21c93,4,NOV-005010,NOVO,01_Assets_Organizados/Dungeon/torch_lit.glb,34136
DUP-00601,7463c02f24d792167eabe8240dcb1c53556918271f487f9c635c84c57ad21c93,4,NOV-005306,NOVO,01_Assets_Organizados/Nature/kcas_torch.glb,34136
DUP-00602,98e0ca266956d9b5a640094be83a5fa8c84e923a2938c54437c73ab83150c9c4,2,TEM-001839,TEMPLATE,public/models/dungeon/bar_outercorner.glb,38828
DUP-00602,98e0ca266956d9b5a640094be83a5fa8c84e923a2938c54437c73ab83150c9c4,2,NOV-005011,NOVO,01_Assets_Organizados/Dungeon/bar_outercorner.glb,38828
DUP-00603,94252fbd650b451f8358ad580daaa6250f7d72b02069aa1a0a36fecd867dee5b,2,TEM-001840,TEMPLATE,public/models/dungeon/banner_shield_blue.glb,39056
DUP-00603,94252fbd650b451f8358ad580daaa6250f7d72b02069aa1a0a36fecd867dee5b,2,NOV-005012,NOVO,01_Assets_Organizados/Dungeon/banner_shield_blue.glb,39056
DUP-00604,0d66f211740db25bc77316ff752105ef75f752f0734d3d08d30aa075e98cafdb,2,TEM-001841,TEMPLATE,public/models/dungeon/maze_short.glb,39672
DUP-00604,0d66f211740db25bc77316ff752105ef75f752f0734d3d08d30aa075e98cafdb,2,NOV-005013,NOVO,01_Assets_Organizados/Dungeon/maze_short.glb,39672
DUP-00605,7eab12249e435fd545b649626ba8f89512e574898ba9a8953581219b0f5336ba,2,TEM-001842,TEMPLATE,public/models/dungeon/bed_b_double.glb,46984
DUP-00605,7eab12249e435fd545b649626ba8f89512e574898ba9a8953581219b0f5336ba,2,NOV-005014,NOVO,01_Assets_Organizados/Dungeon/bed_b_double.glb,46984
DUP-00606,58684fd876835370de1e46e5feeffbc2d6bad4f62cadf50b95f415bf6ea34def,2,TEM-001843,TEMPLATE,public/models/dungeon/lollipop_green.glb,34116
DUP-00606,58684fd876835370de1e46e5feeffbc2d6bad4f62cadf50b95f415bf6ea34def,2,NOV-005016,NOVO,01_Assets_Organizados/Dungeon/lollipop_green.glb,34116
DUP-00607,ae068fe49b4daa58b89b801b11b0d8382929983d4cff40946303d3564eee1a80,2,TEM-001844,TEMPLATE,public/models/dungeon/banner_blue.glb,29200
DUP-00607,ae068fe49b4daa58b89b801b11b0d8382929983d4cff40946303d3564eee1a80,2,NOV-005017,NOVO,01_Assets_Organizados/Dungeon/banner_blue.glb,29200
DUP-00608,1988a565b42f47281a533e7fa162d0c9453e897e57cade346fdd25843705cfae,2,TEM-001845,TEMPLATE,public/models/dungeon/trunk_small_c.glb,34108
DUP-00608,1988a565b42f47281a533e7fa162d0c9453e897e57cade346fdd25843705cfae,2,NOV-005018,NOVO,01_Assets_Organizados/Dungeon/trunk_small_c.glb,34108
DUP-00609,cfce8b02e5f31a45c4004ec7330d243af26dd8f5615e31de897c08d5b3c7914c,4,TEM-001846,TEMPLATE,public/models/dungeon/barrier_corner.glb,32820
DUP-00609,cfce8b02e5f31a45c4004ec7330d243af26dd8f5615e31de897c08d5b3c7914c,4,TEM-002408,TEMPLATE,public/models/biome/kcas_barrier_corner.glb,32820
DUP-00609,cfce8b02e5f31a45c4004ec7330d243af26dd8f5615e31de897c08d5b3c7914c,4,NOV-005019,NOVO,01_Assets_Organizados/Dungeon/barrier_corner.glb,32820
DUP-00609,cfce8b02e5f31a45c4004ec7330d243af26dd8f5615e31de897c08d5b3c7914c,4,NOV-005286,NOVO,01_Assets_Organizados/Nature/kcas_barrier_corner.glb,32820
DUP-00610,ec2a0de38750415ba7e235d906f99a41b008552c403981d3d7a959330fe7ba2b,2,TEM-001847,TEMPLATE,public/models/dungeon/barrel_small.glb,34692
DUP-00610,ec2a0de38750415ba7e235d906f99a41b008552c403981d3d7a959330fe7ba2b,2,NOV-005020,NOVO,01_Assets_Organizados/Dungeon/barrel_small.glb,34692
DUP-00611,fab3c69ddbc3eebceff7e92591b6b4dd8d4152de4c6c32a71b63eff57346dc01,2,TEM-001848,TEMPLATE,public/models/dungeon/wall_tsplit.glb,42356
DUP-00611,fab3c69ddbc3eebceff7e92591b6b4dd8d4152de4c6c32a71b63eff57346dc01,2,NOV-005021,NOVO,01_Assets_Organizados/Dungeon/wall_tsplit.glb,42356
DUP-00612,58c37a42bd7e5fac4cfaff6cacd2f8f419fd31b0b75d2f1684ac6da9fbc514a8,2,TEM-001849,TEMPLATE,public/models/dungeon/bottle_a_green.glb,33188
DUP-00612,58c37a42bd7e5fac4cfaff6cacd2f8f419fd31b0b75d2f1684ac6da9fbc514a8,2,NOV-005022,NOVO,01_Assets_Organizados/Dungeon/bottle_a_green.glb,33188
DUP-00613,871d93cc597c6749c39a43e03604f83d2ad63e14931c0d08ca4b8464d96e840f,2,TEM-001850,TEMPLATE,public/models/dungeon/banner_thin_white.glb,28868
DUP-00613,871d93cc597c6749c39a43e03604f83d2ad63e14931c0d08ca4b8464d96e840f,2,NOV-005023,NOVO,01_Assets_Organizados/Dungeon/banner_thin_white.glb,28868
DUP-00614,56e351a105b77b12f80a07b2a861625e1c70587df38758360f6428500b639d49,2,TEM-001851,TEMPLATE,public/models/dungeon/scaffold_pillar_corner.glb,31340
DUP-00614,56e351a105b77b12f80a07b2a861625e1c70587df38758360f6428500b639d49,2,NOV-005024,NOVO,01_Assets_Organizados/Dungeon/scaffold_pillar_corner.glb,31340
DUP-00615,fb94d445864b2886d10e532a2ccc8c59cc8bf3f03801be8f9645471096603006,2,TEM-001852,TEMPLATE,public/models/dungeon/bookcase_double_decoratedb.glb,63812
DUP-00615,fb94d445864b2886d10e532a2ccc8c59cc8bf3f03801be8f9645471096603006,2,NOV-005025,NOVO,01_Assets_Organizados/Dungeon/bookcase_double_decoratedb.glb,63812
DUP-00616,b7123f47705fe8db7d225bbefbb301b63619ef99d83ae46684c0268c2ea1a117,2,TEM-001853,TEMPLATE,public/models/dungeon/bottle_a_labeled_brown.glb,33080
DUP-00616,b7123f47705fe8db7d225bbefbb301b63619ef99d83ae46684c0268c2ea1a117,2,NOV-005027,NOVO,01_Assets_Organizados/Dungeon/bottle_a_labeled_brown.glb,33080
DUP-00617,0271d2211631ce9c3817e062118ac87b506459f09fe5b0237958b97f71d6d0ec,2,TEM-001854,TEMPLATE,public/models/dungeon/candle_triple.glb,30616
DUP-00617,0271d2211631ce9c3817e062118ac87b506459f09fe5b0237958b97f71d6d0ec,2,NOV-005028,NOVO,01_Assets_Organizados/Dungeon/candle_triple.glb,30616
DUP-00618,a38a2c58e713c86c13c51f4c99b578f3cce2fbdea85fb2be0d4ab1cb6ea3f1d3,2,TEM-001855,TEMPLATE,public/models/dungeon/scaffold_pillar_wall.glb,31368
DUP-00618,a38a2c58e713c86c13c51f4c99b578f3cce2fbdea85fb2be0d4ab1cb6ea3f1d3,2,NOV-005029,NOVO,01_Assets_Organizados/Dungeon/scaffold_pillar_wall.glb,31368
DUP-00619,3b393be5e8ea03082bdb65f5b86c207cd86ed922bd0558f4ab87853a07cc1e73,2,TEM-001856,TEMPLATE,public/models/dungeon/banner_patterna_blue.glb,32664
DUP-00619,3b393be5e8ea03082bdb65f5b86c207cd86ed922bd0558f4ab87853a07cc1e73,2,NOV-005030,NOVO,01_Assets_Organizados/Dungeon/banner_patterna_blue.glb,32664
DUP-00620,370e145408cf9aaaf9d95caabf83ad64376b5614cb9e370d695f81716b4e26e7,2,TEM-001857,TEMPLATE,public/models/dungeon/candy_orange_b.glb,32652
DUP-00620,370e145408cf9aaaf9d95caabf83ad64376b5614cb9e370d695f81716b4e26e7,2,NOV-005031,NOVO,01_Assets_Organizados/Dungeon/candy_orange_b.glb,32652
DUP-00621,e9e85e922f8a3861cdfe93b7a40627b7a0b730057edf7e7a6bba6f04776e290d,2,TEM-001858,TEMPLATE,public/models/dungeon/sign_both.glb,33752
DUP-00621,e9e85e922f8a3861cdfe93b7a40627b7a0b730057edf7e7a6bba6f04776e290d,2,NOV-005034,NOVO,01_Assets_Organizados/Dungeon/sign_both.glb,33752
DUP-00622,f34a5c56728721c237cd6e634c9d1a90d79d5d56cecca742c697fe8310b31563,2,TEM-001859,TEMPLATE,public/models/dungeon/barrel_large_decorated.glb,45748
DUP-00622,f34a5c56728721c237cd6e634c9d1a90d79d5d56cecca742c697fe8310b31563,2,NOV-005036,NOVO,01_Assets_Organizados/Dungeon/barrel_large_decorated.glb,45748
DUP-00623,b73f505c224b1872a72688f02719bdf11514a34d2e2c05721b2ea5ad4adbb6d2,2,TEM-001860,TEMPLATE,public/models/dungeon/wall_half_endcap_sloped.glb,34996
DUP-00623,b73f505c224b1872a72688f02719bdf11514a34d2e2c05721b2ea5ad4adbb6d2,2,NOV-005037,NOVO,01_Assets_Organizados/Dungeon/wall_half_endcap_sloped.glb,34996
DUP-00624,7f148d28c6f203800d8a29bc4ec5816a77fc93dd3a12c08ed5ffbcc17891c522,4,TEM-001861,TEMPLATE,public/models/dungeon/wall_broken.glb,45396
DUP-00624,7f148d28c6f203800d8a29bc4ec5816a77fc93dd3a12c08ed5ffbcc17891c522,4,TEM-002491,TEMPLATE,public/models/biome/kcas_wall_broken.glb,45396
DUP-00624,7f148d28c6f203800d8a29bc4ec5816a77fc93dd3a12c08ed5ffbcc17891c522,4,NOV-005039,NOVO,01_Assets_Organizados/Dungeon/wall_broken.glb,45396
DUP-00624,7f148d28c6f203800d8a29bc4ec5816a77fc93dd3a12c08ed5ffbcc17891c522,4,NOV-005368,NOVO,01_Assets_Organizados/Nature/kcas_wall_broken.glb,45396
DUP-00625,a88b81a6282ebae42310b2c4790f0d495874ad69568c150607f23fb16c8ae4c1,2,TEM-001862,TEMPLATE,public/models/dungeon/table_small_decorated_b.glb,57312
DUP-00625,a88b81a6282ebae42310b2c4790f0d495874ad69568c150607f23fb16c8ae4c1,2,NOV-005040,NOVO,01_Assets_Organizados/Dungeon/table_small_decorated_b.glb,57312
DUP-00626,5899c0fe6867837763777d66e8f7e9e07d6e97857535d90139f3245833d2cf7b,2,TEM-001863,TEMPLATE,public/models/dungeon/bottle_c_green.glb,33192
DUP-00626,5899c0fe6867837763777d66e8f7e9e07d6e97857535d90139f3245833d2cf7b,2,NOV-005041,NOVO,01_Assets_Organizados/Dungeon/bottle_c_green.glb,33192
DUP-00627,b00e1021b569e065222a050e4da2d4da4901058445a26d32f01a7ed041830155,2,TEM-001864,TEMPLATE,public/models/dungeon/wall_corner_gated.glb,39032
DUP-00627,b00e1021b569e065222a050e4da2d4da4901058445a26d32f01a7ed041830155,2,NOV-005042,NOVO,01_Assets_Organizados/Dungeon/wall_corner_gated.glb,39032
DUP-00628,973bca30b26595c6ad985341944a983efef74c873d88d7ca8603bd2297259845,2,TEM-001865,TEMPLATE,public/models/dungeon/candle_lit.glb,28892
DUP-00628,973bca30b26595c6ad985341944a983efef74c873d88d7ca8603bd2297259845,2,NOV-005043,NOVO,01_Assets_Organizados/Dungeon/candle_lit.glb,28892
DUP-00629,7430a5c97811930a9bdf052fe3fc5632ac0a645fcaa715397cd929c5bcd6cc4e,2,TEM-001866,TEMPLATE,public/models/dungeon/floor_tile_large_rocks.glb,33820
DUP-00629,7430a5c97811930a9bdf052fe3fc5632ac0a645fcaa715397cd929c5bcd6cc4e,2,NOV-005044,NOVO,01_Assets_Organizados/Dungeon/floor_tile_large_rocks.glb,33820
DUP-00630,b8ccd650e25841adb7c8fe7a50b4b8b714ece74822d18f92f2d5f7de53a7183a,2,TEM-001867,TEMPLATE,public/models/dungeon/scarecrow.glb,50984
DUP-00630,b8ccd650e25841adb7c8fe7a50b4b8b714ece74822d18f92f2d5f7de53a7183a,2,NOV-005045,NOVO,01_Assets_Organizados/Dungeon/scarecrow.glb,50984
DUP-00631,e364da323b45d77dab1c5d5e75c863f850a01c673fea4d429f7e688fa0b9c244,2,TEM-001868,TEMPLATE,public/models/dungeon/tree_pine_orange_small.glb,35036
DUP-00631,e364da323b45d77dab1c5d5e75c863f850a01c673fea4d429f7e688fa0b9c244,2,NOV-005046,NOVO,01_Assets_Organizados/Dungeon/tree_pine_orange_small.glb,35036
DUP-00632,6a8cd8cf920a9b9d7d044dab05aca3a6e7da07a53d00e10c2581b1d44d4291b5,2,TEM-001869,TEMPLATE,public/models/dungeon/tree_pine_orange_medium.glb,36200
DUP-00632,6a8cd8cf920a9b9d7d044dab05aca3a6e7da07a53d00e10c2581b1d44d4291b5,2,NOV-005047,NOVO,01_Assets_Organizados/Dungeon/tree_pine_orange_medium.glb,36200
DUP-00633,4ec1457b5229463a0e1a94050f84b4facdc034149d4fec0e1049dc28e06c10e7,2,TEM-001870,TEMPLATE,public/models/dungeon/stairs_modular_left.glb,34520
DUP-00633,4ec1457b5229463a0e1a94050f84b4facdc034149d4fec0e1049dc28e06c10e7,2,NOV-005048,NOVO,01_Assets_Organizados/Dungeon/stairs_modular_left.glb,34520
DUP-00634,7fd709533b447bbb3742cd8e9897204d17748d5c55806278d7e6cabd32bf21d6,2,TEM-001871,TEMPLATE,public/models/dungeon/wall_inset.glb,43692
DUP-00634,7fd709533b447bbb3742cd8e9897204d17748d5c55806278d7e6cabd32bf21d6,2,NOV-005049,NOVO,01_Assets_Organizados/Dungeon/wall_inset.glb,43692
DUP-00635,4e190c06b5f2499a7c3a1860e7f2b3f2f1db9d9bcff1b5f91c3a18b55235a214,2,TEM-001872,TEMPLATE,public/models/dungeon/pumpkin_orange_small.glb,33496
DUP-00635,4e190c06b5f2499a7c3a1860e7f2b3f2f1db9d9bcff1b5f91c3a18b55235a214,2,NOV-005050,NOVO,01_Assets_Organizados/Dungeon/pumpkin_orange_small.glb,33496
DUP-00636,14c4391f9304402aed41885962512689a3b01d482f07d181e6cf1dbd1e1466d4,2,TEM-001873,TEMPLATE,public/models/dungeon/bed_a_single.glb,37876
DUP-00636,14c4391f9304402aed41885962512689a3b01d482f07d181e6cf1dbd1e1466d4,2,NOV-005051,NOVO,01_Assets_Organizados/Dungeon/bed_a_single.glb,37876
DUP-00637,59ae494e651c2cf64875870fbbc36b847cbe7e23069a8cfb9cc9dd4d09606de8,2,TEM-001874,TEMPLATE,public/models/dungeon/haybale.glb,37360
DUP-00637,59ae494e651c2cf64875870fbbc36b847cbe7e23069a8cfb9cc9dd4d09606de8,2,NOV-005052,NOVO,01_Assets_Organizados/Dungeon/haybale.glb,37360
DUP-00638,afd32c202ae49cfc5fb9d412958eb581fbbbed572ace70d12ae3bb3e3785dc2e,2,TEM-001875,TEMPLATE,public/models/dungeon/torch.glb,33720
DUP-00638,afd32c202ae49cfc5fb9d412958eb581fbbbed572ace70d12ae3bb3e3785dc2e,2,NOV-005053,NOVO,01_Assets_Organizados/Dungeon/torch.glb,33720
DUP-00639,220590b19655ad340456d881ef0d50fc6b005a94fa6e401b424abe0737476265,2,TEM-001876,TEMPLATE,public/models/dungeon/floor_dirt.glb,32464
DUP-00639,220590b19655ad340456d881ef0d50fc6b005a94fa6e401b424abe0737476265,2,NOV-005054,NOVO,01_Assets_Organizados/Dungeon/floor_dirt.glb,32464
DUP-00640,5679019ca00545f46416819bb7bafe47a023fcfb6f5ed42333c2d1d53c2e7e53,2,TEM-001877,TEMPLATE,public/models/dungeon/wooden_gate.glb,32516
DUP-00640,5679019ca00545f46416819bb7bafe47a023fcfb6f5ed42333c2d1d53c2e7e53,2,NOV-005055,NOVO,01_Assets_Organizados/Dungeon/wooden_gate.glb,32516
DUP-00641,90b0867fe5c314081fb6fede0459266419f442896029e4a576eef93b7903e0c5,2,TEM-001878,TEMPLATE,public/models/dungeon/pickaxe_gold.glb,32268
DUP-00641,90b0867fe5c314081fb6fede0459266419f442896029e4a576eef93b7903e0c5,2,NOV-005056,NOVO,01_Assets_Organizados/Dungeon/pickaxe_gold.glb,32268
DUP-00642,72869c206597066264e05ef81226d9a2a0ac1c21acb9d287e611375ce90df8c5,2,TEM-001879,TEMPLATE,public/models/dungeon/bottle_a_labeled_green.glb,33232
DUP-00642,72869c206597066264e05ef81226d9a2a0ac1c21acb9d287e611375ce90df8c5,2,NOV-005057,NOVO,01_Assets_Organizados/Dungeon/bottle_a_labeled_green.glb,33232
DUP-00643,b3b7e0b3ed0994afd1aa7bcf4aff2563b41c9919e6677f477a6a8d13ae2e0575,2,TEM-001880,TEMPLATE,public/models/dungeon/book_brown.glb,31360
DUP-00643,b3b7e0b3ed0994afd1aa7bcf4aff2563b41c9919e6677f477a6a8d13ae2e0575,2,NOV-005058,NOVO,01_Assets_Organizados/Dungeon/book_brown.glb,31360
DUP-00644,cb501ba0c87ffe85ae5a6b80f67a57df6492a462be318fde593023de476a6feb,2,TEM-001881,TEMPLATE,public/models/dungeon/bar_straight_a.glb,35352
DUP-00644,cb501ba0c87ffe85ae5a6b80f67a57df6492a462be318fde593023de476a6feb,2,NOV-005059,NOVO,01_Assets_Organizados/Dungeon/bar_straight_a.glb,35352
DUP-00645,dc87623f49933d4264a1eca0736cf2db9251b3ac7a3a8bc9658a98759df97c69,2,TEM-001883,TEMPLATE,public/models/dungeon/floor_tile_extralarge_grates.glb,42592
DUP-00645,dc87623f49933d4264a1eca0736cf2db9251b3ac7a3a8bc9658a98759df97c69,2,NOV-005061,NOVO,01_Assets_Organizados/Dungeon/floor_tile_extralarge_grates.glb,42592
DUP-00646,2a76e65aaa0d855eaf1ff2c38e2cfa688a2c694304d9c2abbe962b4d7d7f400d,2,TEM-001884,TEMPLATE,public/models/dungeon/candy_brown_c.glb,32640
DUP-00646,2a76e65aaa0d855eaf1ff2c38e2cfa688a2c694304d9c2abbe962b4d7d7f400d,2,NOV-005062,NOVO,01_Assets_Organizados/Dungeon/candy_brown_c.glb,32640
DUP-00647,b3a34869dbca60ddbd7daf43d8dff195eaa3433b825b024feb6868f4d76dffcf,2,TEM-001885,TEMPLATE,public/models/dungeon/wall_doorway_scaffold.glb,48564
DUP-00647,b3a34869dbca60ddbd7daf43d8dff195eaa3433b825b024feb6868f4d76dffcf,2,NOV-005063,NOVO,01_Assets_Organizados/Dungeon/wall_doorway_scaffold.glb,48564
DUP-00648,0c049eeda0952056a88ad584424a8beeab22b8f62f2c68ddb36d1756b06063b6,4,TEM-001886,TEMPLATE,public/models/dungeon/banner_triple_red.glb,35344
DUP-00648,0c049eeda0952056a88ad584424a8beeab22b8f62f2c68ddb36d1756b06063b6,4,TEM-002420,TEMPLATE,public/models/biome/kcas_banner_red_triple.glb,35344
DUP-00648,0c049eeda0952056a88ad584424a8beeab22b8f62f2c68ddb36d1756b06063b6,4,NOV-005064,NOVO,01_Assets_Organizados/Dungeon/banner_triple_red.glb,35344
DUP-00648,0c049eeda0952056a88ad584424a8beeab22b8f62f2c68ddb36d1756b06063b6,4,NOV-005298,NOVO,01_Assets_Organizados/Nature/kcas_banner_red_triple.glb,35344
DUP-00649,2d6902a13bd122c26dd9e1ab728c531775f88ee678c7768a1723f229825c5c4c,2,TEM-001887,TEMPLATE,public/models/dungeon/pitchfork.glb,34932
DUP-00649,2d6902a13bd122c26dd9e1ab728c531775f88ee678c7768a1723f229825c5c4c,2,NOV-005065,NOVO,01_Assets_Organizados/Dungeon/pitchfork.glb,34932
DUP-00650,01db3248993122314b61fd61aab905586b2ca37c289d35f626f69b8c98322a10,2,TEM-001888,TEMPLATE,public/models/dungeon/floor_tile_small_broken_A.glb,28424
DUP-00650,01db3248993122314b61fd61aab905586b2ca37c289d35f626f69b8c98322a10,2,NOV-005066,NOVO,01_Assets_Organizados/Dungeon/floor_tile_small_broken_A.glb,28424
DUP-00651,4bf443bc4f0f06a1f7b9dd4be352fa96be48528b50eec8c0242537ded04369af,2,TEM-001889,TEMPLATE,public/models/dungeon/floor_tile_big_grate.glb,35660
DUP-00651,4bf443bc4f0f06a1f7b9dd4be352fa96be48528b50eec8c0242537ded04369af,2,NOV-005067,NOVO,01_Assets_Organizados/Dungeon/floor_tile_big_grate.glb,35660
DUP-00652,218a08c516538bcc808a455376dd1a2149ddf72f3cf963bad074f8e908e9a17f,2,TEM-001890,TEMPLATE,public/models/dungeon/gravemarker_A.glb,29740
DUP-00652,218a08c516538bcc808a455376dd1a2149ddf72f3cf963bad074f8e908e9a17f,2,NOV-005068,NOVO,01_Assets_Organizados/Dungeon/gravemarker_A.glb,29740
DUP-00653,5666d419154d5a57239675b74b69b202d418cead1cb23428c1f279bddc915085,2,TEM-001891,TEMPLATE,public/models/dungeon/tree_dead_large.glb,32600
DUP-00653,5666d419154d5a57239675b74b69b202d418cead1cb23428c1f279bddc915085,2,NOV-005069,NOVO,01_Assets_Organizados/Dungeon/tree_dead_large.glb,32600
DUP-00654,6403266b1cd346a7fe246e4f0a961787e9155185acf696042f1f0156da4c1f7d,2,TEM-001892,TEMPLATE,public/models/dungeon/wall_half_endcap.glb,35948
DUP-00654,6403266b1cd346a7fe246e4f0a961787e9155185acf696042f1f0156da4c1f7d,2,NOV-005070,NOVO,01_Assets_Organizados/Dungeon/wall_half_endcap.glb,35948
DUP-00655,4f6050a7af7d5f62c0790b3f1a574c8a6ac5be063fba139d6431990a36e75779,2,TEM-001893,TEMPLATE,public/models/dungeon/wall_doorway_tsplit.glb,50920
DUP-00655,4f6050a7af7d5f62c0790b3f1a574c8a6ac5be063fba139d6431990a36e75779,2,NOV-005071,NOVO,01_Assets_Organizados/Dungeon/wall_doorway_tsplit.glb,50920
DUP-00656,76fecfa8d9a5f9cfd6a2d106457b5c3cbca46be4d30a129aa81f61db9d96bacf,2,TEM-001894,TEMPLATE,public/models/dungeon/stairs.glb,37852
DUP-00656,76fecfa8d9a5f9cfd6a2d106457b5c3cbca46be4d30a129aa81f61db9d96bacf,2,NOV-005072,NOVO,01_Assets_Organizados/Dungeon/stairs.glb,37852
DUP-00657,b7d620616be5f3bcf0ae7ccedf556de222772c49a74326b42d1691bc9710a580,2,TEM-001895,TEMPLATE,public/models/dungeon/lantern_hanging.glb,36308
DUP-00657,b7d620616be5f3bcf0ae7ccedf556de222772c49a74326b42d1691bc9710a580,2,NOV-005073,NOVO,01_Assets_Organizados/Dungeon/lantern_hanging.glb,36308
DUP-00658,3b011ca71dcb4ba63657e537999fa0520b61d2b30b6964316974935dca1e9281,2,TEM-001896,TEMPLATE,public/models/dungeon/candy_bucket_a.glb,34812
DUP-00658,3b011ca71dcb4ba63657e537999fa0520b61d2b30b6964316974935dca1e9281,2,NOV-005074,NOVO,01_Assets_Organizados/Dungeon/candy_bucket_a.glb,34812
DUP-00659,7c73d5f44fb0a92c4b7f8d2d92476eb7c6c5d2780145418809948276c2f6d6c3,2,TEM-001897,TEMPLATE,public/models/dungeon/banner_red.glb,32344
DUP-00659,7c73d5f44fb0a92c4b7f8d2d92476eb7c6c5d2780145418809948276c2f6d6c3,2,NOV-005075,NOVO,01_Assets_Organizados/Dungeon/banner_red.glb,32344
DUP-00660,9a39a09bee4bb8dcc6d8ce719609d45a58f6038794ed5afa4c085dfcf9a906ef,2,TEM-001898,TEMPLATE,public/models/dungeon/barrier_column.glb,32268
DUP-00660,9a39a09bee4bb8dcc6d8ce719609d45a58f6038794ed5afa4c085dfcf9a906ef,2,NOV-005076,NOVO,01_Assets_Organizados/Dungeon/barrier_column.glb,32268
DUP-00661,8e239c766cb73805f29e5efaf973ffbed098a840907b186a87ce1697e479c0bb,2,TEM-001899,TEMPLATE,public/models/dungeon/rocks_decorated.glb,43116
DUP-00661,8e239c766cb73805f29e5efaf973ffbed098a840907b186a87ce1697e479c0bb,2,NOV-005077,NOVO,01_Assets_Organizados/Dungeon/rocks_decorated.glb,43116
DUP-00662,9dac323a02396d220317e8a3739e9cc81ca5122c990e94a00082183bee900c70,2,TEM-001900,TEMPLATE,public/models/dungeon/bed_floor.glb,32616
DUP-00662,9dac323a02396d220317e8a3739e9cc81ca5122c990e94a00082183bee900c70,2,NOV-005078,NOVO,01_Assets_Organizados/Dungeon/bed_floor.glb,32616
DUP-00663,8fdcf0a03b6a65246fa517278bba10a0097e23b2bd5e39a510ed590e8082a216,2,TEM-001901,TEMPLATE,public/models/dungeon/banner_patternc_brown.glb,32452
DUP-00663,8fdcf0a03b6a65246fa517278bba10a0097e23b2bd5e39a510ed590e8082a216,2,NOV-005079,NOVO,01_Assets_Organizados/Dungeon/banner_patternc_brown.glb,32452
DUP-00664,da6659be7ea57794832fbf445422ab12e9f953933171dcb3cc2679230ca7c01e,2,TEM-001902,TEMPLATE,public/models/dungeon/tree_dead_small.glb,31976
DUP-00664,da6659be7ea57794832fbf445422ab12e9f953933171dcb3cc2679230ca7c01e,2,NOV-005080,NOVO,01_Assets_Organizados/Dungeon/tree_dead_small.glb,31976
DUP-00665,739b653d11c028cd97bac5e7bce7e7d363410cfbf5e27800b0e39af458c0a1f0,2,TEM-001903,TEMPLATE,public/models/dungeon/shelf_large.glb,31692
DUP-00665,739b653d11c028cd97bac5e7bce7e7d363410cfbf5e27800b0e39af458c0a1f0,2,NOV-005081,NOVO,01_Assets_Organizados/Dungeon/shelf_large.glb,31692
DUP-00666,b665d68fb44557f6c6545fc153dd6f3d6ee8d5e2e707452913f2d886075c0719,2,TEM-001904,TEMPLATE,public/models/dungeon/wall.glb,38296
DUP-00666,b665d68fb44557f6c6545fc153dd6f3d6ee8d5e2e707452913f2d886075c0719,2,NOV-005082,NOVO,01_Assets_Organizados/Dungeon/wall.glb,38296
DUP-00667,ec7b392ebee02f93ae9f2e227f59e8e435e5052bd838469f9492dcbb8e34e3d2,2,TEM-001905,TEMPLATE,public/models/dungeon/floor_tile_large.glb,30248
DUP-00667,ec7b392ebee02f93ae9f2e227f59e8e435e5052bd838469f9492dcbb8e34e3d2,2,NOV-005083,NOVO,01_Assets_Organizados/Dungeon/floor_tile_large.glb,30248
DUP-00668,aee0cd9ccadaf3398c7832639bfd1b3b1a556db3aed66228c3a191beb445f6b3,2,TEM-001906,TEMPLATE,public/models/dungeon/rubble_half.glb,33464
DUP-00668,aee0cd9ccadaf3398c7832639bfd1b3b1a556db3aed66228c3a191beb445f6b3,2,NOV-005084,NOVO,01_Assets_Organizados/Dungeon/rubble_half.glb,33464
DUP-00669,e0f0665b480a0fb4e5c15069cb11d1253d5b2ed72416aa333af0fcfb7206d91f,2,TEM-001907,TEMPLATE,public/models/dungeon/stairs_long_modular_right.glb,35408
DUP-00669,e0f0665b480a0fb4e5c15069cb11d1253d5b2ed72416aa333af0fcfb7206d91f,2,NOV-005085,NOVO,01_Assets_Organizados/Dungeon/stairs_long_modular_right.glb,35408
DUP-00670,706f2bccb4d546ee8d350b2e38d8d0bed5f94ebe0f3fd17c4e5e9418f57bdf58,2,TEM-001908,TEMPLATE,public/models/dungeon/plate_stack.glb,35240
DUP-00670,706f2bccb4d546ee8d350b2e38d8d0bed5f94ebe0f3fd17c4e5e9418f57bdf58,2,NOV-005086,NOVO,01_Assets_Organizados/Dungeon/plate_stack.glb,35240
DUP-00671,4325e4fd5707e26f18cd371be30f776c2ea22352baf8b4c55220fc3746e502fe,2,TEM-001909,TEMPLATE,public/models/dungeon/bar_straight_b.glb,35092
DUP-00671,4325e4fd5707e26f18cd371be30f776c2ea22352baf8b4c55220fc3746e502fe,2,NOV-005087,NOVO,01_Assets_Organizados/Dungeon/bar_straight_b.glb,35092
DUP-00672,10564f613b10305cd1e85c5ef60c7776acf32dcdb9b6bfb17ab698d532e6598a,2,TEM-001910,TEMPLATE,public/models/dungeon/wall_doorway_sides.glb,53108
DUP-00672,10564f613b10305cd1e85c5ef60c7776acf32dcdb9b6bfb17ab698d532e6598a,2,NOV-005089,NOVO,01_Assets_Organizados/Dungeon/wall_doorway_sides.glb,53108
DUP-00673,3453ee5ba8657a3dd1987937a86b580fed4af9ce8bde735c5705508d33135266,2,TEM-001911,TEMPLATE,public/models/dungeon/scaffold_pillar_wall_cross_top.glb,31740
DUP-00673,3453ee5ba8657a3dd1987937a86b580fed4af9ce8bde735c5705508d33135266,2,NOV-005090,NOVO,01_Assets_Organizados/Dungeon/scaffold_pillar_wall_cross_top.glb,31740
DUP-00674,b023188104140293b1f041b2700bd08c4e3d8a45204d384174a12daa6328f68c,2,TEM-001912,TEMPLATE,public/models/dungeon/table_round_large.glb,39036
DUP-00674,b023188104140293b1f041b2700bd08c4e3d8a45204d384174a12daa6328f68c,2,NOV-005091,NOVO,01_Assets_Organizados/Dungeon/table_round_large.glb,39036
DUP-00675,b58259dee972edd29cb143ef35a10c516418df6113613b2110c639367c32fd70,2,TEM-001913,TEMPLATE,public/models/dungeon/wall_tsplit_sloped.glb,41668
DUP-00675,b58259dee972edd29cb143ef35a10c516418df6113613b2110c639367c32fd70,2,NOV-005092,NOVO,01_Assets_Organizados/Dungeon/wall_tsplit_sloped.glb,41668
DUP-00676,2a9c4df786fbcc0ad893b77a6afe3e0005b5c05fce42ed300ae724fba958fd9f,2,TEM-001914,TEMPLATE,public/models/dungeon/table_medium_decorated_a.glb,47104
DUP-00676,2a9c4df786fbcc0ad893b77a6afe3e0005b5c05fce42ed300ae724fba958fd9f,2,NOV-005093,NOVO,01_Assets_Organizados/Dungeon/table_medium_decorated_a.glb,47104
DUP-00677,7746a6c01ff663e18965bc71deb55653c7169231378f6e94238f8946f9a3abf8,2,TEM-001915,TEMPLATE,public/models/dungeon/table_medium_tablecloth.glb,35024
DUP-00677,7746a6c01ff663e18965bc71deb55653c7169231378f6e94238f8946f9a3abf8,2,NOV-005094,NOVO,01_Assets_Organizados/Dungeon/table_medium_tablecloth.glb,35024
DUP-00678,403e29d8ec02e6640b4a124104cb924dfb4bbb70cebd82ab15c66929bc76e2ff,2,TEM-001916,TEMPLATE,public/models/dungeon/floor_dirt_small_a.glb,31440
DUP-00678,403e29d8ec02e6640b4a124104cb924dfb4bbb70cebd82ab15c66929bc76e2ff,2,NOV-005095,NOVO,01_Assets_Organizados/Dungeon/floor_dirt_small_a.glb,31440
DUP-00679,246ae23c72797ca5a229f9d69333a3f943fa41ce5fc9fc9ab616082f344ea40b,2,TEM-001917,TEMPLATE,public/models/dungeon/banner_patternb_yellow.glb,32452
DUP-00679,246ae23c72797ca5a229f9d69333a3f943fa41ce5fc9fc9ab616082f344ea40b,2,NOV-005096,NOVO,01_Assets_Organizados/Dungeon/banner_patternb_yellow.glb,32452
DUP-00680,4dbb053892eab90421516dc7a16f85823d106d4611bf1fc54f14d558c4d8d054,2,TEM-001918,TEMPLATE,public/models/dungeon/candy_pink_a.glb,32648
DUP-00680,4dbb053892eab90421516dc7a16f85823d106d4611bf1fc54f14d558c4d8d054,2,NOV-005097,NOVO,01_Assets_Organizados/Dungeon/candy_pink_a.glb,32648
DUP-00681,8c28f9ca31126cabde2db9848871c857343c40fa2174e5273d568a9d1e9c1769,4,TEM-001919,TEMPLATE,public/models/dungeon/wall_half.glb,36028
DUP-00681,8c28f9ca31126cabde2db9848871c857343c40fa2174e5273d568a9d1e9c1769,4,TEM-002365,TEMPLATE,public/models/biome/kcas_wall_half.glb,36028
DUP-00681,8c28f9ca31126cabde2db9848871c857343c40fa2174e5273d568a9d1e9c1769,4,NOV-005098,NOVO,01_Assets_Organizados/Dungeon/wall_half.glb,36028
DUP-00681,8c28f9ca31126cabde2db9848871c857343c40fa2174e5273d568a9d1e9c1769,4,NOV-005242,NOVO,01_Assets_Organizados/Nature/kcas_wall_half.glb,36028
DUP-00682,16ae37e5e353500da72b44ab02f045f1fb8231ada27da3eb228b5f351c999cdb,2,TEM-001920,TEMPLATE,public/models/dungeon/scaffold_beams_connected.glb,32220
DUP-00682,16ae37e5e353500da72b44ab02f045f1fb8231ada27da3eb228b5f351c999cdb,2,NOV-005100,NOVO,01_Assets_Organizados/Dungeon/scaffold_beams_connected.glb,32220
DUP-00683,e312da59112900118620aaed0795016e923157b4570a6f95d13d61283da90468,2,TEM-001921,TEMPLATE,public/models/dungeon/candy_purple_b.glb,32640
DUP-00683,e312da59112900118620aaed0795016e923157b4570a6f95d13d61283da90468,2,NOV-005101,NOVO,01_Assets_Organizados/Dungeon/candy_purple_b.glb,32640
DUP-00684,11ab859bb710d753210414c4039e7d70de0fe2f61db018d1095e8f7a51a7c138,2,TEM-001922,TEMPLATE,public/models/dungeon/wall_sloped.glb,35880
DUP-00684,11ab859bb710d753210414c4039e7d70de0fe2f61db018d1095e8f7a51a7c138,2,NOV-005102,NOVO,01_Assets_Organizados/Dungeon/wall_sloped.glb,35880
DUP-00685,40c4cacf58c00dc8a33b215a283b82b5ea1258e3bb0e0a1716d28d285661b6d9,2,TEM-001923,TEMPLATE,public/models/dungeon/banner_patterna_green.glb,32668
DUP-00685,40c4cacf58c00dc8a33b215a283b82b5ea1258e3bb0e0a1716d28d285661b6d9,2,NOV-005103,NOVO,01_Assets_Organizados/Dungeon/banner_patterna_green.glb,32668
DUP-00686,7d601ce8a40773d6686f1d40404a93d91c7bd2ba215f25bafa33d8a2ff79cb6f,2,TEM-001924,TEMPLATE,public/models/dungeon/banner_triple_yellow.glb,35352
DUP-00686,7d601ce8a40773d6686f1d40404a93d91c7bd2ba215f25bafa33d8a2ff79cb6f,2,NOV-005104,NOVO,01_Assets_Organizados/Dungeon/banner_triple_yellow.glb,35352
DUP-00687,6c00e61dd375b3a01998951306a2052dda9f1a9d09b09be62c934a2c644f8445,2,TEM-001925,TEMPLATE,public/models/dungeon/pillar.glb,29452
DUP-00687,6c00e61dd375b3a01998951306a2052dda9f1a9d09b09be62c934a2c644f8445,2,NOV-005105,NOVO,01_Assets_Organizados/Dungeon/pillar.glb,29452
DUP-00688,72c715a3e0e891a69e7999f51fc187f6dd79f65dd05c547dd62d778f589881ed,2,TEM-001926,TEMPLATE,public/models/dungeon/candy_bucket_b.glb,35548
DUP-00688,72c715a3e0e891a69e7999f51fc187f6dd79f65dd05c547dd62d778f589881ed,2,NOV-005107,NOVO,01_Assets_Organizados/Dungeon/candy_bucket_b.glb,35548
DUP-00689,a83e11da1ab965277276b79c5f635d0f6ee835bbce359a9bad8e0907d643ed1d,2,TEM-001927,TEMPLATE,public/models/dungeon/gravemarker_b.glb,33832
DUP-00689,a83e11da1ab965277276b79c5f635d0f6ee835bbce359a9bad8e0907d643ed1d,2,NOV-005108,NOVO,01_Assets_Organizados/Dungeon/gravemarker_b.glb,33832
DUP-00690,f5ecb290d4dcf325fb4f412b03823f8c6b3a6c4fb64d7d9c7c86e2953ebe937f,2,TEM-001928,TEMPLATE,public/models/dungeon/wall_corner_scaffold.glb,40832
DUP-00690,f5ecb290d4dcf325fb4f412b03823f8c6b3a6c4fb64d7d9c7c86e2953ebe937f,2,NOV-005109,NOVO,01_Assets_Organizados/Dungeon/wall_corner_scaffold.glb,40832
DUP-00691,3914b125338e96f299538a37b1fe5ea2c23d9d2e4d109aea70562b8d6586d5d1,2,TEM-001929,TEMPLATE,public/models/dungeon/lollipop_pink.glb,34124
DUP-00691,3914b125338e96f299538a37b1fe5ea2c23d9d2e4d109aea70562b8d6586d5d1,2,NOV-005110,NOVO,01_Assets_Organizados/Dungeon/lollipop_pink.glb,34124
DUP-00692,d0ee2d7c4239541de002cfd301dcbb2705eb5c9708d8056bccd2e23fb49a8aa0,2,TEM-001930,TEMPLATE,public/models/dungeon/bar_straight_b_short.glb,34892
DUP-00692,d0ee2d7c4239541de002cfd301dcbb2705eb5c9708d8056bccd2e23fb49a8aa0,2,NOV-005111,NOVO,01_Assets_Organizados/Dungeon/bar_straight_b_short.glb,34892
DUP-00693,30ee2092d7186afb19987a09a27920eac0c5c13bb6cda011098c32a44cf6dab6,2,TEM-001931,TEMPLATE,public/models/dungeon/banner_triple_white.glb,35348
DUP-00693,30ee2092d7186afb19987a09a27920eac0c5c13bb6cda011098c32a44cf6dab6,2,NOV-005112,NOVO,01_Assets_Organizados/Dungeon/banner_triple_white.glb,35348
DUP-00694,ab2b12bc1e432617600ed8129739f89935afbcfb27f31ca52a2160eacb8e6d5d,2,TEM-001932,TEMPLATE,public/models/dungeon/candy_purple_a.glb,32640
DUP-00694,ab2b12bc1e432617600ed8129739f89935afbcfb27f31ca52a2160eacb8e6d5d,2,NOV-005113,NOVO,01_Assets_Organizados/Dungeon/candy_purple_a.glb,32640
DUP-00695,a2d3522895495f59f38209aa1aea99b6644aacdd0d52d7a35fbdd18483200389,2,TEM-001933,TEMPLATE,public/models/dungeon/table_long_broken.glb,38892
DUP-00695,a2d3522895495f59f38209aa1aea99b6644aacdd0d52d7a35fbdd18483200389,2,NOV-005114,NOVO,01_Assets_Organizados/Dungeon/table_long_broken.glb,38892
DUP-00696,02a3d76515b27ae064c012a04eb8375da672da45ad48770c0522b0108bfeef85,2,TEM-001934,TEMPLATE,public/models/dungeon/floor_tile_small.glb,28040
DUP-00696,02a3d76515b27ae064c012a04eb8375da672da45ad48770c0522b0108bfeef85,2,NOV-005115,NOVO,01_Assets_Organizados/Dungeon/floor_tile_small.glb,28040
DUP-00697,55a994a30f4c37840072d6b7c03ae5210e5183c49eb760ebdb78e2fb954065e7,2,TEM-001935,TEMPLATE,public/models/dungeon/floor_foundation_front_and_sides.glb,36480
DUP-00697,55a994a30f4c37840072d6b7c03ae5210e5183c49eb760ebdb78e2fb954065e7,2,NOV-005116,NOVO,01_Assets_Organizados/Dungeon/floor_foundation_front_and_sides.glb,36480
DUP-00698,d117c1ced03b32c2ca7fa23d65da9476bcd9ce0c7215bfbed0c64d95b0e0eeea,2,TEM-001936,TEMPLATE,public/models/dungeon/bench_decorated.glb,44628
DUP-00698,d117c1ced03b32c2ca7fa23d65da9476bcd9ce0c7215bfbed0c64d95b0e0eeea,2,NOV-005117,NOVO,01_Assets_Organizados/Dungeon/bench_decorated.glb,44628
DUP-00699,724b3da0134d7ed31becc1d305c46b7d7c5e0fe27b5e85d586f8312fcf0bf57b,2,TEM-001937,TEMPLATE,public/models/dungeon/tree_dead_medium.glb,32052
DUP-00699,724b3da0134d7ed31becc1d305c46b7d7c5e0fe27b5e85d586f8312fcf0bf57b,2,NOV-005118,NOVO,01_Assets_Organizados/Dungeon/tree_dead_medium.glb,32052
DUP-00700,bf0c70d3b027713f6f432e8cefcf82743fce42d78d0900074bf422c4b2477518,2,TEM-001938,TEMPLATE,public/models/dungeon/post_lantern.glb,39608
DUP-00700,bf0c70d3b027713f6f432e8cefcf82743fce42d78d0900074bf422c4b2477518,2,NOV-005119,NOVO,01_Assets_Organizados/Dungeon/post_lantern.glb,39608
DUP-00701,622200da0f7182e5f8b3c7af18ae253e47cd1f742463010b5d3afb8ce158ff81,2,TEM-001939,TEMPLATE,public/models/dungeon/bottle_a_brown.glb,33024
DUP-00701,622200da0f7182e5f8b3c7af18ae253e47cd1f742463010b5d3afb8ce158ff81,2,NOV-005120,NOVO,01_Assets_Organizados/Dungeon/bottle_a_brown.glb,33024
DUP-00702,884bc972e6ddfd594011def2c1124b461d92b6607ac7e2f3ff9f074b66867223,2,TEM-001940,TEMPLATE,public/models/dungeon/stool.glb,33548
DUP-00702,884bc972e6ddfd594011def2c1124b461d92b6607ac7e2f3ff9f074b66867223,2,NOV-005121,NOVO,01_Assets_Organizados/Dungeon/stool.glb,33548
DUP-00703,772ccca28da4435b9b6c034e60c09851f21fccf450711346a53860dfa96d824a,2,TEM-001941,TEMPLATE,public/models/dungeon/trunk_large_A.glb,31076
DUP-00703,772ccca28da4435b9b6c034e60c09851f21fccf450711346a53860dfa96d824a,2,NOV-005122,NOVO,01_Assets_Organizados/Dungeon/trunk_large_A.glb,31076
DUP-00704,0a70aa72291efff3cec54556e1d94f0a127e128af8fd36f47a30dda9a077da48,2,TEM-001942,TEMPLATE,public/models/dungeon/stairs_wood_decorated.glb,68520
DUP-00704,0a70aa72291efff3cec54556e1d94f0a127e128af8fd36f47a30dda9a077da48,2,NOV-005123,NOVO,01_Assets_Organizados/Dungeon/stairs_wood_decorated.glb,68520
DUP-00705,f7890fefe34404e7f48110ee955c02dc4306bab402afac821bccfbe6d49cbf54,2,TEM-001943,TEMPLATE,public/models/dungeon/trunk_medium_c.glb,33056
DUP-00705,f7890fefe34404e7f48110ee955c02dc4306bab402afac821bccfbe6d49cbf54,2,NOV-005124,NOVO,01_Assets_Organizados/Dungeon/trunk_medium_c.glb,33056
DUP-00706,9fa8ef3e064613a184eec0b79f523d96129125cae4942c0ad3abc0f010e3eae1,2,TEM-001944,TEMPLATE,public/models/dungeon/trunk_large_b.glb,34060
DUP-00706,9fa8ef3e064613a184eec0b79f523d96129125cae4942c0ad3abc0f010e3eae1,2,NOV-005125,NOVO,01_Assets_Organizados/Dungeon/trunk_large_b.glb,34060
DUP-00707,05361daa922bde3267b35cfdbfd33d5631c0832e0c7dd1f0cb785943eb46575e,2,TEM-001945,TEMPLATE,public/models/dungeon/wall_pillar.glb,38596
DUP-00707,05361daa922bde3267b35cfdbfd33d5631c0832e0c7dd1f0cb785943eb46575e,2,NOV-005126,NOVO,01_Assets_Organizados/Dungeon/wall_pillar.glb,38596
DUP-00708,b3d5cbc43f3ea554e143641460433f03b5cbeb52abc9d55469aca41700ffe52e,2,TEM-001946,TEMPLATE,public/models/dungeon/wall_window_closed_scaffold.glb,44016
DUP-00708,b3d5cbc43f3ea554e143641460433f03b5cbeb52abc9d55469aca41700ffe52e,2,NOV-005127,NOVO,01_Assets_Organizados/Dungeon/wall_window_closed_scaffold.glb,44016
DUP-00709,f455dd0437bdfc9143e36680c6c2ff57cdc4c12514307353ac07b10b1c274aeb,2,TEM-001947,TEMPLATE,public/models/dungeon/stairs_long_modular_center.glb,31156
DUP-00709,f455dd0437bdfc9143e36680c6c2ff57cdc4c12514307353ac07b10b1c274aeb,2,NOV-005128,NOVO,01_Assets_Organizados/Dungeon/stairs_long_modular_center.glb,31156
DUP-00710,1d4e588ea564b9cf0a3845ed5e6870233fe57c10ed08cff652f7e50d172b2a0f,2,TEM-001948,TEMPLATE,public/models/dungeon/banner_brown.glb,32352
DUP-00710,1d4e588ea564b9cf0a3845ed5e6870233fe57c10ed08cff652f7e50d172b2a0f,2,NOV-005129,NOVO,01_Assets_Organizados/Dungeon/banner_brown.glb,32352
DUP-00711,3702e6bb3c7c52c4b60d1e355f1c51206301604cca7421f5406ee467a224bc51,2,TEM-001949,TEMPLATE,public/models/dungeon/coffin.glb,34572
DUP-00711,3702e6bb3c7c52c4b60d1e355f1c51206301604cca7421f5406ee467a224bc51,2,NOV-005130,NOVO,01_Assets_Organizados/Dungeon/coffin.glb,34572
DUP-00712,6a35b6e880be739c6e1b4eaf92f649cd38e51e8412bb492624db55d914851e52,2,TEM-001950,TEMPLATE,public/models/dungeon/shelf_small.glb,31464
DUP-00712,6a35b6e880be739c6e1b4eaf92f649cd38e51e8412bb492624db55d914851e52,2,NOV-005131,NOVO,01_Assets_Organizados/Dungeon/shelf_small.glb,31464
DUP-00713,55f797317a20e197a7b42e66b39740e3205d5322385cc0cabed3e24197f01aa5,2,TEM-001951,TEMPLATE,public/models/dungeon/sword_shield_gold.glb,39776
DUP-00713,55f797317a20e197a7b42e66b39740e3205d5322385cc0cabed3e24197f01aa5,2,NOV-005132,NOVO,01_Assets_Organizados/Dungeon/sword_shield_gold.glb,39776
DUP-00714,fa5564442c217e5d332d3901b398a71c7366a421af415b79d97c5cd9f6a2f4e2,2,TEM-001952,TEMPLATE,public/models/dungeon/shelf_small_books.glb,34208
DUP-00714,fa5564442c217e5d332d3901b398a71c7366a421af415b79d97c5cd9f6a2f4e2,2,NOV-005133,NOVO,01_Assets_Organizados/Dungeon/shelf_small_books.glb,34208
DUP-00715,729ec2bc9a229ee90132cb07e0231f2243d1f4a1852d3d5913ba53d3169f95e0,2,TEM-001953,TEMPLATE,public/models/dungeon/banner_shield_brown.glb,41564
DUP-00715,729ec2bc9a229ee90132cb07e0231f2243d1f4a1852d3d5913ba53d3169f95e0,2,NOV-005134,NOVO,01_Assets_Organizados/Dungeon/banner_shield_brown.glb,41564
DUP-00716,44d00a10e3486711b90a026952369907dda3ed3a5a4388fe7b351d4b785253a3,2,TEM-001955,TEMPLATE,public/models/mounts/drakemaw_raptor.glb,352276
DUP-00716,44d00a10e3486711b90a026952369907dda3ed3a5a4388fe7b351d4b785253a3,2,NOV-005544,NOVO,01_Assets_Organizados/Mounts/drakemaw_raptor.glb,352276
DUP-00717,d63c2617a0900f8cb9fc156be3e46c22ac265ad80220b7c1d7f0502d2535f21a,2,TEM-001956,TEMPLATE,public/models/mounts/valorsteed.glb,575216
DUP-00717,d63c2617a0900f8cb9fc156be3e46c22ac265ad80220b7c1d7f0502d2535f21a,2,NOV-005545,NOVO,01_Assets_Organizados/Mounts/valorsteed.glb,575216
DUP-00718,10935b02e1d84873595864eaa6c8eaf32f1c4a7483a8cc2046c922d561dfa68c,2,TEM-001957,TEMPLATE,public/models/mounts/aether_hover_cycle.glb,282948
DUP-00718,10935b02e1d84873595864eaa6c8eaf32f1c4a7483a8cc2046c922d561dfa68c,2,NOV-005546,NOVO,01_Assets_Organizados/Mounts/aether_hover_cycle.glb,282948
DUP-00719,2811f4fadfda99d70ffa7a8df5dbaf821d8115f15c6d81379c3af8e0a3a8ea3b,2,TEM-001958,TEMPLATE,public/models/mounts/shadowjump_toad.glb,638220
DUP-00719,2811f4fadfda99d70ffa7a8df5dbaf821d8115f15c6d81379c3af8e0a3a8ea3b,2,NOV-005547,NOVO,01_Assets_Organizados/Mounts/shadowjump_toad.glb,638220
DUP-00720,767ddb38445d7f8656cbf5fffae569cd9536489c4d9b9edaf5e8b7185e68e478,2,TEM-001959,TEMPLATE,public/models/mounts/grag_bear.glb,651200
DUP-00720,767ddb38445d7f8656cbf5fffae569cd9536489c4d9b9edaf5e8b7185e68e478,2,NOV-005548,NOVO,01_Assets_Organizados/Mounts/grag_bear.glb,651200
DUP-00721,32a487152ca276b4365d639bb064d2044e3ae12df2e94bbea781b9ca2fca0d6b,2,TEM-001960,TEMPLATE,public/models/mounts/stormfeather_griffin.glb,261604
DUP-00721,32a487152ca276b4365d639bb064d2044e3ae12df2e94bbea781b9ca2fca0d6b,2,NOV-005549,NOVO,01_Assets_Organizados/Mounts/stormfeather_griffin.glb,261604
DUP-00722,418aa794d44f0e99a68164dcd349f4508dd05c9c9397a183502ec4c6c9e39794,2,TEM-001961,TEMPLATE,public/models/mounts/stalkglider_snail.glb,208104
DUP-00722,418aa794d44f0e99a68164dcd349f4508dd05c9c9397a183502ec4c6c9e39794,2,NOV-005550,NOVO,01_Assets_Organizados/Mounts/stalkglider_snail.glb,208104
DUP-00723,14c562c1e2d9530a51d44d7f486cb74a3b6f9291495c6e2f3ca4bbfe4c4e8561,2,TEM-001962,TEMPLATE,public/models/mounts/thunderstrut_gobbler.glb,354552
DUP-00723,14c562c1e2d9530a51d44d7f486cb74a3b6f9291495c6e2f3ca4bbfe4c4e8561,2,NOV-005551,NOVO,01_Assets_Organizados/Mounts/thunderstrut_gobbler.glb,354552
DUP-00724,bff8bb3c9419368d2c3d3f346f38a402b67c5aca9d98ed8bc18780484d0ca985,2,TEM-001963,TEMPLATE,public/models/creatures/bear_form.glb,718080
DUP-00724,bff8bb3c9419368d2c3d3f346f38a402b67c5aca9d98ed8bc18780484d0ca985,2,NOV-005135,NOVO,01_Assets_Organizados/Enemies/bear_form.glb,718080
DUP-00725,c16b6309fb51e5a9857931ea26d619caaced77cb91981f48a573da5a8b62bbd9,2,TEM-001964,TEMPLATE,public/models/creatures/tolling_bell.glb,172056
DUP-00725,c16b6309fb51e5a9857931ea26d619caaced77cb91981f48a573da5a8b62bbd9,2,NOV-005136,NOVO,01_Assets_Organizados/Enemies/tolling_bell.glb,172056
DUP-00726,abc8396f38bf03d94e7c5c5e925aae3964b0d8d7011bb0f338158aa89309d17c,2,TEM-001965,TEMPLATE,public/models/creatures/glubevolved.glb,68412
DUP-00726,abc8396f38bf03d94e7c5c5e925aae3964b0d8d7011bb0f338158aa89309d17c,2,NOV-005137,NOVO,01_Assets_Organizados/Enemies/glubevolved.glb,68412
DUP-00727,399c39ab6c959dfe8c553fca418e5f26fbd612495797ffacfa9c11cf891eb6a1,2,TEM-001966,TEMPLATE,public/models/creatures/wildheart_beastmaster.glb,1342220
DUP-00727,399c39ab6c959dfe8c553fca418e5f26fbd612495797ffacfa9c11cf891eb6a1,2,NOV-005138,NOVO,01_Assets_Organizados/Enemies/wildheart_beastmaster.glb,1342220
DUP-00728,4a0b3718097e8878d4982388515c5b5bf753f17e20988c385148c654a69e6aa1,2,TEM-001967,TEMPLATE,public/models/creatures/spider_egg_sac.glb,131548
DUP-00728,4a0b3718097e8878d4982388515c5b5bf753f17e20988c385148c654a69e6aa1,2,NOV-005140,NOVO,01_Assets_Organizados/Enemies/spider_egg_sac.glb,131548
DUP-00729,b78718b95a66a3fd38e158dfe7245ceabc8e76381ad122aeb274f9784e85c6a5,2,TEM-001968,TEMPLATE,public/models/creatures/greyjaw.glb,414832
DUP-00729,b78718b95a66a3fd38e158dfe7245ceabc8e76381ad122aeb274f9784e85c6a5,2,NOV-005141,NOVO,01_Assets_Organizados/Enemies/greyjaw.glb,414832
DUP-00730,a207f7ae80be94ff0762b17ccc119b42e24a855d4ca9fcd796f6779fa3c182b2,2,TEM-001969,TEMPLATE,public/models/creatures/stone_cantor.glb,289676
DUP-00730,a207f7ae80be94ff0762b17ccc119b42e24a855d4ca9fcd796f6779fa3c182b2,2,NOV-005146,NOVO,01_Assets_Organizados/Enemies/stone_cantor.glb,289676
DUP-00731,49c2f413407ecb620685652eda7e6553791da5798f9413bcdf749000d929ea9b,2,TEM-001970,TEMPLATE,public/models/creatures/orcenemy.glb,45384
DUP-00731,49c2f413407ecb620685652eda7e6553791da5798f9413bcdf749000d929ea9b,2,NOV-005148,NOVO,01_Assets_Organizados/Enemies/orcenemy.glb,45384
DUP-00732,8186e2c99bf3c6da5312d464525f697be4f609a77da17dcf131d3421e115d0f2,2,TEM-001971,TEMPLATE,public/models/creatures/mushroom_pixie.glb,1302976
DUP-00732,8186e2c99bf3c6da5312d464525f697be4f609a77da17dcf131d3421e115d0f2,2,NOV-005150,NOVO,01_Assets_Organizados/Enemies/mushroom_pixie.glb,1302976
DUP-00733,a43393cb43b91cecb5e4dc4d6f362c8e7b72b3e12ba5985051a5067350338511,2,TEM-001972,TEMPLATE,public/models/creatures/wildheart_high_priest.glb,1260468
DUP-00733,a43393cb43b91cecb5e4dc4d6f362c8e7b72b3e12ba5985051a5067350338511,2,NOV-005152,NOVO,01_Assets_Organizados/Enemies/wildheart_high_priest.glb,1260468
DUP-00734,25010f4fcd2a0aba2a7ea3f01ceba83d7fb8731a2c9e7d292db8d1f211e6f1ef,2,TEM-001973,TEMPLATE,public/models/creatures/glimmerwisp.glb,162784
DUP-00734,25010f4fcd2a0aba2a7ea3f01ceba83d7fb8731a2c9e7d292db8d1f211e6f1ef,2,NOV-005153,NOVO,01_Assets_Organizados/Enemies/glimmerwisp.glb,162784
DUP-00735,891ec258859085f07dba354f538ad2cfcaeec777d3e01257c9041bb0fec0b9df,2,TEM-001974,TEMPLATE,public/models/creatures/dragonkin_elite.glb,455856
DUP-00735,891ec258859085f07dba354f538ad2cfcaeec777d3e01257c9041bb0fec0b9df,2,NOV-005154,NOVO,01_Assets_Organizados/Enemies/dragonkin_elite.glb,455856
DUP-00736,a128051c0b5078e0f76f09ed0e15eafe102ae11ae62e984155ccfefa3b08fb92,2,TEM-001975,TEMPLATE,public/models/creatures/goblin.glb,48360
DUP-00736,a128051c0b5078e0f76f09ed0e15eafe102ae11ae62e984155ccfefa3b08fb92,2,NOV-005155,NOVO,01_Assets_Organizados/Enemies/goblin.glb,48360
DUP-00737,b1235f3a04bf5ab793ce5710cc7065e7c36458cd1174c5fa1a3128616d60ddac,2,TEM-001976,TEMPLATE,public/models/creatures/chicken_cow.glb,209536
DUP-00737,b1235f3a04bf5ab793ce5710cc7065e7c36458cd1174c5fa1a3128616d60ddac,2,NOV-005156,NOVO,01_Assets_Organizados/Enemies/chicken_cow.glb,209536
DUP-00738,3df008156018a86a453e01c8e18f236a7fff10bf853e14c831a2716c617254ea,2,TEM-001977,TEMPLATE,public/models/creatures/leaping_fish.glb,50188
DUP-00738,3df008156018a86a453e01c8e18f236a7fff10bf853e14c831a2716c617254ea,2,NOV-005160,NOVO,01_Assets_Organizados/Enemies/leaping_fish.glb,50188
DUP-00739,1d07968792a6a60f8b0fb49445cdc355769dcc9e864cbcbff302bacb5fc81636,2,TEM-001978,TEMPLATE,public/models/creatures/wildheart_ravager.glb,1257032
DUP-00739,1d07968792a6a60f8b0fb49445cdc355769dcc9e864cbcbff302bacb5fc81636,2,NOV-005161,NOVO,01_Assets_Organizados/Enemies/wildheart_ravager.glb,1257032
DUP-00740,a00c2c292526fef383c689f4a8bd6d2003f278fa2cd005cbed80a8dbe51370d9,2,TEM-001979,TEMPLATE,public/models/creatures/bull.glb,344844
DUP-00740,a00c2c292526fef383c689f4a8bd6d2003f278fa2cd005cbed80a8dbe51370d9,2,NOV-005162,NOVO,01_Assets_Organizados/Enemies/bull.glb,344844
DUP-00741,f25e9ea2acad458b9761183277258e5c650137de93a512de2aa59cb8c9a9036e,2,TEM-001980,TEMPLATE,public/models/creatures/wildheart_hexcaller.glb,1056052
DUP-00741,f25e9ea2acad458b9761183277258e5c650137de93a512de2aa59cb8c9a9036e,2,NOV-005163,NOVO,01_Assets_Organizados/Enemies/wildheart_hexcaller.glb,1056052
DUP-00742,ade414f75155e43ac9de2ed3a3fd5685455d010d7161473acf016bcd18056066,2,TEM-001981,TEMPLATE,public/models/creatures/dragonevolved.glb,138560
DUP-00742,ade414f75155e43ac9de2ed3a3fd5685455d010d7161473acf016bcd18056066,2,NOV-005165,NOVO,01_Assets_Organizados/Enemies/dragonevolved.glb,138560
DUP-00743,553f37c4127b524bdf484e93acca4aeace00e100c7df0c7a7f4e5b5da4d54efc,2,TEM-001982,TEMPLATE,public/models/creatures/ghost.glb,78548
DUP-00743,553f37c4127b524bdf484e93acca4aeace00e100c7df0c7a7f4e5b5da4d54efc,2,NOV-005167,NOVO,01_Assets_Organizados/Enemies/ghost.glb,78548
DUP-00744,6c14f370c2aff231186aee084902113e58823e1cd97f5dd9958417c4a9288767,2,TEM-001983,TEMPLATE,public/models/creatures/yetialt.glb,149784
DUP-00744,6c14f370c2aff231186aee084902113e58823e1cd97f5dd9958417c4a9288767,2,NOV-005168,NOVO,01_Assets_Organizados/Enemies/yetialt.glb,149784
DUP-00745,156f4c2dcf93c6e52a738d8a93e09d1988f933fe4f2d1f9d30411b5eae7f2b94,2,TEM-001984,TEMPLATE,public/models/creatures/golelingevolved.glb,85588
DUP-00745,156f4c2dcf93c6e52a738d8a93e09d1988f933fe4f2d1f9d30411b5eae7f2b94,2,NOV-005170,NOVO,01_Assets_Organizados/Enemies/golelingevolved.glb,85588
DUP-00746,de4e128ddd963b5804560b7c87de96f8963bb8beefd68f2d68961f946c4fa455,2,TEM-001985,TEMPLATE,public/models/creatures/wild_boar.glb,318604
DUP-00746,de4e128ddd963b5804560b7c87de96f8963bb8beefd68f2d68961f946c4fa455,2,NOV-005172,NOVO,01_Assets_Organizados/Enemies/wild_boar.glb,318604
DUP-00747,ee0dd9450b96d58215b33294dd0e1fb2188d9673947907a3084d5adaf78da4d6,2,TEM-001986,TEMPLATE,public/models/creatures/veiled_doe.glb,337184
DUP-00747,ee0dd9450b96d58215b33294dd0e1fb2188d9673947907a3084d5adaf78da4d6,2,NOV-005173,NOVO,01_Assets_Organizados/Enemies/veiled_doe.glb,337184
DUP-00748,7b999b51c99b55cc128abb51ec79e95a1f379ed3ee1ee942f76ae1536ed9dade,2,TEM-001987,TEMPLATE,public/models/creatures/wildheart_stalker.glb,1199520
DUP-00748,7b999b51c99b55cc128abb51ec79e95a1f379ed3ee1ee942f76ae1536ed9dade,2,NOV-005174,NOVO,01_Assets_Organizados/Enemies/wildheart_stalker.glb,1199520
DUP-00749,9adbb2233f87c6524e3f07964a521dc86d05dae8d6882c2cb3f7267c3b52ee70,2,TEM-001988,TEMPLATE,public/models/creatures/giant.glb,52464
DUP-00749,9adbb2233f87c6524e3f07964a521dc86d05dae8d6882c2cb3f7267c3b52ee70,2,NOV-005175,NOVO,01_Assets_Organizados/Enemies/giant.glb,52464
DUP-00750,a72e8eeee246e7c434da52905cc72ca0f0cab001f786cf5454af5bb3f7bf4222,2,TEM-001989,TEMPLATE,public/models/creatures/aurelhorn.glb,337636
DUP-00750,a72e8eeee246e7c434da52905cc72ca0f0cab001f786cf5454af5bb3f7bf4222,2,NOV-005176,NOVO,01_Assets_Organizados/Enemies/aurelhorn.glb,337636
DUP-00751,6d109e187a9938231950a2997924bf66f095ed060d8a6eea77fc9cd871a06bd9,2,TEM-001990,TEMPLATE,public/models/creatures/grubjaw.glb,318432
DUP-00751,6d109e187a9938231950a2997924bf66f095ed060d8a6eea77fc9cd871a06bd9,2,NOV-005181,NOVO,01_Assets_Organizados/Enemies/grubjaw.glb,318432
DUP-00752,9ae2ad8b2ab23a1aa65027292075dfd6ebd1b222de017a5abe8de5dc8c1e8936,2,TEM-001991,TEMPLATE,public/models/creatures/wolf.glb,336460
DUP-00752,9ae2ad8b2ab23a1aa65027292075dfd6ebd1b222de017a5abe8de5dc8c1e8936,2,NOV-005184,NOVO,01_Assets_Organizados/Enemies/wolf.glb,336460
DUP-00753,a0de882ed4876120a91dfca86e71f69ba413e2904d6b8a9f6049e9fca969445c,2,TEM-001992,TEMPLATE,public/models/creatures/alpaca.glb,340456
DUP-00753,a0de882ed4876120a91dfca86e71f69ba413e2904d6b8a9f6049e9fca969445c,2,NOV-005185,NOVO,01_Assets_Organizados/Enemies/alpaca.glb,340456
DUP-00754,2694028b47e84bad3b9d985aa7743dae02a3bcfddd6becd73b46c747a1e067b3,2,TEM-001993,TEMPLATE,public/models/creatures/fox.glb,332748
DUP-00754,2694028b47e84bad3b9d985aa7743dae02a3bcfddd6becd73b46c747a1e067b3,2,NOV-005187,NOVO,01_Assets_Organizados/Enemies/fox.glb,332748
DUP-00755,06f6372dbdcfd8862cad81a9d2eba6bc84e17102bb6e79209c2015e3e36816f9,2,TEM-001994,TEMPLATE,public/models/creatures/dragon_egg.glb,116048
DUP-00755,06f6372dbdcfd8862cad81a9d2eba6bc84e17102bb6e79209c2015e3e36816f9,2,NOV-005188,NOVO,01_Assets_Organizados/Enemies/dragon_egg.glb,116048
DUP-00756,5a26751441d5af3b5d3edea4607aba53304a96670ba10eeb047f484411a641c4,2,TEM-001995,TEMPLATE,public/models/creatures/demon.glb,113392
DUP-00756,5a26751441d5af3b5d3edea4607aba53304a96670ba10eeb047f484411a641c4,2,NOV-005190,NOVO,01_Assets_Organizados/Enemies/demon.glb,113392
DUP-00757,8b02b114d81492d66d4f13791fc9a8945e2bbe48bb2f027afa332ebef6aac9b2,2,TEM-001996,TEMPLATE,public/models/creatures/water_elemental.glb,255292
DUP-00757,8b02b114d81492d66d4f13791fc9a8945e2bbe48bb2f027afa332ebef6aac9b2,2,NOV-005191,NOVO,01_Assets_Organizados/Enemies/water_elemental.glb,255292
DUP-00758,0edf50b21a051f79c4127fdf2534cdebba09c421660a2b7ad4cf72f964911dcf,2,TEM-001997,TEMPLATE,public/models/creatures/wolf_basic.glb,334888
DUP-00758,0edf50b21a051f79c4127fdf2534cdebba09c421660a2b7ad4cf72f964911dcf,2,NOV-005193,NOVO,01_Assets_Organizados/Enemies/wolf_basic.glb,334888
DUP-00759,1985c1a388d8844b3cb1ff2340b8e2a7449affd8c5cecbea63454dbbd4d01297,2,TEM-001998,TEMPLATE,public/models/creatures/duskwisp.glb,161640
DUP-00759,1985c1a388d8844b3cb1ff2340b8e2a7449affd8c5cecbea63454dbbd4d01297,2,NOV-005195,NOVO,01_Assets_Organizados/Enemies/duskwisp.glb,161640
DUP-00760,2ade9fc07ae9d1af93747b736669d377264fdb9e695ffa0f6fe17c93aebc6db3,2,TEM-001999,TEMPLATE,public/models/creatures/demonalt.glb,160088
DUP-00760,2ade9fc07ae9d1af93747b736669d377264fdb9e695ffa0f6fe17c93aebc6db3,2,NOV-005196,NOVO,01_Assets_Organizados/Enemies/demonalt.glb,160088
DUP-00761,94166df6974ce17e2263dc87f77270e87e4d450fc966ba118eb9d4bad83ec8a3,2,TEM-002000,TEMPLATE,public/models/creatures/dragonkin_mob.glb,332360
DUP-00761,94166df6974ce17e2263dc87f77270e87e4d450fc966ba118eb9d4bad83ec8a3,2,NOV-005198,NOVO,01_Assets_Organizados/Enemies/dragonkin_mob.glb,332360
DUP-00762,8d3c9c7a231c9835a1ee618c18e27d4285c0d369bfac10a2ff9680400bd7b06b,2,TEM-002001,TEMPLATE,public/models/creatures/crabenemy.glb,62156
DUP-00762,8d3c9c7a231c9835a1ee618c18e27d4285c0d369bfac10a2ff9680400bd7b06b,2,NOV-005199,NOVO,01_Assets_Organizados/Enemies/crabenemy.glb,62156
DUP-00763,7583712c2d3c08fbf7a2b8b67d12d38413cd790054a35df2b2c3dbbf3dcb545b,2,TEM-002002,TEMPLATE,public/models/creatures/yumi_cat.glb,430368
DUP-00763,7583712c2d3c08fbf7a2b8b67d12d38413cd790054a35df2b2c3dbbf3dcb545b,2,NOV-005200,NOVO,01_Assets_Organizados/Enemies/yumi_cat.glb,430368
DUP-00764,2f322594a5ca7e9b12e49595b79ee882d41a12e70e177c8acc27e14b235224b0,2,TEM-002003,TEMPLATE,public/models/creatures/gleamstag.glb,337624
DUP-00764,2f322594a5ca7e9b12e49595b79ee882d41a12e70e177c8acc27e14b235224b0,2,NOV-005212,NOVO,01_Assets_Organizados/Enemies/gleamstag.glb,337624
DUP-00765,0d77a9e6b9a741bca8fb231a85eab7c7f894ea38099048a4696bd6f2edf3afef,2,TEM-002004,TEMPLATE,public/models/creatures/frog.glb,140836
DUP-00765,0d77a9e6b9a741bca8fb231a85eab7c7f894ea38099048a4696bd6f2edf3afef,2,NOV-005213,NOVO,01_Assets_Organizados/Enemies/frog.glb,140836
DUP-00766,eff9b448fe900c7630eefa930117a798fc7a7b66cb497006720082deca5b5d0c,2,TEM-002005,TEMPLATE,public/models/creatures/dragonkin_baby.glb,211952
DUP-00766,eff9b448fe900c7630eefa930117a798fc7a7b66cb497006720082deca5b5d0c,2,NOV-005214,NOVO,01_Assets_Organizados/Enemies/dragonkin_baby.glb,211952
DUP-00767,e29aa3fb8ea7472d51f86176bdf5051c921794f62ac7af5941e0cd3fa560ab92,2,TEM-002006,TEMPLATE,public/models/creatures/training_dummy.glb,885308
DUP-00767,e29aa3fb8ea7472d51f86176bdf5051c921794f62ac7af5941e0cd3fa560ab92,2,NOV-005221,NOVO,01_Assets_Organizados/Enemies/training_dummy.glb,885308
DUP-00768,36f1f0f698db5b7d27077255692b6a82d24addf23722f1e2e5f139ccd808c21d,2,TEM-002007,TEMPLATE,public/models/creatures/tribal.glb,95396
DUP-00768,36f1f0f698db5b7d27077255692b6a82d24addf23722f1e2e5f139ccd808c21d,2,NOV-005224,NOVO,01_Assets_Organizados/Enemies/tribal.glb,95396
DUP-00769,4854cf2afd697a68be4c7d8833de253d3a27da3da1089b71d14fde0101678b5a,2,TEM-002008,TEMPLATE,public/models/creatures/veiled_stag.glb,337668
DUP-00769,4854cf2afd697a68be4c7d8833de253d3a27da3da1089b71d14fde0101678b5a,2,NOV-005225,NOVO,01_Assets_Organizados/Enemies/veiled_stag.glb,337668
DUP-00770,5becf8b6510f0620ff473becc29c6567f7ae32fc1bd9f42e0b647599aa6ed6de,2,TEM-002009,TEMPLATE,public/models/creatures/spider.glb,130436
DUP-00770,5becf8b6510f0620ff473becc29c6567f7ae32fc1bd9f42e0b647599aa6ed6de,2,NOV-005226,NOVO,01_Assets_Organizados/Enemies/spider.glb,130436
DUP-00771,3385fbba757a7d923a981c997bfa340065837836ed069892c3600ff14bae9749,2,TEM-002010,TEMPLATE,public/models/creatures/velociraptor.glb,111044
DUP-00771,3385fbba757a7d923a981c997bfa340065837836ed069892c3600ff14bae9749,2,NOV-005227,NOVO,01_Assets_Organizados/Enemies/velociraptor.glb,111044
DUP-00772,6c59f0f4a163f493c7ef55a94f1f5bb619fd70b1a4c33edf248790ed873a0826,2,TEM-002011,TEMPLATE,public/models/creatures/orc.glb,176892
DUP-00772,6c59f0f4a163f493c7ef55a94f1f5bb619fd70b1a4c33edf248790ed873a0826,2,NOV-005228,NOVO,01_Assets_Organizados/Enemies/orc.glb,176892
DUP-00773,ec967c29bd353c5fbdccdeb5b1617002bcb00833078f01ee640a8aa60c62cbea,2,TEM-002012,TEMPLATE,public/models/creatures/stag.glb,317028
DUP-00773,ec967c29bd353c5fbdccdeb5b1617002bcb00833078f01ee640a8aa60c62cbea,2,NOV-005229,NOVO,01_Assets_Organizados/Enemies/stag.glb,317028
DUP-00774,acbf79f899d21a5e611e12306e47a34f54bb862ceed70c9389466130b29f4308,2,TEM-002013,TEMPLATE,public/models/creatures/yeti.glb,41144
DUP-00774,acbf79f899d21a5e611e12306e47a34f54bb862ceed70c9389466130b29f4308,2,NOV-005230,NOVO,01_Assets_Organizados/Enemies/yeti.glb,41144
DUP-00775,29dc43a75cb937a301d6b2a6652102a91bd214193fe858f2c11ce36943b3c7b9,2,TEM-002149,TEMPLATE,public/models/foliage/rock_2.glb,52852
DUP-00775,29dc43a75cb937a301d6b2a6652102a91bd214193fe858f2c11ce36943b3c7b9,2,NOV-005235,NOVO,01_Assets_Organizados/Nature/rock_2.glb,52852
DUP-00776,6ff31dcb2a9c36ea57c039a1902d2521cc4a3a980bf3c255817ab0a17cb260cd,2,TEM-002150,TEMPLATE,public/models/foliage/twisted_2.glb,488792
DUP-00776,6ff31dcb2a9c36ea57c039a1902d2521cc4a3a980bf3c255817ab0a17cb260cd,2,NOV-005239,NOVO,01_Assets_Organizados/Nature/twisted_2.glb,488792
DUP-00777,1ac36290e65dd770cef91e2dc3a204651782651fed4ec891af247690a589ae54,2,TEM-002151,TEMPLATE,public/models/foliage/dead_1.glb,417648
DUP-00777,1ac36290e65dd770cef91e2dc3a204651782651fed4ec891af247690a589ae54,2,NOV-005246,NOVO,01_Assets_Organizados/Nature/dead_1.glb,417648
DUP-00778,fa2a801672329cc18be1dafec00daf7a180fc1844a1abb187e496e6612665146,2,TEM-002152,TEMPLATE,public/models/foliage/bush.glb,49364
DUP-00778,fa2a801672329cc18be1dafec00daf7a180fc1844a1abb187e496e6612665146,2,NOV-005248,NOVO,01_Assets_Organizados/Nature/bush.glb,49364
DUP-00779,9d07cf3ea59929a20ecdc960f4454bb58834f0ffe55ed7da4039dc5d96daccce,2,TEM-002153,TEMPLATE,public/models/foliage/rock_1.glb,54048
DUP-00779,9d07cf3ea59929a20ecdc960f4454bb58834f0ffe55ed7da4039dc5d96daccce,2,NOV-005259,NOVO,01_Assets_Organizados/Nature/rock_1.glb,54048
DUP-00780,33e9046ba9786f0a88be3b72aed1fe5b5840b4939e58f70fe737f2582472a675,2,TEM-002154,TEMPLATE,public/models/foliage/fern.glb,62500
DUP-00780,33e9046ba9786f0a88be3b72aed1fe5b5840b4939e58f70fe737f2582472a675,2,NOV-005272,NOVO,01_Assets_Organizados/Nature/fern.glb,62500
DUP-00781,e3c2d2a2b06b7ad2fb9d186e72797a00287b786d595539c0994880cbcc944bb5,2,TEM-002155,TEMPLATE,public/models/foliage/pine_2.glb,329620
DUP-00781,e3c2d2a2b06b7ad2fb9d186e72797a00287b786d595539c0994880cbcc944bb5,2,NOV-005288,NOVO,01_Assets_Organizados/Nature/pine_2.glb,329620
DUP-00782,18d21cee2d4141a31ca6c238836e66242d4ca259a874eb2c53c120ba94491f2d,2,TEM-002156,TEMPLATE,public/models/foliage/pine_1.glb,331332
DUP-00782,18d21cee2d4141a31ca6c238836e66242d4ca259a874eb2c53c120ba94491f2d,2,NOV-005299,NOVO,01_Assets_Organizados/Nature/pine_1.glb,331332
DUP-00783,a8d015f28af796a92bbfa083f50b5d53f187c9db12bc04ebefe8a3b8269fb0e7,2,TEM-002157,TEMPLATE,public/models/foliage/oak_4.glb,352140
DUP-00783,a8d015f28af796a92bbfa083f50b5d53f187c9db12bc04ebefe8a3b8269fb0e7,2,NOV-005303,NOVO,01_Assets_Organizados/Nature/oak_4.glb,352140
DUP-00784,6de684b3a783d6406444c351bc55fedd2a467ddc71840174c9bf9c45438173ae,2,TEM-002158,TEMPLATE,public/models/foliage/oak_5.glb,361568
DUP-00784,6de684b3a783d6406444c351bc55fedd2a467ddc71840174c9bf9c45438173ae,2,NOV-005310,NOVO,01_Assets_Organizados/Nature/oak_5.glb,361568
DUP-00785,99c98498e0f1711d9e44d028f72f44534a29f5fe40768733c3c681715f7d9c6f,2,TEM-002159,TEMPLATE,public/models/foliage/mushroom.glb,58676
DUP-00785,99c98498e0f1711d9e44d028f72f44534a29f5fe40768733c3c681715f7d9c6f,2,NOV-005311,NOVO,01_Assets_Organizados/Nature/mushroom.glb,58676
DUP-00786,1f63852b64aa9cb4401325da3c7044c8c4e6039a3392956585523177d508afba,2,TEM-002160,TEMPLATE,public/models/foliage/twisted_1.glb,516208
DUP-00786,1f63852b64aa9cb4401325da3c7044c8c4e6039a3392956585523177d508afba,2,NOV-005331,NOVO,01_Assets_Organizados/Nature/twisted_1.glb,516208
DUP-00787,0e767e435cc7256c4067b53ea14975525bcf04dd282ec5163b0490fdfbed4966,2,TEM-002161,TEMPLATE,public/models/foliage/dead_3.glb,412716
DUP-00787,0e767e435cc7256c4067b53ea14975525bcf04dd282ec5163b0490fdfbed4966,2,NOV-005342,NOVO,01_Assets_Organizados/Nature/dead_3.glb,412716
DUP-00788,c61483c4b254add5d9576db21a868bbd1b239d97dd18ef5091a47533993a81b1,2,TEM-002162,TEMPLATE,public/models/foliage/dead_2.glb,425648
DUP-00788,c61483c4b254add5d9576db21a868bbd1b239d97dd18ef5091a47533993a81b1,2,NOV-005344,NOVO,01_Assets_Organizados/Nature/dead_2.glb,425648
DUP-00789,25b84be096d31f1ff8d542fd4c5fadb7b1c68f9aa15e3e558625d0ecde5378be,2,TEM-002163,TEMPLATE,public/models/foliage/pine_4.glb,329580
DUP-00789,25b84be096d31f1ff8d542fd4c5fadb7b1c68f9aa15e3e558625d0ecde5378be,2,NOV-005350,NOVO,01_Assets_Organizados/Nature/pine_4.glb,329580
DUP-00790,6d9f88abfa9af2ebddc23e74d9877f0fd7d361c5d6212f895b6c9d4ad0ef13b6,2,TEM-002164,TEMPLATE,public/models/foliage/rock_3.glb,56280
DUP-00790,6d9f88abfa9af2ebddc23e74d9877f0fd7d361c5d6212f895b6c9d4ad0ef13b6,2,NOV-005403,NOVO,01_Assets_Organizados/Nature/rock_3.glb,56280
DUP-00791,9510f3ba02e6395e7ea0b4f766652d9159efcd9593ac56b5f907f7553d6dc5e1,2,TEM-002165,TEMPLATE,public/models/foliage/oak_1.glb,393512
DUP-00791,9510f3ba02e6395e7ea0b4f766652d9159efcd9593ac56b5f907f7553d6dc5e1,2,NOV-005410,NOVO,01_Assets_Organizados/Nature/oak_1.glb,393512
DUP-00792,eeea227bbd3779ed6b932aa75d9170b49a601743af2eee055e52ef97803f7bc6,2,TEM-002166,TEMPLATE,public/models/foliage/oak_2.glb,377532
DUP-00792,eeea227bbd3779ed6b932aa75d9170b49a601743af2eee055e52ef97803f7bc6,2,NOV-005411,NOVO,01_Assets_Organizados/Nature/oak_2.glb,377532
DUP-00793,1f337078cda9d799c289159b53e62f00237115e9d7b1253a0ebb3920057fec41,2,TEM-002167,TEMPLATE,public/models/foliage/twisted_3.glb,513556
DUP-00793,1f337078cda9d799c289159b53e62f00237115e9d7b1253a0ebb3920057fec41,2,NOV-005413,NOVO,01_Assets_Organizados/Nature/twisted_3.glb,513556
DUP-00794,fa3638eafbc0cfb7c0a27cd529703d42c46c274b06040ae80e973e57e4d456e6,2,TEM-002168,TEMPLATE,public/models/foliage/bush_flowers.glb,101296
DUP-00794,fa3638eafbc0cfb7c0a27cd529703d42c46c274b06040ae80e973e57e4d456e6,2,NOV-005417,NOVO,01_Assets_Organizados/Nature/bush_flowers.glb,101296
DUP-00795,f5c66922b92e5fc5902af717159bd616bd4ff984ea1b0a51d7d5b780e5c6cef7,2,TEM-002169,TEMPLATE,public/models/foliage/oak_3.glb,361100
DUP-00795,f5c66922b92e5fc5902af717159bd616bd4ff984ea1b0a51d7d5b780e5c6cef7,2,NOV-005428,NOVO,01_Assets_Organizados/Nature/oak_3.glb,361100
DUP-00796,e5a0c2c9f70804ccc6bed1956028e6141535654102e144c6fb5c27b084218d87,2,TEM-002170,TEMPLATE,public/models/foliage/pine_3.glb,376164
DUP-00796,e5a0c2c9f70804ccc6bed1956028e6141535654102e144c6fb5c27b084218d87,2,NOV-005431,NOVO,01_Assets_Organizados/Nature/pine_3.glb,376164
DUP-00797,d01e51913814971091b91b55006fd00021d032922d5b8c1bd881cf433da65613,2,TEM-002171,TEMPLATE,public/models/foliage/pine_5.glb,309224
DUP-00797,d01e51913814971091b91b55006fd00021d032922d5b8c1bd881cf433da65613,2,NOV-005432,NOVO,01_Assets_Organizados/Nature/pine_5.glb,309224
DUP-00798,aecd32413de89cdd1375e9c83124af6b446fb28d58d7326b62ee342157610239,2,TEM-002172,TEMPLATE,public/models/weapons/wand.glb,32520
DUP-00798,aecd32413de89cdd1375e9c83124af6b446fb28d58d7326b62ee342157610239,2,NOV-005438,NOVO,01_Assets_Organizados/Weapons/wand.glb,32520
DUP-00799,887b4defc1f8c3e6f64fb0f6a596a10dd4209ad0b2d0306f5dac08a9325edf60,2,TEM-002173,TEMPLATE,public/models/weapons/skeleton_axe.glb,38476
DUP-00799,887b4defc1f8c3e6f64fb0f6a596a10dd4209ad0b2d0306f5dac08a9325edf60,2,NOV-005439,NOVO,01_Assets_Organizados/Weapons/skeleton_axe.glb,38476
DUP-00800,35658e3e8b4b2b3350bb8c2f1d7beac29653c99f47fc9090707ee700da6ce09a,2,TEM-002174,TEMPLATE,public/models/weapons/adv_axe_1handed.glb,31688
DUP-00800,35658e3e8b4b2b3350bb8c2f1d7beac29653c99f47fc9090707ee700da6ce09a,2,NOV-005440,NOVO,01_Assets_Organizados/Weapons/adv_axe_1handed.glb,31688
DUP-00801,d2fa5d55e39860359a227137495ce488e1037d8cd73920653271af086d914d65,2,TEM-002175,TEMPLATE,public/models/weapons/frostbite.glb,69980
DUP-00801,d2fa5d55e39860359a227137495ce488e1037d8cd73920653271af086d914d65,2,NOV-005441,NOVO,01_Assets_Organizados/Weapons/frostbite.glb,69980
DUP-00802,fa88102e77ed025c2eecd38fcdad209978a207e5f83459612b0235ddb28dbfca,2,TEM-002176,TEMPLATE,public/models/weapons/sword_f.glb,61624
DUP-00802,fa88102e77ed025c2eecd38fcdad209978a207e5f83459612b0235ddb28dbfca,2,NOV-005442,NOVO,01_Assets_Organizados/Weapons/sword_f.glb,61624
DUP-00803,8542a0813c806b1e706976ae6f7abe8cd745bd5b92fe6242f0b8298455e3fd77,2,TEM-002177,TEMPLATE,public/models/weapons/cinderlatch.glb,106392
DUP-00803,8542a0813c806b1e706976ae6f7abe8cd745bd5b92fe6242f0b8298455e3fd77,2,NOV-005443,NOVO,01_Assets_Organizados/Weapons/cinderlatch.glb,106392
DUP-00804,37a5ce8cd7cba02d3f7389a2935d7347d861adb7a426dca3803f3f9c6c7ed8b0,2,TEM-002178,TEMPLATE,public/models/weapons/adv_staff.glb,39464
DUP-00804,37a5ce8cd7cba02d3f7389a2935d7347d861adb7a426dca3803f3f9c6c7ed8b0,2,NOV-005444,NOVO,01_Assets_Organizados/Weapons/adv_staff.glb,39464
DUP-00805,d263216b0263cbabd6b212e50e00d1c20b008c830cb6f07b8ba510011954edc2,2,TEM-002179,TEMPLATE,public/models/weapons/redskull_dagger.glb,72044
DUP-00805,d263216b0263cbabd6b212e50e00d1c20b008c830cb6f07b8ba510011954edc2,2,NOV-005445,NOVO,01_Assets_Organizados/Weapons/redskull_dagger.glb,72044
DUP-00806,27e7969ec3efdd8ba59f2530ceb2ffddefe9bfd247c462dc2e916f47292aa2af,2,TEM-002180,TEMPLATE,public/models/weapons/spear_a.glb,78552
DUP-00806,27e7969ec3efdd8ba59f2530ceb2ffddefe9bfd247c462dc2e916f47292aa2af,2,NOV-005446,NOVO,01_Assets_Organizados/Weapons/spear_a.glb,78552
DUP-00807,e107d6cfa524a7aa62e0d2110c800d87f4b12b46a70d7bdfd577bfe6cc7a7a2d,2,TEM-002181,TEMPLATE,public/models/weapons/hammer_c.glb,58216
DUP-00807,e107d6cfa524a7aa62e0d2110c800d87f4b12b46a70d7bdfd577bfe6cc7a7a2d,2,NOV-005447,NOVO,01_Assets_Organizados/Weapons/hammer_c.glb,58216
DUP-00808,f47338d7cdd9645e419c96d7eb224d5aaa711258b5837bf250a94d78a8e8d7d5,2,TEM-002182,TEMPLATE,public/models/weapons/adv_dagger.glb,29676
DUP-00808,f47338d7cdd9645e419c96d7eb224d5aaa711258b5837bf250a94d78a8e8d7d5,2,NOV-005448,NOVO,01_Assets_Organizados/Weapons/adv_dagger.glb,29676
DUP-00809,aabe66590f3495f942e401e501178d9ddbd5905a49ba2842862acde3776e02ab,2,TEM-002183,TEMPLATE,public/models/weapons/winterbite.glb,91808
DUP-00809,aabe66590f3495f942e401e501178d9ddbd5905a49ba2842862acde3776e02ab,2,NOV-005449,NOVO,01_Assets_Organizados/Weapons/winterbite.glb,91808
DUP-00810,3fc1ffe4802d66e2ef16131337320b436ff7037eb2cf4e8bff93ea6798065900,2,TEM-002184,TEMPLATE,public/models/weapons/peeled_birch_wand.glb,209332
DUP-00810,3fc1ffe4802d66e2ef16131337320b436ff7037eb2cf4e8bff93ea6798065900,2,NOV-005450,NOVO,01_Assets_Organizados/Weapons/peeled_birch_wand.glb,209332
DUP-00811,5757e385349bc7aca03a6ea10c7e71a02b2813fa7b0073a3bee52f2fd8fff4b3,2,TEM-002185,TEMPLATE,public/models/weapons/adv_sword_1handed.glb,30420
DUP-00811,5757e385349bc7aca03a6ea10c7e71a02b2813fa7b0073a3bee52f2fd8fff4b3,2,NOV-005451,NOVO,01_Assets_Organizados/Weapons/adv_sword_1handed.glb,30420
DUP-00812,2776785fb80b1b60325c5752efbab78a531a1623874771473c8f1ab5d609cd85,2,TEM-002186,TEMPLATE,public/models/weapons/emberfang_sword.glb,228912
DUP-00812,2776785fb80b1b60325c5752efbab78a531a1623874771473c8f1ab5d609cd85,2,NOV-005452,NOVO,01_Assets_Organizados/Weapons/emberfang_sword.glb,228912
DUP-00813,fe0df06990f3afbfd37b21f2352e2e1debf2502c5e5a7ad5b33b0407ed4168f6,2,TEM-002187,TEMPLATE,public/models/weapons/staff_a.glb,46832
DUP-00813,fe0df06990f3afbfd37b21f2352e2e1debf2502c5e5a7ad5b33b0407ed4168f6,2,NOV-005453,NOVO,01_Assets_Organizados/Weapons/staff_a.glb,46832
DUP-00814,e564abd17649ec4fa471dfbfdfd1d0668987f1844ee925d8bde17b9f2ec1d6e0,2,TEM-002188,TEMPLATE,public/models/weapons/spellbook_open.glb,35136
DUP-00814,e564abd17649ec4fa471dfbfdfd1d0668987f1844ee925d8bde17b9f2ec1d6e0,2,NOV-005454,NOVO,01_Assets_Organizados/Weapons/spellbook_open.glb,35136
DUP-00815,8333cf18181af64280f5f3e2aaea7ba096e14efcae1483936c07d4fb0068675a,2,TEM-002189,TEMPLATE,public/models/weapons/crossbow_2handed.glb,43380
DUP-00815,8333cf18181af64280f5f3e2aaea7ba096e14efcae1483936c07d4fb0068675a,2,NOV-005455,NOVO,01_Assets_Organizados/Weapons/crossbow_2handed.glb,43380
DUP-00816,8a68d165fa09dfe96b4e2473344161b910ddea10a916333cbdaacdcd17493af6,2,TEM-002190,TEMPLATE,public/models/weapons/axe_2handed.glb,35248
DUP-00816,8a68d165fa09dfe96b4e2473344161b910ddea10a916333cbdaacdcd17493af6,2,NOV-005456,NOVO,01_Assets_Organizados/Weapons/axe_2handed.glb,35248
DUP-00817,0958a09b353f4e1228c67e318b130625db647f67b6a8c6a1dcd9d3f3aeff523a,2,TEM-002191,TEMPLATE,public/models/weapons/staff.glb,36168
DUP-00817,0958a09b353f4e1228c67e318b130625db647f67b6a8c6a1dcd9d3f3aeff523a,2,NOV-005457,NOVO,01_Assets_Organizados/Weapons/staff.glb,36168
DUP-00818,b69e90ab6a4a1da8fef4213f701115a99b97bf2eb06a02e51adf742273c8304e,2,TEM-002192,TEMPLATE,public/models/weapons/solheim_last_light_of_the_dawn.glb,130092
DUP-00818,b69e90ab6a4a1da8fef4213f701115a99b97bf2eb06a02e51adf742273c8304e,2,NOV-005458,NOVO,01_Assets_Organizados/Weapons/solheim_last_light_of_the_dawn.glb,130092
DUP-00819,84a7ae7e19d7ae03b91b4c80173afca106f94bcb0f86cadddc84a2ba46e64196,2,TEM-002193,TEMPLATE,public/models/weapons/adv_sword_2handed_color.glb,37056
DUP-00819,84a7ae7e19d7ae03b91b4c80173afca106f94bcb0f86cadddc84a2ba46e64196,2,NOV-005459,NOVO,01_Assets_Organizados/Weapons/adv_sword_2handed_color.glb,37056
DUP-00820,af192626d947580f36d5e246646da4293246bca3f300713a588cff001980bc74,2,TEM-002194,TEMPLATE,public/models/weapons/axe_d.glb,66020
DUP-00820,af192626d947580f36d5e246646da4293246bca3f300713a588cff001980bc74,2,NOV-005460,NOVO,01_Assets_Organizados/Weapons/axe_d.glb,66020
DUP-00821,d684cbdb0cbfbfa7a4da1a367a4e6837f1c74b7dd6adce524e2d8d8f8076c175,2,TEM-002195,TEMPLATE,public/models/weapons/staff_b.glb,58372
DUP-00821,d684cbdb0cbfbfa7a4da1a367a4e6837f1c74b7dd6adce524e2d8d8f8076c175,2,NOV-005461,NOVO,01_Assets_Organizados/Weapons/staff_b.glb,58372
DUP-00822,3105728b5d9d5636b45c28570a2a8dc7aee916899c47d141879c0e66c87edf4f,2,TEM-002196,TEMPLATE,public/models/weapons/sword_1handed.glb,30608
DUP-00822,3105728b5d9d5636b45c28570a2a8dc7aee916899c47d141879c0e66c87edf4f,2,NOV-005462,NOVO,01_Assets_Organizados/Weapons/sword_1handed.glb,30608
DUP-00823,b0a8f2a97e6cc42ded3eae4bff47d96014081d22f51cda6d079f741bcc88f62e,2,TEM-002197,TEMPLATE,public/models/weapons/emberwish_mote_of_the_dying_sun.glb,56440
DUP-00823,b0a8f2a97e6cc42ded3eae4bff47d96014081d22f51cda6d079f741bcc88f62e,2,NOV-005463,NOVO,01_Assets_Organizados/Weapons/emberwish_mote_of_the_dying_sun.glb,56440
DUP-00824,2ca85302e0852e83829be653cb3870ebb4e99d50af929e70f5a490f8cf54433c,2,TEM-002198,TEMPLATE,public/models/weapons/purple_sword.glb,49976
DUP-00824,2ca85302e0852e83829be653cb3870ebb4e99d50af929e70f5a490f8cf54433c,2,NOV-005464,NOVO,01_Assets_Organizados/Weapons/purple_sword.glb,49976
DUP-00825,1a8c4c75557d4dfda6fb569c636b6392d16b6684bf28bb65e23f1a5d970f7e1b,2,TEM-002199,TEMPLATE,public/models/weapons/purple_staff.glb,44260
DUP-00825,1a8c4c75557d4dfda6fb569c636b6392d16b6684bf28bb65e23f1a5d970f7e1b,2,NOV-005465,NOVO,01_Assets_Organizados/Weapons/purple_staff.glb,44260
DUP-00826,7470e0ae3d2e3278f0279cdca984c01da94a918f5ee45f868665213b96ad5886,2,TEM-002200,TEMPLATE,public/models/weapons/axe_b.glb,75268
DUP-00826,7470e0ae3d2e3278f0279cdca984c01da94a918f5ee45f868665213b96ad5886,2,NOV-005466,NOVO,01_Assets_Organizados/Weapons/axe_b.glb,75268
DUP-00827,253a022ab12076b48c977b6d6ba7a6da0fc363541c269a83e998826f1b0854b0,2,TEM-002201,TEMPLATE,public/models/weapons/sword_2handed.glb,32520
DUP-00827,253a022ab12076b48c977b6d6ba7a6da0fc363541c269a83e998826f1b0854b0,2,NOV-005467,NOVO,01_Assets_Organizados/Weapons/sword_2handed.glb,32520
DUP-00828,8ed61c88eb98189ae1e912f7f682503154c9cd888b9644c55358db84befa564c,2,TEM-002202,TEMPLATE,public/models/weapons/purple_axe.glb,54336
DUP-00828,8ed61c88eb98189ae1e912f7f682503154c9cd888b9644c55358db84befa564c,2,NOV-005468,NOVO,01_Assets_Organizados/Weapons/purple_axe.glb,54336
DUP-00829,72e0b4fd163e60f1082f60faaeb6b677700040da5612a5046ab769fde9ed96f3,2,TEM-002203,TEMPLATE,public/models/weapons/skeleton_blade.glb,37096
DUP-00829,72e0b4fd163e60f1082f60faaeb6b677700040da5612a5046ab769fde9ed96f3,2,NOV-005469,NOVO,01_Assets_Organizados/Weapons/skeleton_blade.glb,37096
DUP-00830,ce2c107d4ed3d5948c19dfbf41b478d4bb972737ac16710f55c93908011c2c46,2,TEM-002204,TEMPLATE,public/models/weapons/ashspark_shiv.glb,66616
DUP-00830,ce2c107d4ed3d5948c19dfbf41b478d4bb972737ac16710f55c93908011c2c46,2,NOV-005470,NOVO,01_Assets_Organizados/Weapons/ashspark_shiv.glb,66616
DUP-00831,b3181b4cb84f4dfeb2aafae1876d94b6cc0bc617c6cd88f7ebf18a2fc031b942,2,TEM-002205,TEMPLATE,public/models/weapons/astravyr_fang_of_the_fallen_star.glb,159984
DUP-00831,b3181b4cb84f4dfeb2aafae1876d94b6cc0bc617c6cd88f7ebf18a2fc031b942,2,NOV-005471,NOVO,01_Assets_Organizados/Weapons/astravyr_fang_of_the_fallen_star.glb,159984
DUP-00832,1d1eb744880ed7b4c8222cde587c94c203ea7d56ee87c7a058be1eb85094066f,2,TEM-002206,TEMPLATE,public/models/weapons/crossbow_1handed.glb,40584
DUP-00832,1d1eb744880ed7b4c8222cde587c94c203ea7d56ee87c7a058be1eb85094066f,2,NOV-005472,NOVO,01_Assets_Organizados/Weapons/crossbow_1handed.glb,40584
DUP-00833,e2f64e2d031fa8588256819b78dae5385d317ba95ef3f3349d12f86c788fccf0,2,TEM-002207,TEMPLATE,public/models/weapons/halberd.glb,89928
DUP-00833,e2f64e2d031fa8588256819b78dae5385d317ba95ef3f3349d12f86c788fccf0,2,NOV-005473,NOVO,01_Assets_Organizados/Weapons/halberd.glb,89928
DUP-00834,bf2a356bfe8a5b22cb6d1d1ffc6ada96875baa2cebd064f53f6d34946d678463,2,TEM-002208,TEMPLATE,public/models/weapons/staff_c.glb,89272
DUP-00834,bf2a356bfe8a5b22cb6d1d1ffc6ada96875baa2cebd064f53f6d34946d678463,2,NOV-005474,NOVO,01_Assets_Organizados/Weapons/staff_c.glb,89272
DUP-00835,ed11a5b4d78aa4911679902f711af833092e17d40cdf46d6cbe4547ec7bd0c73,2,TEM-002209,TEMPLATE,public/models/weapons/hammer_b.glb,54792
DUP-00835,ed11a5b4d78aa4911679902f711af833092e17d40cdf46d6cbe4547ec7bd0c73,2,NOV-005475,NOVO,01_Assets_Organizados/Weapons/hammer_b.glb,54792
DUP-00836,e76bc1b62d5d58237e1d39497ba5c79aa8345060e0bbaf3b2b7cbee70bd8aa3f,2,TEM-002210,TEMPLATE,public/models/weapons/iron_field_hammer.glb,245868
DUP-00836,e76bc1b62d5d58237e1d39497ba5c79aa8345060e0bbaf3b2b7cbee70bd8aa3f,2,NOV-005476,NOVO,01_Assets_Organizados/Weapons/iron_field_hammer.glb,245868
DUP-00837,fb78bea1cc9d8f050ce6d24e2dd8e596eab84057c724b2ee86e4a1e18be11645,2,TEM-002211,TEMPLATE,public/models/weapons/dagger_c.glb,59460
DUP-00837,fb78bea1cc9d8f050ce6d24e2dd8e596eab84057c724b2ee86e4a1e18be11645,2,NOV-005477,NOVO,01_Assets_Organizados/Weapons/dagger_c.glb,59460
DUP-00838,75147e92b25e4d88a5edaf35b55b0eb6b2e2fe538694995507ecbb651072a78e,2,TEM-002212,TEMPLATE,public/models/weapons/skeleton_staff.glb,51660
DUP-00838,75147e92b25e4d88a5edaf35b55b0eb6b2e2fe538694995507ecbb651072a78e,2,NOV-005478,NOVO,01_Assets_Organizados/Weapons/skeleton_staff.glb,51660
DUP-00839,b39fde28d3cb2e9f87d9b6ec65249a764f6e42fb8827e657adeff38a46fce308,2,TEM-002213,TEMPLATE,public/models/weapons/adv_wand.glb,26836
DUP-00839,b39fde28d3cb2e9f87d9b6ec65249a764f6e42fb8827e657adeff38a46fce308,2,NOV-005479,NOVO,01_Assets_Organizados/Weapons/adv_wand.glb,26836
DUP-00840,f3c06d74db3873de33f05efd48942a9f8282c239c9b945d5a0cdfc2832abea02,2,TEM-002214,TEMPLATE,public/models/weapons/sword_b.glb,46048
DUP-00840,f3c06d74db3873de33f05efd48942a9f8282c239c9b945d5a0cdfc2832abea02,2,NOV-005480,NOVO,01_Assets_Organizados/Weapons/sword_b.glb,46048
DUP-00841,36f52bf60139e565fe9fafe68ae5302d492af46cdce065b83df1a140deab5ef8,2,TEM-002215,TEMPLATE,public/models/weapons/hammer_a.glb,49056
DUP-00841,36f52bf60139e565fe9fafe68ae5302d492af46cdce065b83df1a140deab5ef8,2,NOV-005481,NOVO,01_Assets_Organizados/Weapons/hammer_a.glb,49056
DUP-00842,1e60088eb8d5a3046c1b19bd6601f124e4cefff3dbdafd4bf15d136fdb9ca7a3,2,TEM-002216,TEMPLATE,public/models/weapons/scythe.glb,74656
DUP-00842,1e60088eb8d5a3046c1b19bd6601f124e4cefff3dbdafd4bf15d136fdb9ca7a3,2,NOV-005482,NOVO,01_Assets_Organizados/Weapons/scythe.glb,74656
DUP-00843,1d9b1cf91bca14aad67e4a8fd6ac0acc6c3ed767d58b39d5da7c5f24a7119734,2,TEM-002217,TEMPLATE,public/models/weapons/cinderbrand.glb,77264
DUP-00843,1d9b1cf91bca14aad67e4a8fd6ac0acc6c3ed767d58b39d5da7c5f24a7119734,2,NOV-005483,NOVO,01_Assets_Organizados/Weapons/cinderbrand.glb,77264
DUP-00844,b93d489a4f29d6f008e82e51951e59ae04f9445b1856555caefda7f2d3f19265,2,TEM-002218,TEMPLATE,public/models/weapons/rimecrusher.glb,62960
DUP-00844,b93d489a4f29d6f008e82e51951e59ae04f9445b1856555caefda7f2d3f19265,2,NOV-005484,NOVO,01_Assets_Organizados/Weapons/rimecrusher.glb,62960
DUP-00845,51d02e5bf2be3be21454e699668f65e6359d884cfc690fee97848a6b80143347,2,TEM-002219,TEMPLATE,public/models/weapons/redskull_wand.glb,66600
DUP-00845,51d02e5bf2be3be21454e699668f65e6359d884cfc690fee97848a6b80143347,2,NOV-005485,NOVO,01_Assets_Organizados/Weapons/redskull_wand.glb,66600
DUP-00846,b3c3c662c3d9505f727480d0bb1a9dcb26f88550985516f5159ea22b16a86e56,2,TEM-002220,TEMPLATE,public/models/weapons/dagger.glb,35340
DUP-00846,b3c3c662c3d9505f727480d0bb1a9dcb26f88550985516f5159ea22b16a86e56,2,NOV-005486,NOVO,01_Assets_Organizados/Weapons/dagger.glb,35340
DUP-00847,b2b2e1e77894485e8e6b82fceb54d8ece1d2e553a41f78206ff0cf937357a25d,2,TEM-002221,TEMPLATE,public/models/weapons/axe_c.glb,62284
DUP-00847,b2b2e1e77894485e8e6b82fceb54d8ece1d2e553a41f78206ff0cf937357a25d,2,NOV-005487,NOVO,01_Assets_Organizados/Weapons/axe_c.glb,62284
DUP-00848,458e0f1a5426f52d3fd3c60c56c14812ac016203bf324380ef4dd2a9ae615380,2,TEM-002222,TEMPLATE,public/models/weapons/sword_c.glb,42792
DUP-00848,458e0f1a5426f52d3fd3c60c56c14812ac016203bf324380ef4dd2a9ae615380,2,NOV-005488,NOVO,01_Assets_Organizados/Weapons/sword_c.glb,42792
DUP-00849,2477759cd8560eeec174e97fa3876926f3f502bc15ec06c3af7f32976da3a8f1,2,TEM-002223,TEMPLATE,public/models/weapons/forgeheart_stave.glb,85028
DUP-00849,2477759cd8560eeec174e97fa3876926f3f502bc15ec06c3af7f32976da3a8f1,2,NOV-005489,NOVO,01_Assets_Organizados/Weapons/forgeheart_stave.glb,85028
DUP-00850,7f4884010f02ac19fd8fac6282a8fb1a31a2e6f988eb831f922e267287d1dabd,2,TEM-002224,TEMPLATE,public/models/weapons/sword_e.glb,55684
DUP-00850,7f4884010f02ac19fd8fac6282a8fb1a31a2e6f988eb831f922e267287d1dabd,2,NOV-005490,NOVO,01_Assets_Organizados/Weapons/sword_e.glb,55684
DUP-00851,100e16a8750c080fcf1d711956787f55502e1d182daab90cea290628e6168d55,2,TEM-002225,TEMPLATE,public/models/weapons/emberbite.glb,86136
DUP-00851,100e16a8750c080fcf1d711956787f55502e1d182daab90cea290628e6168d55,2,NOV-005491,NOVO,01_Assets_Organizados/Weapons/emberbite.glb,86136
DUP-00852,ad2ab0dbfa8d732bc3bae615b1d7896a4cd6a3b055a4a32e9d33b8435d6b6d62,2,TEM-002226,TEMPLATE,public/models/weapons/adv_druid_staff.glb,63980
DUP-00852,ad2ab0dbfa8d732bc3bae615b1d7896a4cd6a3b055a4a32e9d33b8435d6b6d62,2,NOV-005492,NOVO,01_Assets_Organizados/Weapons/adv_druid_staff.glb,63980
DUP-00853,0ee0bf745a9d10739ce01d38c0afc785d66ec1739a5ce3f35a3e6d30e890534a,2,TEM-002227,TEMPLATE,public/models/weapons/redskull_hammer.glb,77644
DUP-00853,0ee0bf745a9d10739ce01d38c0afc785d66ec1739a5ce3f35a3e6d30e890534a,2,NOV-005493,NOVO,01_Assets_Organizados/Weapons/redskull_hammer.glb,77644
DUP-00854,e20c44192e1fe7de951549c0210d062be6809a842a5feadd21cb928b5cbb7751,2,TEM-002228,TEMPLATE,public/models/weapons/purple_wand.glb,47408
DUP-00854,e20c44192e1fe7de951549c0210d062be6809a842a5feadd21cb928b5cbb7751,2,NOV-005494,NOVO,01_Assets_Organizados/Weapons/purple_wand.glb,47408
DUP-00855,72b44c7882482f161b6aee28605ad2714d49b6b8f2e40763feae9e42eaa4c15b,2,TEM-002229,TEMPLATE,public/models/weapons/shield_square.glb,29960
DUP-00855,72b44c7882482f161b6aee28605ad2714d49b6b8f2e40763feae9e42eaa4c15b,2,NOV-005495,NOVO,01_Assets_Organizados/Weapons/shield_square.glb,29960
DUP-00856,6d3cf3ededad8f6741b94930110934c52798ab9c31ab2c2e32ac9a8087943dab,2,TEM-002230,TEMPLATE,public/models/weapons/hammer_d.glb,99344
DUP-00856,6d3cf3ededad8f6741b94930110934c52798ab9c31ab2c2e32ac9a8087943dab,2,NOV-005496,NOVO,01_Assets_Organizados/Weapons/hammer_d.glb,99344
DUP-00857,175392fe8734cc565b218483e66f4e0f3e7e0b407faa645a678cfc0f772cc673,2,TEM-002231,TEMPLATE,public/models/weapons/knotted_oak_stave.glb,160972
DUP-00857,175392fe8734cc565b218483e66f4e0f3e7e0b407faa645a678cfc0f772cc673,2,NOV-005497,NOVO,01_Assets_Organizados/Weapons/knotted_oak_stave.glb,160972
DUP-00858,1bd7c966a698e67cc9f04308914d9fceece7e79c5258da1003cf09c033629352,2,TEM-002232,TEMPLATE,public/models/weapons/rude_awakening_sword.glb,116952
DUP-00858,1bd7c966a698e67cc9f04308914d9fceece7e79c5258da1003cf09c033629352,2,NOV-005498,NOVO,01_Assets_Organizados/Weapons/rude_awakening_sword.glb,116952
DUP-00859,8b75923d9366b61904456aa20f0caf8af581d844584f31495e7bdaa6bd9cdaa1,2,TEM-002233,TEMPLATE,public/models/weapons/tempered_flanged_mace.glb,237412
DUP-00859,8b75923d9366b61904456aa20f0caf8af581d844584f31495e7bdaa6bd9cdaa1,2,NOV-005499,NOVO,01_Assets_Organizados/Weapons/tempered_flanged_mace.glb,237412
DUP-00860,7f9b18d0c287226d1b81042cf223bdc0b027be7661258c5adb9c81865b30963c,2,TEM-002234,TEMPLATE,public/models/weapons/brasscap_hatchet.glb,236716
DUP-00860,7f9b18d0c287226d1b81042cf223bdc0b027be7661258c5adb9c81865b30963c,2,NOV-005500,NOVO,01_Assets_Organizados/Weapons/brasscap_hatchet.glb,236716
DUP-00861,a04e5d20f098a861ab5271d2f03bc3d1fcecfe8d651500c780cf2bb2c2e37eba,2,TEM-002235,TEMPLATE,public/models/weapons/hoarfrost_vigil.glb,47476
DUP-00861,a04e5d20f098a861ab5271d2f03bc3d1fcecfe8d651500c780cf2bb2c2e37eba,2,NOV-005501,NOVO,01_Assets_Organizados/Weapons/hoarfrost_vigil.glb,47476
DUP-00862,a00b3f2f1a2f16bb4ac3f708b76c81a34d4780a51894ced6c4b58495c0e17e35,2,TEM-002236,TEMPLATE,public/models/weapons/purple_dagger.glb,41864
DUP-00862,a00b3f2f1a2f16bb4ac3f708b76c81a34d4780a51894ced6c4b58495c0e17e35,2,NOV-005502,NOVO,01_Assets_Organizados/Weapons/purple_dagger.glb,41864
DUP-00863,4b605c79b9d1717b868f37fc6de8829544ffbdd19298f26002a0654089ba65d2,2,TEM-002237,TEMPLATE,public/models/weapons/cosmarch_spire_of_the_endless_void.glb,95564
DUP-00863,4b605c79b9d1717b868f37fc6de8829544ffbdd19298f26002a0654089ba65d2,2,NOV-005503,NOVO,01_Assets_Organizados/Weapons/cosmarch_spire_of_the_endless_void.glb,95564
DUP-00864,af20cd476a533dd600d1d9edcac267bdb04134513c46b49cb65eb87f23b6e048,2,TEM-002238,TEMPLATE,public/models/weapons/sword_d.glb,51788
DUP-00864,af20cd476a533dd600d1d9edcac267bdb04134513c46b49cb65eb87f23b6e048,2,NOV-005504,NOVO,01_Assets_Organizados/Weapons/sword_d.glb,51788
DUP-00865,967e6b7548af1707f3f32d297e4937e3ea1ec97da4931fc40c57d9c9972fc8cb,2,TEM-002239,TEMPLATE,public/models/weapons/shield_badge.glb,29948
DUP-00865,967e6b7548af1707f3f32d297e4937e3ea1ec97da4931fc40c57d9c9972fc8cb,2,NOV-005506,NOVO,01_Assets_Organizados/Weapons/shield_badge.glb,29948
DUP-00866,d2d793de3b18e854d7358440104637bb247130037abefe6d1de0bdef7e78e776,2,TEM-002240,TEMPLATE,public/models/weapons/glaciersplit.glb,61232
DUP-00866,d2d793de3b18e854d7358440104637bb247130037abefe6d1de0bdef7e78e776,2,NOV-005507,NOVO,01_Assets_Organizados/Weapons/glaciersplit.glb,61232
DUP-00867,675fbe63f7bdb1b666bd31745d653fc866919e71df382da13e1df72a09bc13c2,2,TEM-002241,TEMPLATE,public/models/weapons/dagger_a.glb,43288
DUP-00867,675fbe63f7bdb1b666bd31745d653fc866919e71df382da13e1df72a09bc13c2,2,NOV-005508,NOVO,01_Assets_Organizados/Weapons/dagger_a.glb,43288
DUP-00868,c59eafa4a294bb5f1cec1be78e706ed6d1d741d637c77e41808fb691a2f00b1b,2,TEM-002242,TEMPLATE,public/models/weapons/brasscrown_walking_staff.glb,260560
DUP-00868,c59eafa4a294bb5f1cec1be78e706ed6d1d741d637c77e41808fb691a2f00b1b,2,NOV-005509,NOVO,01_Assets_Organizados/Weapons/brasscrown_walking_staff.glb,260560
DUP-00869,c98c65b9dd2a20fdccb5236ab1e7939623971f794458e5a08edfa2934769ac24,2,TEM-002243,TEMPLATE,public/models/weapons/meteorlatch_the_sky_s_last_judgment.glb,138468
DUP-00869,c98c65b9dd2a20fdccb5236ab1e7939623971f794458e5a08edfa2934769ac24,2,NOV-005510,NOVO,01_Assets_Organizados/Weapons/meteorlatch_the_sky_s_last_judgment.glb,138468
DUP-00870,3cbf96520138dcaf002b635b5bf886fe14fc967d0ca8cbd367007c134cbaa809,2,TEM-002244,TEMPLATE,public/models/weapons/encore_the_second_falling_star.glb,94468
DUP-00870,3cbf96520138dcaf002b635b5bf886fe14fc967d0ca8cbd367007c134cbaa809,2,NOV-005511,NOVO,01_Assets_Organizados/Weapons/encore_the_second_falling_star.glb,94468
DUP-00871,547e08749a77fee3c3df5e228aac888b812c951a60cec3c6b1f102dc9909c41e,2,TEM-002245,TEMPLATE,public/models/weapons/smoulderfall.glb,83032
DUP-00871,547e08749a77fee3c3df5e228aac888b812c951a60cec3c6b1f102dc9909c41e,2,NOV-005512,NOVO,01_Assets_Organizados/Weapons/smoulderfall.glb,83032
DUP-00872,09e8c27da95130274f962ccb124d2fa22f0d311a1107e570f7434398c0627c16,2,TEM-002246,TEMPLATE,public/models/weapons/shard_of_everwinter.glb,75876
DUP-00872,09e8c27da95130274f962ccb124d2fa22f0d311a1107e570f7434398c0627c16,2,NOV-005513,NOVO,01_Assets_Organizados/Weapons/shard_of_everwinter.glb,75876
DUP-00873,59b77b4c79e4321f22dcdffa076afb68f169908fb00c706a4cfa0836ab2304a6,2,TEM-002247,TEMPLATE,public/models/weapons/redskull_staff.glb,77288
DUP-00873,59b77b4c79e4321f22dcdffa076afb68f169908fb00c706a4cfa0836ab2304a6,2,NOV-005514,NOVO,01_Assets_Organizados/Weapons/redskull_staff.glb,77288
DUP-00874,9ce7eb1cccc3a633dab2a847f8bcf19b9ef167d1d3460f1e002f42a4f77ea864,2,TEM-002248,TEMPLATE,public/models/weapons/guildmark_arming_sword.glb,278284
DUP-00874,9ce7eb1cccc3a633dab2a847f8bcf19b9ef167d1d3460f1e002f42a4f77ea864,2,NOV-005515,NOVO,01_Assets_Organizados/Weapons/guildmark_arming_sword.glb,278284
DUP-00875,bf027ff44ad2e9d830ad369adeaf0e82b932e820ce0682100f4686fc1ff29089,2,TEM-002249,TEMPLATE,public/models/weapons/emberwrought_wand.glb,60272
DUP-00875,bf027ff44ad2e9d830ad369adeaf0e82b932e820ce0682100f4686fc1ff29089,2,NOV-005516,NOVO,01_Assets_Organizados/Weapons/emberwrought_wand.glb,60272
DUP-00876,ab6201faee0dcd93a0da5b9d85dc7889f5532e08f366c60dd72ff466c8b67940,2,TEM-002250,TEMPLATE,public/models/weapons/lacquered_rod.glb,245988
DUP-00876,ab6201faee0dcd93a0da5b9d85dc7889f5532e08f366c60dd72ff466c8b67940,2,NOV-005517,NOVO,01_Assets_Organizados/Weapons/lacquered_rod.glb,245988
DUP-00877,cafe0ed5b9bec2e6405fb943124bc06a0a472e1cc98ea80d492e1d4738a5cebd,2,TEM-002251,TEMPLATE,public/models/weapons/redskull_sword.glb,75164
DUP-00877,cafe0ed5b9bec2e6405fb943124bc06a0a472e1cc98ea80d492e1d4738a5cebd,2,NOV-005518,NOVO,01_Assets_Organizados/Weapons/redskull_sword.glb,75164
DUP-00878,b3cd96dbff30d25311644585add3f63cee446d7c9aa5451d828913e8fd6f1161,2,TEM-002252,TEMPLATE,public/models/weapons/skeleton_crossbow.glb,39892
DUP-00878,b3cd96dbff30d25311644585add3f63cee446d7c9aa5451d828913e8fd6f1161,2,NOV-005519,NOVO,01_Assets_Organizados/Weapons/skeleton_crossbow.glb,39892
DUP-00879,7f1096a5c203dc079589f628e2152730149b82fb04dfcaf132cb9a6f27d6a92e,2,TEM-002253,TEMPLATE,public/models/weapons/sword_g.glb,77556
DUP-00879,7f1096a5c203dc079589f628e2152730149b82fb04dfcaf132cb9a6f27d6a92e,2,NOV-005520,NOVO,01_Assets_Organizados/Weapons/sword_g.glb,77556
DUP-00880,2f8a337283e4d67fb4e21a99ff4fdf8a4a90ef9ed3f489878155b66c5692f5ed,2,TEM-002254,TEMPLATE,public/models/weapons/wand_a.glb,45452
DUP-00880,2f8a337283e4d67fb4e21a99ff4fdf8a4a90ef9ed3f489878155b66c5692f5ed,2,NOV-005521,NOVO,01_Assets_Organizados/Weapons/wand_a.glb,45452
DUP-00881,4dc41dbbdcc1b0fe604f9095fdc8fd61a61ec22dd2bcad346f496e3dc50d1852,2,TEM-002255,TEMPLATE,public/models/weapons/axe_1handed.glb,32372
DUP-00881,4dc41dbbdcc1b0fe604f9095fdc8fd61a61ec22dd2bcad346f496e3dc50d1852,2,NOV-005522,NOVO,01_Assets_Organizados/Weapons/axe_1handed.glb,32372
DUP-00882,6aa3369da1edc8cca4385da1f81d7d20b9e42dcc06dcd389417c9a21c09c3a28,2,TEM-002256,TEMPLATE,public/models/weapons/notched_woodaxe.glb,229284
DUP-00882,6aa3369da1edc8cca4385da1f81d7d20b9e42dcc06dcd389417c9a21c09c3a28,2,NOV-005523,NOVO,01_Assets_Organizados/Weapons/notched_woodaxe.glb,229284
DUP-00883,d4cc1ba0fd3dcde14cccbed5fdeb3f230ff51a1cc38f46b76eb4908261f3d2eb,2,TEM-002257,TEMPLATE,public/models/weapons/adv_sword_2handed.glb,37076
DUP-00883,d4cc1ba0fd3dcde14cccbed5fdeb3f230ff51a1cc38f46b76eb4908261f3d2eb,2,NOV-005524,NOVO,01_Assets_Organizados/Weapons/adv_sword_2handed.glb,37076
DUP-00884,414177cdd100dc3c3d536c7f61a7d12ba9249c7a5a2a692157817a9a1b7490a4,2,TEM-002258,TEMPLATE,public/models/weapons/ice_fang.glb,74816
DUP-00884,414177cdd100dc3c3d536c7f61a7d12ba9249c7a5a2a692157817a9a1b7490a4,2,NOV-005525,NOVO,01_Assets_Organizados/Weapons/ice_fang.glb,74816
DUP-00885,f747648f9a4c25eeccd2507ec4fcfd3f22ab5b359cf8ec60cbe412ab1ac5c6fb,2,TEM-002259,TEMPLATE,public/models/weapons/wrought_iron_longsword.glb,217804
DUP-00885,f747648f9a4c25eeccd2507ec4fcfd3f22ab5b359cf8ec60cbe412ab1ac5c6fb,2,NOV-005526,NOVO,01_Assets_Organizados/Weapons/wrought_iron_longsword.glb,217804
DUP-00886,e0746737f254a9fe0400398c7cc34ae3997024a28a394f5a7737fc26e9139d64,2,TEM-002260,TEMPLATE,public/models/weapons/skyrender_the_firmament_s_wound.glb,86100
DUP-00886,e0746737f254a9fe0400398c7cc34ae3997024a28a394f5a7737fc26e9139d64,2,NOV-005527,NOVO,01_Assets_Organizados/Weapons/skyrender_the_firmament_s_wound.glb,86100
DUP-00887,f00533787980166e7c15b82b157deb5c54a5dc5e098d3ce6f75201e06871d444,2,TEM-002261,TEMPLATE,public/models/weapons/fletcher_s_guild_bow.glb,275280
DUP-00887,f00533787980166e7c15b82b157deb5c54a5dc5e098d3ce6f75201e06871d444,2,NOV-005528,NOVO,01_Assets_Organizados/Weapons/fletcher_s_guild_bow.glb,275280
DUP-00888,94b636897cb86461157df4be3ee1c4ed333b4481707f915edf6313b6efc87585,2,TEM-002262,TEMPLATE,public/models/weapons/staff_d.glb,101228
DUP-00888,94b636897cb86461157df4be3ee1c4ed333b4481707f915edf6313b6efc87585,2,NOV-005529,NOVO,01_Assets_Organizados/Weapons/staff_d.glb,101228
DUP-00889,a03f87adaaf108309029ef41718f8f8fa5428bbe5f52940c548ab17e5ecad078,2,TEM-002263,TEMPLATE,public/models/weapons/adv_axe_2handed.glb,41116
DUP-00889,a03f87adaaf108309029ef41718f8f8fa5428bbe5f52940c548ab17e5ecad078,2,NOV-005530,NOVO,01_Assets_Organizados/Weapons/adv_axe_2handed.glb,41116
DUP-00890,f6eab292389ff213d7dfecf56c21bc0e04a6e5470558a43111a077942c73798f,2,TEM-002264,TEMPLATE,public/models/weapons/sword_a.glb,39308
DUP-00890,f6eab292389ff213d7dfecf56c21bc0e04a6e5470558a43111a077942c73798f,2,NOV-005531,NOVO,01_Assets_Organizados/Weapons/sword_a.glb,39308
DUP-00891,879d7e1757d3aa7971ab524fbd67acf5a126ec421b51653c651f99ac5429ada8,2,TEM-002265,TEMPLATE,public/models/weapons/skeleton_shield_large_a.glb,41460
DUP-00891,879d7e1757d3aa7971ab524fbd67acf5a126ec421b51653c651f99ac5429ada8,2,NOV-005532,NOVO,01_Assets_Organizados/Weapons/skeleton_shield_large_a.glb,41460
DUP-00892,0d823d50fe20291292f803fcd7dfce26bf728832d38e39af0e333cd7f59b477a,2,TEM-002266,TEMPLATE,public/models/weapons/axe_a.glb,72820
DUP-00892,0d823d50fe20291292f803fcd7dfce26bf728832d38e39af0e333cd7f59b477a,2,NOV-005534,NOVO,01_Assets_Organizados/Weapons/axe_a.glb,72820
DUP-00893,1f184eb71cf5f9bbbc8df984d9d049710c523daffb30d0f2955eb3a648dc86bb,2,TEM-002267,TEMPLATE,public/models/weapons/shield_round.glb,30432
DUP-00893,1f184eb71cf5f9bbbc8df984d9d049710c523daffb30d0f2955eb3a648dc86bb,2,NOV-005535,NOVO,01_Assets_Organizados/Weapons/shield_round.glb,30432
DUP-00894,d04ad896e1747df9c8327708eee98e84117555d0244238b8166805e0e316986b,2,TEM-002268,TEMPLATE,public/models/weapons/quiver.glb,37460
DUP-00894,d04ad896e1747df9c8327708eee98e84117555d0244238b8166805e0e316986b,2,NOV-005536,NOVO,01_Assets_Organizados/Weapons/quiver.glb,37460
DUP-00895,4b065700be84851f0681ad128df1a33008d711c14e0f9f5eac45dacea152347a,2,TEM-002269,TEMPLATE,public/models/weapons/simple_farmhand_crossbow.glb,185204
DUP-00895,4b065700be84851f0681ad128df1a33008d711c14e0f9f5eac45dacea152347a,2,NOV-005537,NOVO,01_Assets_Organizados/Weapons/simple_farmhand_crossbow.glb,185204
DUP-00896,388e9da402c7dfb5b13d16585f3a547b81a41867f42c7a6167fc0ad8add91ab5,2,TEM-002270,TEMPLATE,public/models/weapons/whittler_s_knife.glb,183924
DUP-00896,388e9da402c7dfb5b13d16585f3a547b81a41867f42c7a6167fc0ad8add91ab5,2,NOV-005538,NOVO,01_Assets_Organizados/Weapons/whittler_s_knife.glb,183924
DUP-00897,f4b536b25f6be71196a5c3f7a5d1e91292053c19db1b00ec4750e1c19561c747,2,TEM-002271,TEMPLATE,public/models/weapons/guildmark_dirk.glb,322516
DUP-00897,f4b536b25f6be71196a5c3f7a5d1e91292053c19db1b00ec4750e1c19561c747,2,NOV-005539,NOVO,01_Assets_Organizados/Weapons/guildmark_dirk.glb,322516
DUP-00898,f609d2b62378abec4a83c91e1af5827583d9aed87dcb5792231bad5c574c0589,2,TEM-002272,TEMPLATE,public/models/weapons/wand_b.glb,47324
DUP-00898,f609d2b62378abec4a83c91e1af5827583d9aed87dcb5792231bad5c574c0589,2,NOV-005540,NOVO,01_Assets_Organizados/Weapons/wand_b.glb,47324
DUP-00899,4e0856d94187dcc39af673ad3f8839ee649924f24028333505436a7e039622bb,2,TEM-002273,TEMPLATE,public/models/weapons/dagger_b.glb,45816
DUP-00899,4e0856d94187dcc39af673ad3f8839ee649924f24028333505436a7e039622bb,2,NOV-005541,NOVO,01_Assets_Organizados/Weapons/dagger_b.glb,45816
DUP-00900,2b2254a0e051802f8444d3e27906cf9f6eac64361f7ab713b3dc4cbafa111f06,2,TEM-002274,TEMPLATE,public/models/weapons/starfall_judgment_of_the_heavens.glb,90700
DUP-00900,2b2254a0e051802f8444d3e27906cf9f6eac64361f7ab713b3dc4cbafa111f06,2,NOV-005542,NOVO,01_Assets_Organizados/Weapons/starfall_judgment_of_the_heavens.glb,90700
DUP-00901,1b8bc9df7b1d7a96e7a5567dd4bf1e8c5cea8edb396ce77ea3b210d0d55437df,2,TEM-002356,TEMPLATE,public/models/biome/desert_tree.glb,31260
DUP-00901,1b8bc9df7b1d7a96e7a5567dd4bf1e8c5cea8edb396ce77ea3b210d0d55437df,2,NOV-005232,NOVO,01_Assets_Organizados/Nature/desert_tree.glb,31260
DUP-00902,4357b4496aca58c1b1362917f7d20751d3fc8d90dee3b024761a011dc53d31a2,2,TEM-002357,TEMPLATE,public/models/biome/beach_rocks_2.glb,93668
DUP-00902,4357b4496aca58c1b1362917f7d20751d3fc8d90dee3b024761a011dc53d31a2,2,NOV-005233,NOVO,01_Assets_Organizados/Nature/beach_rocks_2.glb,93668
DUP-00903,b89bea394837359d1ff31694f0275846e9562b8bb691ff92293b73317e283f1c,2,TEM-002358,TEMPLATE,public/models/biome/dungeon_statue_horse.glb,26656
DUP-00903,b89bea394837359d1ff31694f0275846e9562b8bb691ff92293b73317e283f1c,2,NOV-004743,NOVO,01_Assets_Organizados/Dungeon/dungeon_statue_horse.glb,26656
DUP-00904,3126c37c7a3eb6e8cbb6b16c79b3df50d6b6fe7daa1b703710d6ac68005d9458,2,TEM-002360,TEMPLATE,public/models/biome/sea_whale.glb,24788
DUP-00904,3126c37c7a3eb6e8cbb6b16c79b3df50d6b6fe7daa1b703710d6ac68005d9458,2,NOV-005236,NOVO,01_Assets_Organizados/Nature/sea_whale.glb,24788
DUP-00905,f638d6f160b4891511624adb44a935b219b07164d250866d8d6da4e45c092126,2,TEM-002361,TEMPLATE,public/models/biome/beach_dock.glb,23012
DUP-00905,f638d6f160b4891511624adb44a935b219b07164d250866d8d6da4e45c092126,2,NOV-005237,NOVO,01_Assets_Organizados/Nature/beach_dock.glb,23012
DUP-00906,e9f70e02b3f5179b0198cda7bc5bc3fc8ad547ddfffd33f19c7fd18268cb532f,2,TEM-002362,TEMPLATE,public/models/biome/sea_boat_sail_a.glb,22340
DUP-00906,e9f70e02b3f5179b0198cda7bc5bc3fc8ad547ddfffd33f19c7fd18268cb532f,2,NOV-005238,NOVO,01_Assets_Organizados/Nature/sea_boat_sail_a.glb,22340
DUP-00907,a736c5997d82090baac5b05cc0e27f0bf8bfa4cbc828433a8e244cc7e747951c,2,TEM-002364,TEMPLATE,public/models/biome/hexr_blacksmith.glb,59688
DUP-00907,a736c5997d82090baac5b05cc0e27f0bf8bfa4cbc828433a8e244cc7e747951c,2,NOV-005241,NOVO,01_Assets_Organizados/Nature/hexr_blacksmith.glb,59688
DUP-00908,47495079daa7daec333e9d12f416310bdc4b3dfd650b44286662bb89a66dc635,2,TEM-002366,TEMPLATE,public/models/biome/dungeon_pillar_stone.glb,10160
DUP-00908,47495079daa7daec333e9d12f416310bdc4b3dfd650b44286662bb89a66dc635,2,NOV-004771,NOVO,01_Assets_Organizados/Dungeon/dungeon_pillar_stone.glb,10160
DUP-00909,6f2a8cfbb08eb4a696362bc9cfaf4078b04231c478daad0e62dd574f6b8322b7,2,TEM-002367,TEMPLATE,public/models/biome/camp_bedroll_packed.glb,16288
DUP-00909,6f2a8cfbb08eb4a696362bc9cfaf4078b04231c478daad0e62dd574f6b8322b7,2,NOV-005243,NOVO,01_Assets_Organizados/Nature/camp_bedroll_packed.glb,16288
DUP-00910,4804228ad3ff5fdc686e8fcf5d812c034aaade719e9f1a067ef703d9147f02cc,2,TEM-002368,TEMPLATE,public/models/biome/hex_bridge.glb,35676
DUP-00910,4804228ad3ff5fdc686e8fcf5d812c034aaade719e9f1a067ef703d9147f02cc,2,NOV-005244,NOVO,01_Assets_Organizados/Nature/hex_bridge.glb,35676
DUP-00911,5d8f498fd199ada28a9e7b1f7ccd6fc8c278ff6896bae2ef54bf970113e67179,2,TEM-002369,TEMPLATE,public/models/biome/city_wagon.glb,351644
DUP-00911,5d8f498fd199ada28a9e7b1f7ccd6fc8c278ff6896bae2ef54bf970113e67179,2,NOV-005245,NOVO,01_Assets_Organizados/Nature/city_wagon.glb,351644
DUP-00912,4af9ec662ca875d448e020e17140e4da066cb09dfbd0f21efabf430372e1834c,2,TEM-002370,TEMPLATE,public/models/biome/hex_castle.glb,101396
DUP-00912,4af9ec662ca875d448e020e17140e4da066cb09dfbd0f21efabf430372e1834c,2,NOV-005247,NOVO,01_Assets_Organizados/Nature/hex_castle.glb,101396
DUP-00913,7e496a1a92517dbd1841484a7183714066018a3a7bd6eb3c348a14f762aebb46,2,TEM-002371,TEMPLATE,public/models/biome/cave_rocks_b.glb,48588
DUP-00913,7e496a1a92517dbd1841484a7183714066018a3a7bd6eb3c348a14f762aebb46,2,NOV-005250,NOVO,01_Assets_Organizados/Nature/cave_rocks_b.glb,48588
DUP-00914,6a074932ea2b7eebc4bfb721cd8033d775189b7b6ea3e0f97fd4eea8e341a1af,2,TEM-002372,TEMPLATE,public/models/biome/dungeon_gate.glb,25612
DUP-00914,6a074932ea2b7eebc4bfb721cd8033d775189b7b6ea3e0f97fd4eea8e341a1af,2,NOV-004799,NOVO,01_Assets_Organizados/Dungeon/dungeon_gate.glb,25612
DUP-00915,9b436296feb2b39da9b703116420437556bc84af7469e00e4368f9b16a26755d,2,TEM-002373,TEMPLATE,public/models/biome/cave_rail_ramp.glb,50988
DUP-00915,9b436296feb2b39da9b703116420437556bc84af7469e00e4368f9b16a26755d,2,NOV-005251,NOVO,01_Assets_Organizados/Nature/cave_rail_ramp.glb,50988
DUP-00916,8cb65fb06db0dacf7c4873cdc7dc525714d841865bbde7a2df642c597b6a9076,2,TEM-002374,TEMPLATE,public/models/biome/hex_boat.glb,30124
DUP-00916,8cb65fb06db0dacf7c4873cdc7dc525714d841865bbde7a2df642c597b6a9076,2,NOV-005252,NOVO,01_Assets_Organizados/Nature/hex_boat.glb,30124
DUP-00917,fe10de5aeada0d7d2c3078916d887fd31e525949cf4a0270e15b12d920c2ad3d,2,TEM-002376,TEMPLATE,public/models/biome/city_fence_ornament.glb,116788
DUP-00917,fe10de5aeada0d7d2c3078916d887fd31e525949cf4a0270e15b12d920c2ad3d,2,NOV-005254,NOVO,01_Assets_Organizados/Nature/city_fence_ornament.glb,116788
DUP-00918,28e050b4b5ac0cf7771c584569516b2dd05a596153f3bfacee7e48801221b844,2,TEM-002377,TEMPLATE,public/models/biome/hex_boatrack.glb,31844
DUP-00918,28e050b4b5ac0cf7771c584569516b2dd05a596153f3bfacee7e48801221b844,2,NOV-005255,NOVO,01_Assets_Organizados/Nature/hex_boatrack.glb,31844
DUP-00919,16520b6825ef08fda716c695b102686eb201b257336316367cb9f82629b13a95,2,TEM-002378,TEMPLATE,public/models/biome/hex_wheelbarrow.glb,34088
DUP-00919,16520b6825ef08fda716c695b102686eb201b257336316367cb9f82629b13a95,2,NOV-005256,NOVO,01_Assets_Organizados/Nature/hex_wheelbarrow.glb,34088
DUP-00920,9b2c6ff681e7b9eee50e13f7208ed9ababde71686cd399e93885acc56b32fe71,2,TEM-002379,TEMPLATE,public/models/biome/hex_tower_cannon.glb,66468
DUP-00920,9b2c6ff681e7b9eee50e13f7208ed9ababde71686cd399e93885acc56b32fe71,2,NOV-005257,NOVO,01_Assets_Organizados/Nature/hex_tower_cannon.glb,66468
DUP-00921,5d2d9643421800a61beb4373ea274cbd4c7a850121f729abe2f3333e004c46d7,2,TEM-002380,TEMPLATE,public/models/biome/beach_rocks_1.glb,12744
DUP-00921,5d2d9643421800a61beb4373ea274cbd4c7a850121f729abe2f3333e004c46d7,2,NOV-005258,NOVO,01_Assets_Organizados/Nature/beach_rocks_1.glb,12744
DUP-00922,41a212ece87f444f70573deba33bf4860348396887813ff64e01f48ce3cdebf5,2,TEM-002381,TEMPLATE,public/models/biome/hex_lumber.glb,32376
DUP-00922,41a212ece87f444f70573deba33bf4860348396887813ff64e01f48ce3cdebf5,2,NOV-005260,NOVO,01_Assets_Organizados/Nature/hex_lumber.glb,32376
DUP-00923,b9e0c948c9a77d9c6720f9181d4d12c15e429b4e58968cec6cd25c693d9684fb,2,TEM-002382,TEMPLATE,public/models/biome/hexr_watchtower.glb,52080
DUP-00923,b9e0c948c9a77d9c6720f9181d4d12c15e429b4e58968cec6cd25c693d9684fb,2,NOV-005261,NOVO,01_Assets_Organizados/Nature/hexr_watchtower.glb,52080
DUP-00924,0e5090c054c6c1a6c3cf091c0cb0adc579f21bda6748bf7786d6064caa1b0d14,2,TEM-002383,TEMPLATE,public/models/biome/city_fence_metal.glb,103748
DUP-00924,0e5090c054c6c1a6c3cf091c0cb0adc579f21bda6748bf7786d6064caa1b0d14,2,NOV-005262,NOVO,01_Assets_Organizados/Nature/city_fence_metal.glb,103748
DUP-00925,a19505e1cb5327faf56ef293b199182efd8e9a2c4bcd92abb6063e15a92d675a,2,TEM-002384,TEMPLATE,public/models/biome/sea_dolphin.glb,22712
DUP-00925,a19505e1cb5327faf56ef293b199182efd8e9a2c4bcd92abb6063e15a92d675a,2,NOV-005263,NOVO,01_Assets_Organizados/Nature/sea_dolphin.glb,22712
DUP-00926,ab95d9ba18ba6bd18b39eb96d464f865a3eea743aa0d48141733ef904183d502,2,TEM-002385,TEMPLATE,public/models/biome/desert_rock_formation_1.glb,16740
DUP-00926,ab95d9ba18ba6bd18b39eb96d464f865a3eea743aa0d48141733ef904183d502,2,NOV-005264,NOVO,01_Assets_Organizados/Nature/desert_rock_formation_1.glb,16740
DUP-00927,8a1d09b4c6453be8dda2fdb827edb91bd959ea7a1513b5ef25de9d627a6f7c71,2,TEM-002386,TEMPLATE,public/models/biome/hexb_windmill.glb,70060
DUP-00927,8a1d09b4c6453be8dda2fdb827edb91bd959ea7a1513b5ef25de9d627a6f7c71,2,NOV-005265,NOVO,01_Assets_Organizados/Nature/hexb_windmill.glb,70060
DUP-00928,2818bf9944ba2b13e3e95b6e1d763d6b3faa744524f8032df4456ee957f1f019,2,TEM-002387,TEMPLATE,public/models/biome/hexb_home_b.glb,49056
DUP-00928,2818bf9944ba2b13e3e95b6e1d763d6b3faa744524f8032df4456ee957f1f019,2,NOV-005266,NOVO,01_Assets_Organizados/Nature/hexb_home_b.glb,49056
DUP-00929,bf3dca3c5a4bf53ff4e62857a6a56e8f0e551885c8e470f3b9836325837ba734,2,TEM-002388,TEMPLATE,public/models/biome/hexr_home_b.glb,49056
DUP-00929,bf3dca3c5a4bf53ff4e62857a6a56e8f0e551885c8e470f3b9836325837ba734,2,NOV-005267,NOVO,01_Assets_Organizados/Nature/hexr_home_b.glb,49056
DUP-00930,adff3634fe244668bf9bc4b2fccfaf2b0719434e6096d803df96d7af7eb6a480,2,TEM-002389,TEMPLATE,public/models/biome/hex_tile_water.glb,29068
DUP-00930,adff3634fe244668bf9bc4b2fccfaf2b0719434e6096d803df96d7af7eb6a480,2,NOV-005268,NOVO,01_Assets_Organizados/Nature/hex_tile_water.glb,29068
DUP-00931,517acbcca49c589ee446911dc25669ede353293fe6b0ba1eedb20ed9ba0cf581,2,TEM-002391,TEMPLATE,public/models/biome/dungeon_banner.glb,14924
DUP-00931,517acbcca49c589ee446911dc25669ede353293fe6b0ba1eedb20ed9ba0cf581,2,NOV-004821,NOVO,01_Assets_Organizados/Dungeon/dungeon_banner.glb,14924
DUP-00932,68029192955f7d41425fc15ef3b5ae63898ac204404dcc434d9d89300804f4ea,2,TEM-002392,TEMPLATE,public/models/biome/hex_barrel.glb,33344
DUP-00932,68029192955f7d41425fc15ef3b5ae63898ac204404dcc434d9d89300804f4ea,2,NOV-005270,NOVO,01_Assets_Organizados/Nature/hex_barrel.glb,33344
DUP-00933,62749db66645f4c17e42b934c5ee98eda9f8bad8bd499e777793bc54f3146a44,2,TEM-002393,TEMPLATE,public/models/biome/camp_fishing_stand.glb,15352
DUP-00933,62749db66645f4c17e42b934c5ee98eda9f8bad8bd499e777793bc54f3146a44,2,NOV-005271,NOVO,01_Assets_Organizados/Nature/camp_fishing_stand.glb,15352
DUP-00934,ea0831e2260cd38725d067fc316d6a535087dfebabe7deb0db6c95f114a341ae,2,TEM-002394,TEMPLATE,public/models/biome/dungeon_gate_bars.glb,29028
DUP-00934,ea0831e2260cd38725d067fc316d6a535087dfebabe7deb0db6c95f114a341ae,2,NOV-004825,NOVO,01_Assets_Organizados/Dungeon/dungeon_gate_bars.glb,29028
DUP-00935,4cebaf93bbc837c870aff7a59c903ad4f7a70e98d0d063bd3649a657b6155c7c,2,TEM-002395,TEMPLATE,public/models/biome/hexr_tower_catapult.glb,67428
DUP-00935,4cebaf93bbc837c870aff7a59c903ad4f7a70e98d0d063bd3649a657b6155c7c,2,NOV-005273,NOVO,01_Assets_Organizados/Nature/hexr_tower_catapult.glb,67428
DUP-00936,defd96970cc2b2e1dfc332121b56339afa7fa5e63d88210210190e6356edbc08,2,TEM-002396,TEMPLATE,public/models/biome/hexr_townhall.glb,76624
DUP-00936,defd96970cc2b2e1dfc332121b56339afa7fa5e63d88210210190e6356edbc08,2,NOV-005274,NOVO,01_Assets_Organizados/Nature/hexr_townhall.glb,76624
DUP-00937,bb547efdc8656ec606ecb9c367a2b158fef1f4c51e8c0e9c0645c09d929a2a5d,2,TEM-002397,TEMPLATE,public/models/biome/hex_ship_blue.glb,48740
DUP-00937,bb547efdc8656ec606ecb9c367a2b158fef1f4c51e8c0e9c0645c09d929a2a5d,2,NOV-005275,NOVO,01_Assets_Organizados/Nature/hex_ship_blue.glb,48740
DUP-00938,07d77705f35e1eeb7575fca00847309431d7eb13c4a70fb02addeb3f1309537d,2,TEM-002398,TEMPLATE,public/models/biome/hex_home_a.glb,43292
DUP-00938,07d77705f35e1eeb7575fca00847309431d7eb13c4a70fb02addeb3f1309537d,2,NOV-005276,NOVO,01_Assets_Organizados/Nature/hex_home_a.glb,43292
DUP-00939,a072e4884935d4d4360b0b7198fd216c27b0a699d6dde91dc997789bbd5292d9,2,TEM-002399,TEMPLATE,public/models/biome/hex_barracks.glb,82932
DUP-00939,a072e4884935d4d4360b0b7198fd216c27b0a699d6dde91dc997789bbd5292d9,2,NOV-005277,NOVO,01_Assets_Organizados/Nature/hex_barracks.glb,82932
DUP-00940,a7cdce86b7c25aaf1fe718173fe941b4960ef4166b4b12ac3baa1cc14dbdbde1,2,TEM-002400,TEMPLATE,public/models/biome/sea_rowboat_large.glb,19200
DUP-00940,a7cdce86b7c25aaf1fe718173fe941b4960ef4166b4b12ac3baa1cc14dbdbde1,2,NOV-005278,NOVO,01_Assets_Organizados/Nature/sea_rowboat_large.glb,19200
DUP-00941,d2647a7269687f9b38ed99b19956397c77c30c18f2ea1f4fbd4bcfb8ae260f65,2,TEM-002401,TEMPLATE,public/models/biome/cave_cart_a.glb,38476
DUP-00941,d2647a7269687f9b38ed99b19956397c77c30c18f2ea1f4fbd4bcfb8ae260f65,2,NOV-005279,NOVO,01_Assets_Organizados/Nature/cave_cart_a.glb,38476
DUP-00942,54cc019e35b9352c1c985449cd624a8853861f345533cde158d85b1cfcf4c3a5,2,TEM-002402,TEMPLATE,public/models/biome/sea_blue_tang.glb,48940
DUP-00942,54cc019e35b9352c1c985449cd624a8853861f345533cde158d85b1cfcf4c3a5,2,NOV-005280,NOVO,01_Assets_Organizados/Nature/sea_blue_tang.glb,48940
DUP-00943,5be2cc47237990d4d5eb5a48f9c0d0358b217d0cf9f7217d06696047f7195572,2,TEM-002404,TEMPLATE,public/models/biome/kcas_wall_pillar.glb,40756
DUP-00943,5be2cc47237990d4d5eb5a48f9c0d0358b217d0cf9f7217d06696047f7195572,2,NOV-005282,NOVO,01_Assets_Organizados/Nature/kcas_wall_pillar.glb,40756
DUP-00944,f1683fd9f5631f89a5405c9b02b33c4f9f748c28b070e5ac489156e09e0e636f,2,TEM-002405,TEMPLATE,public/models/biome/hex_anchor.glb,32172
DUP-00944,f1683fd9f5631f89a5405c9b02b33c4f9f748c28b070e5ac489156e09e0e636f,2,NOV-005283,NOVO,01_Assets_Organizados/Nature/hex_anchor.glb,32172
DUP-00945,b2d644284148bc898d027b804fcb2813eba4b7de7b87212b9140afce735dd4d2,2,TEM-002406,TEMPLATE,public/models/biome/cave_ladder.glb,51312
DUP-00945,b2d644284148bc898d027b804fcb2813eba4b7de7b87212b9140afce735dd4d2,2,NOV-005284,NOVO,01_Assets_Organizados/Nature/cave_ladder.glb,51312
DUP-00946,1f572225a3959db7509f5a46675f8257e900c1df2d6fd92cc47a18aea3ff90d6,2,TEM-002407,TEMPLATE,public/models/biome/desert_cactus_tall_1.glb,45320
DUP-00946,1f572225a3959db7509f5a46675f8257e900c1df2d6fd92cc47a18aea3ff90d6,2,NOV-005285,NOVO,01_Assets_Organizados/Nature/desert_cactus_tall_1.glb,45320
DUP-00947,353277a921aa46d24e9ff3fd0355e341efe96db833a704392bc591e6b6ce6cb3,2,TEM-002409,TEMPLATE,public/models/biome/cave_pillar.glb,50544
DUP-00947,353277a921aa46d24e9ff3fd0355e341efe96db833a704392bc591e6b6ce6cb3,2,NOV-005287,NOVO,01_Assets_Organizados/Nature/cave_pillar.glb,50544
DUP-00948,4455aa833d8e07adf26ef42f834100ccee9a0ad3c62c0a0a6c56ee42f74cf3ad,2,TEM-002410,TEMPLATE,public/models/biome/dungeon_wall_stone.glb,26404
DUP-00948,4455aa833d8e07adf26ef42f834100ccee9a0ad3c62c0a0a6c56ee42f74cf3ad,2,NOV-004859,NOVO,01_Assets_Organizados/Dungeon/dungeon_wall_stone.glb,26404
DUP-00949,a8f6ddc9ded406e8a3584caa134ea9dfe3d4e9bf28003dcd0f229332f4d4cb57,2,TEM-002411,TEMPLATE,public/models/biome/kcas_keg.glb,42124
DUP-00949,a8f6ddc9ded406e8a3584caa134ea9dfe3d4e9bf28003dcd0f229332f4d4cb57,2,NOV-005289,NOVO,01_Assets_Organizados/Nature/kcas_keg.glb,42124
DUP-00950,2d4ea3477fe02a449a1f0c25de63fc6d6721ff5e4532d2e622f0a7b37ddb1e90,2,TEM-002412,TEMPLATE,public/models/biome/hex_ship_red.glb,48624
DUP-00950,2d4ea3477fe02a449a1f0c25de63fc6d6721ff5e4532d2e622f0a7b37ddb1e90,2,NOV-005290,NOVO,01_Assets_Organizados/Nature/hex_ship_red.glb,48624
DUP-00951,2bb46e77cc5be89299b51b1ce480ca43181d8869bae3ead798c3215846d41d04,2,TEM-002413,TEMPLATE,public/models/biome/hexb_market.glb,67836
DUP-00951,2bb46e77cc5be89299b51b1ce480ca43181d8869bae3ead798c3215846d41d04,2,NOV-005291,NOVO,01_Assets_Organizados/Nature/hexb_market.glb,67836
DUP-00952,b544820af30af5a427923f3d1007f3d6e83b26d3086aa66ddada7365a8e9c5a8,2,TEM-002414,TEMPLATE,public/models/biome/hex_well.glb,39872
DUP-00952,b544820af30af5a427923f3d1007f3d6e83b26d3086aa66ddada7365a8e9c5a8,2,NOV-005292,NOVO,01_Assets_Organizados/Nature/hex_well.glb,39872
DUP-00953,1b02f0fc48824a9af3b479369aa623f2e23c2aaf5fa85ac7468c883f7459dd5f,2,TEM-002415,TEMPLATE,public/models/biome/cave_mine_entrance.glb,50324
DUP-00953,1b02f0fc48824a9af3b479369aa623f2e23c2aaf5fa85ac7468c883f7459dd5f,2,NOV-005293,NOVO,01_Assets_Organizados/Nature/cave_mine_entrance.glb,50324
DUP-00954,1de88d0ae79bbc7d4c6cfb81543c952b6430e60ab993f4684d4a414644d5f0e6,2,TEM-002416,TEMPLATE,public/models/biome/desert_cactus_tall_2.glb,43976
DUP-00954,1de88d0ae79bbc7d4c6cfb81543c952b6430e60ab993f4684d4a414644d5f0e6,2,NOV-005294,NOVO,01_Assets_Organizados/Nature/desert_cactus_tall_2.glb,43976
DUP-00955,513457b6d32d42222de6b2b588b4fa2346022cb070fb6c40d9d2d03c832982ae,2,TEM-002417,TEMPLATE,public/models/biome/hexb_stables.glb,57680
DUP-00955,513457b6d32d42222de6b2b588b4fa2346022cb070fb6c40d9d2d03c832982ae,2,NOV-005295,NOVO,01_Assets_Organizados/Nature/hexb_stables.glb,57680
DUP-00956,7fe85c0f9ab5be49f42a78080503f66db9d7b14288cda3ba60c3748e23ae2ecb,2,TEM-002418,TEMPLATE,public/models/biome/hex_tower.glb,57656
DUP-00956,7fe85c0f9ab5be49f42a78080503f66db9d7b14288cda3ba60c3748e23ae2ecb,2,NOV-005296,NOVO,01_Assets_Organizados/Nature/hex_tower.glb,57656
DUP-00957,4df2fcc0949150b2dfb812accd132ce750131d90f35648d5f9c12f717a35c681,2,TEM-002419,TEMPLATE,public/models/biome/beach_cannon.glb,25704
DUP-00957,4df2fcc0949150b2dfb812accd132ce750131d90f35648d5f9c12f717a35c681,2,NOV-005297,NOVO,01_Assets_Organizados/Nature/beach_cannon.glb,25704
DUP-00958,eaf60428d14f8e2e0aea21bbfb5130325dd51698838339d656f79f6bea04a116,2,TEM-002421,TEMPLATE,public/models/biome/dungeon_column_small.glb,13424
DUP-00958,eaf60428d14f8e2e0aea21bbfb5130325dd51698838339d656f79f6bea04a116,2,NOV-004877,NOVO,01_Assets_Organizados/Dungeon/dungeon_column_small.glb,13424
DUP-00959,3708458ac66335c949d54a6e828aafa5a281e322f0aa19ffe9178eb089dccebf,2,TEM-002422,TEMPLATE,public/models/biome/beach_palm_1.glb,29996
DUP-00959,3708458ac66335c949d54a6e828aafa5a281e322f0aa19ffe9178eb089dccebf,2,NOV-005300,NOVO,01_Assets_Organizados/Nature/beach_palm_1.glb,29996
DUP-00960,e5762a5ef4c4de20143cd1212006b42a88b3669fb488b6f4c576fe12fd7d9021,2,TEM-002423,TEMPLATE,public/models/biome/hexr_tower_base.glb,47744
DUP-00960,e5762a5ef4c4de20143cd1212006b42a88b3669fb488b6f4c576fe12fd7d9021,2,NOV-005301,NOVO,01_Assets_Organizados/Nature/hexr_tower_base.glb,47744
DUP-00961,1c2106a06dc2c2bf3e36dcb2ae9b5d4672f266d941840a24b50500a509e8691d,2,TEM-002425,TEMPLATE,public/models/biome/beach_dock_broken.glb,25040
DUP-00961,1c2106a06dc2c2bf3e36dcb2ae9b5d4672f266d941840a24b50500a509e8691d,2,NOV-005304,NOVO,01_Assets_Organizados/Nature/beach_dock_broken.glb,25040
DUP-00962,dc6a369cf3de640bac592c7b82df422eb90364f28a836b100c0932802ffe422b,2,TEM-002426,TEMPLATE,public/models/biome/beach_ship.glb,54788
DUP-00962,dc6a369cf3de640bac592c7b82df422eb90364f28a836b100c0932802ffe422b,2,NOV-005305,NOVO,01_Assets_Organizados/Nature/beach_ship.glb,54788
DUP-00963,7174726ece966af35008d27415eb1f99cb5cd978b2068243c7f64ee9c2458670,2,TEM-002428,TEMPLATE,public/models/biome/camp_fire_pit.glb,19452
DUP-00963,7174726ece966af35008d27415eb1f99cb5cd978b2068243c7f64ee9c2458670,2,NOV-005307,NOVO,01_Assets_Organizados/Nature/camp_fire_pit.glb,19452
DUP-00964,f6130740cb854713aa20b744a41cb46afe3189eafbfe66510320af838dfb70f3,2,TEM-002430,TEMPLATE,public/models/biome/hex_sack.glb,29836
DUP-00964,f6130740cb854713aa20b744a41cb46afe3189eafbfe66510320af838dfb70f3,2,NOV-005309,NOVO,01_Assets_Organizados/Nature/hex_sack.glb,29836
DUP-00965,aa453fe116c2ba917c4ad87f1e461e7752dd8c2abcd6e3fd9d4cfb99dd28f928,2,TEM-002431,TEMPLATE,public/models/biome/kcas_floor_large.glb,33060
DUP-00965,aa453fe116c2ba917c4ad87f1e461e7752dd8c2abcd6e3fd9d4cfb99dd28f928,2,NOV-005312,NOVO,01_Assets_Organizados/Nature/kcas_floor_large.glb,33060
DUP-00966,e5f5104c814d64847e743283977bb39ec5eb50b01c17b22f1e211d4244f2e147,2,TEM-002432,TEMPLATE,public/models/biome/dungeon_arch_door.glb,20348
DUP-00966,e5f5104c814d64847e743283977bb39ec5eb50b01c17b22f1e211d4244f2e147,2,NOV-004894,NOVO,01_Assets_Organizados/Dungeon/dungeon_arch_door.glb,20348
DUP-00967,2b99ffa40227b7814d10b9fd3377f186251576e9b161a6aae72d273c360bce7c,2,TEM-002433,TEMPLATE,public/models/biome/dungeon_corridor.glb,30596
DUP-00967,2b99ffa40227b7814d10b9fd3377f186251576e9b161a6aae72d273c360bce7c,2,NOV-004896,NOVO,01_Assets_Organizados/Dungeon/dungeon_corridor.glb,30596
DUP-00968,fccdd89d6927b372f571f693435c60a3f7744deae85b237a34d63a161e10bf34,2,TEM-002434,TEMPLATE,public/models/biome/city_stairs.glb,667872
DUP-00968,fccdd89d6927b372f571f693435c60a3f7744deae85b237a34d63a161e10bf34,2,NOV-005313,NOVO,01_Assets_Organizados/Nature/city_stairs.glb,667872
DUP-00969,3ed36d3e44587057ddff4cdcba1142381b307338ae54fffd70d53504988bd554,2,TEM-002435,TEMPLATE,public/models/biome/hex_blacksmith.glb,59692
DUP-00969,3ed36d3e44587057ddff4cdcba1142381b307338ae54fffd70d53504988bd554,2,NOV-005314,NOVO,01_Assets_Organizados/Nature/hex_blacksmith.glb,59692
DUP-00970,50765fa6799c2e8db0404bc3ba2e3d3b3c4fbfda07e371b171480d3317a4050f,2,TEM-002436,TEMPLATE,public/models/biome/hex_tavern.glb,74604
DUP-00970,50765fa6799c2e8db0404bc3ba2e3d3b3c4fbfda07e371b171480d3317a4050f,2,NOV-005315,NOVO,01_Assets_Organizados/Nature/hex_tavern.glb,74604
DUP-00971,93d63571aa187612132097f8a2e0893b6379933da9a20d5ffde9fa6cb409476a,2,TEM-002437,TEMPLATE,public/models/biome/beach_rock_sand_b.glb,16536
DUP-00971,93d63571aa187612132097f8a2e0893b6379933da9a20d5ffde9fa6cb409476a,2,NOV-005316,NOVO,01_Assets_Organizados/Nature/beach_rock_sand_b.glb,16536
DUP-00972,0d5c42b6d28d4ba3fc59d718e8f06205eac6050d2981a4d12c2a284b017a1a6e,2,TEM-002438,TEMPLATE,public/models/biome/hexr_tavern.glb,74600
DUP-00972,0d5c42b6d28d4ba3fc59d718e8f06205eac6050d2981a4d12c2a284b017a1a6e,2,NOV-005317,NOVO,01_Assets_Organizados/Nature/hexr_tavern.glb,74600
DUP-00973,852f157e5935b95cbb104dcb562d8c1c4de4c1c176afd341b1ab27561bda5313,2,TEM-002439,TEMPLATE,public/models/biome/beach_bone.glb,23392
DUP-00973,852f157e5935b95cbb104dcb562d8c1c4de4c1c176afd341b1ab27561bda5313,2,NOV-005318,NOVO,01_Assets_Organizados/Nature/beach_bone.glb,23392
DUP-00974,86d3c1e6c133d1f5fc824dc14e5d3fdf879bcd8509551fea3c1fa1f11b026d59,2,TEM-002440,TEMPLATE,public/models/biome/beach_palm_3.glb,30096
DUP-00974,86d3c1e6c133d1f5fc824dc14e5d3fdf879bcd8509551fea3c1fa1f11b026d59,2,NOV-005319,NOVO,01_Assets_Organizados/Nature/beach_palm_3.glb,30096
DUP-00975,29c4c68da8b227bd2e0f4ed27fad11614a814822ba9b09ec1987f409ba7c729e,2,TEM-002442,TEMPLATE,public/models/biome/dungeon_corridor_cross.glb,22080
DUP-00975,29c4c68da8b227bd2e0f4ed27fad11614a814822ba9b09ec1987f409ba7c729e,2,NOV-004906,NOVO,01_Assets_Organizados/Dungeon/dungeon_corridor_cross.glb,22080
DUP-00976,fc6e02e1f0aad1b5ba9e15434d0c60ed6469f9fb0ffc853611624743748f84ad,2,TEM-002443,TEMPLATE,public/models/biome/desert_boulder_2.glb,17648
DUP-00976,fc6e02e1f0aad1b5ba9e15434d0c60ed6469f9fb0ffc853611624743748f84ad,2,NOV-005321,NOVO,01_Assets_Organizados/Nature/desert_boulder_2.glb,17648
DUP-00977,d997c1a1ec25a150397a6c052e694c91cda91aeb2ab52974a76e0a61d239f813,2,TEM-002444,TEMPLATE,public/models/biome/beach_chest.glb,26936
DUP-00977,d997c1a1ec25a150397a6c052e694c91cda91aeb2ab52974a76e0a61d239f813,2,NOV-005322,NOVO,01_Assets_Organizados/Nature/beach_chest.glb,26936
DUP-00978,bfd7eb1d2385af55a82ae6ab662283cfbdd8ff31cc00627b4d4293d7205d79ff,2,TEM-002446,TEMPLATE,public/models/biome/hexr_market.glb,67820
DUP-00978,bfd7eb1d2385af55a82ae6ab662283cfbdd8ff31cc00627b4d4293d7205d79ff,2,NOV-005324,NOVO,01_Assets_Organizados/Nature/hexr_market.glb,67820
DUP-00979,074fbbb508b17d8429a38c2f5e21e474b52e6207f792d31850496acbc2a9541c,2,TEM-002447,TEMPLATE,public/models/biome/dungeon_room_small.glb,84176
DUP-00979,074fbbb508b17d8429a38c2f5e21e474b52e6207f792d31850496acbc2a9541c,2,NOV-004910,NOVO,01_Assets_Organizados/Dungeon/dungeon_room_small.glb,84176
DUP-00980,804b077b9f9ab936d4414a813ff570e38eaa5988e0f8d29f56f80f4e278e41d2,2,TEM-002448,TEMPLATE,public/models/biome/kcas_floor_weeds.glb,38704
DUP-00980,804b077b9f9ab936d4414a813ff570e38eaa5988e0f8d29f56f80f4e278e41d2,2,NOV-005325,NOVO,01_Assets_Organizados/Nature/kcas_floor_weeds.glb,38704
DUP-00981,5d24e5f081328301d450b3fe558af2266cb9a792dc55a4e942c748aa6bccd8d8,2,TEM-002449,TEMPLATE,public/models/biome/kcas_foundation.glb,38264
DUP-00981,5d24e5f081328301d450b3fe558af2266cb9a792dc55a4e942c748aa6bccd8d8,2,NOV-005326,NOVO,01_Assets_Organizados/Nature/kcas_foundation.glb,38264
DUP-00982,a0b27ccbfb5abf5aa30552798d27f3ff168d3dab87b77a1ad02af2ff57febb55,2,TEM-002450,TEMPLATE,public/models/biome/kcas_wall_cracked.glb,61376
DUP-00982,a0b27ccbfb5abf5aa30552798d27f3ff168d3dab87b77a1ad02af2ff57febb55,2,NOV-005327,NOVO,01_Assets_Organizados/Nature/kcas_wall_cracked.glb,61376
DUP-00983,9cae1e9bbe2ae93e9834706cd9d7e20a5343497787362fec88161b3c98bddc24,2,TEM-002451,TEMPLATE,public/models/biome/camp_bedroll.glb,17152
DUP-00983,9cae1e9bbe2ae93e9834706cd9d7e20a5343497787362fec88161b3c98bddc24,2,NOV-005328,NOVO,01_Assets_Organizados/Nature/camp_bedroll.glb,17152
DUP-00984,7219e8b570b332d72b36f650364758ffb0d7d490fef8e1c6d2e82a4ccc024c77,2,TEM-002452,TEMPLATE,public/models/biome/hex_target.glb,30804
DUP-00984,7219e8b570b332d72b36f650364758ffb0d7d490fef8e1c6d2e82a4ccc024c77,2,NOV-005329,NOVO,01_Assets_Organizados/Nature/hex_target.glb,30804
DUP-00985,1817dddb3acaf91ece1e490c34307bac67861f4deb553070179de1cab85df285,2,TEM-002453,TEMPLATE,public/models/biome/sea_swordfish.glb,48592
DUP-00985,1817dddb3acaf91ece1e490c34307bac67861f4deb553070179de1cab85df285,2,NOV-005330,NOVO,01_Assets_Organizados/Nature/sea_swordfish.glb,48592
DUP-00986,b5d35cc7ab7a01009a1cb7b068355c677cb818c4dde84f10ef7d36847f87379d,2,TEM-002455,TEMPLATE,public/models/biome/sea_clownfish.glb,51388
DUP-00986,b5d35cc7ab7a01009a1cb7b068355c677cb818c4dde84f10ef7d36847f87379d,2,NOV-005333,NOVO,01_Assets_Organizados/Nature/sea_clownfish.glb,51388
DUP-00987,f7078a9723234fa8b317bf772a85ffe9a283f6339ca0ca4850e2b5e87999b951,2,TEM-002456,TEMPLATE,public/models/biome/cave_post.glb,50160
DUP-00987,f7078a9723234fa8b317bf772a85ffe9a283f6339ca0ca4850e2b5e87999b951,2,NOV-005334,NOVO,01_Assets_Organizados/Nature/cave_post.glb,50160
DUP-00988,c2b8be7c98eb00b08740f3a719569ee3fb34dc6d646d14390a90655e45a6c64d,2,TEM-002457,TEMPLATE,public/models/biome/dungeon_corridor_end.glb,37512
DUP-00988,c2b8be7c98eb00b08740f3a719569ee3fb34dc6d646d14390a90655e45a6c64d,2,NOV-004929,NOVO,01_Assets_Organizados/Dungeon/dungeon_corridor_end.glb,37512
DUP-00989,aeba728a7f615a80137b553a69382ba4bd1bf161497c889c51a99746a3a33be9,2,TEM-002458,TEMPLATE,public/models/biome/hex_market.glb,67824
DUP-00989,aeba728a7f615a80137b553a69382ba4bd1bf161497c889c51a99746a3a33be9,2,NOV-005336,NOVO,01_Assets_Organizados/Nature/hex_market.glb,67824
DUP-00990,e3fe63ed2ab371b508c6fbf729f9666da33cb2230c452c31af954202bef4afa2,2,TEM-002459,TEMPLATE,public/models/biome/hexb_townhall.glb,76628
DUP-00990,e3fe63ed2ab371b508c6fbf729f9666da33cb2230c452c31af954202bef4afa2,2,NOV-005337,NOVO,01_Assets_Organizados/Nature/hexb_townhall.glb,76628
DUP-00991,6470251f9d6a6ba8391baa88fc1831fb633bc9011f5a0ce65efdf72b29a6cd10,2,TEM-002460,TEMPLATE,public/models/biome/hex_haybale.glb,31568
DUP-00991,6470251f9d6a6ba8391baa88fc1831fb633bc9011f5a0ce65efdf72b29a6cd10,2,NOV-005338,NOVO,01_Assets_Organizados/Nature/hex_haybale.glb,31568
DUP-00992,b7e7e58a1fec19453e1e3a42fa26b1ad7f646ff6959d0ec89d5c0bd3fa451cda,2,TEM-002461,TEMPLATE,public/models/biome/camp_tent_canvas.glb,16484
DUP-00992,b7e7e58a1fec19453e1e3a42fa26b1ad7f646ff6959d0ec89d5c0bd3fa451cda,2,NOV-005339,NOVO,01_Assets_Organizados/Nature/camp_tent_canvas.glb,16484
DUP-00993,3646754513570a50255ba5643141e7866cd80b70caeb2d681b3617d5f2699a3e,2,TEM-002462,TEMPLATE,public/models/biome/hex_cannon.glb,49088
DUP-00993,3646754513570a50255ba5643141e7866cd80b70caeb2d681b3617d5f2699a3e,2,NOV-005340,NOVO,01_Assets_Organizados/Nature/hex_cannon.glb,49088
DUP-00994,dc71a55457dfa8a0fa501030db270a5645da4fec786e117273229698f96a1e04,2,TEM-002463,TEMPLATE,public/models/biome/hexr_home_a.glb,43288
DUP-00994,dc71a55457dfa8a0fa501030db270a5645da4fec786e117273229698f96a1e04,2,NOV-005341,NOVO,01_Assets_Organizados/Nature/hexr_home_a.glb,43288
DUP-00995,b2a5281f91f6eec3964838ba6b33e46b799cca02542fee0afebbafe566d8eeda,2,TEM-002464,TEMPLATE,public/models/biome/kcas_barrel.glb,38032
DUP-00995,b2a5281f91f6eec3964838ba6b33e46b799cca02542fee0afebbafe566d8eeda,2,NOV-005343,NOVO,01_Assets_Organizados/Nature/kcas_barrel.glb,38032
DUP-00996,982b5849f5b5c8a943bb76dd3c7f600aadd2be920eb28435ac9364e7937be107,2,TEM-002465,TEMPLATE,public/models/biome/cave_entrance.glb,50912
DUP-00996,982b5849f5b5c8a943bb76dd3c7f600aadd2be920eb28435ac9364e7937be107,2,NOV-005345,NOVO,01_Assets_Organizados/Nature/cave_entrance.glb,50912
DUP-00997,16f3e81a18b6644b51facdf40cb7ccd96de47f4e20df589b97b4c93c72f60233,2,TEM-002466,TEMPLATE,public/models/biome/desert_mesa_1.glb,29536
DUP-00997,16f3e81a18b6644b51facdf40cb7ccd96de47f4e20df589b97b4c93c72f60233,2,NOV-005346,NOVO,01_Assets_Organizados/Nature/desert_mesa_1.glb,29536
DUP-00998,22e258e3fb6f729bd5584cb558f5aab2b9d601d3ae989c01e4b037b6fcbdbf2c,2,TEM-002467,TEMPLATE,public/models/biome/beach_barrel.glb,14352
DUP-00998,22e258e3fb6f729bd5584cb558f5aab2b9d601d3ae989c01e4b037b6fcbdbf2c,2,NOV-005347,NOVO,01_Assets_Organizados/Nature/beach_barrel.glb,14352
DUP-00999,9ad13d6956dfe3360705bb549707b8753db7bbbc9dbbc2745f0a1e5f8bb1b0ed,2,TEM-002468,TEMPLATE,public/models/biome/kcas_torch_mounted.glb,34896
DUP-00999,9ad13d6956dfe3360705bb549707b8753db7bbbc9dbbc2745f0a1e5f8bb1b0ed,2,NOV-005348,NOVO,01_Assets_Organizados/Nature/kcas_torch_mounted.glb,34896
DUP-01000,70ff96175ca29e0c939d3eea33db35b24faaa28ac93b01bef744204d7f070a3c,2,TEM-002469,TEMPLATE,public/models/biome/dungeon_stairs.glb,59640
DUP-01000,70ff96175ca29e0c939d3eea33db35b24faaa28ac93b01bef744204d7f070a3c,2,NOV-004963,NOVO,01_Assets_Organizados/Dungeon/dungeon_stairs.glb,59640
DUP-01001,5968262a2daf9cf699bffd250440900a6a50acfdc4c8cb9eedb1f7e04df211d1,2,TEM-002470,TEMPLATE,public/models/biome/sea_buoy_flag.glb,18776
DUP-01001,5968262a2daf9cf699bffd250440900a6a50acfdc4c8cb9eedb1f7e04df211d1,2,NOV-005349,NOVO,01_Assets_Organizados/Nature/sea_buoy_flag.glb,18776
DUP-01002,a3d1c1c571d44b174f7388f545fe43462c11b1b385c57dffb9ec7fb92675115b,2,TEM-002471,TEMPLATE,public/models/biome/hexr_stables.glb,47388
DUP-01002,a3d1c1c571d44b174f7388f545fe43462c11b1b385c57dffb9ec7fb92675115b,2,NOV-005351,NOVO,01_Assets_Organizados/Nature/hexr_stables.glb,47388
DUP-01003,3166e20d4985f6eec8cfa12715b4f37c4e3a629a6dccdea187733562e2af429e,2,TEM-002472,TEMPLATE,public/models/biome/city_arch.glb,326292
DUP-01003,3166e20d4985f6eec8cfa12715b4f37c4e3a629a6dccdea187733562e2af429e,2,NOV-005352,NOVO,01_Assets_Organizados/Nature/city_arch.glb,326292
DUP-01004,92072964314797014b75e68699c774164df6f34a7580fad7ef2c379fbb482ef0,2,TEM-002473,TEMPLATE,public/models/biome/hex_flag.glb,29520
DUP-01004,92072964314797014b75e68699c774164df6f34a7580fad7ef2c379fbb482ef0,2,NOV-005353,NOVO,01_Assets_Organizados/Nature/hex_flag.glb,29520
DUP-01005,166faedf2ffa9eb78e9aee274e0332adbb9a172f494b30be0da1c132d97feac0,2,TEM-002474,TEMPLATE,public/models/biome/desert_rock_formation_2.glb,17272
DUP-01005,166faedf2ffa9eb78e9aee274e0332adbb9a172f494b30be0da1c132d97feac0,2,NOV-005354,NOVO,01_Assets_Organizados/Nature/desert_rock_formation_2.glb,17272
DUP-01006,004ee40b5dc9ada3afdbd964e03b548fe761ead8fcf9eceb3e3afb9c946a149a,2,TEM-002475,TEMPLATE,public/models/biome/cave_stairs.glb,52640
DUP-01006,004ee40b5dc9ada3afdbd964e03b548fe761ead8fcf9eceb3e3afb9c946a149a,2,NOV-005355,NOVO,01_Assets_Organizados/Nature/cave_stairs.glb,52640
DUP-01007,0f00a395f0dab2a7ff9a1df0e5c2d8a16b1f09a51d94cd2591ee04520c97521b,2,TEM-002476,TEMPLATE,public/models/biome/hexr_barracks.glb,82908
DUP-01007,0f00a395f0dab2a7ff9a1df0e5c2d8a16b1f09a51d94cd2591ee04520c97521b,2,NOV-005356,NOVO,01_Assets_Organizados/Nature/hexr_barracks.glb,82908
DUP-01008,d848547a49299a30e77a0d8189c95234c70a47468448bb9ac7964dafe458dd6f,2,TEM-002477,TEMPLATE,public/models/biome/sea_shark.glb,24316
DUP-01008,d848547a49299a30e77a0d8189c95234c70a47468448bb9ac7964dafe458dd6f,2,NOV-005357,NOVO,01_Assets_Organizados/Nature/sea_shark.glb,24316
DUP-01009,9ee0baa4ff6644a5697b753216759a38c1d022ac4f640d826e1a00e1ac90469a,2,TEM-002478,TEMPLATE,public/models/biome/camp_tent.glb,15996
DUP-01009,9ee0baa4ff6644a5697b753216759a38c1d022ac4f640d826e1a00e1ac90469a,2,NOV-005358,NOVO,01_Assets_Organizados/Nature/camp_tent.glb,15996
DUP-01010,4acbf73a2740a590ee771c930181f1c59b45b424548310f30c9ea60bf9367671,2,TEM-002479,TEMPLATE,public/models/biome/beach_house.glb,51808
DUP-01010,4acbf73a2740a590ee771c930181f1c59b45b424548310f30c9ea60bf9367671,2,NOV-005359,NOVO,01_Assets_Organizados/Nature/beach_house.glb,51808
DUP-01011,3b58a9c6d540418d1961c136285cc612570c8ea959091894b67ce69bfbffbf8a,2,TEM-002480,TEMPLATE,public/models/biome/dungeon_wood_structure.glb,14664
DUP-01011,3b58a9c6d540418d1961c136285cc612570c8ea959091894b67ce69bfbffbf8a,2,NOV-004988,NOVO,01_Assets_Organizados/Dungeon/dungeon_wood_structure.glb,14664
DUP-01012,d06d731f7bce5cfb739f831cde60f7b3d597179532a0ef4d205d02eb73a43d01,2,TEM-002481,TEMPLATE,public/models/biome/kcas_wall_gated.glb,37824
DUP-01012,d06d731f7bce5cfb739f831cde60f7b3d597179532a0ef4d205d02eb73a43d01,2,NOV-005360,NOVO,01_Assets_Organizados/Nature/kcas_wall_gated.glb,37824
DUP-01013,16a1532ac70d62f03f7149d5c0668f3831bedc49443ce3c48abe9dd9e246cef3,2,TEM-002482,TEMPLATE,public/models/biome/hexr_windmill.glb,70056
DUP-01013,16a1532ac70d62f03f7149d5c0668f3831bedc49443ce3c48abe9dd9e246cef3,2,NOV-005361,NOVO,01_Assets_Organizados/Nature/hexr_windmill.glb,70056
DUP-01014,b87e70c43aee79d5de4c87584d9168682dee1edb7d986b6c84360f2b91ee2c3c,2,TEM-002484,TEMPLATE,public/models/biome/beach_palm_2.glb,31280
DUP-01014,b87e70c43aee79d5de4c87584d9168682dee1edb7d986b6c84360f2b91ee2c3c,2,NOV-005363,NOVO,01_Assets_Organizados/Nature/beach_palm_2.glb,31280
DUP-01015,12ac904b448d74692453ff1435d7d0067318d6b28b6a3c90c184a9fc2491b36a,2,TEM-002485,TEMPLATE,public/models/biome/dungeon_trap.glb,17928
DUP-01015,12ac904b448d74692453ff1435d7d0067318d6b28b6a3c90c184a9fc2491b36a,2,NOV-005000,NOVO,01_Assets_Organizados/Dungeon/dungeon_trap.glb,17928
DUP-01016,5872fe9b38a5e22b981b6d9c421703c0ad89447609feec144a0fb047e5f17f46,2,TEM-002486,TEMPLATE,public/models/biome/city_crate.glb,327704
DUP-01016,5872fe9b38a5e22b981b6d9c421703c0ad89447609feec144a0fb047e5f17f46,2,NOV-005364,NOVO,01_Assets_Organizados/Nature/city_crate.glb,327704
DUP-01017,b9866fffabd764e83c2c90fde887f0fd43cebccbaf12060d92256b54218e46b0,2,TEM-002487,TEMPLATE,public/models/biome/hex_crate_big.glb,30632
DUP-01017,b9866fffabd764e83c2c90fde887f0fd43cebccbaf12060d92256b54218e46b0,2,NOV-005365,NOVO,01_Assets_Organizados/Nature/hex_crate_big.glb,30632
DUP-01018,0aed73e60f3d45746504c4f83acc17da843aead1a2cc800f485517f8143eb43e,2,TEM-002488,TEMPLATE,public/models/biome/beach_anchor.glb,13536
DUP-01018,0aed73e60f3d45746504c4f83acc17da843aead1a2cc800f485517f8143eb43e,2,NOV-005366,NOVO,01_Assets_Organizados/Nature/beach_anchor.glb,13536
DUP-01019,51dcbe0b866c4621eb66e5b81178a3716cbaa1a5378d26fe50d05cd98d606972,2,TEM-002489,TEMPLATE,public/models/biome/hex_church.glb,51248
DUP-01019,51dcbe0b866c4621eb66e5b81178a3716cbaa1a5378d26fe50d05cd98d606972,2,NOV-005367,NOVO,01_Assets_Organizados/Nature/hex_church.glb,51248
DUP-01020,4279d5dabfe05b9277d9520bfedd9b656be5d96b3ab6474018e66c9d6225a33a,2,TEM-002490,TEMPLATE,public/models/biome/dungeon_cobweb.glb,18144
DUP-01020,4279d5dabfe05b9277d9520bfedd9b656be5d96b3ab6474018e66c9d6225a33a,2,NOV-005015,NOVO,01_Assets_Organizados/Dungeon/dungeon_cobweb.glb,18144
DUP-01021,0a467298f333867964a0ec70bf905d260349f6ccdb1f694dd2f84aacee4c0d7b,2,TEM-002492,TEMPLATE,public/models/biome/desert_boulder_1.glb,17020
DUP-01021,0a467298f333867964a0ec70bf905d260349f6ccdb1f694dd2f84aacee4c0d7b,2,NOV-005369,NOVO,01_Assets_Organizados/Nature/desert_boulder_1.glb,17020
DUP-01022,eadd5ff28d67fd42a0a39b2d8b9547be2546f0abde406fd7ecfb214d6a0f62e2,2,TEM-002493,TEMPLATE,public/models/biome/desert_mesa_2.glb,29568
DUP-01022,eadd5ff28d67fd42a0a39b2d8b9547be2546f0abde406fd7ecfb214d6a0f62e2,2,NOV-005370,NOVO,01_Assets_Organizados/Nature/desert_mesa_2.glb,29568
DUP-01023,2bf0a4c5938021913363f95359dd545318b7f879389c2883dea479372b962eea,2,TEM-002494,TEMPLATE,public/models/biome/dungeon_coins.glb,43260
DUP-01023,2bf0a4c5938021913363f95359dd545318b7f879389c2883dea479372b962eea,2,NOV-005026,NOVO,01_Assets_Organizados/Dungeon/dungeon_coins.glb,43260
DUP-01024,2777d8819950e3650e3665b0ce72562406eeeed73aa9460d18bd7c33b9cd430a,2,TEM-002495,TEMPLATE,public/models/biome/camp_signpost.glb,14576
DUP-01024,2777d8819950e3650e3665b0ce72562406eeeed73aa9460d18bd7c33b9cd430a,2,NOV-005371,NOVO,01_Assets_Organizados/Nature/camp_signpost.glb,14576
DUP-01025,b18dfec27e685c6b67851596064c580f16ef44badbe551fa3974214aa065f473,2,TEM-002496,TEMPLATE,public/models/biome/dungeon_wood_support.glb,13116
DUP-01025,b18dfec27e685c6b67851596064c580f16ef44badbe551fa3974214aa065f473,2,NOV-005032,NOVO,01_Assets_Organizados/Dungeon/dungeon_wood_support.glb,13116
DUP-01026,bdacc5462d546a14d851b328d9747a0d85bf1f036064523fabf45f2aa2ec0883,2,TEM-002499,TEMPLATE,public/models/biome/beach_rock_sand_a.glb,15204
DUP-01026,bdacc5462d546a14d851b328d9747a0d85bf1f036064523fabf45f2aa2ec0883,2,NOV-005374,NOVO,01_Assets_Organizados/Nature/beach_rock_sand_a.glb,15204
DUP-01027,3a070e23d8e370d93d65cf6c23f6ed0f59931fc8b473490a823596f8ac2902e5,2,TEM-002500,TEMPLATE,public/models/biome/dungeon_arch_stone.glb,61352
DUP-01027,3a070e23d8e370d93d65cf6c23f6ed0f59931fc8b473490a823596f8ac2902e5,2,NOV-005033,NOVO,01_Assets_Organizados/Dungeon/dungeon_arch_stone.glb,61352
DUP-01028,ae16554a78981a960e8470dd96435586bbe6dc44e4aa4c294cdd2b2a5bdba1b2,2,TEM-002501,TEMPLATE,public/models/biome/dungeon_banner_wall.glb,9716
DUP-01028,ae16554a78981a960e8470dd96435586bbe6dc44e4aa4c294cdd2b2a5bdba1b2,2,NOV-005035,NOVO,01_Assets_Organizados/Dungeon/dungeon_banner_wall.glb,9716
DUP-01029,8756a9f6bee3087e0915368aa396fd4e306b9d60de99516f70b230c99f9c58ef,2,TEM-002502,TEMPLATE,public/models/biome/desert_rock_formation_3.glb,17480
DUP-01029,8756a9f6bee3087e0915368aa396fd4e306b9d60de99516f70b230c99f9c58ef,2,NOV-005375,NOVO,01_Assets_Organizados/Nature/desert_rock_formation_3.glb,17480
DUP-01030,e10bb84cc1cee92e112e0c3d2c9d105dc18eeaa74ec7be48cefd52d5140cea12,2,TEM-002503,TEMPLATE,public/models/biome/dungeon_trap_door.glb,13000
DUP-01030,e10bb84cc1cee92e112e0c3d2c9d105dc18eeaa74ec7be48cefd52d5140cea12,2,NOV-005038,NOVO,01_Assets_Organizados/Dungeon/dungeon_trap_door.glb,13000
DUP-01031,5d7fd1f14b1affb22d73799316c88abec1ab9031407322cf8e930784b625b172,2,TEM-002505,TEMPLATE,public/models/biome/hex_watchtower.glb,52024
DUP-01031,5d7fd1f14b1affb22d73799316c88abec1ab9031407322cf8e930784b625b172,2,NOV-005377,NOVO,01_Assets_Organizados/Nature/hex_watchtower.glb,52024
DUP-01032,d7a141fea9d288c33128265f68190f03287c705a8608be2775c99d8b545fddb3,2,TEM-002506,TEMPLATE,public/models/biome/hex_windmill.glb,70072
DUP-01032,d7a141fea9d288c33128265f68190f03287c705a8608be2775c99d8b545fddb3,2,NOV-005378,NOVO,01_Assets_Organizados/Nature/hex_windmill.glb,70072
DUP-01033,741ef1c9447440f9d227538f37f66938d640bb8d6af52c0ed811c1f71f15be8c,2,TEM-002507,TEMPLATE,public/models/biome/hexb_tower_base.glb,47744
DUP-01033,741ef1c9447440f9d227538f37f66938d640bb8d6af52c0ed811c1f71f15be8c,2,NOV-005379,NOVO,01_Assets_Organizados/Nature/hexb_tower_base.glb,47744
DUP-01034,21acdd72c7af5c6ee8f9a4faf1e45b4617dcdb99cf87bebec54510c4e4d717f8,2,TEM-002508,TEMPLATE,public/models/biome/sea_manta_ray.glb,32556
DUP-01034,21acdd72c7af5c6ee8f9a4faf1e45b4617dcdb99cf87bebec54510c4e4d717f8,2,NOV-005380,NOVO,01_Assets_Organizados/Nature/sea_manta_ray.glb,32556
DUP-01035,bd54a71511883caeb491133e86e549dde2cd7eef24a8c3d019bd699268744e85,2,TEM-002509,TEMPLATE,public/models/biome/sea_boat_sail_b.glb,22860
DUP-01035,bd54a71511883caeb491133e86e549dde2cd7eef24a8c3d019bd699268744e85,2,NOV-005381,NOVO,01_Assets_Organizados/Nature/sea_boat_sail_b.glb,22860
DUP-01036,a5e86baf8fb89d9b77209dfa2de7e633dec10215c213e1d1b706d8048a861bab,2,TEM-002510,TEMPLATE,public/models/biome/sea_boat_fishing.glb,19060
DUP-01036,a5e86baf8fb89d9b77209dfa2de7e633dec10215c213e1d1b706d8048a861bab,2,NOV-005382,NOVO,01_Assets_Organizados/Nature/sea_boat_fishing.glb,19060
DUP-01037,b9325d08fb2ec66ca14d2290fff6d8a54028602841e77dc6e2206577545ee178,2,TEM-002511,TEMPLATE,public/models/biome/cave_rocks_a.glb,48496
DUP-01037,b9325d08fb2ec66ca14d2290fff6d8a54028602841e77dc6e2206577545ee178,2,NOV-005383,NOVO,01_Assets_Organizados/Nature/cave_rocks_a.glb,48496
DUP-01038,68cdc722ab0e30fb55a04f36680154d48a95ecfdabbcdd824c8b16027e3a31a2,2,TEM-002512,TEMPLATE,public/models/biome/hex_home_b.glb,49060
DUP-01038,68cdc722ab0e30fb55a04f36680154d48a95ecfdabbcdd824c8b16027e3a31a2,2,NOV-005384,NOVO,01_Assets_Organizados/Nature/hex_home_b.glb,49060
DUP-01039,ce9c93a09a5c961a49cef4e723dbb14458dbf2634e77a265e73fae139f0c9f18,2,TEM-002513,TEMPLATE,public/models/biome/hex_weaponrack.glb,29532
DUP-01039,ce9c93a09a5c961a49cef4e723dbb14458dbf2634e77a265e73fae139f0c9f18,2,NOV-005385,NOVO,01_Assets_Organizados/Nature/hex_weaponrack.glb,29532
DUP-01040,3fe7079d680f8d1b2f55e6a78e3b0a379aa8c12727f3281b72d03c505cc89a51,2,TEM-002514,TEMPLATE,public/models/biome/hexr_tower_a.glb,57640
DUP-01040,3fe7079d680f8d1b2f55e6a78e3b0a379aa8c12727f3281b72d03c505cc89a51,2,NOV-005386,NOVO,01_Assets_Organizados/Nature/hexr_tower_a.glb,57640
DUP-01041,8628b72013e151e14befaa3649bc751c22ca9ab29c61a1c2355cc033f8e516e2,2,TEM-002515,TEMPLATE,public/models/biome/hex_ship_green.glb,48584
DUP-01041,8628b72013e151e14befaa3649bc751c22ca9ab29c61a1c2355cc033f8e516e2,2,NOV-005387,NOVO,01_Assets_Organizados/Nature/hex_ship_green.glb,48584
DUP-01042,42a9b26c661b3e4e26baa8a069cf846bafa13a127821924a1fea68a8dbd37f2f,2,TEM-002516,TEMPLATE,public/models/biome/hexb_tower_b.glb,62040
DUP-01042,42a9b26c661b3e4e26baa8a069cf846bafa13a127821924a1fea68a8dbd37f2f,2,NOV-005388,NOVO,01_Assets_Organizados/Nature/hexb_tower_b.glb,62040
DUP-01043,2c12e31030431f836f5862413af941da74c0db00a4767a30564bc24ec5e3de3a,2,TEM-002517,TEMPLATE,public/models/biome/beach_rock_sand_c.glb,16016
DUP-01043,2c12e31030431f836f5862413af941da74c0db00a4767a30564bc24ec5e3de3a,2,NOV-005389,NOVO,01_Assets_Organizados/Nature/beach_rock_sand_c.glb,16016
DUP-01044,51af6221bc9a6e422230a03a29d9174c7dad406fc188787f5aaaf6569e08c271,2,TEM-002518,TEMPLATE,public/models/biome/hex_tile_road.glb,29712
DUP-01044,51af6221bc9a6e422230a03a29d9174c7dad406fc188787f5aaaf6569e08c271,2,NOV-005390,NOVO,01_Assets_Organizados/Nature/hex_tile_road.glb,29712
DUP-01045,03197f18d0605b74af1fd97f82af315f4b17d391d646f7958384c74a6fd29a33,2,TEM-002519,TEMPLATE,public/models/biome/sea_puffer.glb,71384
DUP-01045,03197f18d0605b74af1fd97f82af315f4b17d391d646f7958384c74a6fd29a33,2,NOV-005391,NOVO,01_Assets_Organizados/Nature/sea_puffer.glb,71384
DUP-01046,11c5734fb9f8ed86fdb8bde301b47c7416bd3e48dbe7d438e24f1cd8be4acd62,2,TEM-002521,TEMPLATE,public/models/biome/hexb_tavern.glb,74604
DUP-01046,11c5734fb9f8ed86fdb8bde301b47c7416bd3e48dbe7d438e24f1cd8be4acd62,2,NOV-005393,NOVO,01_Assets_Organizados/Nature/hexb_tavern.glb,74604
DUP-01047,a162bb66f4d8b6683e8e46b9f523774c6b01bcc1eb949c3544ec9a9146f6bc8f,2,TEM-002522,TEMPLATE,public/models/biome/hex_cannonballs.glb,34036
DUP-01047,a162bb66f4d8b6683e8e46b9f523774c6b01bcc1eb949c3544ec9a9146f6bc8f,2,NOV-005394,NOVO,01_Assets_Organizados/Nature/hex_cannonballs.glb,34036
DUP-01048,602cad3750acc84678b35b4f8bd721c1815f65cf41ce03447b37a5fb2a9128ca,2,TEM-002523,TEMPLATE,public/models/biome/desert_cactus_flat.glb,38920
DUP-01048,602cad3750acc84678b35b4f8bd721c1815f65cf41ce03447b37a5fb2a9128ca,2,NOV-005395,NOVO,01_Assets_Organizados/Nature/desert_cactus_flat.glb,38920
DUP-01049,ebc1819cbdb51ffcc22595cae827e660199710cc8748b8f5ec3b8d2d71dae15b,2,TEM-002524,TEMPLATE,public/models/biome/cave_cart_b.glb,38876
DUP-01049,ebc1819cbdb51ffcc22595cae827e660199710cc8748b8f5ec3b8d2d71dae15b,2,NOV-005396,NOVO,01_Assets_Organizados/Nature/cave_cart_b.glb,38876
DUP-01050,c917d11e03831d8c67ddb6de4c54b9bee5f3f95eb9535fbb3ff6299342179c32,2,TEM-002525,TEMPLATE,public/models/biome/sea_koi.glb,52964
DUP-01050,c917d11e03831d8c67ddb6de4c54b9bee5f3f95eb9535fbb3ff6299342179c32,2,NOV-005397,NOVO,01_Assets_Organizados/Nature/sea_koi.glb,52964
DUP-01051,8645de4bfb107a1c7a9b7f88ea87caadad272e6f7d7468607709b636d6802821,2,TEM-002526,TEMPLATE,public/models/biome/hex_flag_red.glb,29520
DUP-01051,8645de4bfb107a1c7a9b7f88ea87caadad272e6f7d7468607709b636d6802821,2,NOV-005398,NOVO,01_Assets_Organizados/Nature/hex_flag_red.glb,29520
DUP-01052,38b174f3c51cf4c53857ceb359b7f8b24012222c83b1812bcce300f85ca7263b,2,TEM-002527,TEMPLATE,public/models/biome/kcas_rubble_half.glb,36820
DUP-01052,38b174f3c51cf4c53857ceb359b7f8b24012222c83b1812bcce300f85ca7263b,2,NOV-005399,NOVO,01_Assets_Organizados/Nature/kcas_rubble_half.glb,36820
DUP-01053,c9cc043d904d2dd8c1160882257fb6b1d039c0e20c15040151d3db48d661bbee,2,TEM-002528,TEMPLATE,public/models/biome/hexb_docks.glb,43316
DUP-01053,c9cc043d904d2dd8c1160882257fb6b1d039c0e20c15040151d3db48d661bbee,2,NOV-005400,NOVO,01_Assets_Organizados/Nature/hexb_docks.glb,43316
DUP-01054,9591ad1772c1a22b1e93fdcfac4ab46f792b963ed3391a068cdd5d23a9a5d536,4,TEM-002529,TEMPLATE,public/models/biome/hexn_palisade.glb,36368
DUP-01054,9591ad1772c1a22b1e93fdcfac4ab46f792b963ed3391a068cdd5d23a9a5d536,4,TEM-002550,TEMPLATE,public/models/biome/hex_wall.glb,36368
DUP-01054,9591ad1772c1a22b1e93fdcfac4ab46f792b963ed3391a068cdd5d23a9a5d536,4,NOV-005401,NOVO,01_Assets_Organizados/Nature/hexn_palisade.glb,36368
DUP-01054,9591ad1772c1a22b1e93fdcfac4ab46f792b963ed3391a068cdd5d23a9a5d536,4,NOV-005425,NOVO,01_Assets_Organizados/Nature/hex_wall.glb,36368
DUP-01055,856b7c794c27f62698bf3f49b42ad22b319a7c1dc237aae3b6f492e5480c1cbb,2,TEM-002530,TEMPLATE,public/models/biome/hexb_home_a.glb,43288
DUP-01055,856b7c794c27f62698bf3f49b42ad22b319a7c1dc237aae3b6f492e5480c1cbb,2,NOV-005402,NOVO,01_Assets_Organizados/Nature/hexb_home_a.glb,43288
DUP-01056,eb101b8f0377d7a2c5cb0943e4e871e76121fc870e0dbaa3aa671b39b086c948,2,TEM-002531,TEMPLATE,public/models/biome/hex_tile_grass.glb,29376
DUP-01056,eb101b8f0377d7a2c5cb0943e4e871e76121fc870e0dbaa3aa671b39b086c948,2,NOV-005404,NOVO,01_Assets_Organizados/Nature/hex_tile_grass.glb,29376
DUP-01057,19452612e3bc1f616d4305d8d29c20afd4ebcddaf817df0c26474423e27b7a4b,2,TEM-002532,TEMPLATE,public/models/biome/city_fence_wood.glb,324184
DUP-01057,19452612e3bc1f616d4305d8d29c20afd4ebcddaf817df0c26474423e27b7a4b,2,NOV-005405,NOVO,01_Assets_Organizados/Nature/city_fence_wood.glb,324184
DUP-01058,0cb1859b150b4a85fd0c6cf850daf1110bc08716e8859962207cec13cc1f725e,2,TEM-002533,TEMPLATE,public/models/biome/sea_anglerfish.glb,57920
DUP-01058,0cb1859b150b4a85fd0c6cf850daf1110bc08716e8859962207cec13cc1f725e,2,NOV-005406,NOVO,01_Assets_Organizados/Nature/sea_anglerfish.glb,57920
DUP-01059,6bee314613abbd216f5c8686e4d6e0794a629c02a8ba59dcfa20c0863c508924,2,TEM-002534,TEMPLATE,public/models/biome/hexr_castle.glb,101400
DUP-01059,6bee314613abbd216f5c8686e4d6e0794a629c02a8ba59dcfa20c0863c508924,2,NOV-005407,NOVO,01_Assets_Organizados/Nature/hexr_castle.glb,101400
DUP-01060,5250f213c6a48d8ed206ee09a9b4d28cb6898d713a22bc0c787eadecb96a0439,2,TEM-002535,TEMPLATE,public/models/biome/sea_buoy.glb,17052
DUP-01060,5250f213c6a48d8ed206ee09a9b4d28cb6898d713a22bc0c787eadecb96a0439,2,NOV-005408,NOVO,01_Assets_Organizados/Nature/sea_buoy.glb,17052
DUP-01061,8c6ebf7018ce8a2b71998151657b75261f91870e1f744aa128988bd23b347f22,2,TEM-002536,TEMPLATE,public/models/biome/dungeon_floor_tile.glb,17460
DUP-01061,8c6ebf7018ce8a2b71998151657b75261f91870e1f744aa128988bd23b347f22,2,NOV-005088,NOVO,01_Assets_Organizados/Dungeon/dungeon_floor_tile.glb,17460
DUP-01062,076a44122d491f08d82f7c1d4f634a9c25d9f88ce40711dc0456d4e7a5da88ba,2,TEM-002537,TEMPLATE,public/models/biome/hex_trough.glb,30792
DUP-01062,076a44122d491f08d82f7c1d4f634a9c25d9f88ce40711dc0456d4e7a5da88ba,2,NOV-005409,NOVO,01_Assets_Organizados/Nature/hex_trough.glb,30792
DUP-01063,f9a044d718778c6eed63783658b29b19c8c4e73e31e258a99e76c687ec9b4c17,2,TEM-002538,TEMPLATE,public/models/biome/city_vine_2.glb,23916
DUP-01063,f9a044d718778c6eed63783658b29b19c8c4e73e31e258a99e76c687ec9b4c17,2,NOV-005412,NOVO,01_Assets_Organizados/Nature/city_vine_2.glb,23916
DUP-01064,79864a938ef7633d05779f4e999116c1fbbf05bf36ebaa1e4935adf8590ed8bd,2,TEM-002539,TEMPLATE,public/models/biome/city_vine_1.glb,23680
DUP-01064,79864a938ef7633d05779f4e999116c1fbbf05bf36ebaa1e4935adf8590ed8bd,2,NOV-005414,NOVO,01_Assets_Organizados/Nature/city_vine_1.glb,23680
DUP-01065,b7da2671a79e838f83d70adbc58033207ac360de554bb7f7488983f2d5aabc7a,2,TEM-002540,TEMPLATE,public/models/biome/hexr_church.glb,51244
DUP-01065,b7da2671a79e838f83d70adbc58033207ac360de554bb7f7488983f2d5aabc7a,2,NOV-005415,NOVO,01_Assets_Organizados/Nature/hexr_church.glb,51244
DUP-01066,7aa0ebd8c2160541217652fa6f7b18ccae6e01247b048d74d7653213196cf994,2,TEM-002541,TEMPLATE,public/models/biome/hexb_workshop.glb,77484
DUP-01066,7aa0ebd8c2160541217652fa6f7b18ccae6e01247b048d74d7653213196cf994,2,NOV-005416,NOVO,01_Assets_Organizados/Nature/hexb_workshop.glb,77484
DUP-01067,b967e0a320acc250fa3ce230fda8428935a25a64cce55d535f9d46d02a605254,2,TEM-002542,TEMPLATE,public/models/biome/hex_crate_open.glb,32192
DUP-01067,b967e0a320acc250fa3ce230fda8428935a25a64cce55d535f9d46d02a605254,2,NOV-005418,NOVO,01_Assets_Organizados/Nature/hex_crate_open.glb,32192
DUP-01068,a911a2ef983307fec125b6eb3a93fb93a659d9080aa55da5493a71cacef201fe,2,TEM-002543,TEMPLATE,public/models/biome/desert_cactus_small.glb,32968
DUP-01068,a911a2ef983307fec125b6eb3a93fb93a659d9080aa55da5493a71cacef201fe,2,NOV-005419,NOVO,01_Assets_Organizados/Nature/desert_cactus_small.glb,32968
DUP-01069,1bcf615a9c9519741e5b71ecef4c08160aa6cd2d280628c5ae883e9c9592d2da,2,TEM-002544,TEMPLATE,public/models/biome/dungeon_gate_door.glb,34920
DUP-01069,1bcf615a9c9519741e5b71ecef4c08160aa6cd2d280628c5ae883e9c9592d2da,2,NOV-005099,NOVO,01_Assets_Organizados/Dungeon/dungeon_gate_door.glb,34920
DUP-01070,66932cfb800392b50e5b5a36d5ca3e3cbfb66909d8f1fd1d8836e22d90be74d1,2,TEM-002545,TEMPLATE,public/models/biome/kcas_wall.glb,40600
DUP-01070,66932cfb800392b50e5b5a36d5ca3e3cbfb66909d8f1fd1d8836e22d90be74d1,2,NOV-005421,NOVO,01_Assets_Organizados/Nature/kcas_wall.glb,40600
DUP-01071,510dbcea68d892353dbd48956167287df04555af48ff49e3b37f15031c381a78,2,TEM-002546,TEMPLATE,public/models/biome/dungeon_corridor_corner.glb,30180
DUP-01071,510dbcea68d892353dbd48956167287df04555af48ff49e3b37f15031c381a78,2,NOV-005106,NOVO,01_Assets_Organizados/Dungeon/dungeon_corridor_corner.glb,30180
DUP-01072,b66962c09ec11259cb2d481c3dd5ec8ae5a67507bb540eb7250b720d6dbbdcd4,2,TEM-002547,TEMPLATE,public/models/biome/hexr_archeryrange.glb,78512
DUP-01072,b66962c09ec11259cb2d481c3dd5ec8ae5a67507bb540eb7250b720d6dbbdcd4,2,NOV-005422,NOVO,01_Assets_Organizados/Nature/hexr_archeryrange.glb,78512
DUP-01073,18e3857fe8d7c7297bec9804454cc7cbd4d05ce3726b0bcff5504eda89e09796,2,TEM-002548,TEMPLATE,public/models/biome/hexn_fence_stone.glb,32772
DUP-01073,18e3857fe8d7c7297bec9804454cc7cbd4d05ce3726b0bcff5504eda89e09796,2,NOV-005423,NOVO,01_Assets_Organizados/Nature/hexn_fence_stone.glb,32772
DUP-01074,f6ac98eaed287b10698b3a6dd8bfa95e02e42648a85f880684a448bee5be3967,2,TEM-002549,TEMPLATE,public/models/biome/cave_platform.glb,51420
DUP-01074,f6ac98eaed287b10698b3a6dd8bfa95e02e42648a85f880684a448bee5be3967,2,NOV-005424,NOVO,01_Assets_Organizados/Nature/cave_platform.glb,51420
DUP-01075,1c58dc07c03c07e23d3a538c1c579acca2457337274eb2644cc04d2a1aed8eec,2,TEM-002551,TEMPLATE,public/models/biome/hexr_tent.glb,65088
DUP-01075,1c58dc07c03c07e23d3a538c1c579acca2457337274eb2644cc04d2a1aed8eec,2,NOV-005426,NOVO,01_Assets_Organizados/Nature/hexr_tent.glb,65088
DUP-01076,64148909a69416729bfbd925e72078cc3022b30e0112bf72a0adc2ccfdff5b61,2,TEM-002552,TEMPLATE,public/models/biome/beach_chest_gold.glb,66092
DUP-01076,64148909a69416729bfbd925e72078cc3022b30e0112bf72a0adc2ccfdff5b61,2,NOV-005427,NOVO,01_Assets_Organizados/Nature/beach_chest_gold.glb,66092
DUP-01077,3956a03d204a5cf947634afa00617e5e5c65ce720e7231c197d6ebf69d3fdbb3,2,TEM-002553,TEMPLATE,public/models/biome/hexb_tower_a.glb,57644
DUP-01077,3956a03d204a5cf947634afa00617e5e5c65ce720e7231c197d6ebf69d3fdbb3,2,NOV-005429,NOVO,01_Assets_Organizados/Nature/hexb_tower_a.glb,57644
DUP-01078,dfbbf7374ad0f4916407a40286adf401c921d29f34690a2ac45dbb65bca1d49c,2,TEM-002554,TEMPLATE,public/models/biome/cave_rail_corner.glb,52832
DUP-01078,dfbbf7374ad0f4916407a40286adf401c921d29f34690a2ac45dbb65bca1d49c,2,NOV-005430,NOVO,01_Assets_Organizados/Nature/cave_rail_corner.glb,52832
DUP-01079,13ab8a8e2cb79b07ff54a11493074c90f12ceb6ae2b9bedd023a164709522ac9,2,TEM-002555,TEMPLATE,public/models/biome/kcas_pillar.glb,43204
DUP-01079,13ab8a8e2cb79b07ff54a11493074c90f12ceb6ae2b9bedd023a164709522ac9,2,NOV-005433,NOVO,01_Assets_Organizados/Nature/kcas_pillar.glb,43204
DUP-01080,be0fe94fd64d1f2e46dd3c26831f03664953eef844c2e18635b747dec67b3dd3,2,TEM-002556,TEMPLATE,public/models/biome/camp_fire_stand.glb,14928
DUP-01080,be0fe94fd64d1f2e46dd3c26831f03664953eef844c2e18635b747dec67b3dd3,2,NOV-005434,NOVO,01_Assets_Organizados/Nature/camp_fire_stand.glb,14928
DUP-01081,f91c0268f3eda2f26af4b0fd09ce787de3c3a179bbfdd691062245695f4d0362,2,TEM-002557,TEMPLATE,public/models/biome/cave_rail_straight.glb,51004
DUP-01081,f91c0268f3eda2f26af4b0fd09ce787de3c3a179bbfdd691062245695f4d0362,2,NOV-005435,NOVO,01_Assets_Organizados/Nature/cave_rail_straight.glb,51004
DUP-01082,bb67b0892dcf353c868b3ad3835828b4daf570123521e90c45f45a683b3acaf7,2,TEM-002559,TEMPLATE,public/models/biome/hexb_shipyard.glb,78812
DUP-01082,bb67b0892dcf353c868b3ad3835828b4daf570123521e90c45f45a683b3acaf7,2,NOV-005437,NOVO,01_Assets_Organizados/Nature/hexb_shipyard.glb,78812
DUP-01083,11f1982870b3d89328e8f155ccc924ab1d0735aa9e455b024b7348bbed57d648,2,TEM-002567,TEMPLATE,public/models/chars/players/bow_anims.glb,61960
DUP-01083,11f1982870b3d89328e8f155ccc924ab1d0735aa9e455b024b7348bbed57d648,2,NOV-005746,NOVO,01_Assets_Organizados/Characters/bow_anims.glb,61960
DUP-01084,28bbbc7a04fa114badde2979eb979d37646bae354d4cd3abae33427ed2d557ca,2,TEM-002568,TEMPLATE,public/models/chars/players/mage.glb,441576
DUP-01084,28bbbc7a04fa114badde2979eb979d37646bae354d4cd3abae33427ed2d557ca,2,NOV-005747,NOVO,01_Assets_Organizados/Characters/mage.glb,441576
DUP-01085,b1156d55834d003001da5e874fbfa0eef7079442ee2125afe16f4598aeba833d,2,TEM-002569,TEMPLATE,public/models/chars/players/druid.glb,463692
DUP-01085,b1156d55834d003001da5e874fbfa0eef7079442ee2125afe16f4598aeba833d,2,NOV-005754,NOVO,01_Assets_Organizados/Characters/druid.glb,463692
DUP-01086,2c7dfd4d882eaf97561d21227615f402c9d684d6c500dfa93d29f0527f337bf7,2,TEM-002570,TEMPLATE,public/models/chars/players/mage_classic.glb,731428
DUP-01086,2c7dfd4d882eaf97561d21227615f402c9d684d6c500dfa93d29f0527f337bf7,2,NOV-005758,NOVO,01_Assets_Organizados/Characters/mage_classic.glb,731428
DUP-01087,2fb8d32c29d2b5c4b9b4b54ec502c3778f3d4d0da0e55cd1d4ed2b7c1e8d0abb,2,TEM-002571,TEMPLATE,public/models/chars/players/barbarian.glb,444244
DUP-01087,2fb8d32c29d2b5c4b9b4b54ec502c3778f3d4d0da0e55cd1d4ed2b7c1e8d0abb,2,NOV-005760,NOVO,01_Assets_Organizados/Characters/barbarian.glb,444244
DUP-01088,876d60366dc2105a801b2fb65da49a9cdee061f267cddb97ff8a27c95395c40a,2,TEM-002572,TEMPLATE,public/models/chars/players/rogue_hooded.glb,448736
DUP-01088,876d60366dc2105a801b2fb65da49a9cdee061f267cddb97ff8a27c95395c40a,2,NOV-005761,NOVO,01_Assets_Organizados/Characters/rogue_hooded.glb,448736
DUP-01089,6481234c2f3c95087a6fbcd81b4308986142ded6e02cf42036801355f0bdfa4c,2,TEM-002573,TEMPLATE,public/models/chars/players/paladin.glb,448820
DUP-01089,6481234c2f3c95087a6fbcd81b4308986142ded6e02cf42036801355f0bdfa4c,2,NOV-005763,NOVO,01_Assets_Organizados/Characters/paladin.glb,448820
DUP-01090,821bf642863cb49cb9c87514cef48852271f2b518fc52807a1df86cb283a044d,2,TEM-002574,TEMPLATE,public/models/chars/players/rogue.glb,477976
DUP-01090,821bf642863cb49cb9c87514cef48852271f2b518fc52807a1df86cb283a044d,2,NOV-005765,NOVO,01_Assets_Organizados/Characters/rogue.glb,477976
DUP-01091,063f81b53c354eeb60bb7550067bf95229278576950766228e933ed703d14c72,2,TEM-002575,TEMPLATE,public/models/chars/players/knight.glb,462916
DUP-01091,063f81b53c354eeb60bb7550067bf95229278576950766228e933ed703d14c72,2,NOV-005774,NOVO,01_Assets_Organizados/Characters/knight.glb,462916
DUP-01092,6a9aeb0d717d66f4ddd66335afedac964a66b31c382f96b1324c84373cd851d0,2,TEM-002576,TEMPLATE,public/models/chars/players/ranger.glb,465964
DUP-01092,6a9aeb0d717d66f4ddd66335afedac964a66b31c382f96b1324c84373cd851d0,2,NOV-005777,NOVO,01_Assets_Organizados/Characters/ranger.glb,465964
DUP-01093,3c2eba3c3d0a8c5c14762551838c28a3db1f2e90d74971c017a1f5fc6499baed,2,TEM-002590,TEMPLATE,public/models/chars/players/Mech/textures/epics/combatmech_epic_vanguard_azure_emis.png,36085
DUP-01093,3c2eba3c3d0a8c5c14762551838c28a3db1f2e90d74971c017a1f5fc6499baed,2,TEM-002594,TEMPLATE,public/models/chars/players/Mech/textures/epics/combatmech_epic_vanguard_chrome_emis.png,36085
DUP-01094,d6119f4e6cb1846d8ddd725ad077520fd7775d5fb8f8b7f29708facbc4d82f78,2,TEM-002598,TEMPLATE,public/ui/emotes/emote-wave.png,111355
DUP-01094,d6119f4e6cb1846d8ddd725ad077520fd7775d5fb8f8b7f29708facbc4d82f78,2,NOV-005798,NOVO,01_Assets_Organizados/UI/emotes/emote-wave.png,111355
DUP-01095,d16c7db898f762f8c323649c4a6842860f28c55247ed64c9fd61e97c396d1010,2,TEM-002599,TEMPLATE,public/ui/emotes/emote-cry.png,101203
DUP-01095,d16c7db898f762f8c323649c4a6842860f28c55247ed64c9fd61e97c396d1010,2,NOV-005799,NOVO,01_Assets_Organizados/UI/emotes/emote-cry.png,101203
DUP-01096,aeeed7fd6508195de1c261a06459a018deb10bb801137ab1583a86974f4ec15c,2,TEM-002600,TEMPLATE,public/ui/emotes/emote-kneel.png,115309
DUP-01096,aeeed7fd6508195de1c261a06459a018deb10bb801137ab1583a86974f4ec15c,2,NOV-005800,NOVO,01_Assets_Organizados/UI/emotes/emote-kneel.png,115309
DUP-01097,3ad61b36f8f8d043dd2f4d3da15b7b1b2a8411905a6b9b35bbc862b08e585139,2,TEM-002601,TEMPLATE,public/ui/emotes/emote-flex.png,103602
DUP-01097,3ad61b36f8f8d043dd2f4d3da15b7b1b2a8411905a6b9b35bbc862b08e585139,2,NOV-005801,NOVO,01_Assets_Organizados/UI/emotes/emote-flex.png,103602
DUP-01098,2f706b016f797a76878873f375954c99910c2941548de179404d7e1f79f409f5,2,TEM-002602,TEMPLATE,public/ui/emotes/emote-roar.png,86512
DUP-01098,2f706b016f797a76878873f375954c99910c2941548de179404d7e1f79f409f5,2,NOV-005802,NOVO,01_Assets_Organizados/UI/emotes/emote-roar.png,86512
DUP-01099,790999dca6c7d136769c1faf3cc6217cfb5cbd0ea2970aa306bdbf7a2fc1d32f,2,TEM-002603,TEMPLATE,public/ui/emotes/emote-question.png,88810
DUP-01099,790999dca6c7d136769c1faf3cc6217cfb5cbd0ea2970aa306bdbf7a2fc1d32f,2,NOV-005803,NOVO,01_Assets_Organizados/UI/emotes/emote-question.png,88810
DUP-01100,62eda05ed420f921250525d03a2eb87bf9ce9af5974f18b6262f8a45beaac2c5,2,TEM-002604,TEMPLATE,public/ui/emotes/emote-bow.png,112669
DUP-01100,62eda05ed420f921250525d03a2eb87bf9ce9af5974f18b6262f8a45beaac2c5,2,NOV-005804,NOVO,01_Assets_Organizados/UI/emotes/emote-bow.png,112669
DUP-01101,5e3e8843a64b676fa8c1b746c94306213738386413f23a6a6a5b82e62c912216,2,TEM-002605,TEMPLATE,public/ui/emotes/emote-point.png,103493
DUP-01101,5e3e8843a64b676fa8c1b746c94306213738386413f23a6a6a5b82e62c912216,2,NOV-005805,NOVO,01_Assets_Organizados/UI/emotes/emote-point.png,103493
DUP-01102,7022777ad21eb221783e8fa5dd5c271988fec2e9cde16524b995f484e2ff21cb,2,TEM-002606,TEMPLATE,public/ui/emotes/emote-clap.png,113910
DUP-01102,7022777ad21eb221783e8fa5dd5c271988fec2e9cde16524b995f484e2ff21cb,2,NOV-005806,NOVO,01_Assets_Organizados/UI/emotes/emote-clap.png,113910
DUP-01103,688137866e4f0091b2df59f6bd091e4ca0559eb21e65be69088cb53a03f19ffe,2,TEM-002607,TEMPLATE,public/ui/emotes/emote-laugh.png,111128
DUP-01103,688137866e4f0091b2df59f6bd091e4ca0559eb21e65be69088cb53a03f19ffe,2,NOV-005807,NOVO,01_Assets_Organizados/UI/emotes/emote-laugh.png,111128
DUP-01104,653ec51625229229a3d00745d5cba60c0350b78bc42ba53718b8971b715b3a95,2,TEM-002608,TEMPLATE,public/ui/emotes/emote-cheer.png,87896
DUP-01104,653ec51625229229a3d00745d5cba60c0350b78bc42ba53718b8971b715b3a95,2,NOV-005808,NOVO,01_Assets_Organizados/UI/emotes/emote-cheer.png,87896
DUP-01105,e9891d4e7913acac39e3092cfaa9b8569c7555436841561f4509e0570cc10d0d,2,TEM-002609,TEMPLATE,public/ui/emotes/emote-salute.png,85959
DUP-01105,e9891d4e7913acac39e3092cfaa9b8569c7555436841561f4509e0570cc10d0d,2,NOV-005809,NOVO,01_Assets_Organizados/UI/emotes/emote-salute.png,85959
DUP-01106,f80c98e6373601671605a25ebd2d747b2787c784b17b7be4168cadbe127538d1,2,TEM-002610,TEMPLATE,public/ui/emotes/emote-dance.png,108159
DUP-01106,f80c98e6373601671605a25ebd2d747b2787c784b17b7be4168cadbe127538d1,2,NOV-005810,NOVO,01_Assets_Organizados/UI/emotes/emote-dance.png,108159
DUP-01107,85bd418d23cfa8d7721675abbbed28bed9946646802dcad5d8df1ba2ba327112,2,TEM-002611,TEMPLATE,public/ui/items/eastbrook_druids_hide.webp,4140
DUP-01107,85bd418d23cfa8d7721675abbbed28bed9946646802dcad5d8df1ba2ba327112,2,NOV-005839,NOVO,01_Assets_Organizados/UI/items/eastbrook_druids_hide.webp,4140
DUP-01108,11c9a2b6fd11004d47d32a9239957ef69c549b637feab59de278ecbd17d6e62d,2,TEM-002612,TEMPLATE,public/ui/items/shadowmeld_tunic.webp,3882
DUP-01108,11c9a2b6fd11004d47d32a9239957ef69c549b637feab59de278ecbd17d6e62d,2,NOV-005840,NOVO,01_Assets_Organizados/UI/items/shadowmeld_tunic.webp,3882
DUP-01109,beb1a274ecddad5d7fd42ca1c748f21269a3b09bf59f699fba609b8d56fd142e,2,TEM-002614,TEMPLATE,public/ui/items/furyforged_warhelm.webp,4022
DUP-01109,beb1a274ecddad5d7fd42ca1c748f21269a3b09bf59f699fba609b8d56fd142e,2,NOV-005842,NOVO,01_Assets_Organizados/UI/items/furyforged_warhelm.webp,4022
DUP-01110,c74db50f54b4840867859c96a389823866794e7f4f252211ec4371685687b490,2,TEM-002615,TEMPLATE,public/ui/items/heroic_gravewyrm_sabatons.webp,4734
DUP-01110,c74db50f54b4840867859c96a389823866794e7f4f252211ec4371685687b490,2,NOV-005843,NOVO,01_Assets_Organizados/UI/items/heroic_gravewyrm_sabatons.webp,4734
DUP-01111,34e54623b8ed1115b2313f1c0e7c2106aaafcbef506ebda0a97d49afe5b9de32,2,TEM-002616,TEMPLATE,public/ui/items/riftbound_band_of_guile.webp,1972
DUP-01111,34e54623b8ed1115b2313f1c0e7c2106aaafcbef506ebda0a97d49afe5b9de32,2,NOV-005844,NOVO,01_Assets_Organizados/UI/items/riftbound_band_of_guile.webp,1972
DUP-01112,8cc15df4c0a9520e2c2d0eee4637856610d2617c17a6a54890e94a07aa498722,2,TEM-002617,TEMPLATE,public/ui/items/sunken_reliquary_hood.webp,3248
DUP-01112,8cc15df4c0a9520e2c2d0eee4637856610d2617c17a6a54890e94a07aa498722,2,NOV-005845,NOVO,01_Assets_Organizados/UI/items/sunken_reliquary_hood.webp,3248
DUP-01113,c05c45b2972dae47e531b18ad249911f8d7c6a9b1196d9399a440205a8a72ecd,2,TEM-002619,TEMPLATE,public/ui/items/bonechill_cord.webp,4564
DUP-01113,c05c45b2972dae47e531b18ad249911f8d7c6a9b1196d9399a440205a8a72ecd,2,NOV-005847,NOVO,01_Assets_Organizados/UI/items/bonechill_cord.webp,4564
DUP-01114,a8a9368f5c000800dd6985b59e06f5dee9e0b1d8f795be922c6a8f4e74c035d1,2,TEM-002620,TEMPLATE,public/ui/items/litany_gloves_rog.webp,4660
DUP-01114,a8a9368f5c000800dd6985b59e06f5dee9e0b1d8f795be922c6a8f4e74c035d1,2,NOV-005848,NOVO,01_Assets_Organizados/UI/items/litany_gloves_rog.webp,4660
DUP-01115,2c68517404a519c8069a8866e9265515cde85871d16d1d847cc12c14a6e0f752,2,TEM-002621,TEMPLATE,public/ui/items/yumis_keepsake_locket.webp,3246
DUP-01115,2c68517404a519c8069a8866e9265515cde85871d16d1d847cc12c14a6e0f752,2,NOV-005849,NOVO,01_Assets_Organizados/UI/items/yumis_keepsake_locket.webp,3246
DUP-01116,d339c020a61473cfaf4e94908001f7fca457087c0b0fd0348a58dbb288933ebb,2,TEM-002623,TEMPLATE,public/ui/items/rift_essence.webp,2110
DUP-01116,d339c020a61473cfaf4e94908001f7fca457087c0b0fd0348a58dbb288933ebb,2,NOV-005851,NOVO,01_Assets_Organizados/UI/items/rift_essence.webp,2110
DUP-01117,e1e7c767aeda998e33cf5020ed2759eac4082da4ed53e74b026d913c471ba90e,2,TEM-002629,TEMPLATE,public/ui/items/silkbinders_raiment.webp,4498
DUP-01117,e1e7c767aeda998e33cf5020ed2759eac4082da4ed53e74b026d913c471ba90e,2,NOV-005860,NOVO,01_Assets_Organizados/UI/items/silkbinders_raiment.webp,4498
DUP-01118,a73ec5f2b1bf49024470a59204c68b9cf963c9b99a899c272a6f963513c7065f,2,TEM-002636,TEMPLATE,public/ui/items/basin_stalkers_tunic.webp,3770
DUP-01118,a73ec5f2b1bf49024470a59204c68b9cf963c9b99a899c272a6f963513c7065f,2,NOV-005869,NOVO,01_Assets_Organizados/UI/items/basin_stalkers_tunic.webp,3770
DUP-01119,60c4feea72e4b2f5aec3b0fa4da9a56c1a6a9aed6856d60ac832a81d0e9dfdbd,2,TEM-002637,TEMPLATE,public/ui/items/frostgill_chowder.webp,4664
DUP-01119,60c4feea72e4b2f5aec3b0fa4da9a56c1a6a9aed6856d60ac832a81d0e9dfdbd,2,NOV-005870,NOVO,01_Assets_Organizados/UI/items/frostgill_chowder.webp,4664
DUP-01120,d9d66abfd91ccbdf54e1867c845d7150e9bf42ba73eb8414836d37ee3563e5d9,2,TEM-002638,TEMPLATE,public/ui/items/gravewyrm_claws.webp,4826
DUP-01120,d9d66abfd91ccbdf54e1867c845d7150e9bf42ba73eb8414836d37ee3563e5d9,2,NOV-005871,NOVO,01_Assets_Organizados/UI/items/gravewyrm_claws.webp,4826
DUP-01121,163dfaa9792738e41d0013596e2d19bce67bef25e6b146eff1ef9b7e9ed6cbda,2,TEM-002639,TEMPLATE,public/ui/items/heroic_drowned_prayer_leggings.webp,4752
DUP-01121,163dfaa9792738e41d0013596e2d19bce67bef25e6b146eff1ef9b7e9ed6cbda,2,NOV-005872,NOVO,01_Assets_Organizados/UI/items/heroic_drowned_prayer_leggings.webp,4752
DUP-01122,a1a91f56dfbc61da912544f0c3ff6ba9b431264f20dfebed8f3aa073fded851b,2,TEM-002642,TEMPLATE,public/ui/items/rough_hide.webp,2172
DUP-01122,a1a91f56dfbc61da912544f0c3ff6ba9b431264f20dfebed8f3aa073fded851b,2,NOV-005875,NOVO,01_Assets_Organizados/UI/items/rough_hide.webp,2172
DUP-01123,de37559fe0c21231fe2628b5318a414c4f15e18dcacb06d0ba7a1943e6ed1c31,2,TEM-002644,TEMPLATE,public/ui/items/minor_mana_potion.webp,3794
DUP-01123,de37559fe0c21231fe2628b5318a414c4f15e18dcacb06d0ba7a1943e6ed1c31,2,NOV-005878,NOVO,01_Assets_Organizados/UI/items/minor_mana_potion.webp,3794
DUP-01124,8dce35ccf8203f3db09eedb3fad793257719a6b547f048b3f242fce7ffc3ead5,2,TEM-002645,TEMPLATE,public/ui/items/goldweave_robe.webp,4820
DUP-01124,8dce35ccf8203f3db09eedb3fad793257719a6b547f048b3f242fce7ffc3ead5,2,NOV-005879,NOVO,01_Assets_Organizados/UI/items/goldweave_robe.webp,4820
DUP-01125,37a53b2a068b2eae5324d207ecd435b0d191e7bd6514bf7ebd7767b1152914e7,2,TEM-002646,TEMPLATE,public/ui/items/elderwood_axe.webp,5132
DUP-01125,37a53b2a068b2eae5324d207ecd435b0d191e7bd6514bf7ebd7767b1152914e7,2,NOV-005880,NOVO,01_Assets_Organizados/UI/items/elderwood_axe.webp,5132
DUP-01126,5e957cdb385a22882dbb51d5fedf1cae1e9b98b9e3b3c7200acf4e49d29dda8c,2,TEM-002650,TEMPLATE,public/ui/items/wolfhide_satchel.webp,3418
DUP-01126,5e957cdb385a22882dbb51d5fedf1cae1e9b98b9e3b3c7200acf4e49d29dda8c,2,NOV-005885,NOVO,01_Assets_Organizados/UI/items/wolfhide_satchel.webp,3418
DUP-01127,02bb1e5058150ad325168c37b776eb230450d452c3667a6524de87439ec57f6c,2,TEM-002651,TEMPLATE,public/ui/items/heroic_moonshroud_breastplate.webp,4792
DUP-01127,02bb1e5058150ad325168c37b776eb230450d452c3667a6524de87439ec57f6c,2,NOV-005887,NOVO,01_Assets_Organizados/UI/items/heroic_moonshroud_breastplate.webp,4792
DUP-01128,0e3068856213cdf58ec5da07d72f0dc3304cc9a8f6fabce56f9ed1369edbe060,2,TEM-002652,TEMPLATE,public/ui/items/evergarden_statue_rubbing.webp,3676
DUP-01128,0e3068856213cdf58ec5da07d72f0dc3304cc9a8f6fabce56f9ed1369edbe060,2,NOV-005888,NOVO,01_Assets_Organizados/UI/items/evergarden_statue_rubbing.webp,3676
DUP-01129,a16741fd265c8159637f8fb9b3eaf6934a498efd5bd54edb9ad4da6f3a4149c2,2,TEM-002654,TEMPLATE,public/ui/items/bulwark_rusted_pauldrons.webp,4248
DUP-01129,a16741fd265c8159637f8fb9b3eaf6934a498efd5bd54edb9ad4da6f3a4149c2,2,NOV-005891,NOVO,01_Assets_Organizados/UI/items/bulwark_rusted_pauldrons.webp,4248
DUP-01130,64b7755e46d1faf36fbbe02a40d3530c072f5aafbf2b9da5625d8655d819c524,2,TEM-002655,TEMPLATE,public/ui/items/sash_of_the_sunken_court.webp,4620
DUP-01130,64b7755e46d1faf36fbbe02a40d3530c072f5aafbf2b9da5625d8655d819c524,2,NOV-005892,NOVO,01_Assets_Organizados/UI/items/sash_of_the_sunken_court.webp,4620
DUP-01131,033eaa1e975b20ea99406cf7f8aec063e64a985383c6f01e00976cd9dba84d59,2,TEM-002656,TEMPLATE,public/ui/items/conjured_bread4.webp,4164
DUP-01131,033eaa1e975b20ea99406cf7f8aec063e64a985383c6f01e00976cd9dba84d59,2,NOV-005893,NOVO,01_Assets_Organizados/UI/items/conjured_bread4.webp,4164
DUP-01132,93329f92927d38dd2fb2daebdccbcc98eb54a6dda779ee1472dc775eabc97802,2,TEM-002657,TEMPLATE,public/ui/items/goldleaf_sickle.webp,3804
DUP-01132,93329f92927d38dd2fb2daebdccbcc98eb54a6dda779ee1472dc775eabc97802,2,NOV-005894,NOVO,01_Assets_Organizados/UI/items/goldleaf_sickle.webp,3804
DUP-01133,fab2ad846aa087155c25f0ffac1890f7d009f6fae30e21b2cdc44afa9eba5aaf,2,TEM-002658,TEMPLATE,public/ui/items/sunbone_ritual_sarong.webp,2810
DUP-01133,fab2ad846aa087155c25f0ffac1890f7d009f6fae30e21b2cdc44afa9eba5aaf,2,NOV-005896,NOVO,01_Assets_Organizados/UI/items/sunbone_ritual_sarong.webp,2810
DUP-01134,feadd53fa2c164c56d34ed70e01a2fe366dc2a659fc5ccfbc5a75f5bb81b5bbd,2,TEM-002659,TEMPLATE,public/ui/items/cragward_pauldrons.webp,4172
DUP-01134,feadd53fa2c164c56d34ed70e01a2fe366dc2a659fc5ccfbc5a75f5bb81b5bbd,2,NOV-005897,NOVO,01_Assets_Organizados/UI/items/cragward_pauldrons.webp,4172
DUP-01135,30d1b5ecc8fd35411da55b06611258328c0b3e1d3e266f54ae9751e33fcd8927,2,TEM-002660,TEMPLATE,public/ui/items/stormvotive_hauberk.webp,3904
DUP-01135,30d1b5ecc8fd35411da55b06611258328c0b3e1d3e266f54ae9751e33fcd8927,2,NOV-005898,NOVO,01_Assets_Organizados/UI/items/stormvotive_hauberk.webp,3904
DUP-01136,b1274baee4d12ba853cd3cb5801e0f659d7cc80e78fdb5f7a4c555ecea1670e0,2,TEM-002661,TEMPLATE,public/ui/items/hearth_ember_cache.webp,2786
DUP-01136,b1274baee4d12ba853cd3cb5801e0f659d7cc80e78fdb5f7a4c555ecea1670e0,2,NOV-005900,NOVO,01_Assets_Organizados/UI/items/hearth_ember_cache.webp,2786
DUP-01137,20f69126fa12b774ec8ef1617af368cf686e4ab1b36109464b7d83fa59df0a98,2,TEM-002662,TEMPLATE,public/ui/items/elixir_of_the_serpent.webp,4748
DUP-01137,20f69126fa12b774ec8ef1617af368cf686e4ab1b36109464b7d83fa59df0a98,2,NOV-005901,NOVO,01_Assets_Organizados/UI/items/elixir_of_the_serpent.webp,4748
DUP-01138,fd51b749a3c6763d5814aaf865e287179bcb611e271c950dfc87a1a0bc638884,2,TEM-002663,TEMPLATE,public/ui/items/heroic_gravewyrm_stalkers_treads.webp,4574
DUP-01138,fd51b749a3c6763d5814aaf865e287179bcb611e271c950dfc87a1a0bc638884,2,NOV-005903,NOVO,01_Assets_Organizados/UI/items/heroic_gravewyrm_stalkers_treads.webp,4574
DUP-01139,863a416b73ff6124f9ab8e5f2e36d2fb7ddcc1774363afa64387021ba5f8ebd5,2,TEM-002665,TEMPLATE,public/ui/items/ashstalker_harness.webp,3974
DUP-01139,863a416b73ff6124f9ab8e5f2e36d2fb7ddcc1774363afa64387021ba5f8ebd5,2,NOV-005905,NOVO,01_Assets_Organizados/UI/items/ashstalker_harness.webp,3974
DUP-01140,4fbd3856c5f3e45528371e66b0bae810e20ff4f2674c2ed229cf9257bde7ba8e,2,TEM-002666,TEMPLATE,public/ui/items/galecrest_ram_wool.webp,2918
DUP-01140,4fbd3856c5f3e45528371e66b0bae810e20ff4f2674c2ed229cf9257bde7ba8e,2,NOV-005907,NOVO,01_Assets_Organizados/UI/items/galecrest_ram_wool.webp,2918
DUP-01141,1f68e6bfbc521b2eb7c67cf7931bad05d1c68d68b132b7cf328d6c0d135f43b6,2,TEM-002667,TEMPLATE,public/ui/items/arcanite_mining_pick.webp,1820
DUP-01141,1f68e6bfbc521b2eb7c67cf7931bad05d1c68d68b132b7cf328d6c0d135f43b6,2,NOV-005908,NOVO,01_Assets_Organizados/UI/items/arcanite_mining_pick.webp,1820
DUP-01142,2bb651fc7a3f3cc1ff95eb9353495fc3f666217dbfc51d554c535f351128dd76,2,TEM-002669,TEMPLATE,public/ui/items/fine_goldleaf_herb.webp,3032
DUP-01142,2bb651fc7a3f3cc1ff95eb9353495fc3f666217dbfc51d554c535f351128dd76,2,NOV-005910,NOVO,01_Assets_Organizados/UI/items/fine_goldleaf_herb.webp,3032
DUP-01143,fa952a4847f2427ac2b4291466a6b6ad4c08ea0282452234a48ed3802909b49a,2,TEM-002670,TEMPLATE,public/ui/items/sunken_court_mantle.webp,3670
DUP-01143,fa952a4847f2427ac2b4291466a6b6ad4c08ea0282452234a48ed3802909b49a,2,NOV-005911,NOVO,01_Assets_Organizados/UI/items/sunken_court_mantle.webp,3670
DUP-01144,c3ab3005cb09673cfdeb425bffcd040300aa3d032a0fe3d70933f9d59c0cba3f,2,TEM-002671,TEMPLATE,public/ui/items/ancient_crypt_door.webp,3852
DUP-01144,c3ab3005cb09673cfdeb425bffcd040300aa3d032a0fe3d70933f9d59c0cba3f,2,NOV-005912,NOVO,01_Assets_Organizados/UI/items/ancient_crypt_door.webp,3852
DUP-01145,ab407faca6dca55a13b5fb726080432e03f2e1dd96ee188e6720f55b232f8111,2,TEM-002673,TEMPLATE,public/ui/items/cantors_drowned_sash.webp,4116
DUP-01145,ab407faca6dca55a13b5fb726080432e03f2e1dd96ee188e6720f55b232f8111,2,NOV-005914,NOVO,01_Assets_Organizados/UI/items/cantors_drowned_sash.webp,4116
DUP-01146,8d03ec20cbc4600a3808a4611bba93f2bf6dbdcd61cde6a3b162d7b81afabb4b,2,TEM-002674,TEMPLATE,public/ui/items/marshstalker_jerkin.webp,5132
DUP-01146,8d03ec20cbc4600a3808a4611bba93f2bf6dbdcd61cde6a3b162d7b81afabb4b,2,NOV-005915,NOVO,01_Assets_Organizados/UI/items/marshstalker_jerkin.webp,5132
DUP-01147,a0bf0b5604a6f8b7fff64e1039c765394f81b91f549d028c320c5429e43e0f28,2,TEM-002677,TEMPLATE,public/ui/items/chunk_of_ore.webp,4764
DUP-01147,a0bf0b5604a6f8b7fff64e1039c765394f81b91f549d028c320c5429e43e0f28,2,NOV-005919,NOVO,01_Assets_Organizados/UI/items/chunk_of_ore.webp,4764
DUP-01148,7eceef468c6035ab4357193285638a6eae9aacf4b26cd86f2e67913e8a7576bc,2,TEM-002678,TEMPLATE,public/ui/items/cryptplate_helm.webp,4382
DUP-01148,7eceef468c6035ab4357193285638a6eae9aacf4b26cd86f2e67913e8a7576bc,2,NOV-005921,NOVO,01_Assets_Organizados/UI/items/cryptplate_helm.webp,4382
DUP-01149,5135e6740ea9f8c96e4f0baa0d578eaf5736037b55f1a480cde6546c39e47fcf,2,TEM-002679,TEMPLATE,public/ui/items/heroic_ysols_pearl_greaves.webp,5190
DUP-01149,5135e6740ea9f8c96e4f0baa0d578eaf5736037b55f1a480cde6546c39e47fcf,2,NOV-005922,NOVO,01_Assets_Organizados/UI/items/heroic_ysols_pearl_greaves.webp,5190
DUP-01150,8f50e2825198e3c1dc9061f1cb14aa135ee86582ddba3d62b8c998343ed72f32,2,TEM-002681,TEMPLATE,public/ui/items/grovewardens_grips.webp,5124
DUP-01150,8f50e2825198e3c1dc9061f1cb14aa135ee86582ddba3d62b8c998343ed72f32,2,NOV-005924,NOVO,01_Assets_Organizados/UI/items/grovewardens_grips.webp,5124
DUP-01151,15b8baea24c8943ec04fe4cbca3c62a84a747ec1382c6375543d144dac0d4d44,2,TEM-002684,TEMPLATE,public/ui/items/eastbrook_ritual_vestments.webp,4974
DUP-01151,15b8baea24c8943ec04fe4cbca3c62a84a747ec1382c6375543d144dac0d4d44,2,NOV-005928,NOVO,01_Assets_Organizados/UI/items/eastbrook_ritual_vestments.webp,4974
DUP-01152,d00494f653636d6c87fdf8395b8445db9a4770a2e701a3b2631ce04802e8f2a5,2,TEM-002685,TEMPLATE,public/ui/items/onyx_gold_armor_plate.webp,4024
DUP-01152,d00494f653636d6c87fdf8395b8445db9a4770a2e701a3b2631ce04802e8f2a5,2,NOV-005930,NOVO,01_Assets_Organizados/UI/items/onyx_gold_armor_plate.webp,4024
DUP-01153,d0c065e788afff4b5d195bcab140e9740beae41542e37e6ebc9132c663795090,2,TEM-002686,TEMPLATE,public/ui/items/fleetblood_band.webp,3624
DUP-01153,d0c065e788afff4b5d195bcab140e9740beae41542e37e6ebc9132c663795090,2,NOV-005931,NOVO,01_Assets_Organizados/UI/items/fleetblood_band.webp,3624
DUP-01154,8c24b3a6525d2fe60b41a7eb94dca76db28f5eb5ce3ac53f5b69c0872a65cc84,2,TEM-002687,TEMPLATE,public/ui/items/silvered_carp_supper.webp,6470
DUP-01154,8c24b3a6525d2fe60b41a7eb94dca76db28f5eb5ce3ac53f5b69c0872a65cc84,2,NOV-005933,NOVO,01_Assets_Organizados/UI/items/silvered_carp_supper.webp,6470
DUP-01155,32209c916a0992357ef76b09c564041eaedc2eef82143a65f24fb7215369f021,2,TEM-002689,TEMPLATE,public/ui/items/gravebound_silk_wraps.webp,2710
DUP-01155,32209c916a0992357ef76b09c564041eaedc2eef82143a65f24fb7215369f021,2,NOV-005935,NOVO,01_Assets_Organizados/UI/items/gravebound_silk_wraps.webp,2710
DUP-01156,22e27304019fe322a09d5d0e329128a5ed2d8eb755f5f5472a99b2be465c8729,2,TEM-002693,TEMPLATE,public/ui/items/siltguard_helm.webp,3168
DUP-01156,22e27304019fe322a09d5d0e329128a5ed2d8eb755f5f5472a99b2be465c8729,2,NOV-005939,NOVO,01_Assets_Organizados/UI/items/siltguard_helm.webp,3168
DUP-01157,9230d7389ee152ed823960a408189dbb9cc06ad394c212d11b3ee4434398c76f,2,TEM-002694,TEMPLATE,public/ui/items/wreck_wardens_mantle.webp,2058
DUP-01157,9230d7389ee152ed823960a408189dbb9cc06ad394c212d11b3ee4434398c76f,2,NOV-005941,NOVO,01_Assets_Organizados/UI/items/wreck_wardens_mantle.webp,2058
DUP-01158,e0159db11f15417f7fc5689442d4c61cd774dc536c6476e07e0087a8eda5c206,2,TEM-002695,TEMPLATE,public/ui/items/canopy_silk_hank.webp,1718
DUP-01158,e0159db11f15417f7fc5689442d4c61cd774dc536c6476e07e0087a8eda5c206,2,NOV-005942,NOVO,01_Assets_Organizados/UI/items/canopy_silk_hank.webp,1718
DUP-01159,29e39c3bf45a2255c019f4606379a5d4afeedb0f363ae2cd2bc2b901a0943878,2,TEM-002697,TEMPLATE,public/ui/items/heroic_moonshroud_robe.webp,3916
DUP-01159,29e39c3bf45a2255c019f4606379a5d4afeedb0f363ae2cd2bc2b901a0943878,2,NOV-005944,NOVO,01_Assets_Organizados/UI/items/heroic_moonshroud_robe.webp,3916
DUP-01160,627144ffd81cac553faf4e61717750212cfd60dfbaba072734c0ee80e217d697,2,TEM-002698,TEMPLATE,public/ui/items/eelskin_tunic.webp,4026
DUP-01160,627144ffd81cac553faf4e61717750212cfd60dfbaba072734c0ee80e217d697,2,NOV-005946,NOVO,01_Assets_Organizados/UI/items/eelskin_tunic.webp,4026
DUP-01161,b52557e0a54bfe16afae41b15592324c0e74804ab9f2f762755e0f4ab563b9a8,2,TEM-002699,TEMPLATE,public/ui/items/ashstalker_shoulderguards.webp,3818
DUP-01161,b52557e0a54bfe16afae41b15592324c0e74804ab9f2f762755e0f4ab563b9a8,2,NOV-005947,NOVO,01_Assets_Organizados/UI/items/ashstalker_shoulderguards.webp,3818
DUP-01162,d65ee05413f9fd8a2b4aaecbd9ce60429b593cf78ef36d260a9fb03061640bf7,2,TEM-002701,TEMPLATE,public/ui/items/ironlink_spaulders.webp,3834
DUP-01162,d65ee05413f9fd8a2b4aaecbd9ce60429b593cf78ef36d260a9fb03061640bf7,2,NOV-005949,NOVO,01_Assets_Organizados/UI/items/ironlink_spaulders.webp,3834
DUP-01163,a7d58337716b7460402c09999ad6f1a14b9d9da4472444825c837af90bb74f64,2,TEM-002703,TEMPLATE,public/ui/items/heroic_eelscale_treads.webp,4146
DUP-01163,a7d58337716b7460402c09999ad6f1a14b9d9da4472444825c837af90bb74f64,2,NOV-005951,NOVO,01_Assets_Organizados/UI/items/heroic_eelscale_treads.webp,4146
DUP-01164,1ea320128a4459bc7b9daaa22225a6f5f4b236b4948cc39635b6966ba543cfff,2,TEM-002705,TEMPLATE,public/ui/items/heroic_nighttalon_shoulderguards.webp,3618
DUP-01164,1ea320128a4459bc7b9daaa22225a6f5f4b236b4948cc39635b6966ba543cfff,2,NOV-005953,NOVO,01_Assets_Organizados/UI/items/heroic_nighttalon_shoulderguards.webp,3618
DUP-01165,3a5c6e5c1c6307dae781c4fd65dfa52f0255a98ef82f77e614fdd7ae5805953c,2,TEM-002708,TEMPLATE,public/ui/items/thornling_grips.webp,3532
DUP-01165,3a5c6e5c1c6307dae781c4fd65dfa52f0255a98ef82f77e614fdd7ae5805953c,2,NOV-005956,NOVO,01_Assets_Organizados/UI/items/thornling_grips.webp,3532
DUP-01166,3c4d2ed12da7667e57ba4a857a453742cd48b02e5af26d3861378898f794dfe6,2,TEM-002712,TEMPLATE,public/ui/items/bronze_sickle.webp,3026
DUP-01166,3c4d2ed12da7667e57ba4a857a453742cd48b02e5af26d3861378898f794dfe6,2,NOV-005960,NOVO,01_Assets_Organizados/UI/items/bronze_sickle.webp,3026
DUP-01167,f3c63a709934321875623032942f3379605d84ba67cdaa7bae6ef643524b553e,2,TEM-002713,TEMPLATE,public/ui/items/hearthlined_treads.webp,2920
DUP-01167,f3c63a709934321875623032942f3379605d84ba67cdaa7bae6ef643524b553e,2,NOV-005961,NOVO,01_Assets_Organizados/UI/items/hearthlined_treads.webp,2920
DUP-01168,6309071abd218783e6ac502a803db3ec0d16efbb54b7bdd4ef04fe1011623353,2,TEM-002714,TEMPLATE,public/ui/items/mantle_of_the_unbroken_shore.webp,1788
DUP-01168,6309071abd218783e6ac502a803db3ec0d16efbb54b7bdd4ef04fe1011623353,2,NOV-005962,NOVO,01_Assets_Organizados/UI/items/mantle_of_the_unbroken_shore.webp,1788
DUP-01169,4b66991e26dca97f777b59ac494bd3078b332ff5fc3f545cf408aa4b59b5112f,2,TEM-002715,TEMPLATE,public/ui/items/blackwater_vanguard_chest.webp,4386
DUP-01169,4b66991e26dca97f777b59ac494bd3078b332ff5fc3f545cf408aa4b59b5112f,2,NOV-005963,NOVO,01_Assets_Organizados/UI/items/blackwater_vanguard_chest.webp,4386
DUP-01170,3e3ebe7de681e32cd97087af103d1f8c5a49615c2afea67e464ee2a6a1e0c057,2,TEM-002716,TEMPLATE,public/ui/items/rift_gem_verdant.webp,2606
DUP-01170,3e3ebe7de681e32cd97087af103d1f8c5a49615c2afea67e464ee2a6a1e0c057,2,NOV-005964,NOVO,01_Assets_Organizados/UI/items/rift_gem_verdant.webp,2606
DUP-01171,0ea8b9e92b170e277ab08a7c00daa73d641cb8803b2b8290de251a9a68f5a644,2,TEM-002720,TEMPLATE,public/ui/items/anglers_feast_platter.webp,6194
DUP-01171,0ea8b9e92b170e277ab08a7c00daa73d641cb8803b2b8290de251a9a68f5a644,2,NOV-005968,NOVO,01_Assets_Organizados/UI/items/anglers_feast_platter.webp,6194
DUP-01172,1dfdc71857041f324e81373ff513a9a15d51eedde410348828cf8ccfe9513d8d,2,TEM-002723,TEMPLATE,public/ui/items/heroic_deathlord_warplate.webp,4954
DUP-01172,1dfdc71857041f324e81373ff513a9a15d51eedde410348828cf8ccfe9513d8d,2,NOV-005974,NOVO,01_Assets_Organizados/UI/items/heroic_deathlord_warplate.webp,4954
DUP-01173,f995fd59f2e4d50378a6fcc62026179c8b7119278ae0fe2c423565f6c4f22018,2,TEM-002726,TEMPLATE,public/ui/items/arcane_dust.webp,972
DUP-01173,f995fd59f2e4d50378a6fcc62026179c8b7119278ae0fe2c423565f6c4f22018,2,NOV-005979,NOVO,01_Assets_Organizados/UI/items/arcane_dust.webp,972
DUP-01174,cf3154cf3e203fd094787d6c07d5fda7ccb6ec5dd9a227ece19d9ad1ff1e8539,2,TEM-002728,TEMPLATE,public/ui/items/aurora_mote.webp,1986
DUP-01174,cf3154cf3e203fd094787d6c07d5fda7ccb6ec5dd9a227ece19d9ad1ff1e8539,2,NOV-005983,NOVO,01_Assets_Organizados/UI/items/aurora_mote.webp,1986
DUP-01175,5318be25fae23c72dc6d7e349684e824c8ed13efd76141820989e687c3a44443,2,TEM-002731,TEMPLATE,public/ui/items/pristine_silk.webp,2990
DUP-01175,5318be25fae23c72dc6d7e349684e824c8ed13efd76141820989e687c3a44443,2,NOV-005986,NOVO,01_Assets_Organizados/UI/items/pristine_silk.webp,2990
DUP-01176,554c25716d36b6c786921b927a37a2c5db6ac00ef4732bbace8a9c2d0d4be275,2,TEM-002732,TEMPLATE,public/ui/items/silverleaf_herb.webp,2086
DUP-01176,554c25716d36b6c786921b927a37a2c5db6ac00ef4732bbace8a9c2d0d4be275,2,NOV-005987,NOVO,01_Assets_Organizados/UI/items/silverleaf_herb.webp,2086
DUP-01177,e3f0f65caba099aeb9a35e73aff1b5f758acd01b4669c4f498df213657c21bf5,2,TEM-002735,TEMPLATE,public/ui/items/heroic_crownforged_warspaulders.webp,4552
DUP-01177,e3f0f65caba099aeb9a35e73aff1b5f758acd01b4669c4f498df213657c21bf5,2,NOV-005991,NOVO,01_Assets_Organizados/UI/items/heroic_crownforged_warspaulders.webp,4552
DUP-01178,0b45cbd0f46aa6ad90edf3233833ddc8fe784b72e0813f631d02128eadffb385,2,TEM-002736,TEMPLATE,public/ui/items/thunderward_legguards.webp,3378
DUP-01178,0b45cbd0f46aa6ad90edf3233833ddc8fe784b72e0813f631d02128eadffb385,2,NOV-005992,NOVO,01_Assets_Organizados/UI/items/thunderward_legguards.webp,3378
DUP-01179,e75dfc26261932c1e9ce7f4e94702b2df8e90b39330adc92618cb2c74137ab38,2,TEM-002741,TEMPLATE,public/ui/items/sunpetal_healing_draught.webp,5092
DUP-01179,e75dfc26261932c1e9ce7f4e94702b2df8e90b39330adc92618cb2c74137ab38,2,NOV-005998,NOVO,01_Assets_Organizados/UI/items/sunpetal_healing_draught.webp,5092
DUP-01180,703d5b9cdd2009694db03614c4ac32bc3b19582f26fea42e79392386e28209c7,2,TEM-002742,TEMPLATE,public/ui/items/ashwood_smoked_eel.webp,4946
DUP-01180,703d5b9cdd2009694db03614c4ac32bc3b19582f26fea42e79392386e28209c7,2,NOV-005999,NOVO,01_Assets_Organizados/UI/items/ashwood_smoked_eel.webp,4946
DUP-01181,c22a2f3e6f80924618a128ef4f4d1810069b36929897220a76b88459cd9d7e69,2,TEM-002743,TEMPLATE,public/ui/items/fine_elderwood_log.webp,2616
DUP-01181,c22a2f3e6f80924618a128ef4f4d1810069b36929897220a76b88459cd9d7e69,2,NOV-006000,NOVO,01_Assets_Organizados/UI/items/fine_elderwood_log.webp,2616
DUP-01182,4e0cbdfb87e0de65a14d0365d5c1d3ec9372d76faae7deac9eba9151c51a9f70,2,TEM-002746,TEMPLATE,public/ui/items/homespun_cloth.webp,2070
DUP-01182,4e0cbdfb87e0de65a14d0365d5c1d3ec9372d76faae7deac9eba9151c51a9f70,2,NOV-006003,NOVO,01_Assets_Organizados/UI/items/homespun_cloth.webp,2070
DUP-01183,767236823b62c3fa3b1bd913f3c514ee42d35fc605db7f4c26f5604f0fbf5f10,2,TEM-002747,TEMPLATE,public/ui/items/litany_shoulder.webp,4204
DUP-01183,767236823b62c3fa3b1bd913f3c514ee42d35fc605db7f4c26f5604f0fbf5f10,2,NOV-006004,NOVO,01_Assets_Organizados/UI/items/litany_shoulder.webp,4204
DUP-01184,a49ca499e35f17edf3a74b45ea15696ceb84425274055fadeb7e95e1eb57954b,2,TEM-002748,TEMPLATE,public/ui/items/heroic_boneguard_breastplate.webp,5922
DUP-01184,a49ca499e35f17edf3a74b45ea15696ceb84425274055fadeb7e95e1eb57954b,2,NOV-006006,NOVO,01_Assets_Organizados/UI/items/heroic_boneguard_breastplate.webp,5922
DUP-01185,eb7faef6bd3699fa4f706479d94d3874ab6da63118a11daf8cab444f968f333f,2,TEM-002751,TEMPLATE,public/ui/items/heroic_drowned_prayer_sandals.webp,4758
DUP-01185,eb7faef6bd3699fa4f706479d94d3874ab6da63118a11daf8cab444f968f333f,2,NOV-006011,NOVO,01_Assets_Organizados/UI/items/heroic_drowned_prayer_sandals.webp,4758
DUP-01186,14a286ea1898a52936154fc3f336bd3ba59c3e48acc873e6a6d1545435d82ae0,2,TEM-002752,TEMPLATE,public/ui/items/wraithfire_orb.webp,4094
DUP-01186,14a286ea1898a52936154fc3f336bd3ba59c3e48acc873e6a6d1545435d82ae0,2,NOV-006012,NOVO,01_Assets_Organizados/UI/items/wraithfire_orb.webp,4094
DUP-01187,d4c750d0bf3db2f6a80b462d3798b9d91bcf3cf903ffb3c02ee30ad7fe0cae79,2,TEM-002753,TEMPLATE,public/ui/items/plump_fen_eel.webp,2130
DUP-01187,d4c750d0bf3db2f6a80b462d3798b9d91bcf3cf903ffb3c02ee30ad7fe0cae79,2,NOV-006013,NOVO,01_Assets_Organizados/UI/items/plump_fen_eel.webp,2130
DUP-01188,30f1447aa4a455240912d897c0cf42b751872d5718e15dd0e25fd3e8b6901740,2,TEM-002755,TEMPLATE,public/ui/items/wildgrowth_leggings.webp,4276
DUP-01188,30f1447aa4a455240912d897c0cf42b751872d5718e15dd0e25fd3e8b6901740,2,NOV-006016,NOVO,01_Assets_Organizados/UI/items/wildgrowth_leggings.webp,4276
DUP-01189,0d53e8569bfd9abcb055532624dcb21cfd54a09ada8ac9987000c6ee5b45f704,2,TEM-002757,TEMPLATE,public/ui/items/barrowshade_mantle.webp,2680
DUP-01189,0d53e8569bfd9abcb055532624dcb21cfd54a09ada8ac9987000c6ee5b45f704,2,NOV-006018,NOVO,01_Assets_Organizados/UI/items/barrowshade_mantle.webp,2680
DUP-01190,ddd28b201ed3d5a1cdd7b73fa288e8bbe958f8ef9dd323859da0f5ecae253746,2,TEM-002758,TEMPLATE,public/ui/items/litany_plate_chest.webp,4594
DUP-01190,ddd28b201ed3d5a1cdd7b73fa288e8bbe958f8ef9dd323859da0f5ecae253746,2,NOV-006019,NOVO,01_Assets_Organizados/UI/items/litany_plate_chest.webp,4594
DUP-01191,8de6cc9eee2d84fc9e54738a9078b104f44c7dc151f5e3be0b40e6d7f79d850b,2,TEM-002759,TEMPLATE,public/ui/items/venom_gland.webp,1706
DUP-01191,8de6cc9eee2d84fc9e54738a9078b104f44c7dc151f5e3be0b40e6d7f79d850b,2,NOV-006021,NOVO,01_Assets_Organizados/UI/items/venom_gland.webp,1706
DUP-01192,ed7ab7c38b3aa90989556cadf6ef2d2e29df8da42a79a71971f45ef5f6479852,2,TEM-002760,TEMPLATE,public/ui/items/veilcloth_robe.webp,1934
DUP-01192,ed7ab7c38b3aa90989556cadf6ef2d2e29df8da42a79a71971f45ef5f6479852,2,NOV-006022,NOVO,01_Assets_Organizados/UI/items/veilcloth_robe.webp,1934
DUP-01193,b8a6b126433e3a9a13a8d423d3831f91e931393f4a2ae9e5d7da5fbb1c0256ed,2,TEM-002761,TEMPLATE,public/ui/items/heroic_necromancers_soulsteps.webp,4904
DUP-01193,b8a6b126433e3a9a13a8d423d3831f91e931393f4a2ae9e5d7da5fbb1c0256ed,2,NOV-006023,NOVO,01_Assets_Organizados/UI/items/heroic_necromancers_soulsteps.webp,4904
DUP-01194,054db1f5f35115441f3293d83e83af5a54828d75b9464e01b0347c0d76624b3c,2,TEM-002762,TEMPLATE,public/ui/items/abysswrought_band.webp,2664
DUP-01194,054db1f5f35115441f3293d83e83af5a54828d75b9464e01b0347c0d76624b3c,2,NOV-006024,NOVO,01_Assets_Organizados/UI/items/abysswrought_band.webp,2664
DUP-01195,206449955147aa409432943e7b5f855ccd5457fbd520b61cb63411d9dcee8679,2,TEM-002763,TEMPLATE,public/ui/items/shear_storm_lantern.webp,2428
DUP-01195,206449955147aa409432943e7b5f855ccd5457fbd520b61cb63411d9dcee8679,2,NOV-006025,NOVO,01_Assets_Organizados/UI/items/shear_storm_lantern.webp,2428
DUP-01196,6ba051f23c5d0fbbad63be0cc7ecc573d3123dd611c468012ecb096f7e5fd66e,2,TEM-002764,TEMPLATE,public/ui/items/silkspun_satchel.webp,2532
DUP-01196,6ba051f23c5d0fbbad63be0cc7ecc573d3123dd611c468012ecb096f7e5fd66e,2,NOV-006026,NOVO,01_Assets_Organizados/UI/items/silkspun_satchel.webp,2532
DUP-01197,34b8e5a7756ccd3b1ea3b85dfd280347b0a38f9e0d0dbb7670d3fe0f459f13b0,2,TEM-002765,TEMPLATE,public/ui/items/bloodmane_war_legguards.webp,2738
DUP-01197,34b8e5a7756ccd3b1ea3b85dfd280347b0a38f9e0d0dbb7670d3fe0f459f13b0,2,NOV-006028,NOVO,01_Assets_Organizados/UI/items/bloodmane_war_legguards.webp,2738
DUP-01198,a7469b4d7b9b8f04aa897982176e83b8fa19cbbfea5ae3f613627f42d8bfa721,2,TEM-002766,TEMPLATE,public/ui/items/sutils_gambit.webp,3458
DUP-01198,a7469b4d7b9b8f04aa897982176e83b8fa19cbbfea5ae3f613627f42d8bfa721,2,NOV-006029,NOVO,01_Assets_Organizados/UI/items/sutils_gambit.webp,3458
DUP-01199,dad6860d59e95dc238270472d15ca30becad34accdc1941997153efaa9f35f3f,2,TEM-002767,TEMPLATE,public/ui/items/wardens_seal.webp,3060
DUP-01199,dad6860d59e95dc238270472d15ca30becad34accdc1941997153efaa9f35f3f,2,NOV-006030,NOVO,01_Assets_Organizados/UI/items/wardens_seal.webp,3060
DUP-01200,0b6a1d0f3762e3d5aa7bd0bbf85f254988069a541e209dfde6b0044e4a39c1f3,2,TEM-002770,TEMPLATE,public/ui/items/nightwalk_jerkin.webp,3592
DUP-01200,0b6a1d0f3762e3d5aa7bd0bbf85f254988069a541e209dfde6b0044e4a39c1f3,2,NOV-006033,NOVO,01_Assets_Organizados/UI/items/nightwalk_jerkin.webp,3592
DUP-01201,2c690533f86c0f7bbc91cf02a650fab8b725fc94da0266d42fc8d36f8d75e459,2,TEM-002772,TEMPLATE,public/ui/items/heroic_wyrmshadow_harness.webp,5106
DUP-01201,2c690533f86c0f7bbc91cf02a650fab8b725fc94da0266d42fc8d36f8d75e459,2,NOV-006035,NOVO,01_Assets_Organizados/UI/items/heroic_wyrmshadow_harness.webp,5106
DUP-01202,713d81a21c50dc0bb0a8ac0a852b047337c214f83540708ebe0a3fe7fb046201,2,TEM-002774,TEMPLATE,public/ui/items/stormbound_crown.webp,3804
DUP-01202,713d81a21c50dc0bb0a8ac0a852b047337c214f83540708ebe0a3fe7fb046201,2,NOV-006037,NOVO,01_Assets_Organizados/UI/items/stormbound_crown.webp,3804
DUP-01203,df6d9d094179c69d74a6c269dc5f9a1f66b3f89470fa00d9221e30534835bc0a,2,TEM-002775,TEMPLATE,public/ui/items/sunpetal_mana_draught.webp,4256
DUP-01203,df6d9d094179c69d74a6c269dc5f9a1f66b3f89470fa00d9221e30534835bc0a,2,NOV-006038,NOVO,01_Assets_Organizados/UI/items/sunpetal_mana_draught.webp,4256
DUP-01204,5cf71516012b3b5cc4d16f84f49e95838f2f3537dcd5c570d920812d05637bd9,2,TEM-002776,TEMPLATE,public/ui/items/monument_overlook.webp,2172
DUP-01204,5cf71516012b3b5cc4d16f84f49e95838f2f3537dcd5c570d920812d05637bd9,2,NOV-006039,NOVO,01_Assets_Organizados/UI/items/monument_overlook.webp,2172
DUP-01205,fe72dab0e47034260c8a495caf6ad796ce63ec3f790dca3870480e5b64f98858,2,TEM-002777,TEMPLATE,public/ui/items/heroic_deathlord_legguards.webp,3822
DUP-01205,fe72dab0e47034260c8a495caf6ad796ce63ec3f790dca3870480e5b64f98858,2,NOV-006040,NOVO,01_Assets_Organizados/UI/items/heroic_deathlord_legguards.webp,3822
DUP-01206,5fb62e8b4000e78a952da6e9e0b2ab21f4102a3b8f33e09366664360722dd506,2,TEM-002778,TEMPLATE,public/ui/items/heroic_necromancers_soulspire_mantle.webp,5076
DUP-01206,5fb62e8b4000e78a952da6e9e0b2ab21f4102a3b8f33e09366664360722dd506,2,NOV-006041,NOVO,01_Assets_Organizados/UI/items/heroic_necromancers_soulspire_mantle.webp,5076
DUP-01207,6cff7f301b0b4ba230c8b254c50cb640e8d3830a119f3bfcf466c9ec1e8bc532,2,TEM-002779,TEMPLATE,public/ui/items/furyforged_gauntlets.webp,4970
DUP-01207,6cff7f301b0b4ba230c8b254c50cb640e8d3830a119f3bfcf466c9ec1e8bc532,2,NOV-006043,NOVO,01_Assets_Organizados/UI/items/furyforged_gauntlets.webp,4970
DUP-01208,13eacdc631e1ad799a4b1ea63fcbeeec45c38433c637cd34e90f98923050934e,2,TEM-002780,TEMPLATE,public/ui/items/medallion_of_endless_profit.webp,6334
DUP-01208,13eacdc631e1ad799a4b1ea63fcbeeec45c38433c637cd34e90f98923050934e,2,NOV-006044,NOVO,01_Assets_Organizados/UI/items/medallion_of_endless_profit.webp,6334
DUP-01209,fbf9c46d1f9950a14527358937f11e4f58441fb3728676b508e92cfc460f5c94,2,TEM-002784,TEMPLATE,public/ui/items/fine_silverleaf_herb.webp,2094
DUP-01209,fbf9c46d1f9950a14527358937f11e4f58441fb3728676b508e92cfc460f5c94,2,NOV-006048,NOVO,01_Assets_Organizados/UI/items/fine_silverleaf_herb.webp,2094
DUP-01210,352b97aa7b971a1f8858db9e3af9178ce3802c65670e82ee4624333a526b1286,2,TEM-002786,TEMPLATE,public/ui/items/soulflame_mantle.webp,4816
DUP-01210,352b97aa7b971a1f8858db9e3af9178ce3802c65670e82ee4624333a526b1286,2,NOV-006050,NOVO,01_Assets_Organizados/UI/items/soulflame_mantle.webp,4816
DUP-01211,ba7060f046eb5ea47273d7471d794214c85286ec5a0c1e3ecea0572858a4a12a,2,TEM-002788,TEMPLATE,public/ui/items/nightweave_tunic.webp,2208
DUP-01211,ba7060f046eb5ea47273d7471d794214c85286ec5a0c1e3ecea0572858a4a12a,2,NOV-006052,NOVO,01_Assets_Organizados/UI/items/nightweave_tunic.webp,2208
DUP-01212,0f0114872f99ccbcc582a7f5be2e85fc30ebb9de7dae8b7c3521540f44bbea38,2,TEM-002789,TEMPLATE,public/ui/items/tallow_candle.webp,3112
DUP-01212,0f0114872f99ccbcc582a7f5be2e85fc30ebb9de7dae8b7c3521540f44bbea38,2,NOV-006054,NOVO,01_Assets_Organizados/UI/items/tallow_candle.webp,3112
DUP-01213,84f908bc0dd2dc3585bb6f0ecc6132ab318cebf8faa2288cdd5cae93f25cd679,2,TEM-002790,TEMPLATE,public/ui/items/litany_helm.webp,4180
DUP-01213,84f908bc0dd2dc3585bb6f0ecc6132ab318cebf8faa2288cdd5cae93f25cd679,2,NOV-006055,NOVO,01_Assets_Organizados/UI/items/litany_helm.webp,4180
DUP-01214,8471927df55efd3dffea7a808f3025581530d3d305f357f29ca042062cb60470,2,TEM-002793,TEMPLATE,public/ui/items/emberwing_scale.webp,2414
DUP-01214,8471927df55efd3dffea7a808f3025581530d3d305f357f29ca042062cb60470,2,NOV-006059,NOVO,01_Assets_Organizados/UI/items/emberwing_scale.webp,2414
DUP-01215,d7eff63dc866a28098432fd8b7259a3d224f6888a5fe2509532d89fa4a9fad31,2,TEM-002796,TEMPLATE,public/ui/items/cinder_sigil_pendant.webp,3936
DUP-01215,d7eff63dc866a28098432fd8b7259a3d224f6888a5fe2509532d89fa4a9fad31,2,NOV-006063,NOVO,01_Assets_Organizados/UI/items/cinder_sigil_pendant.webp,3936
DUP-01216,a1c1a45d9b1ed5613b532ce3b5882958276f450889cec6da184fc81a905efdd3,2,TEM-002799,TEMPLATE,public/ui/items/sunbone_ritual_hauberk.webp,3686
DUP-01216,a1c1a45d9b1ed5613b532ce3b5882958276f450889cec6da184fc81a905efdd3,2,NOV-006068,NOVO,01_Assets_Organizados/UI/items/sunbone_ritual_hauberk.webp,3686
DUP-01217,a04c3f2f070be1760a0046970396c15aca71fba83c483da7b371188ddb85cd31,2,TEM-002800,TEMPLATE,public/ui/items/hedgewick_shears.webp,2008
DUP-01217,a04c3f2f070be1760a0046970396c15aca71fba83c483da7b371188ddb85cd31,2,NOV-006070,NOVO,01_Assets_Organizados/UI/items/hedgewick_shears.webp,2008
DUP-01218,35e69f0661955b03e0b01440ef3d3ce186457bc348c0139b7cf58610bf46014f,2,TEM-002805,TEMPLATE,public/ui/items/furyforged_legguards.webp,4062
DUP-01218,35e69f0661955b03e0b01440ef3d3ce186457bc348c0139b7cf58610bf46014f,2,NOV-006075,NOVO,01_Assets_Organizados/UI/items/furyforged_legguards.webp,4062
DUP-01219,2e409d07bdb9b37bea3eec75e8eafa2d9ddbdbe8892eeae4b56fb1609ea8b17f,2,TEM-002807,TEMPLATE,public/ui/items/wyrmcult_spellgrips.webp,3368
DUP-01219,2e409d07bdb9b37bea3eec75e8eafa2d9ddbdbe8892eeae4b56fb1609ea8b17f,2,NOV-006077,NOVO,01_Assets_Organizados/UI/items/wyrmcult_spellgrips.webp,3368
DUP-01220,c5fc917520bfbe783e5e7111bb74be62f8f4b9b8277446e88bd902a275685f46,2,TEM-002808,TEMPLATE,public/ui/items/mere_ferry_lantern.webp,2314
DUP-01220,c5fc917520bfbe783e5e7111bb74be62f8f4b9b8277446e88bd902a275685f46,2,NOV-006078,NOVO,01_Assets_Organizados/UI/items/mere_ferry_lantern.webp,2314
DUP-01221,24dfaa206d29bb40ab40db8fec45afbce2dcf5b153169e428f43c32d1f5a389c,2,TEM-002809,TEMPLATE,public/ui/items/heroic_tidescale_vest.webp,6080
DUP-01221,24dfaa206d29bb40ab40db8fec45afbce2dcf5b153169e428f43c32d1f5a389c,2,NOV-006079,NOVO,01_Assets_Organizados/UI/items/heroic_tidescale_vest.webp,6080
DUP-01222,6f9666085a98aab44c08926376c5d380ad987a4a4076296d300d1cc822372461,2,TEM-002812,TEMPLATE,public/ui/items/heroic_stormcallers_crown.webp,6064
DUP-01222,6f9666085a98aab44c08926376c5d380ad987a4a4076296d300d1cc822372461,2,NOV-006083,NOVO,01_Assets_Organizados/UI/items/heroic_stormcallers_crown.webp,6064
DUP-01223,124f8de473f248a68f26d4563e604c532e217e224a04b11c6e8bf0107e6d9c1f,2,TEM-002813,TEMPLATE,public/ui/items/ironreel_fishing_rod.webp,2774
DUP-01223,124f8de473f248a68f26d4563e604c532e217e224a04b11c6e8bf0107e6d9c1f,2,NOV-006084,NOVO,01_Assets_Organizados/UI/items/ironreel_fishing_rod.webp,2774
DUP-01224,b526923bf6aa8e9c06395c80fcb97f3bdbe87e0f1f5a55eee4217f7389b08937,2,TEM-002814,TEMPLATE,public/ui/items/linen_pouch.webp,3534
DUP-01224,b526923bf6aa8e9c06395c80fcb97f3bdbe87e0f1f5a55eee4217f7389b08937,2,NOV-006085,NOVO,01_Assets_Organizados/UI/items/linen_pouch.webp,3534
DUP-01225,a14386a3ededb6280a46c6983c0cb25024e682e18b45a2728131c98ed78c17bf,2,TEM-002815,TEMPLATE,public/ui/items/gleamstag_charm.webp,2846
DUP-01225,a14386a3ededb6280a46c6983c0cb25024e682e18b45a2728131c98ed78c17bf,2,NOV-006088,NOVO,01_Assets_Organizados/UI/items/gleamstag_charm.webp,2846
DUP-01226,374daa585c94c68bcc3b2c8e8385f17e72afe81b36ed68faae88a8aaad82b077,2,TEM-002816,TEMPLATE,public/ui/items/amberfall_sap_bucket.webp,2244
DUP-01226,374daa585c94c68bcc3b2c8e8385f17e72afe81b36ed68faae88a8aaad82b077,2,NOV-006089,NOVO,01_Assets_Organizados/UI/items/amberfall_sap_bucket.webp,2244
DUP-01227,b4e91df12a85771986d676dea950cefca7c93db5b35ea22159d5081e57b69809,2,TEM-002817,TEMPLATE,public/ui/items/zyzzs_deathless_signet.webp,4080
DUP-01227,b4e91df12a85771986d676dea950cefca7c93db5b35ea22159d5081e57b69809,2,NOV-006091,NOVO,01_Assets_Organizados/UI/items/zyzzs_deathless_signet.webp,4080
DUP-01228,45c1b94e8d4019398f4d7793244e84d667b5a29fb4f6b50fceee3673feab0638,2,TEM-002818,TEMPLATE,public/ui/items/hollow_sealstone.webp,2618
DUP-01228,45c1b94e8d4019398f4d7793244e84d667b5a29fb4f6b50fceee3673feab0638,2,NOV-006092,NOVO,01_Assets_Organizados/UI/items/hollow_sealstone.webp,2618
DUP-01229,501d0dfadba1ec9d2e676ab8ededff30fcc2d557020e3e368e9f1e7c160e91bd,2,TEM-002820,TEMPLATE,public/ui/items/nighttalon_shoulderguards.webp,4210
DUP-01229,501d0dfadba1ec9d2e676ab8ededff30fcc2d557020e3e368e9f1e7c160e91bd,2,NOV-006094,NOVO,01_Assets_Organizados/UI/items/nighttalon_shoulderguards.webp,4210
DUP-01230,8871c108aadf96ee29fe94b16f6e878c446ce11c5e7d118b5d8f78981444132f,2,TEM-002821,TEMPLATE,public/ui/items/ironlink_legguards.webp,3974
DUP-01230,8871c108aadf96ee29fe94b16f6e878c446ce11c5e7d118b5d8f78981444132f,2,NOV-006095,NOVO,01_Assets_Organizados/UI/items/ironlink_legguards.webp,3974
DUP-01231,75da6ae5310cc62ae8b26033bc0981fe8531b094aeb29a3a0f969711715880cf,2,TEM-002822,TEMPLATE,public/ui/items/wardens_oathband.webp,1794
DUP-01231,75da6ae5310cc62ae8b26033bc0981fe8531b094aeb29a3a0f969711715880cf,2,NOV-006096,NOVO,01_Assets_Organizados/UI/items/wardens_oathband.webp,1794
DUP-01232,d7eb93bb324cf037dd2c4de6661159765555acc83c32f4c99b8a51a70ce6acef,2,TEM-002823,TEMPLATE,public/ui/items/heroic_soulflame_cowl.webp,4330
DUP-01232,d7eb93bb324cf037dd2c4de6661159765555acc83c32f4c99b8a51a70ce6acef,2,NOV-006098,NOVO,01_Assets_Organizados/UI/items/heroic_soulflame_cowl.webp,4330
DUP-01233,65d832db673f5326b115235691c12a6cbc44ab8f84857190ec2c0a5192aa31f3,2,TEM-002825,TEMPLATE,public/ui/items/goldweave_leggings.webp,3646
DUP-01233,65d832db673f5326b115235691c12a6cbc44ab8f84857190ec2c0a5192aa31f3,2,NOV-006101,NOVO,01_Assets_Organizados/UI/items/goldweave_leggings.webp,3646
DUP-01234,62704665439f0ec7d95710ff034ee59b0f9c468df36472c7fb083d630491f306,2,TEM-002827,TEMPLATE,public/ui/items/heroic_gravewyrm_gauntlets.webp,5034
DUP-01234,62704665439f0ec7d95710ff034ee59b0f9c468df36472c7fb083d630491f306,2,NOV-006106,NOVO,01_Assets_Organizados/UI/items/heroic_gravewyrm_gauntlets.webp,5034
DUP-01235,09c4de9fc08b8700dcf4f7c970605059123c135c4922947d92c79852985efc42,2,TEM-002828,TEMPLATE,public/ui/items/soulrend_diadem.webp,2770
DUP-01235,09c4de9fc08b8700dcf4f7c970605059123c135c4922947d92c79852985efc42,2,NOV-006108,NOVO,01_Assets_Organizados/UI/items/soulrend_diadem.webp,2770
DUP-01236,a8fc0ab922926c0e2fe9825b762b1a11c7ad78cb02ce7febfb79e4bfea292f28,2,TEM-002830,TEMPLATE,public/ui/items/scorched_supply_crate.webp,2148
DUP-01236,a8fc0ab922926c0e2fe9825b762b1a11c7ad78cb02ce7febfb79e4bfea292f28,2,NOV-006110,NOVO,01_Assets_Organizados/UI/items/scorched_supply_crate.webp,2148
DUP-01237,03a872af77d61e6b96096074e28277b0141a0ff5277eec55675548b2053c8be8,2,TEM-002831,TEMPLATE,public/ui/items/seal_of_the_nine_oaths.webp,5570
DUP-01237,03a872af77d61e6b96096074e28277b0141a0ff5277eec55675548b2053c8be8,2,NOV-006111,NOVO,01_Assets_Organizados/UI/items/seal_of_the_nine_oaths.webp,5570
DUP-01238,09c9edd35b5a1733168d3af06c50cddcf249887299afe132c1b0a1f4e44c216a,2,TEM-002833,TEMPLATE,public/ui/items/prime_cut.webp,3372
DUP-01238,09c9edd35b5a1733168d3af06c50cddcf249887299afe132c1b0a1f4e44c216a,2,NOV-006116,NOVO,01_Assets_Organizados/UI/items/prime_cut.webp,3372
DUP-01239,2deb1e427a0acbd6dfc8c6e1820e617b248ee5b5b724b9e93b5acb746f5af287,2,TEM-002835,TEMPLATE,public/ui/items/dreamroot_boots.webp,5480
DUP-01239,2deb1e427a0acbd6dfc8c6e1820e617b248ee5b5b724b9e93b5acb746f5af287,2,NOV-006118,NOVO,01_Assets_Organizados/UI/items/dreamroot_boots.webp,5480
DUP-01240,04c22c36bb05186f6273c5388571e2a9e16c30cee05079e2a313639b939fdc56,2,TEM-002836,TEMPLATE,public/ui/items/litany_leather_chest.webp,4456
DUP-01240,04c22c36bb05186f6273c5388571e2a9e16c30cee05079e2a313639b939fdc56,2,NOV-006120,NOVO,01_Assets_Organizados/UI/items/litany_leather_chest.webp,4456
DUP-01241,d410ac49aa09ce1a723e7bcded0018c6369312233e9208d8ec01705e84539042,2,TEM-002839,TEMPLATE,public/ui/items/widowsilk_skein.webp,1560
DUP-01241,d410ac49aa09ce1a723e7bcded0018c6369312233e9208d8ec01705e84539042,2,NOV-006124,NOVO,01_Assets_Organizados/UI/items/widowsilk_skein.webp,1560
DUP-01242,e73158d27532566e0d3f29b39ab364bf240a83706da2f34413f5684ef73b89ff,2,TEM-002841,TEMPLATE,public/ui/items/mantle_of_the_meredark.webp,2562
DUP-01242,e73158d27532566e0d3f29b39ab364bf240a83706da2f34413f5684ef73b89ff,2,NOV-006126,NOVO,01_Assets_Organizados/UI/items/mantle_of_the_meredark.webp,2562
DUP-01243,59b0abb95230107e7b32bbf69411e5219bbadc7146829c3ca3f77b17b74c0b70,2,TEM-002843,TEMPLATE,public/ui/items/reinforced_pauldrons.webp,4374
DUP-01243,59b0abb95230107e7b32bbf69411e5219bbadc7146829c3ca3f77b17b74c0b70,2,NOV-006128,NOVO,01_Assets_Organizados/UI/items/reinforced_pauldrons.webp,4374
DUP-01244,19635d3bd0074bcadb4cb7e60ba5cb5fc7eeb8ef6341e95808323a623345f1ea,2,TEM-002844,TEMPLATE,public/ui/items/artisans_eye.webp,2138
DUP-01244,19635d3bd0074bcadb4cb7e60ba5cb5fc7eeb8ef6341e95808323a623345f1ea,2,NOV-006129,NOVO,01_Assets_Organizados/UI/items/artisans_eye.webp,2138
DUP-01245,6927a52e7a632b8c7c7d3e1b0226b27fdeeaf765348389128edf609e1cebfc3d,2,TEM-002845,TEMPLATE,public/ui/items/silverstream_fishing_rod.webp,3602
DUP-01245,6927a52e7a632b8c7c7d3e1b0226b27fdeeaf765348389128edf609e1cebfc3d,2,NOV-006130,NOVO,01_Assets_Organizados/UI/items/silverstream_fishing_rod.webp,3602
DUP-01246,629f19c822e639c48a28ab5e87c231b50e25fa701fa4d5b49823a8e422a9dc89,2,TEM-002846,TEMPLATE,public/ui/items/heroic_soulflame_mantle.webp,4774
DUP-01246,629f19c822e639c48a28ab5e87c231b50e25fa701fa4d5b49823a8e422a9dc89,2,NOV-006131,NOVO,01_Assets_Organizados/UI/items/heroic_soulflame_mantle.webp,4774
DUP-01247,200c48afd11694a96f1ccae3c24130c8d1a5d14a056ed7cf53313ec77f7aecdc,2,TEM-002849,TEMPLATE,public/ui/items/cryptbone_pauldrons.webp,4858
DUP-01247,200c48afd11694a96f1ccae3c24130c8d1a5d14a056ed7cf53313ec77f7aecdc,2,NOV-006134,NOVO,01_Assets_Organizados/UI/items/cryptbone_pauldrons.webp,4858
DUP-01248,4b045fefa35ba3c4d8ff44ebe402bc12672cdbb93d7454ff19b4ea2004265577,2,TEM-002850,TEMPLATE,public/ui/items/sunken_offering_bowl.webp,3042
DUP-01248,4b045fefa35ba3c4d8ff44ebe402bc12672cdbb93d7454ff19b4ea2004265577,2,NOV-006135,NOVO,01_Assets_Organizados/UI/items/sunken_offering_bowl.webp,3042
DUP-01249,6cccf284e15bec7fa20e821828bc33d31c02189bd9ff0a39f6de1072261b2bd9,2,TEM-002851,TEMPLATE,public/ui/items/resonant_links.webp,1886
DUP-01249,6cccf284e15bec7fa20e821828bc33d31c02189bd9ff0a39f6de1072261b2bd9,2,NOV-006136,NOVO,01_Assets_Organizados/UI/items/resonant_links.webp,1886
DUP-01250,d43eab87c0931e923a3bff86470485960feb4ceb9b1d33ad6268e334948a27a3,2,TEM-002853,TEMPLATE,public/ui/items/heroic_wyrmcult_grand_robe.webp,4488
DUP-01250,d43eab87c0931e923a3bff86470485960feb4ceb9b1d33ad6268e334948a27a3,2,NOV-006138,NOVO,01_Assets_Organizados/UI/items/heroic_wyrmcult_grand_robe.webp,4488
DUP-01251,4d5ea0d876a06a1b80b45a175079c3c3db4e424edf320195cd8587dbf76ca456,2,TEM-002854,TEMPLATE,public/ui/items/shroud_of_the_gravewyrm.webp,4826
DUP-01251,4d5ea0d876a06a1b80b45a175079c3c3db4e424edf320195cd8587dbf76ca456,2,NOV-006139,NOVO,01_Assets_Organizados/UI/items/shroud_of_the_gravewyrm.webp,4826
DUP-01252,87d832694c2f1293e15e7a6df270dc8acd2af4247da7ecdb74c47308237269c9,2,TEM-002857,TEMPLATE,public/ui/items/swiftfang_talisman.webp,2504
DUP-01252,87d832694c2f1293e15e7a6df270dc8acd2af4247da7ecdb74c47308237269c9,2,NOV-006143,NOVO,01_Assets_Organizados/UI/items/swiftfang_talisman.webp,2504
DUP-01253,3c2bacf2c377d0e8b8daaa450b15a68a627f94dcd6561a1dbd34822f8e4e27eb,2,TEM-002863,TEMPLATE,public/ui/items/breakscarred_steel.webp,2102
DUP-01253,3c2bacf2c377d0e8b8daaa450b15a68a627f94dcd6561a1dbd34822f8e4e27eb,2,NOV-006150,NOVO,01_Assets_Organizados/UI/items/breakscarred_steel.webp,2102
DUP-01254,05b798463e6d141a4d713f23e273180b48d203511d1edd0fc51f57b9f5108849,2,TEM-002864,TEMPLATE,public/ui/items/murloc_hut.webp,2806
DUP-01254,05b798463e6d141a4d713f23e273180b48d203511d1edd0fc51f57b9f5108849,2,NOV-006151,NOVO,01_Assets_Organizados/UI/items/murloc_hut.webp,2806
DUP-01255,7bd75ae4de7fe2b5ad483bd87e7bbeb6e8a57fd7ca1dda4fcc20d4b009d632f7,2,TEM-002865,TEMPLATE,public/ui/items/pristine_venom_gland.webp,2134
DUP-01255,7bd75ae4de7fe2b5ad483bd87e7bbeb6e8a57fd7ca1dda4fcc20d4b009d632f7,2,NOV-006152,NOVO,01_Assets_Organizados/UI/items/pristine_venom_gland.webp,2134
DUP-01256,a6121d660406195d4e35ce8611359213e3ddf82af0ee9445bc13f295a35d7c06,2,TEM-002866,TEMPLATE,public/ui/items/riftbound_band_of_might.webp,2164
DUP-01256,a6121d660406195d4e35ce8611359213e3ddf82af0ee9445bc13f295a35d7c06,2,NOV-006153,NOVO,01_Assets_Organizados/UI/items/riftbound_band_of_might.webp,2164
DUP-01257,0530e15de8c1517d5eb1098d231d7f10d63f3085f7636a139297e7465c80e274,2,TEM-002867,TEMPLATE,public/ui/items/unbroken_circle.webp,3822
DUP-01257,0530e15de8c1517d5eb1098d231d7f10d63f3085f7636a139297e7465c80e274,2,NOV-006154,NOVO,01_Assets_Organizados/UI/items/unbroken_circle.webp,3822
DUP-01258,37a7a2cb4d1eea09177ae61e643224640b9e3984292dd4ae589027aa3ce268d9,2,TEM-002871,TEMPLATE,public/ui/items/heroic_gravewyrm_mantle.webp,4960
DUP-01258,37a7a2cb4d1eea09177ae61e643224640b9e3984292dd4ae589027aa3ce268d9,2,NOV-006159,NOVO,01_Assets_Organizados/UI/items/heroic_gravewyrm_mantle.webp,4960
DUP-01259,407368cddc70da6c6276cdac37abadf4455bcb320aa7f10844a523e563fbcfb9,2,TEM-002877,TEMPLATE,public/ui/items/heroic_korgaths_chainwraps.webp,3742
DUP-01259,407368cddc70da6c6276cdac37abadf4455bcb320aa7f10844a523e563fbcfb9,2,NOV-006165,NOVO,01_Assets_Organizados/UI/items/heroic_korgaths_chainwraps.webp,3742
DUP-01260,983d1ea6b718ab1c619824e160d472f20d48531a953ce78c1ebe74dd75f27d9e,2,TEM-002878,TEMPLATE,public/ui/items/heroic_shadowmeld_tunic.webp,4056
DUP-01260,983d1ea6b718ab1c619824e160d472f20d48531a953ce78c1ebe74dd75f27d9e,2,NOV-006166,NOVO,01_Assets_Organizados/UI/items/heroic_shadowmeld_tunic.webp,4056
DUP-01261,4691538709438107e59120a1debe9c85e87b3f92c4da7e1db73058792689c874,2,TEM-002880,TEMPLATE,public/ui/items/vestments_of_the_waking_grove.webp,3932
DUP-01261,4691538709438107e59120a1debe9c85e87b3f92c4da7e1db73058792689c874,2,NOV-006169,NOVO,01_Assets_Organizados/UI/items/vestments_of_the_waking_grove.webp,3932
DUP-01262,a10d102b3c648abba2c19eed2273c4fe9d088c9dd921f6e6c95cccc150b80e7b,2,TEM-002884,TEMPLATE,public/ui/items/stormbound_waistguard.webp,3844
DUP-01262,a10d102b3c648abba2c19eed2273c4fe9d088c9dd921f6e6c95cccc150b80e7b,2,NOV-006173,NOVO,01_Assets_Organizados/UI/items/stormbound_waistguard.webp,3844
DUP-01263,97653a95e961c36524eff890cdd155c1f39d5e5ff54ec846eb31f3cf71e5d6a1,2,TEM-002885,TEMPLATE,public/ui/items/vanguard_bone.webp,1074
DUP-01263,97653a95e961c36524eff890cdd155c1f39d5e5ff54ec846eb31f3cf71e5d6a1,2,NOV-006174,NOVO,01_Assets_Organizados/UI/items/vanguard_bone.webp,1074
DUP-01264,06c7439d3aea9c8cd94a92f8c1595e49ad781ca918e04da3f9282f7a078e22e0,2,TEM-002886,TEMPLATE,public/ui/items/heroic_tideguard_sabatons.webp,6032
DUP-01264,06c7439d3aea9c8cd94a92f8c1595e49ad781ca918e04da3f9282f7a078e22e0,2,NOV-006176,NOVO,01_Assets_Organizados/UI/items/heroic_tideguard_sabatons.webp,6032
DUP-01265,9dab5adfa28d77b7a9a452a400572e0e662a7a494fd5ac5690e49deb6b43dd57,2,TEM-002890,TEMPLATE,public/ui/items/gallowmere_grave_candle.webp,1922
DUP-01265,9dab5adfa28d77b7a9a452a400572e0e662a7a494fd5ac5690e49deb6b43dd57,2,NOV-006182,NOVO,01_Assets_Organizados/UI/items/gallowmere_grave_candle.webp,1922
DUP-01266,3aee7e3e66160ea26ae6d09be353ad6e5aea8977f410118f6340b1aed6c0bef0,2,TEM-002891,TEMPLATE,public/ui/items/choirmothers_casque.webp,4908
DUP-01266,3aee7e3e66160ea26ae6d09be353ad6e5aea8977f410118f6340b1aed6c0bef0,2,NOV-006183,NOVO,01_Assets_Organizados/UI/items/choirmothers_casque.webp,4908
DUP-01267,d52a589bd98fb2f07d9e751a39d64d27e52553f2a3e24dc596117e7063210b08,2,TEM-002897,TEMPLATE,public/ui/items/gravewoven_bag.webp,3158
DUP-01267,d52a589bd98fb2f07d9e751a39d64d27e52553f2a3e24dc596117e7063210b08,2,NOV-006190,NOVO,01_Assets_Organizados/UI/items/gravewoven_bag.webp,3158
DUP-01268,a1e811e8c28483138fde93ee03685b575a16976e0f17b24b72e733757079e0ea,2,TEM-002898,TEMPLATE,public/ui/items/cinderweave_mantle.webp,4174
DUP-01268,a1e811e8c28483138fde93ee03685b575a16976e0f17b24b72e733757079e0ea,2,NOV-006191,NOVO,01_Assets_Organizados/UI/items/cinderweave_mantle.webp,4174
DUP-01269,4e312aacb1a39c439b3ecccc76a3c01f6cfcdf326f98002fec6babf4be1fe01d,2,TEM-002899,TEMPLATE,public/ui/items/furyforged_warplate.webp,4996
DUP-01269,4e312aacb1a39c439b3ecccc76a3c01f6cfcdf326f98002fec6babf4be1fe01d,2,NOV-006192,NOVO,01_Assets_Organizados/UI/items/furyforged_warplate.webp,4996
DUP-01270,d1a4f0efdd77bbed6e0ee1bce20a0b10e08b92cc46c81121567bcfe5855ef8c9,2,TEM-002900,TEMPLATE,public/ui/items/homespun_hood.webp,3268
DUP-01270,d1a4f0efdd77bbed6e0ee1bce20a0b10e08b92cc46c81121567bcfe5855ef8c9,2,NOV-006193,NOVO,01_Assets_Organizados/UI/items/homespun_hood.webp,3268
DUP-01271,e46770034e27f93e6135f1d24b9ad6c186275a6317bab1b44165b9860f7433ec,2,TEM-002902,TEMPLATE,public/ui/items/gloamfield_nightbloom.webp,2338
DUP-01271,e46770034e27f93e6135f1d24b9ad6c186275a6317bab1b44165b9860f7433ec,2,NOV-006195,NOVO,01_Assets_Organizados/UI/items/gloamfield_nightbloom.webp,2338
DUP-01272,f563e78e5355642d22aa7510de55ba088993879d8e841fa8651e5a993825b4dd,2,TEM-002904,TEMPLATE,public/ui/items/heroic_wyrmshadow_talongrips.webp,4528
DUP-01272,f563e78e5355642d22aa7510de55ba088993879d8e841fa8651e5a993825b4dd,2,NOV-006197,NOVO,01_Assets_Organizados/UI/items/heroic_wyrmshadow_talongrips.webp,4528
DUP-01273,09debe9cb1564037b662138f7a88f4fe3d944700901b0e4d06d0319e38f61fa2,2,TEM-002905,TEMPLATE,public/ui/items/pearlwake_cargo_crate.webp,2772
DUP-01273,09debe9cb1564037b662138f7a88f4fe3d944700901b0e4d06d0319e38f61fa2,2,NOV-006198,NOVO,01_Assets_Organizados/UI/items/pearlwake_cargo_crate.webp,2772
DUP-01274,c9eab344364093b5fd131478472525923df96d4e7f91ff73986cc90fdebfbe4a,2,TEM-002908,TEMPLATE,public/ui/items/heroic_tideguard_greaves.webp,5312
DUP-01274,c9eab344364093b5fd131478472525923df96d4e7f91ff73986cc90fdebfbe4a,2,NOV-006204,NOVO,01_Assets_Organizados/UI/items/heroic_tideguard_greaves.webp,5312
DUP-01275,d51455f5cc506dafc549cfcd3c7f123ba3d0167232c96ea1458d917c3f25062d,2,TEM-002909,TEMPLATE,public/ui/items/fenbark_leggings.webp,4172
DUP-01275,d51455f5cc506dafc549cfcd3c7f123ba3d0167232c96ea1458d917c3f25062d,2,NOV-006205,NOVO,01_Assets_Organizados/UI/items/fenbark_leggings.webp,4172
DUP-01276,ad40f43616702dba9597cce052ce1d6f206cb5f393a311528cfa5f19860dee3b,2,TEM-002910,TEMPLATE,public/ui/items/stormreel_fishing_rod.webp,2810
DUP-01276,ad40f43616702dba9597cce052ce1d6f206cb5f393a311528cfa5f19860dee3b,2,NOV-006206,NOVO,01_Assets_Organizados/UI/items/stormreel_fishing_rod.webp,2810
DUP-01277,9e56ef52b6be25d5cbcba9027191f580712c459e70e5935f07103fbc88da2afb,2,TEM-002912,TEMPLATE,public/ui/items/rift_gem_azure.webp,1772
DUP-01277,9e56ef52b6be25d5cbcba9027191f580712c459e70e5935f07103fbc88da2afb,2,NOV-006208,NOVO,01_Assets_Organizados/UI/items/rift_gem_azure.webp,1772
DUP-01278,5fab0d993999004bc3cf9860a60944c7e3e65932e8b8984636bef663bc9751f6,2,TEM-002913,TEMPLATE,public/ui/items/spider_leg.webp,1598
DUP-01278,5fab0d993999004bc3cf9860a60944c7e3e65932e8b8984636bef663bc9751f6,2,NOV-006209,NOVO,01_Assets_Organizados/UI/items/spider_leg.webp,1598
DUP-01279,59fcd43ef6da0c13e9a0a947576cc19cc5becfac285eee75a7ae4633373f526e,2,TEM-002915,TEMPLATE,public/ui/items/furyforged_sabatons.webp,4350
DUP-01279,59fcd43ef6da0c13e9a0a947576cc19cc5becfac285eee75a7ae4633373f526e,2,NOV-006211,NOVO,01_Assets_Organizados/UI/items/furyforged_sabatons.webp,4350
DUP-01280,d2054179d4e31c6ba24eab44f24c932200a5892e99a8ae75cdd2f975b93c3801,2,TEM-002916,TEMPLATE,public/ui/items/heroic_grovewardens_grips.webp,5170
DUP-01280,d2054179d4e31c6ba24eab44f24c932200a5892e99a8ae75cdd2f975b93c3801,2,NOV-006212,NOVO,01_Assets_Organizados/UI/items/heroic_grovewardens_grips.webp,5170
DUP-01281,463273de50409771260120b7ab59e46b14c0dd771defb4f45216cfd5a67f0210,2,TEM-002918,TEMPLATE,public/ui/items/hunters_game_skewer.webp,3592
DUP-01281,463273de50409771260120b7ab59e46b14c0dd771defb4f45216cfd5a67f0210,2,NOV-006215,NOVO,01_Assets_Organizados/UI/items/hunters_game_skewer.webp,3592
DUP-01282,5d8143930fed39e582aa60f77cf91b1369217e3f948b6e9e724ab5010a5f63ce,2,TEM-002919,TEMPLATE,public/ui/items/fountain_court_mantle.webp,3170
DUP-01282,5d8143930fed39e582aa60f77cf91b1369217e3f948b6e9e724ab5010a5f63ce,2,NOV-006216,NOVO,01_Assets_Organizados/UI/items/fountain_court_mantle.webp,3170
DUP-01283,6e1c03751b0723f8571d823c2ebafb6a5131ad0f0b73e768d0047291784340ed,2,TEM-002921,TEMPLATE,public/ui/items/revenantstep_treads.webp,4690
DUP-01283,6e1c03751b0723f8571d823c2ebafb6a5131ad0f0b73e768d0047291784340ed,2,NOV-006221,NOVO,01_Assets_Organizados/UI/items/revenantstep_treads.webp,4690
DUP-01284,53a8f53870e98c84e530b2d2d206dcd0101019ddda6e0cc8f4fc94b2795f07a8,2,TEM-002922,TEMPLATE,public/ui/items/hedgewick_tool_cart.webp,2370
DUP-01284,53a8f53870e98c84e530b2d2d206dcd0101019ddda6e0cc8f4fc94b2795f07a8,2,NOV-006222,NOVO,01_Assets_Organizados/UI/items/hedgewick_tool_cart.webp,2370
DUP-01285,afa9ef27db06d610658d51501f78fdeeeb8b0b6494f5c3b5288ccad1bea1ac50,2,TEM-002924,TEMPLATE,public/ui/items/tanning_agent.webp,1352
DUP-01285,afa9ef27db06d610658d51501f78fdeeeb8b0b6494f5c3b5288ccad1bea1ac50,2,NOV-006224,NOVO,01_Assets_Organizados/UI/items/tanning_agent.webp,1352
DUP-01286,bf3ef9efdae89e77f00b1e0f80d537f0d84f1f9e00cd5e00398a415636c550bb,2,TEM-002926,TEMPLATE,public/ui/items/pearlward_aegis.webp,5416
DUP-01286,bf3ef9efdae89e77f00b1e0f80d537f0d84f1f9e00cd5e00398a415636c550bb,2,NOV-006226,NOVO,01_Assets_Organizados/UI/items/pearlward_aegis.webp,5416
DUP-01287,18d66fc2e54c747a32bc7dfc410a8a89becb8b1c89d19e3949b8c4257534a4bb,2,TEM-002928,TEMPLATE,public/ui/items/thoriumscale_leggings.webp,3056
DUP-01287,18d66fc2e54c747a32bc7dfc410a8a89becb8b1c89d19e3949b8c4257534a4bb,2,NOV-006228,NOVO,01_Assets_Organizados/UI/items/thoriumscale_leggings.webp,3056
DUP-01288,d016d31f118d1bf11d3712007c04bcee37444612be0a6ed135158353d7a68e7c,2,TEM-002929,TEMPLATE,public/ui/items/wyrmchoir_handwraps.webp,3304
DUP-01288,d016d31f118d1bf11d3712007c04bcee37444612be0a6ed135158353d7a68e7c,2,NOV-006229,NOVO,01_Assets_Organizados/UI/items/wyrmchoir_handwraps.webp,3304
DUP-01289,50b0ac0bd066ec6220f9128caf1a1bcf29f0338dc92e877386e2edfef187b391,2,TEM-002931,TEMPLATE,public/ui/items/ashen_focus_ring.webp,3826
DUP-01289,50b0ac0bd066ec6220f9128caf1a1bcf29f0338dc92e877386e2edfef187b391,2,NOV-006231,NOVO,01_Assets_Organizados/UI/items/ashen_focus_ring.webp,3826
DUP-01290,18259681af0213a8a5c1dc4ac68a6ac3839562d48cc023206af7d7d13b813de9,2,TEM-002932,TEMPLATE,public/ui/items/pan_seared_perch.webp,4448
DUP-01290,18259681af0213a8a5c1dc4ac68a6ac3839562d48cc023206af7d7d13b813de9,2,NOV-006232,NOVO,01_Assets_Organizados/UI/items/pan_seared_perch.webp,4448
DUP-01291,90da4134b77a3795ed47ca9a9efa9038aee825ed266fc34d1feabf975ef1e16d,2,TEM-002933,TEMPLATE,public/ui/items/wreckfield_flotsam_crate.webp,2370
DUP-01291,90da4134b77a3795ed47ca9a9efa9038aee825ed266fc34d1feabf975ef1e16d,2,NOV-006233,NOVO,01_Assets_Organizados/UI/items/wreckfield_flotsam_crate.webp,2370
DUP-01292,fcff8a31db9b1b5e3ad3e59923ad9fe68f5985d6bd927b218cde6904495bc3de,2,TEM-002934,TEMPLATE,public/ui/items/frostmane_mantle.webp,3812
DUP-01292,fcff8a31db9b1b5e3ad3e59923ad9fe68f5985d6bd927b218cde6904495bc3de,2,NOV-006236,NOVO,01_Assets_Organizados/UI/items/frostmane_mantle.webp,3812
DUP-01293,cd17c57d519311a55484104c98dc8507510fad76177613a1f3aef1f2eb34a7d9,2,TEM-002935,TEMPLATE,public/ui/items/mantle_of_the_unhorsed.webp,2200
DUP-01293,cd17c57d519311a55484104c98dc8507510fad76177613a1f3aef1f2eb34a7d9,2,NOV-006237,NOVO,01_Assets_Organizados/UI/items/mantle_of_the_unhorsed.webp,2200
DUP-01294,62ce809ce7530abbcfae6c6b7ea40a7f1d3acabeaea6e31c5a6332c1cc8778e3,2,TEM-002936,TEMPLATE,public/ui/items/tideworn_warboots.webp,4432
DUP-01294,62ce809ce7530abbcfae6c6b7ea40a7f1d3acabeaea6e31c5a6332c1cc8778e3,2,NOV-006238,NOVO,01_Assets_Organizados/UI/items/tideworn_warboots.webp,4432
DUP-01295,0a1a66942744945c343841e22cada59e3ff827e263e4e482dfcd839cfd826e7f,2,TEM-002937,TEMPLATE,public/ui/items/heroic_wraithfire_orb.webp,5498
DUP-01295,0a1a66942744945c343841e22cada59e3ff827e263e4e482dfcd839cfd826e7f,2,NOV-006239,NOVO,01_Assets_Organizados/UI/items/heroic_wraithfire_orb.webp,5498
DUP-01296,a1ca6c3a6ceda067fddea9da81804c31b74b39ce9ff60a2318432bf8bd4a11de,2,TEM-002939,TEMPLATE,public/ui/items/broodmother_carapace.webp,3176
DUP-01296,a1ca6c3a6ceda067fddea9da81804c31b74b39ce9ff60a2318432bf8bd4a11de,2,NOV-006241,NOVO,01_Assets_Organizados/UI/items/broodmother_carapace.webp,3176
DUP-01297,573b9d96fec9bf3822dd32fcee77cf5d77fa5cd7029b0c5a8a24d88cb502bdb1,2,TEM-002940,TEMPLATE,public/ui/items/spellbreakers_seal.webp,3416
DUP-01297,573b9d96fec9bf3822dd32fcee77cf5d77fa5cd7029b0c5a8a24d88cb502bdb1,2,NOV-006242,NOVO,01_Assets_Organizados/UI/items/spellbreakers_seal.webp,3416
DUP-01298,0bfec4383ac59eb0bbdaa0935a6611c2d4e1eba76f9a4361052d1fc880ecea0c,2,TEM-002946,TEMPLATE,public/ui/items/goldleaf_healing_draught.webp,4098
DUP-01298,0bfec4383ac59eb0bbdaa0935a6611c2d4e1eba76f9a4361052d1fc880ecea0c,2,NOV-006249,NOVO,01_Assets_Organizados/UI/items/goldleaf_healing_draught.webp,4098
DUP-01299,8c705497e3c3d4890c4c6814420972e5af19cadf079486751da3bc85a1d1c16a,2,TEM-002947,TEMPLATE,public/ui/items/scourgehide_carapace.webp,5150
DUP-01299,8c705497e3c3d4890c4c6814420972e5af19cadf079486751da3bc85a1d1c16a,2,NOV-006250,NOVO,01_Assets_Organizados/UI/items/scourgehide_carapace.webp,5150
DUP-01300,7a81cd5a50349398fd53571bb2ce875dac5923e384be784c4383a797315aade2,2,TEM-002949,TEMPLATE,public/ui/items/ashstalker_waistband.webp,4414
DUP-01300,7a81cd5a50349398fd53571bb2ce875dac5923e384be784c4383a797315aade2,2,NOV-006252,NOVO,01_Assets_Organizados/UI/items/ashstalker_waistband.webp,4414
DUP-01301,ce34c6a5212907f5508a714866ebf0d758f23692dd035892220c2c92049834ba,2,TEM-002950,TEMPLATE,public/ui/items/moonshroud_tunic.webp,5224
DUP-01301,ce34c6a5212907f5508a714866ebf0d758f23692dd035892220c2c92049834ba,2,NOV-006253,NOVO,01_Assets_Organizados/UI/items/moonshroud_tunic.webp,5224
DUP-01302,efffee588590a544ef857dcfee5c6d1f0ae4cfdc575de5275e0d7e254671cecf,2,TEM-002951,TEMPLATE,public/ui/items/guardian_core.webp,1960
DUP-01302,efffee588590a544ef857dcfee5c6d1f0ae4cfdc575de5275e0d7e254671cecf,2,NOV-006255,NOVO,01_Assets_Organizados/UI/items/guardian_core.webp,1960
DUP-01303,760f7cb6bfb8fccd099c61271390bc9bc36ba8f2c05b523e6518d8b03381dd51,2,TEM-002952,TEMPLATE,public/ui/items/resonant_timber.webp,1680
DUP-01303,760f7cb6bfb8fccd099c61271390bc9bc36ba8f2c05b523e6518d8b03381dd51,2,NOV-006256,NOVO,01_Assets_Organizados/UI/items/resonant_timber.webp,1680
DUP-01304,694900e7995de9453036749b6ad048281c86df11d251cbdbe9c64b2ae06c5d32,2,TEM-002953,TEMPLATE,public/ui/items/copper_ore.webp,2252
DUP-01304,694900e7995de9453036749b6ad048281c86df11d251cbdbe9c64b2ae06c5d32,2,NOV-006258,NOVO,01_Assets_Organizados/UI/items/copper_ore.webp,2252
DUP-01305,83b141f3f5694cab49ba1c25b986b4ca082da3e787a48b9c5b486bba6894a242,2,TEM-002954,TEMPLATE,public/ui/items/stormbound_hauberk.webp,4370
DUP-01305,83b141f3f5694cab49ba1c25b986b4ca082da3e787a48b9c5b486bba6894a242,2,NOV-006259,NOVO,01_Assets_Organizados/UI/items/stormbound_hauberk.webp,4370
DUP-01306,bdf075dcf58536451957f548c7ed45759e948629808772516fbbe382bb516282,2,TEM-002955,TEMPLATE,public/ui/items/cinderweave_legwraps.webp,4796
DUP-01306,bdf075dcf58536451957f548c7ed45759e948629808772516fbbe382bb516282,2,NOV-006260,NOVO,01_Assets_Organizados/UI/items/cinderweave_legwraps.webp,4796
DUP-01307,6e452b076e3dc9e0b7902250196b4b62520fbd09ebdf5329daa2a45c2d6c6358,2,TEM-002957,TEMPLATE,public/ui/items/thick_winter_pelt.webp,2294
DUP-01307,6e452b076e3dc9e0b7902250196b4b62520fbd09ebdf5329daa2a45c2d6c6358,2,NOV-006264,NOVO,01_Assets_Organizados/UI/items/thick_winter_pelt.webp,2294
DUP-01308,d0e0ace1223c682a74557fe2f2b46db31093b4f707b6142660e07f2ba801bc08,2,TEM-002958,TEMPLATE,public/ui/items/orchard_sapbinder_grips.webp,3024
DUP-01308,d0e0ace1223c682a74557fe2f2b46db31093b4f707b6142660e07f2ba801bc08,2,NOV-006265,NOVO,01_Assets_Organizados/UI/items/orchard_sapbinder_grips.webp,3024
DUP-01309,ec296f082393dfb1cd9846643b123a4cef4ab2a5bbf49c19a56f8701d6b7de9a,2,TEM-002959,TEMPLATE,public/ui/items/fenbridge_hide_boots.webp,4148
DUP-01309,ec296f082393dfb1cd9846643b123a4cef4ab2a5bbf49c19a56f8701d6b7de9a,2,NOV-006267,NOVO,01_Assets_Organizados/UI/items/fenbridge_hide_boots.webp,4148
DUP-01310,8e4f4f3c9a03017f8ec9a074f30b65836051b3d5483304b7a2a3922327e35f18,2,TEM-002960,TEMPLATE,public/ui/items/gilded_sap_clot.webp,2902
DUP-01310,8e4f4f3c9a03017f8ec9a074f30b65836051b3d5483304b7a2a3922327e35f18,2,NOV-006268,NOVO,01_Assets_Organizados/UI/items/gilded_sap_clot.webp,2902
DUP-01311,6d1b6efd016211b91f05fdeea3f4ee79151b80d3765145960a94266d6c1eaa6b,2,TEM-002963,TEMPLATE,public/ui/items/bonewrought_bulwark.webp,6592
DUP-01311,6d1b6efd016211b91f05fdeea3f4ee79151b80d3765145960a94266d6c1eaa6b,2,NOV-006271,NOVO,01_Assets_Organizados/UI/items/bonewrought_bulwark.webp,6592
DUP-01312,897a180d48f2e220bb07a26e86e1a9294f331fab258deef044b4709aedfcbbb0,2,TEM-002965,TEMPLATE,public/ui/items/cinderweave_handwraps.webp,4248
DUP-01312,897a180d48f2e220bb07a26e86e1a9294f331fab258deef044b4709aedfcbbb0,2,NOV-006273,NOVO,01_Assets_Organizados/UI/items/cinderweave_handwraps.webp,4248
DUP-01313,1406a5ff94e7ba3607b3af4c5dac2caaad8de1a9803ff5f66a57394c82d86a5e,2,TEM-002966,TEMPLATE,public/ui/items/heroic_moonshroud_tunic.webp,4590
DUP-01313,1406a5ff94e7ba3607b3af4c5dac2caaad8de1a9803ff5f66a57394c82d86a5e,2,NOV-006275,NOVO,01_Assets_Organizados/UI/items/heroic_moonshroud_tunic.webp,4590
DUP-01314,5ff580a43abc76dd4e51736cd449e9570d1efaf1ac1bd7b293925da9098dee09,2,TEM-002967,TEMPLATE,public/ui/items/waterlogged_idol.webp,4796
DUP-01314,5ff580a43abc76dd4e51736cd449e9570d1efaf1ac1bd7b293925da9098dee09,2,NOV-006276,NOVO,01_Assets_Organizados/UI/items/waterlogged_idol.webp,4796
DUP-01315,2557439614fc44ca929b8769ad82e3796f13385b4f3f506ff290174882f199fa,2,TEM-002968,TEMPLATE,public/ui/items/tidewrought_fishing_rod.webp,2900
DUP-01315,2557439614fc44ca929b8769ad82e3796f13385b4f3f506ff290174882f199fa,2,NOV-006277,NOVO,01_Assets_Organizados/UI/items/tidewrought_fishing_rod.webp,2900
DUP-01316,d709932c3398ee3633c9c6960d67abde1b81e1a8484425d96e725be172dedfe7,2,TEM-002970,TEMPLATE,public/ui/items/lilybed_mantle.webp,3198
DUP-01316,d709932c3398ee3633c9c6960d67abde1b81e1a8484425d96e725be172dedfe7,2,NOV-006279,NOVO,01_Assets_Organizados/UI/items/lilybed_mantle.webp,3198
DUP-01317,43db0e5e5dc9818cf565fe65a029e0ab294ac51612eac9b1784dbf033edfc18f,2,TEM-002971,TEMPLATE,public/ui/items/thorium_ore.webp,1950
DUP-01317,43db0e5e5dc9818cf565fe65a029e0ab294ac51612eac9b1784dbf033edfc18f,2,NOV-006280,NOVO,01_Assets_Organizados/UI/items/thorium_ore.webp,1950
DUP-01318,6c7682c9814809214c8ccb02c278ebd9ce2c2c4b02d027c3c659d84fe260f083,2,TEM-002972,TEMPLATE,public/ui/items/sister_nhalia_choir_plate.webp,5196
DUP-01318,6c7682c9814809214c8ccb02c278ebd9ce2c2c4b02d027c3c659d84fe260f083,2,NOV-006281,NOVO,01_Assets_Organizados/UI/items/sister_nhalia_choir_plate.webp,5196
DUP-01319,47a3edce64e884348f7aae3fa611482751e7a291e3e274406c79859dcb44fbc8,2,TEM-002973,TEMPLATE,public/ui/items/eelskin_mudwaders.webp,2238
DUP-01319,47a3edce64e884348f7aae3fa611482751e7a291e3e274406c79859dcb44fbc8,2,NOV-006282,NOVO,01_Assets_Organizados/UI/items/eelskin_mudwaders.webp,2238
DUP-01320,552884c1f69d128420fbfd096fe7b838e4a913de80650d8270f01054836f8e01,2,TEM-002974,TEMPLATE,public/ui/items/sunpetal_sickle.webp,3978
DUP-01320,552884c1f69d128420fbfd096fe7b838e4a913de80650d8270f01054836f8e01,2,NOV-006284,NOVO,01_Assets_Organizados/UI/items/sunpetal_sickle.webp,3978
DUP-01321,2f9c773f77cdabd764d70df001da28f96a26b0f4f7408f24be608bc1a2b150fe,2,TEM-002976,TEMPLATE,public/ui/items/fenbridge_hide_leggings.webp,3250
DUP-01321,2f9c773f77cdabd764d70df001da28f96a26b0f4f7408f24be608bc1a2b150fe,2,NOV-006286,NOVO,01_Assets_Organizados/UI/items/fenbridge_hide_leggings.webp,3250
DUP-01322,8c250557739fb081d8c225f42865879cc99f7c59150a33ad692508f489511bb2,2,TEM-002977,TEMPLATE,public/ui/items/heroic_necromancers_starshroud.webp,5476
DUP-01322,8c250557739fb081d8c225f42865879cc99f7c59150a33ad692508f489511bb2,2,NOV-006287,NOVO,01_Assets_Organizados/UI/items/heroic_necromancers_starshroud.webp,5476
DUP-01323,22499fd39ce1ae377804eb5bc1ff7e8bc2ccdc39085a26f5937ca5ee4c3c7a1c,2,TEM-002978,TEMPLATE,public/ui/items/necromancers_soulspire_mantle.webp,5164
DUP-01323,22499fd39ce1ae377804eb5bc1ff7e8bc2ccdc39085a26f5937ca5ee4c3c7a1c,2,NOV-006289,NOVO,01_Assets_Organizados/UI/items/necromancers_soulspire_mantle.webp,5164
DUP-01324,6b88624868c0e94db06189ce41a4a1e879945e11df8af7ea9d18b9c820326ba3,2,TEM-002979,TEMPLATE,public/ui/items/mistcallers_duffel.webp,3110
DUP-01324,6b88624868c0e94db06189ce41a4a1e879945e11df8af7ea9d18b9c820326ba3,2,NOV-006290,NOVO,01_Assets_Organizados/UI/items/mistcallers_duffel.webp,3110
DUP-01325,bea045762c081d72ed109fe3b87fd280ed7c5368525a06d75049b23f044ec334,2,TEM-002982,TEMPLATE,public/ui/items/mawscale_pauldrons.webp,2154
DUP-01325,bea045762c081d72ed109fe3b87fd280ed7c5368525a06d75049b23f044ec334,2,NOV-006293,NOVO,01_Assets_Organizados/UI/items/mawscale_pauldrons.webp,2154
DUP-01326,7088231f643d34173b1beddeef692ebbf185f651de01cedfc47d0ee01386588e,2,TEM-002983,TEMPLATE,public/ui/items/goldleaf_mana_draught.webp,4116
DUP-01326,7088231f643d34173b1beddeef692ebbf185f651de01cedfc47d0ee01386588e,2,NOV-006294,NOVO,01_Assets_Organizados/UI/items/goldleaf_mana_draught.webp,4116
DUP-01327,1d114c0d3983350fd811b1bac0fc032bd5530625039c972051977341acf2b710,2,TEM-002988,TEMPLATE,public/ui/items/shadowpulse_handwraps.webp,4612
DUP-01327,1d114c0d3983350fd811b1bac0fc032bd5530625039c972051977341acf2b710,2,NOV-006300,NOVO,01_Assets_Organizados/UI/items/shadowpulse_handwraps.webp,4612
DUP-01328,59167cbe567e45101d456caf0d08e78a3e852e5ada6af319b669498e14b0df8e,2,TEM-002989,TEMPLATE,public/ui/items/furyforged_girdle.webp,3988
DUP-01328,59167cbe567e45101d456caf0d08e78a3e852e5ada6af319b669498e14b0df8e,2,NOV-006301,NOVO,01_Assets_Organizados/UI/items/furyforged_girdle.webp,3988
DUP-01329,751da559d0cf837e5d2c7a5bfeedfd2104c131ad982fc825a65f1cf40c6132dc,2,TEM-002995,TEMPLATE,public/ui/items/ashwood_axe.webp,4090
DUP-01329,751da559d0cf837e5d2c7a5bfeedfd2104c131ad982fc825a65f1cf40c6132dc,2,NOV-006309,NOVO,01_Assets_Organizados/UI/items/ashwood_axe.webp,4090
DUP-01330,99abb30f73b96ee01ebb8dd2b3bedfa197f76fc77d8e4719563203c0e46cd84d,2,TEM-002996,TEMPLATE,public/ui/items/heroic_wyrmshadow_treads.webp,4780
DUP-01330,99abb30f73b96ee01ebb8dd2b3bedfa197f76fc77d8e4719563203c0e46cd84d,2,NOV-006310,NOVO,01_Assets_Organizados/UI/items/heroic_wyrmshadow_treads.webp,4780
DUP-01331,632a6c7e75479e348678a35b92e4524defbc2e89bdc2f36c84b47ee6476f267b,2,TEM-002998,TEMPLATE,public/ui/items/cinderweave_cowl.webp,4114
DUP-01331,632a6c7e75479e348678a35b92e4524defbc2e89bdc2f36c84b47ee6476f267b,2,NOV-006312,NOVO,01_Assets_Organizados/UI/items/cinderweave_cowl.webp,4114
DUP-01332,d5bc9af75f983e6faf48618128ff78437d5e50c2d43b5b67028af0aa0f55f367,2,TEM-002999,TEMPLATE,public/ui/items/embroidered_mantle.webp,4158
DUP-01332,d5bc9af75f983e6faf48618128ff78437d5e50c2d43b5b67028af0aa0f55f367,2,NOV-006313,NOVO,01_Assets_Organizados/UI/items/embroidered_mantle.webp,4158
DUP-01333,46f92928b3ee2a4498b6a4c8b856acd63f23b6436e3633cfee8ba238bc86ee16,2,TEM-003000,TEMPLATE,public/ui/items/sunpetal_herb.webp,2232
DUP-01333,46f92928b3ee2a4498b6a4c8b856acd63f23b6436e3633cfee8ba238bc86ee16,2,NOV-006314,NOVO,01_Assets_Organizados/UI/items/sunpetal_herb.webp,2232
DUP-01334,5d786bee44bf2f3bdaec057bf3185d16ae364398ce83335d62e3561a906d5cf8,2,TEM-003001,TEMPLATE,public/ui/items/cryptbloom_shoulderguards.webp,4644
DUP-01334,5d786bee44bf2f3bdaec057bf3185d16ae364398ce83335d62e3561a906d5cf8,2,NOV-006315,NOVO,01_Assets_Organizados/UI/items/cryptbloom_shoulderguards.webp,4644
DUP-01335,c46f7690fc6cc6e1a65785f145074947867c1a3108e4dc7920ab6fce306d1521,2,TEM-003005,TEMPLATE,public/ui/items/tidehymn_slippers.webp,3004
DUP-01335,c46f7690fc6cc6e1a65785f145074947867c1a3108e4dc7920ab6fce306d1521,2,NOV-006320,NOVO,01_Assets_Organizados/UI/items/tidehymn_slippers.webp,3004
DUP-01336,4122e6f5449d269ed180bb0b51fddd50e65cfcc83181736951cbd4faed1715ed,2,TEM-003006,TEMPLATE,public/ui/items/heroic_stormcallers_spaulders.webp,5600
DUP-01336,4122e6f5449d269ed180bb0b51fddd50e65cfcc83181736951cbd4faed1715ed,2,NOV-006321,NOVO,01_Assets_Organizados/UI/items/heroic_stormcallers_spaulders.webp,5600
DUP-01337,d06c120690b8aaf720689810e7bc825112b0ec322f04afa2b343e3126eb63625,2,TEM-003008,TEMPLATE,public/ui/items/silverleaf_healing_draught.webp,3796
DUP-01337,d06c120690b8aaf720689810e7bc825112b0ec322f04afa2b343e3126eb63625,2,NOV-006323,NOVO,01_Assets_Organizados/UI/items/silverleaf_healing_draught.webp,3796
DUP-01338,0b8514844f1c25a1eafef8f704bc7b94c2807a1709932349d1cdbed00231c1cc,2,TEM-003012,TEMPLATE,public/ui/items/cinderwalk_treads.webp,1514
DUP-01338,0b8514844f1c25a1eafef8f704bc7b94c2807a1709932349d1cdbed00231c1cc,2,NOV-006327,NOVO,01_Assets_Organizados/UI/items/cinderwalk_treads.webp,1514
DUP-01339,20136204e862d4f24ad20a20245533cb5307d3e83582b9c342a6223731c5e0c1,2,TEM-003013,TEMPLATE,public/ui/items/razorwind_torque.webp,4634
DUP-01339,20136204e862d4f24ad20a20245533cb5307d3e83582b9c342a6223731c5e0c1,2,NOV-006329,NOVO,01_Assets_Organizados/UI/items/razorwind_torque.webp,4634
DUP-01340,4a4eb007b41a06d099b3b1f4e70548cf878ddc53dfa52a37c28608bad06b1e91,2,TEM-003014,TEMPLATE,public/ui/items/stormcallers_spaulders.webp,3226
DUP-01340,4a4eb007b41a06d099b3b1f4e70548cf878ddc53dfa52a37c28608bad06b1e91,2,NOV-006330,NOVO,01_Assets_Organizados/UI/items/stormcallers_spaulders.webp,3226
DUP-01341,d0a23f39e18a40eb416d1f20474d5f14fa828d8f9514adbabebf9c514e5ec106,2,TEM-003016,TEMPLATE,public/ui/items/spore_heart.webp,2730
DUP-01341,d0a23f39e18a40eb416d1f20474d5f14fa828d8f9514adbabebf9c514e5ec106,2,NOV-006334,NOVO,01_Assets_Organizados/UI/items/spore_heart.webp,2730
DUP-01342,fcc5a4d415e76a44e3907e2caae011d370e31fe0053a7effee22341a328d0443,2,TEM-003017,TEMPLATE,public/ui/items/lunar_choir_leggings.webp,4930
DUP-01342,fcc5a4d415e76a44e3907e2caae011d370e31fe0053a7effee22341a328d0443,2,NOV-006336,NOVO,01_Assets_Organizados/UI/items/lunar_choir_leggings.webp,4930
DUP-01343,6293bd43db2ef5e4fed6c2b4dff96b4705ed46467b4bb595d6e5a1ccf71bd2c0,2,TEM-003018,TEMPLATE,public/ui/items/nielas_coldlight_band.webp,5020
DUP-01343,6293bd43db2ef5e4fed6c2b4dff96b4705ed46467b4bb595d6e5a1ccf71bd2c0,2,NOV-006337,NOVO,01_Assets_Organizados/UI/items/nielas_coldlight_band.webp,5020
DUP-01344,8155be3b0ae6d9f9d0aaa81b3a481cc772e7145544cffaf19c1b8555356bfedd,2,TEM-003019,TEMPLATE,public/ui/items/thornpeak_wildwraps.webp,3610
DUP-01344,8155be3b0ae6d9f9d0aaa81b3a481cc772e7145544cffaf19c1b8555356bfedd,2,NOV-006339,NOVO,01_Assets_Organizados/UI/items/thornpeak_wildwraps.webp,3610
DUP-01345,69306686ecb8eb433e001be462aa9badf199c96aa56e1ec2b2f6db69463eef54,2,TEM-003020,TEMPLATE,public/ui/items/choir_blessed_spaulders.webp,5344
DUP-01345,69306686ecb8eb433e001be462aa9badf199c96aa56e1ec2b2f6db69463eef54,2,NOV-006340,NOVO,01_Assets_Organizados/UI/items/choir_blessed_spaulders.webp,5344
DUP-01346,c639115c4ed4375c76a64a8c47ebaae362eb3177a35ea2feaf889e228d857fe0,2,TEM-003024,TEMPLATE,public/ui/items/sunweave_mantle.webp,3760
DUP-01346,c639115c4ed4375c76a64a8c47ebaae362eb3177a35ea2feaf889e228d857fe0,2,NOV-006345,NOVO,01_Assets_Organizados/UI/items/sunweave_mantle.webp,3760
DUP-01347,f0e9f4f556a2673ed280837fb50c3d2ef32d9470ee052131ca409e0dbd9e0326,2,TEM-003025,TEMPLATE,public/ui/items/shardfang_grips.webp,5344
DUP-01347,f0e9f4f556a2673ed280837fb50c3d2ef32d9470ee052131ca409e0dbd9e0326,2,NOV-006346,NOVO,01_Assets_Organizados/UI/items/shardfang_grips.webp,5344
DUP-01348,3e779b1e0a68d469f6f19066370213c874e1283b193396e8bfed30b72f3e9ec1,2,TEM-003026,TEMPLATE,public/ui/items/fenwarden_sabatons.webp,4050
DUP-01348,3e779b1e0a68d469f6f19066370213c874e1283b193396e8bfed30b72f3e9ec1,2,NOV-006347,NOVO,01_Assets_Organizados/UI/items/fenwarden_sabatons.webp,4050
DUP-01349,4637c3811c68daaa1d9d2b8e8d8fe1a70ac4e68f89acc3658688a534acda09c5,2,TEM-003029,TEMPLATE,public/ui/items/barrow_grave_offering.webp,3204
DUP-01349,4637c3811c68daaa1d9d2b8e8d8fe1a70ac4e68f89acc3658688a534acda09c5,2,NOV-006350,NOVO,01_Assets_Organizados/UI/items/barrow_grave_offering.webp,3204
DUP-01350,f87f0bc77eb6533c7ccd4043e929cc2741b643b5a4c5f750082cf15902227372,2,TEM-003031,TEMPLATE,public/ui/items/fine_sunpetal_herb.webp,2514
DUP-01350,f87f0bc77eb6533c7ccd4043e929cc2741b643b5a4c5f750082cf15902227372,2,NOV-006352,NOVO,01_Assets_Organizados/UI/items/fine_sunpetal_herb.webp,2514
DUP-01351,b6c576f5838dc13a59c3915546cbbab54362377774670d63e33cd61822154ce3,2,TEM-003034,TEMPLATE,public/ui/items/backpack.webp,2926
DUP-01351,b6c576f5838dc13a59c3915546cbbab54362377774670d63e33cd61822154ce3,2,NOV-006355,NOVO,01_Assets_Organizados/UI/items/backpack.webp,2926
DUP-01352,0aaab3d37ddbd55e9bc73d4ab9dc4a1798c28ddbae0fbeb30f025ebb8ae0b913,2,TEM-003035,TEMPLATE,public/ui/items/tideguard_faceguard.webp,3350
DUP-01352,0aaab3d37ddbd55e9bc73d4ab9dc4a1798c28ddbae0fbeb30f025ebb8ae0b913,2,NOV-006356,NOVO,01_Assets_Organizados/UI/items/tideguard_faceguard.webp,3350
DUP-01353,2e13fa254d384e3515553d9e3100dc2aed101f094bc6e18d15ccf03baf0dc809,2,TEM-003039,TEMPLATE,public/ui/items/silverthread_slippers.webp,3280
DUP-01353,2e13fa254d384e3515553d9e3100dc2aed101f094bc6e18d15ccf03baf0dc809,2,NOV-006362,NOVO,01_Assets_Organizados/UI/items/silverthread_slippers.webp,3280
DUP-01354,ef79c5df13fb68101871af884b4cc2e0905af70b9a8185b5fc1fcdc2cd74a438,2,TEM-003040,TEMPLATE,public/ui/items/fenbridge_hide_belt.webp,3268
DUP-01354,ef79c5df13fb68101871af884b4cc2e0905af70b9a8185b5fc1fcdc2cd74a438,2,NOV-006364,NOVO,01_Assets_Organizados/UI/items/fenbridge_hide_belt.webp,3268
DUP-01355,b99f67cd54bb2a6038703311d8f7576282e13a932b4e174070f3c05112e02c8c,2,TEM-003041,TEMPLATE,public/ui/items/gatherers_cache.webp,2892
DUP-01355,b99f67cd54bb2a6038703311d8f7576282e13a932b4e174070f3c05112e02c8c,2,NOV-006365,NOVO,01_Assets_Organizados/UI/items/gatherers_cache.webp,2892
DUP-01356,44fdf3ccb27600d8595b96743a387801af66873c924b17dfa5adb7b24ce31f63,2,TEM-003043,TEMPLATE,public/ui/items/soggy_boot.webp,3020
DUP-01356,44fdf3ccb27600d8595b96743a387801af66873c924b17dfa5adb7b24ce31f63,2,NOV-006367,NOVO,01_Assets_Organizados/UI/items/soggy_boot.webp,3020
DUP-01357,ff8fe365d2649f6c60ce1c95937a32834a7439503a7741591af97a88b9fb5895,2,TEM-003045,TEMPLATE,public/ui/items/sprung_trap.webp,2044
DUP-01357,ff8fe365d2649f6c60ce1c95937a32834a7439503a7741591af97a88b9fb5895,2,NOV-006369,NOVO,01_Assets_Organizados/UI/items/sprung_trap.webp,2044
DUP-01358,9a779f5bd436bafcc056b3807a51f47c861a4b151df0516cce31d6b257fed8ea,2,TEM-003048,TEMPLATE,public/ui/items/mirebloom_treads.webp,4232
DUP-01358,9a779f5bd436bafcc056b3807a51f47c861a4b151df0516cce31d6b257fed8ea,2,NOV-006375,NOVO,01_Assets_Organizados/UI/items/mirebloom_treads.webp,4232
DUP-01359,81fbd31172004413a2168d014737c7a8db402cb65b28ecae90d7df48726e8bc8,2,TEM-003049,TEMPLATE,public/ui/items/deathless_warguard_legmail.webp,4572
DUP-01359,81fbd31172004413a2168d014737c7a8db402cb65b28ecae90d7df48726e8bc8,2,NOV-006376,NOVO,01_Assets_Organizados/UI/items/deathless_warguard_legmail.webp,4572
DUP-01360,2cf33391a53f076f39496938d9e052dd28190ed8bbb491181353b1d09b39f068,2,TEM-003050,TEMPLATE,public/ui/items/heroic_wyrmcult_soulsteps.webp,4174
DUP-01360,2cf33391a53f076f39496938d9e052dd28190ed8bbb491181353b1d09b39f068,2,NOV-006378,NOVO,01_Assets_Organizados/UI/items/heroic_wyrmcult_soulsteps.webp,4174
DUP-01361,8426b24216a6e3bd0e4f1528afe97ba73f9a377a775022da0f76a42dea6c177b,2,TEM-003051,TEMPLATE,public/ui/items/stormscale_treads.webp,2536
DUP-01361,8426b24216a6e3bd0e4f1528afe97ba73f9a377a775022da0f76a42dea6c177b,2,NOV-006379,NOVO,01_Assets_Organizados/UI/items/stormscale_treads.webp,2536
DUP-01362,ce423a3d14c4d5713df52fd187652c25cd4d5c0123fa04f1503854b945633cb4,2,TEM-003053,TEMPLATE,public/ui/items/stormbound_greaves.webp,4108
DUP-01362,ce423a3d14c4d5713df52fd187652c25cd4d5c0123fa04f1503854b945633cb4,2,NOV-006381,NOVO,01_Assets_Organizados/UI/items/stormbound_greaves.webp,4108
DUP-01363,b2aea0d3c41162a0a97d1efd2803c76cf3b64057d51ccf449a4bc8d4a6d92ede,2,TEM-003056,TEMPLATE,public/ui/items/duskthorn_mantle.webp,3842
DUP-01363,b2aea0d3c41162a0a97d1efd2803c76cf3b64057d51ccf449a4bc8d4a6d92ede,2,NOV-006384,NOVO,01_Assets_Organizados/UI/items/duskthorn_mantle.webp,3842
DUP-01364,5e2b1580db9ebaf3e4eaf4ffe711a044b6a59404eb760203c07b26c7bdb4abed,2,TEM-003057,TEMPLATE,public/ui/items/heroic_boundstone_helm.webp,4496
DUP-01364,5e2b1580db9ebaf3e4eaf4ffe711a044b6a59404eb760203c07b26c7bdb4abed,2,NOV-006386,NOVO,01_Assets_Organizados/UI/items/heroic_boundstone_helm.webp,4496
DUP-01365,df9f6e058ca531c236ab469463e2bac60f81fe69d047807baab323b7c6b2312c,2,TEM-003058,TEMPLATE,public/ui/items/heroic_boundstone_girdle.webp,5096
DUP-01365,df9f6e058ca531c236ab469463e2bac60f81fe69d047807baab323b7c6b2312c,2,NOV-006387,NOVO,01_Assets_Organizados/UI/items/heroic_boundstone_girdle.webp,5096
DUP-01366,fcca2bb30e3bf9b5e46b7a412c1d328d746cfd3c13a7149ebb6e627deca395de,2,TEM-003061,TEMPLATE,public/ui/items/fenway_mooring_line.webp,2244
DUP-01366,fcca2bb30e3bf9b5e46b7a412c1d328d746cfd3c13a7149ebb6e627deca395de,2,NOV-006390,NOVO,01_Assets_Organizados/UI/items/fenway_mooring_line.webp,2244
DUP-01367,9891511c934066c492889f63e0dbbb0dd0f3b00d0fd6d974de913970ea863526,2,TEM-003062,TEMPLATE,public/ui/items/duskhide_wraps.webp,3658
DUP-01367,9891511c934066c492889f63e0dbbb0dd0f3b00d0fd6d974de913970ea863526,2,NOV-006391,NOVO,01_Assets_Organizados/UI/items/duskhide_wraps.webp,3658
DUP-01368,f110cdf990eb368e96a5fbbf486cb5e1ea4e48b2bfd9416872ba1dccf0bf43c6,2,TEM-003064,TEMPLATE,public/ui/items/arcane_essence.webp,1260
DUP-01368,f110cdf990eb368e96a5fbbf486cb5e1ea4e48b2bfd9416872ba1dccf0bf43c6,2,NOV-006393,NOVO,01_Assets_Organizados/UI/items/arcane_essence.webp,1260
DUP-01369,3e6a5304b1b759b0f9ad4810014a7bc98d120d6fb73c28b0da6f32e651e2a605,2,TEM-003065,TEMPLATE,public/ui/items/sunbone_oracles_crown.webp,3058
DUP-01369,3e6a5304b1b759b0f9ad4810014a7bc98d120d6fb73c28b0da6f32e651e2a605,2,NOV-006394,NOVO,01_Assets_Organizados/UI/items/sunbone_oracles_crown.webp,3058
DUP-01370,c954072b6c319da4881043ecda5e33a530c1173f7500307b5e569ba41d541292,2,TEM-003066,TEMPLATE,public/ui/items/final_oath_medallion.webp,4704
DUP-01370,c954072b6c319da4881043ecda5e33a530c1173f7500307b5e569ba41d541292,2,NOV-006395,NOVO,01_Assets_Organizados/UI/items/final_oath_medallion.webp,4704
DUP-01371,ffda84a0c4b3d2f288ab92ef635c0c546931ced2c94da0d0165ffb06f37141ea,2,TEM-003068,TEMPLATE,public/ui/items/heart_of_the_rift.webp,2858
DUP-01371,ffda84a0c4b3d2f288ab92ef635c0c546931ced2c94da0d0165ffb06f37141ea,2,NOV-006399,NOVO,01_Assets_Organizados/UI/items/heart_of_the_rift.webp,2858
DUP-01372,d868355cd20cb8741c5027c3f01dea19b95a2039fa5c0f99f8f10ae9337a02ae,2,TEM-003069,TEMPLATE,public/ui/items/restless_skull.webp,1934
DUP-01372,d868355cd20cb8741c5027c3f01dea19b95a2039fa5c0f99f8f10ae9337a02ae,2,NOV-006400,NOVO,01_Assets_Organizados/UI/items/restless_skull.webp,1934
DUP-01373,3d07b3f91d76101ee2b680897740b8a15098bfb2722114219a94a788e660fd60,2,TEM-003071,TEMPLATE,public/ui/items/litany_legs.webp,3158
DUP-01373,3d07b3f91d76101ee2b680897740b8a15098bfb2722114219a94a788e660fd60,2,NOV-006404,NOVO,01_Assets_Organizados/UI/items/litany_legs.webp,3158
DUP-01374,04ae4e0624a3754ba59c3fb2690068580ff4da53382ac7cf67fca659500bea50,2,TEM-003073,TEMPLATE,public/ui/items/gravescale_girdle.webp,4712
DUP-01374,04ae4e0624a3754ba59c3fb2690068580ff4da53382ac7cf67fca659500bea50,2,NOV-006406,NOVO,01_Assets_Organizados/UI/items/gravescale_girdle.webp,4712
DUP-01375,e032a31aafb811844d50909ed3e773183b9f7109a4033dd8739311f260f1f9c1,2,TEM-003075,TEMPLATE,public/ui/items/gleaming_antler.webp,1926
DUP-01375,e032a31aafb811844d50909ed3e773183b9f7109a4033dd8739311f260f1f9c1,2,NOV-006408,NOVO,01_Assets_Organizados/UI/items/gleaming_antler.webp,1926
DUP-01376,7b054b098a3ab83a6f4bda83aaa9d52c09d2563d74a97861254ec650776d1209,2,TEM-003076,TEMPLATE,public/ui/items/bloodmane_warleggings.webp,1896
DUP-01376,7b054b098a3ab83a6f4bda83aaa9d52c09d2563d74a97861254ec650776d1209,2,NOV-006409,NOVO,01_Assets_Organizados/UI/items/bloodmane_warleggings.webp,1896
DUP-01377,a0e639d12dec8dc1a1b8bf33d52f48f01fa1a67fde651ceed0739e14c725a94c,2,TEM-003077,TEMPLATE,public/ui/items/mistforged_pauldrons.webp,5200
DUP-01377,a0e639d12dec8dc1a1b8bf33d52f48f01fa1a67fde651ceed0739e14c725a94c,2,NOV-006410,NOVO,01_Assets_Organizados/UI/items/mistforged_pauldrons.webp,5200
DUP-01378,90894123a975ff7e3fcba7b5ab3c13d5e4fbfb2434eb57c29b9028315294c131,2,TEM-003079,TEMPLATE,public/ui/items/pristine_hide.webp,2284
DUP-01378,90894123a975ff7e3fcba7b5ab3c13d5e4fbfb2434eb57c29b9028315294c131,2,NOV-006413,NOVO,01_Assets_Organizados/UI/items/pristine_hide.webp,2284
DUP-01379,1fd2b8ed6e85bc5b2ccca8e3ac31fed5b1842046d37c4a8c634d109660a9b640,2,TEM-003080,TEMPLATE,public/ui/items/heroic_bonewrought_bulwark.webp,4650
DUP-01379,1fd2b8ed6e85bc5b2ccca8e3ac31fed5b1842046d37c4a8c634d109660a9b640,2,NOV-006414,NOVO,01_Assets_Organizados/UI/items/heroic_bonewrought_bulwark.webp,4650
DUP-01380,08d34d9f16e273a96ccc084739bfb8a1af0caf41ae853a4e90f87325bcdf8a91,2,TEM-003082,TEMPLATE,public/ui/items/verdant_heart_vestment.webp,3070
DUP-01380,08d34d9f16e273a96ccc084739bfb8a1af0caf41ae853a4e90f87325bcdf8a91,2,NOV-006417,NOVO,01_Assets_Organizados/UI/items/verdant_heart_vestment.webp,3070
DUP-01381,e18db4668daf75b3d7feee1d4d1b1a262c0f13815c7fd8a673a1c6c0bb782cfd,2,TEM-003083,TEMPLATE,public/ui/items/heroic_wyrmshadow_legguards.webp,3644
DUP-01381,e18db4668daf75b3d7feee1d4d1b1a262c0f13815c7fd8a673a1c6c0bb782cfd,2,NOV-006418,NOVO,01_Assets_Organizados/UI/items/heroic_wyrmshadow_legguards.webp,3644
DUP-01382,59eb6812748757e4137cf9c19fcd9e7a72c187d9bb5f9006d62dda5ae93c9c9a,2,TEM-003084,TEMPLATE,public/ui/items/rusted_censer.webp,3972
DUP-01382,59eb6812748757e4137cf9c19fcd9e7a72c187d9bb5f9006d62dda5ae93c9c9a,2,NOV-006420,NOVO,01_Assets_Organizados/UI/items/rusted_censer.webp,3972
DUP-01383,c5706f2f05c40819e05622871f1138f57305cbafb28b43ec8f13cb824f1cfdeb,2,TEM-003085,TEMPLATE,public/ui/items/homespun_mitts.webp,3526
DUP-01383,c5706f2f05c40819e05622871f1138f57305cbafb28b43ec8f13cb824f1cfdeb,2,NOV-006422,NOVO,01_Assets_Organizados/UI/items/homespun_mitts.webp,3526
DUP-01384,b03722794b6e6bab9b22351b234c6ee5987d36a6b2891513b178abf974c214ff,2,TEM-003087,TEMPLATE,public/ui/items/thoriumscale_greathelm.webp,3336
DUP-01384,b03722794b6e6bab9b22351b234c6ee5987d36a6b2891513b178abf974c214ff,2,NOV-006425,NOVO,01_Assets_Organizados/UI/items/thoriumscale_greathelm.webp,3336
DUP-01385,1e785386e00146889867cd34d6c1390b40feced041acbab145ca9c78132c0a2c,2,TEM-003088,TEMPLATE,public/ui/items/conjured_water4.webp,4372
DUP-01385,1e785386e00146889867cd34d6c1390b40feced041acbab145ca9c78132c0a2c,2,NOV-006427,NOVO,01_Assets_Organizados/UI/items/conjured_water4.webp,4372
DUP-01386,fc8c537874bc3fad11a717b17a371d58439eed8768602645091bc04961c233d3,2,TEM-003090,TEMPLATE,public/ui/items/ashwood_log.webp,1926
DUP-01386,fc8c537874bc3fad11a717b17a371d58439eed8768602645091bc04961c233d3,2,NOV-006429,NOVO,01_Assets_Organizados/UI/items/ashwood_log.webp,1926
DUP-01387,241fd8531e2c428e8ebe9bdbd15c97255e53259e4fd795c87d1193b3f0498691,2,TEM-003091,TEMPLATE,public/ui/items/soulforged_warplate.webp,5974
DUP-01387,241fd8531e2c428e8ebe9bdbd15c97255e53259e4fd795c87d1193b3f0498691,2,NOV-006430,NOVO,01_Assets_Organizados/UI/items/soulforged_warplate.webp,5974
DUP-01388,562a96c48e76b81e46a36bee342fbed955403af2fb3d43db9879e9d1b8f9f067,2,TEM-003092,TEMPLATE,public/ui/items/herbed_marsh_pike.webp,4390
DUP-01388,562a96c48e76b81e46a36bee342fbed955403af2fb3d43db9879e9d1b8f9f067,2,NOV-006431,NOVO,01_Assets_Organizados/UI/items/herbed_marsh_pike.webp,4390
DUP-01389,88e824f4fe25a0d6671f5675c01335844ac171030150d9b63fec11925d624a82,2,TEM-003093,TEMPLATE,public/ui/items/sunweave_treads.webp,2738
DUP-01389,88e824f4fe25a0d6671f5675c01335844ac171030150d9b63fec11925d624a82,2,NOV-006432,NOVO,01_Assets_Organizados/UI/items/sunweave_treads.webp,2738
DUP-01390,36de819c50faf4ea29d77c4baf1fd0c709772f8b4e74ae65cda62d5d5f7de417,2,TEM-003094,TEMPLATE,public/ui/items/heroic_eelscale_leggings.webp,3834
DUP-01390,36de819c50faf4ea29d77c4baf1fd0c709772f8b4e74ae65cda62d5d5f7de417,2,NOV-006433,NOVO,01_Assets_Organizados/UI/items/heroic_eelscale_leggings.webp,3834
DUP-01391,4fa390e8bf535459cdde64c66eb4097f66b504a4bc2d89ec7f99d925f82f4cde,2,TEM-003095,TEMPLATE,public/ui/items/heroic_wildgrowth_leggings.webp,4392
DUP-01391,4fa390e8bf535459cdde64c66eb4097f66b504a4bc2d89ec7f99d925f82f4cde,2,NOV-006434,NOVO,01_Assets_Organizados/UI/items/heroic_wildgrowth_leggings.webp,4392
DUP-01392,0608b25d5344ea93d9514ce1c2ccd135d1bfa940d40163fc9b79c3cc0e5624c9,2,TEM-003097,TEMPLATE,public/ui/items/meltwater_flask.webp,4168
DUP-01392,0608b25d5344ea93d9514ce1c2ccd135d1bfa940d40163fc9b79c3cc0e5624c9,2,NOV-006436,NOVO,01_Assets_Organizados/UI/items/meltwater_flask.webp,4168
DUP-01393,3b9e58894eb318ea2f1e438ca74b9424fcaa53af32a20e5507492c1b6f9fa999,2,TEM-003098,TEMPLATE,public/ui/items/sanctum_prowlers_grips.webp,4954
DUP-01393,3b9e58894eb318ea2f1e438ca74b9424fcaa53af32a20e5507492c1b6f9fa999,2,NOV-006438,NOVO,01_Assets_Organizados/UI/items/sanctum_prowlers_grips.webp,4954
DUP-01394,0a481a200a741b4fb6dca53b90411b9e680cc9977525736790616a1bb835f503,2,TEM-003099,TEMPLATE,public/ui/items/wickspun_treads.webp,2426
DUP-01394,0a481a200a741b4fb6dca53b90411b9e680cc9977525736790616a1bb835f503,2,NOV-006439,NOVO,01_Assets_Organizados/UI/items/wickspun_treads.webp,2426
DUP-01395,b725698e5b73c69a247bdeeff43370e6bb57a4c36f1199d58061e3197d0cca1e,2,TEM-003101,TEMPLATE,public/ui/items/eastbrook_warded_leggings.webp,3350
DUP-01395,b725698e5b73c69a247bdeeff43370e6bb57a4c36f1199d58061e3197d0cca1e,2,NOV-006441,NOVO,01_Assets_Organizados/UI/items/eastbrook_warded_leggings.webp,3350
DUP-01396,dc8fbdfc0bda3b6545ceddb14e1d6ae4aa5a8b27970d42f0ed6635902de3259f,2,TEM-003103,TEMPLATE,public/ui/items/heroic_selthes_seastriders.webp,4944
DUP-01396,dc8fbdfc0bda3b6545ceddb14e1d6ae4aa5a8b27970d42f0ed6635902de3259f,2,NOV-006443,NOVO,01_Assets_Organizados/UI/items/heroic_selthes_seastriders.webp,4944
DUP-01397,fe7c955d04b35e72a322b606992abef0bf20e92bbbdf8f8d65c9b97ce22d9f2f,2,TEM-003104,TEMPLATE,public/ui/items/highwatch_wallshield.webp,3696
DUP-01397,fe7c955d04b35e72a322b606992abef0bf20e92bbbdf8f8d65c9b97ce22d9f2f,2,NOV-006444,NOVO,01_Assets_Organizados/UI/items/highwatch_wallshield.webp,3696
DUP-01398,b3daeb443cff15602418f4102f8fa53f90d95cb0c89fec0327d11fb4e8805c98,2,TEM-003105,TEMPLATE,public/ui/items/tidebound_spaulders.webp,3060
DUP-01398,b3daeb443cff15602418f4102f8fa53f90d95cb0c89fec0327d11fb4e8805c98,2,NOV-006446,NOVO,01_Assets_Organizados/UI/items/tidebound_spaulders.webp,3060
DUP-01399,ab6c9b13676bc42b6c1f33c1af9bb45619f1268dccf63de6ce7d11758f3ea4f2,2,TEM-003106,TEMPLATE,public/ui/items/monument_north.webp,2248
DUP-01399,ab6c9b13676bc42b6c1f33c1af9bb45619f1268dccf63de6ce7d11758f3ea4f2,2,NOV-006447,NOVO,01_Assets_Organizados/UI/items/monument_north.webp,2248
DUP-01400,20a5ef4cba8a5d94b5a15a4d5ac623d0be9492d27856338a9ff116589c3db528,2,TEM-003109,TEMPLATE,public/ui/items/stormbound_legmail.webp,3338
DUP-01400,20a5ef4cba8a5d94b5a15a4d5ac623d0be9492d27856338a9ff116589c3db528,2,NOV-006450,NOVO,01_Assets_Organizados/UI/items/stormbound_legmail.webp,3338
DUP-01401,a4fca8a8cf6378e3a71ed91c79f0ebca9d84cde81b71613ef31abac4b40739a2,2,TEM-003111,TEMPLATE,public/ui/items/ironbark_log.webp,2440
DUP-01401,a4fca8a8cf6378e3a71ed91c79f0ebca9d84cde81b71613ef31abac4b40739a2,2,NOV-006454,NOVO,01_Assets_Organizados/UI/items/ironbark_log.webp,2440
DUP-01402,dff8ea740a3e3db80f0443c5e7a136e1bfed3ff6abce10e7a1d0bf3abc329fe8,2,TEM-003112,TEMPLATE,public/ui/items/widow_silk_hood.webp,2904
DUP-01402,dff8ea740a3e3db80f0443c5e7a136e1bfed3ff6abce10e7a1d0bf3abc329fe8,2,NOV-006455,NOVO,01_Assets_Organizados/UI/items/widow_silk_hood.webp,2904
DUP-01403,81092410a0dc5fa63034c54a21f0611a070de7e1e5f1ad2dd6835294c4fc9ee5,2,TEM-003113,TEMPLATE,public/ui/items/thorium_mining_pick.webp,4488
DUP-01403,81092410a0dc5fa63034c54a21f0611a070de7e1e5f1ad2dd6835294c4fc9ee5,2,NOV-006456,NOVO,01_Assets_Organizados/UI/items/thorium_mining_pick.webp,4488
DUP-01404,f13b5fddb36216e77a181fdcc9b2fdab223b428b30caf79746de0ef8407d98b7,2,TEM-003114,TEMPLATE,public/ui/items/emberforge_gauntlets.webp,3138
DUP-01404,f13b5fddb36216e77a181fdcc9b2fdab223b428b30caf79746de0ef8407d98b7,2,NOV-006457,NOVO,01_Assets_Organizados/UI/items/emberforge_gauntlets.webp,3138
DUP-01405,0a7acb98cbf3929de32ac0e8b2ee4ad19f1c180603cc036ee5bbfd17e8cbe8d5,2,TEM-003117,TEMPLATE,public/ui/items/elixir_of_the_boar.webp,4354
DUP-01405,0a7acb98cbf3929de32ac0e8b2ee4ad19f1c180603cc036ee5bbfd17e8cbe8d5,2,NOV-006462,NOVO,01_Assets_Organizados/UI/items/elixir_of_the_boar.webp,4354
DUP-01406,a66bc5e5c545d90304ecd03ed59a7cd8470041adbdc009269c092f2dcc8b0f3f,2,TEM-003118,TEMPLATE,public/ui/items/saltforged_grips.webp,2272
DUP-01406,a66bc5e5c545d90304ecd03ed59a7cd8470041adbdc009269c092f2dcc8b0f3f,2,NOV-006463,NOVO,01_Assets_Organizados/UI/items/saltforged_grips.webp,2272
DUP-01407,cccf8661e1d179f69dc0ddfb5ab2a7a7c8d3c880165357f9c60703ca04bbda0a,2,TEM-003119,TEMPLATE,public/ui/items/oath_of_the_round_table.webp,5662
DUP-01407,cccf8661e1d179f69dc0ddfb5ab2a7a7c8d3c880165357f9c60703ca04bbda0a,2,NOV-006464,NOVO,01_Assets_Organizados/UI/items/oath_of_the_round_table.webp,5662
DUP-01408,7d4e6ca993ad7a6920f3a9aa88fc2ccc172f4bb6733b336affe1fb89444a7db2,2,TEM-003120,TEMPLATE,public/ui/items/goldleaf_herb.webp,2682
DUP-01408,7d4e6ca993ad7a6920f3a9aa88fc2ccc172f4bb6733b336affe1fb89444a7db2,2,NOV-006465,NOVO,01_Assets_Organizados/UI/items/goldleaf_herb.webp,2682
DUP-01409,eaece040e03cb66bf7fbb78d618593be65c8b0d62e46d0cbfa2b2420b1dbdff5,2,TEM-003121,TEMPLATE,public/ui/items/ashstalker_treads.webp,3886
DUP-01409,eaece040e03cb66bf7fbb78d618593be65c8b0d62e46d0cbfa2b2420b1dbdff5,2,NOV-006466,NOVO,01_Assets_Organizados/UI/items/ashstalker_treads.webp,3886
DUP-01410,e53523d80ec46910867888e21c40040d0f85cc8dc1baeb20482993722ee494a0,2,TEM-003122,TEMPLATE,public/ui/items/abyssal_loop.webp,3074
DUP-01410,e53523d80ec46910867888e21c40040d0f85cc8dc1baeb20482993722ee494a0,2,NOV-006467,NOVO,01_Assets_Organizados/UI/items/abyssal_loop.webp,3074
DUP-01411,318dc3dc7b41bb9fc868a1221b91b9f53f550566601ea35f8124546c54d62bd9,2,TEM-003124,TEMPLATE,public/ui/items/fine_thorium_ore.webp,2502
DUP-01411,318dc3dc7b41bb9fc868a1221b91b9f53f550566601ea35f8124546c54d62bd9,2,NOV-006470,NOVO,01_Assets_Organizados/UI/items/fine_thorium_ore.webp,2502
DUP-01412,931effdef2f2b8c548e040158947f691be0b325f90dfd8c43c11ec4b019db2f8,2,TEM-003125,TEMPLATE,public/ui/items/vineclaw_stalking_breeches.webp,1978
DUP-01412,931effdef2f2b8c548e040158947f691be0b325f90dfd8c43c11ec4b019db2f8,2,NOV-006471,NOVO,01_Assets_Organizados/UI/items/vineclaw_stalking_breeches.webp,1978
DUP-01413,b855bf7fe2ffe026b26351aa6d8643e18cb8d0fadd5e07d0ff53c51941994bab,2,TEM-003128,TEMPLATE,public/ui/items/monument_court.webp,2950
DUP-01413,b855bf7fe2ffe026b26351aa6d8643e18cb8d0fadd5e07d0ff53c51941994bab,2,NOV-006474,NOVO,01_Assets_Organizados/UI/items/monument_court.webp,2950
DUP-01414,0c8adefdce6cd132044f8c44d160ffe0220f53695a88390442b884b87016e90b,2,TEM-003131,TEMPLATE,public/ui/items/lunarward_cinch.webp,4796
DUP-01414,0c8adefdce6cd132044f8c44d160ffe0220f53695a88390442b884b87016e90b,2,NOV-006477,NOVO,01_Assets_Organizados/UI/items/lunarward_cinch.webp,4796
DUP-01415,c36b80f30064bebdd72da7ef663e44aa76081bcf933acf62efb5a565b1a19712,2,TEM-003132,TEMPLATE,public/ui/items/shardsong_mantle.webp,4730
DUP-01415,c36b80f30064bebdd72da7ef663e44aa76081bcf933acf62efb5a565b1a19712,2,NOV-006478,NOVO,01_Assets_Organizados/UI/items/shardsong_mantle.webp,4730
DUP-01416,a20966f797bd267b0561cc1ecffee7c59793faa647abaec8623987df6cfaa1b6,2,TEM-003133,TEMPLATE,public/ui/items/bonechill_striders.webp,5500
DUP-01416,a20966f797bd267b0561cc1ecffee7c59793faa647abaec8623987df6cfaa1b6,2,NOV-006479,NOVO,01_Assets_Organizados/UI/items/bonechill_striders.webp,5500
DUP-01417,3591f4e6304cc1ce5f82324db311b5db51ef9b91ab8fc9da1d88a03488321e6b,2,TEM-003134,TEMPLATE,public/ui/items/ashbone_war_brand.webp,1772
DUP-01417,3591f4e6304cc1ce5f82324db311b5db51ef9b91ab8fc9da1d88a03488321e6b,2,NOV-006480,NOVO,01_Assets_Organizados/UI/items/ashbone_war_brand.webp,1772
DUP-01418,50b67d6c247542c15d3f8d7d783090fa004c6b48cd6b8703bbe2d1f25b29fef2,2,TEM-003135,TEMPLATE,public/ui/items/elder_bark.webp,2050
DUP-01418,50b67d6c247542c15d3f8d7d783090fa004c6b48cd6b8703bbe2d1f25b29fef2,2,NOV-006481,NOVO,01_Assets_Organizados/UI/items/elder_bark.webp,2050
DUP-01419,cf4ddcb244d3aee30c2b83ddf7f43c43f1c3c3859a683a39686dcd7f1fc3c21b,2,TEM-003136,TEMPLATE,public/ui/items/elderwood_log.webp,2676
DUP-01419,cf4ddcb244d3aee30c2b83ddf7f43c43f1c3c3859a683a39686dcd7f1fc3c21b,2,NOV-006483,NOVO,01_Assets_Organizados/UI/items/elderwood_log.webp,2676
DUP-01420,10a5fb108c9cd2a117febca4a0fc0e752a3c20288e2fee4422e367056276dd54,2,TEM-003138,TEMPLATE,public/ui/items/duskwisp_essence.webp,1196
DUP-01420,10a5fb108c9cd2a117febca4a0fc0e752a3c20288e2fee4422e367056276dd54,2,NOV-006485,NOVO,01_Assets_Organizados/UI/items/duskwisp_essence.webp,1196
DUP-01421,e3361492e5e3f199f4e3cada38e560558dc911e30382fe790bb27c86c6626c97,2,TEM-003142,TEMPLATE,public/ui/items/bonelord_mantle.webp,2954
DUP-01421,e3361492e5e3f199f4e3cada38e560558dc911e30382fe790bb27c86c6626c97,2,NOV-006492,NOVO,01_Assets_Organizados/UI/items/bonelord_mantle.webp,2954
DUP-01422,593a7a36407af3ae09d3a24db1ab8b8d171fd5a6cb81c1d8d0e8395825498ad2,2,TEM-003144,TEMPLATE,public/ui/items/stormbark_mantle.webp,3444
DUP-01422,593a7a36407af3ae09d3a24db1ab8b8d171fd5a6cb81c1d8d0e8395825498ad2,2,NOV-006494,NOVO,01_Assets_Organizados/UI/items/stormbark_mantle.webp,3444
DUP-01423,74d4f5dc7961fcad3273286a8e41fe893453335b1cc342806aac908e466053fe,2,TEM-003145,TEMPLATE,public/ui/items/moonbark_vestments.webp,5166
DUP-01423,74d4f5dc7961fcad3273286a8e41fe893453335b1cc342806aac908e466053fe,2,NOV-006495,NOVO,01_Assets_Organizados/UI/items/moonbark_vestments.webp,5166
DUP-01424,bc875b43639714f4142f7d26489fc06c148abb49717360a832208137e7d1b2ee,2,TEM-003147,TEMPLATE,public/ui/items/cinderweave_slippers.webp,3528
DUP-01424,bc875b43639714f4142f7d26489fc06c148abb49717360a832208137e7d1b2ee,2,NOV-006497,NOVO,01_Assets_Organizados/UI/items/cinderweave_slippers.webp,3528
DUP-01425,ded75f4b7fe8c80c4d229c9337c23ea9e0343d49f2c33aa6c9c1f59fcd03fe63,2,TEM-003149,TEMPLATE,public/ui/items/bristlehide_spaulders.webp,4204
DUP-01425,ded75f4b7fe8c80c4d229c9337c23ea9e0343d49f2c33aa6c9c1f59fcd03fe63,2,NOV-006500,NOVO,01_Assets_Organizados/UI/items/bristlehide_spaulders.webp,4204
DUP-01426,3fc0062399db35299e89a43b5e4b9ff84d90cb93cec14043517cc2d3f5cdd2b3,2,TEM-003150,TEMPLATE,public/ui/items/moonfleece_mitts.webp,2656
DUP-01426,3fc0062399db35299e89a43b5e4b9ff84d90cb93cec14043517cc2d3f5cdd2b3,2,NOV-006501,NOVO,01_Assets_Organizados/UI/items/moonfleece_mitts.webp,2656
DUP-01427,4c458cf3667f8934567569d0625b92e6511c797c5bbca2239f4628131127c30b,2,TEM-003152,TEMPLATE,public/ui/items/iron_ore.webp,2454
DUP-01427,4c458cf3667f8934567569d0625b92e6511c797c5bbca2239f4628131127c30b,2,NOV-006503,NOVO,01_Assets_Organizados/UI/items/iron_ore.webp,2454
DUP-01428,013c2b3230c2e5d41e239ab790b91e1d8b4dcecda51a8620eeb899ca25800ab1,2,TEM-003153,TEMPLATE,public/ui/items/last_step_signet.webp,4340
DUP-01428,013c2b3230c2e5d41e239ab790b91e1d8b4dcecda51a8620eeb899ca25800ab1,2,NOV-006504,NOVO,01_Assets_Organizados/UI/items/last_step_signet.webp,4340
DUP-01429,265e0187e69dc34e658bcfd21114a6a3dcf1e4bb25801098d0b5951ce0bafde5,2,TEM-003154,TEMPLATE,public/ui/items/mirewarden_jerkin.webp,4516
DUP-01429,265e0187e69dc34e658bcfd21114a6a3dcf1e4bb25801098d0b5951ce0bafde5,2,NOV-006505,NOVO,01_Assets_Organizados/UI/items/mirewarden_jerkin.webp,4516
DUP-01430,39325597cda272b53fcbe36d33c83cb6823fd93b6e3ed2daf11958a4a0a9a539,2,TEM-003157,TEMPLATE,public/ui/items/peaksong_helm.webp,4730
DUP-01430,39325597cda272b53fcbe36d33c83cb6823fd93b6e3ed2daf11958a4a0a9a539,2,NOV-006509,NOVO,01_Assets_Organizados/UI/items/peaksong_helm.webp,4730
DUP-01431,3409eafe69dcaaa6bfc8e5599fd2a5470cb8b0c8ea80efea89708a9343d01703,2,TEM-003160,TEMPLATE,public/ui/items/stormroot_cowl.webp,2776
DUP-01431,3409eafe69dcaaa6bfc8e5599fd2a5470cb8b0c8ea80efea89708a9343d01703,2,NOV-006513,NOVO,01_Assets_Organizados/UI/items/stormroot_cowl.webp,2776
DUP-01432,403fbca149e565c5dcd7f24ca56e67e2e44d2ebd11305bf8b2f8453643ed4bc8,2,TEM-003163,TEMPLATE,public/ui/items/siltstep_leggings.webp,4204
DUP-01432,403fbca149e565c5dcd7f24ca56e67e2e44d2ebd11305bf8b2f8453643ed4bc8,2,NOV-006516,NOVO,01_Assets_Organizados/UI/items/siltstep_leggings.webp,4204
DUP-01433,5d59e40d8bf16c5511bfb5415657e7b178795872a1273488a722624af4a597c8,2,TEM-003165,TEMPLATE,public/ui/items/ashstalker_cowl.webp,3966
DUP-01433,5d59e40d8bf16c5511bfb5415657e7b178795872a1273488a722624af4a597c8,2,NOV-006519,NOVO,01_Assets_Organizados/UI/items/ashstalker_cowl.webp,3966
DUP-01434,652e786fad79fbe61b56a37f8d4c0071dd47ef4613583c99936c30f517436317,2,TEM-003167,TEMPLATE,public/ui/items/arcane_shard.webp,1812
DUP-01434,652e786fad79fbe61b56a37f8d4c0071dd47ef4613583c99936c30f517436317,2,NOV-006521,NOVO,01_Assets_Organizados/UI/items/arcane_shard.webp,1812
DUP-01435,d3b10d72c3cb18cdfc518278da77d4575d3e627fc2c106af16e39b9cbabf35ac,2,TEM-003168,TEMPLATE,public/ui/items/cooking_salt.webp,1842
DUP-01435,d3b10d72c3cb18cdfc518278da77d4575d3e627fc2c106af16e39b9cbabf35ac,2,NOV-006522,NOVO,01_Assets_Organizados/UI/items/cooking_salt.webp,1842
DUP-01436,50842add1fba62e21fcf48fdbf9265b527f8d4e9754ea5cd853373575b2e4f5c,2,TEM-003169,TEMPLATE,public/ui/items/fine_ashwood_log.webp,1524
DUP-01436,50842add1fba62e21fcf48fdbf9265b527f8d4e9754ea5cd853373575b2e4f5c,2,NOV-006523,NOVO,01_Assets_Organizados/UI/items/fine_ashwood_log.webp,1524
DUP-01437,db9c1232ac7bf51d86bd570bba2063f89e48e76c6f0c266b177a3b5c52b1d8d9,2,TEM-003170,TEMPLATE,public/ui/items/fine_copper_ore.webp,3068
DUP-01437,db9c1232ac7bf51d86bd570bba2063f89e48e76c6f0c266b177a3b5c52b1d8d9,2,NOV-006524,NOVO,01_Assets_Organizados/UI/items/fine_copper_ore.webp,3068
DUP-01438,6b8c4d242c365521c34abc47dd557c37662843c659af899ce44620d9806c10a8,2,TEM-003171,TEMPLATE,public/ui/items/riding_training.webp,3808
DUP-01438,6b8c4d242c365521c34abc47dd557c37662843c659af899ce44620d9806c10a8,2,NOV-006525,NOVO,01_Assets_Organizados/UI/items/riding_training.webp,3808
DUP-01439,167f67b178380193c741aee2cf0566c030592d2ab28cfa05078be169fda52549,2,TEM-003172,TEMPLATE,public/ui/items/bridgemere_toll_chest.webp,2236
DUP-01439,167f67b178380193c741aee2cf0566c030592d2ab28cfa05078be169fda52549,2,NOV-006526,NOVO,01_Assets_Organizados/UI/items/bridgemere_toll_chest.webp,2236
DUP-01440,643559b1cfba7647216ab233350983ddf112740884caa0621d042f1fb0860d38,2,TEM-003173,TEMPLATE,public/ui/items/heroic_deathlords_dread_visage.webp,4194
DUP-01440,643559b1cfba7647216ab233350983ddf112740884caa0621d042f1fb0860d38,2,NOV-006527,NOVO,01_Assets_Organizados/UI/items/heroic_deathlords_dread_visage.webp,4194
DUP-01441,487eeb4bce8338c6e5b4eacdb38bfeb54a6ae321c881ef189ed4f6223af0d621,2,TEM-003174,TEMPLATE,public/ui/items/travelers_knapsack.webp,3504
DUP-01441,487eeb4bce8338c6e5b4eacdb38bfeb54a6ae321c881ef189ed4f6223af0d621,2,NOV-006528,NOVO,01_Assets_Organizados/UI/items/travelers_knapsack.webp,3504
DUP-01442,c78aa9bebe7d77603e2e2dbd20ff92e567d3380782c231962f0c43772fbc379f,2,TEM-003178,TEMPLATE,public/ui/items/wisp_mote.webp,1838
DUP-01442,c78aa9bebe7d77603e2e2dbd20ff92e567d3380782c231962f0c43772fbc379f,2,NOV-006533,NOVO,01_Assets_Organizados/UI/items/wisp_mote.webp,1838
DUP-01443,bc3260508f7c8b5138069bd58f56b11cbeb85311eab27677702209d3287baf0e,2,TEM-003179,TEMPLATE,public/ui/items/arcanite_bar.webp,1910
DUP-01443,bc3260508f7c8b5138069bd58f56b11cbeb85311eab27677702209d3287baf0e,2,NOV-006534,NOVO,01_Assets_Organizados/UI/items/arcanite_bar.webp,1910
DUP-01444,d08b5cd8e359c014ff488fd1d9cbd53e513c14267150cf1cf0d871722aa2e750,2,TEM-003181,TEMPLATE,public/ui/items/riftbound_band_of_insight.webp,1902
DUP-01444,d08b5cd8e359c014ff488fd1d9cbd53e513c14267150cf1cf0d871722aa2e750,2,NOV-006536,NOVO,01_Assets_Organizados/UI/items/riftbound_band_of_insight.webp,1902
DUP-01445,7f065d20eaf394dcbc9993ed7c62b4def5f41afc4415bf35c8ccf2a4adfad898,2,TEM-003184,TEMPLATE,public/ui/items/architects_cornerstone.webp,5166
DUP-01445,7f065d20eaf394dcbc9993ed7c62b4def5f41afc4415bf35c8ccf2a4adfad898,2,NOV-006540,NOVO,01_Assets_Organizados/UI/items/architects_cornerstone.webp,5166
DUP-01446,ecb0fe1be68918f0cef51c5c51fad7dfd1133b2c1bdcaa91e7492aeac7455de5,2,TEM-003185,TEMPLATE,public/ui/items/ashstalker_grips.webp,3882
DUP-01446,ecb0fe1be68918f0cef51c5c51fad7dfd1133b2c1bdcaa91e7492aeac7455de5,2,NOV-006541,NOVO,01_Assets_Organizados/UI/items/ashstalker_grips.webp,3882
DUP-01447,9abd9b03c789fa68bb47a997327c3b050400650c5615143d8509d460246d5921,2,TEM-003187,TEMPLATE,public/ui/items/evergarden_bloom_clipping.webp,2338
DUP-01447,9abd9b03c789fa68bb47a997327c3b050400650c5615143d8509d460246d5921,2,NOV-006543,NOVO,01_Assets_Organizados/UI/items/evergarden_bloom_clipping.webp,2338
DUP-01448,7b66ef0145dd736cb08d7c1064a06671e142e9e442131f16552d3c0dafb04a1b,2,TEM-003188,TEMPLATE,public/ui/items/cinderweave_cord.webp,4518
DUP-01448,7b66ef0145dd736cb08d7c1064a06671e142e9e442131f16552d3c0dafb04a1b,2,NOV-006545,NOVO,01_Assets_Organizados/UI/items/cinderweave_cord.webp,4518
DUP-01449,1da13172bb7cc9421ccc168f6ec2ca5fce852decef9e337034556b7dd580c125,2,TEM-003190,TEMPLATE,public/ui/items/reliquary_shoulder.webp,4368
DUP-01449,1da13172bb7cc9421ccc168f6ec2ca5fce852decef9e337034556b7dd580c125,2,NOV-006547,NOVO,01_Assets_Organizados/UI/items/reliquary_shoulder.webp,4368
DUP-01450,6027d71c9f49c4d4d4cb9c84f4c87159b9fe9a598fc0f4a53b4782e47ab92aec,2,TEM-003191,TEMPLATE,public/ui/items/wardplate_cuirass.webp,2670
DUP-01450,6027d71c9f49c4d4d4cb9c84f4c87159b9fe9a598fc0f4a53b4782e47ab92aec,2,NOV-006548,NOVO,01_Assets_Organizados/UI/items/wardplate_cuirass.webp,2670
DUP-01451,d59d08c62a968b974a17e4558e94d686e3eb589ea3c52a333f02ee7bfd9bdc14,2,TEM-003192,TEMPLATE,public/ui/items/thoriumscale_cuirass.webp,3670
DUP-01451,d59d08c62a968b974a17e4558e94d686e3eb589ea3c52a333f02ee7bfd9bdc14,2,NOV-006549,NOVO,01_Assets_Organizados/UI/items/thoriumscale_cuirass.webp,3670
DUP-01452,4838a57fd21ab5dd7000171e7ac6be65fe300bc9ac17cd8f9ab92948c392dbd9,2,TEM-003193,TEMPLATE,public/ui/items/litany_cloth_chest.webp,4380
DUP-01452,4838a57fd21ab5dd7000171e7ac6be65fe300bc9ac17cd8f9ab92948c392dbd9,2,NOV-006550,NOVO,01_Assets_Organizados/UI/items/litany_cloth_chest.webp,4380
DUP-01453,da8ec326b3b8e21304faae3160b6aa45461e9f07cfabf79258ce873420f568cb,2,TEM-003194,TEMPLATE,public/ui/items/reedstalker_jerkin.webp,4516
DUP-01453,da8ec326b3b8e21304faae3160b6aa45461e9f07cfabf79258ce873420f568cb,2,NOV-006551,NOVO,01_Assets_Organizados/UI/items/reedstalker_jerkin.webp,4516
DUP-01454,1a85ab48249867835dc20fc76c0ebf8845f3eb12649808faf854bf253e9d9c80,2,TEM-003195,TEMPLATE,public/ui/items/last_keep_signet.webp,2684
DUP-01454,1a85ab48249867835dc20fc76c0ebf8845f3eb12649808faf854bf253e9d9c80,2,NOV-006552,NOVO,01_Assets_Organizados/UI/items/last_keep_signet.webp,2684
DUP-01455,2c4d58c9050f1fdfd88b4e3aacbeeb90e4b859709145bee38be3db380685e156,2,TEM-003196,TEMPLATE,public/ui/items/eastbrook_buckler.webp,3286
DUP-01455,2c4d58c9050f1fdfd88b4e3aacbeeb90e4b859709145bee38be3db380685e156,2,NOV-006553,NOVO,01_Assets_Organizados/UI/items/eastbrook_buckler.webp,3286
DUP-01456,6764dd80f5ec90667c53deb6ad2678a08dd8a76ecc1af0b6f7dba255152813bd,2,TEM-003197,TEMPLATE,public/ui/items/reliquary_leather_chest.webp,4820
DUP-01456,6764dd80f5ec90667c53deb6ad2678a08dd8a76ecc1af0b6f7dba255152813bd,2,NOV-006554,NOVO,01_Assets_Organizados/UI/items/reliquary_leather_chest.webp,4820
DUP-01457,2f03a196f23438f8aca29344fe7cea84d6403ccfb13d064025b88d696beba701,2,TEM-003198,TEMPLATE,public/ui/items/smithing_flux.webp,2004
DUP-01457,2f03a196f23438f8aca29344fe7cea84d6403ccfb13d064025b88d696beba701,2,NOV-006555,NOVO,01_Assets_Organizados/UI/items/smithing_flux.webp,2004
DUP-01458,4f7311726f957b16a532893f10e5c7b6d3210bc8b846a97655fbb285b065e0ed,2,TEM-003199,TEMPLATE,public/ui/items/heroic_mark.webp,5060
DUP-01458,4f7311726f957b16a532893f10e5c7b6d3210bc8b846a97655fbb285b065e0ed,2,NOV-006556,NOVO,01_Assets_Organizados/UI/items/heroic_mark.webp,5060
DUP-01459,22a037354df91068f3ab68d2ad9816fedec3d1957f847ec8e74df1154d4b35ef,2,TEM-003201,TEMPLATE,public/ui/items/iron_vow_band.webp,3218
DUP-01459,22a037354df91068f3ab68d2ad9816fedec3d1957f847ec8e74df1154d4b35ef,2,NOV-006558,NOVO,01_Assets_Organizados/UI/items/iron_vow_band.webp,3218
DUP-01460,28d0c846ea5933e07a08802ff2194f9bad0809d1d3c3a1ef022142a19b0e1017,2,TEM-003202,TEMPLATE,public/ui/items/gullhaven_watchbell.webp,2398
DUP-01460,28d0c846ea5933e07a08802ff2194f9bad0809d1d3c3a1ef022142a19b0e1017,2,NOV-006559,NOVO,01_Assets_Organizados/UI/items/gullhaven_watchbell.webp,2398
DUP-01461,03ecb53cfd1a58f6ffcc739cefc40f814e541ef0a299e23422e3aba52fbc57e8,2,TEM-003203,TEMPLATE,public/ui/items/rift_gem_crimson.webp,1724
DUP-01461,03ecb53cfd1a58f6ffcc739cefc40f814e541ef0a299e23422e3aba52fbc57e8,2,NOV-006560,NOVO,01_Assets_Organizados/UI/items/rift_gem_crimson.webp,1724
DUP-01462,82503edd2ca9786925e71e341beb0eff7ebd01b5061a70a769052f8815d75bc1,2,TEM-003205,TEMPLATE,public/ui/items/verdant_walkers.webp,3706
DUP-01462,82503edd2ca9786925e71e341beb0eff7ebd01b5061a70a769052f8815d75bc1,2,NOV-006562,NOVO,01_Assets_Organizados/UI/items/verdant_walkers.webp,3706
DUP-01463,f64de1a0c613acb93e931df63faeb18d069a92c8feb7e1479443c60a4916dd68,2,TEM-003206,TEMPLATE,public/ui/items/marshstalker_hood.webp,4468
DUP-01463,f64de1a0c613acb93e931df63faeb18d069a92c8feb7e1479443c60a4916dd68,2,NOV-006564,NOVO,01_Assets_Organizados/UI/items/marshstalker_hood.webp,4468
DUP-01464,d9059a980b653f1d13518bccd5b108a7c8e3da8e3810daf3f6551ecceb0fc4cf,2,TEM-003207,TEMPLATE,public/ui/items/heroic_verdant_walkers.webp,5130
DUP-01464,d9059a980b653f1d13518bccd5b108a7c8e3da8e3810daf3f6551ecceb0fc4cf,2,NOV-006565,NOVO,01_Assets_Organizados/UI/items/heroic_verdant_walkers.webp,5130
DUP-01465,5622413a417e990f490a329730572b8bacf7e8115a4a1ecda745ee8419836d06,2,TEM-003208,TEMPLATE,public/ui/items/gravewyrm_mantle.webp,4802
DUP-01465,5622413a417e990f490a329730572b8bacf7e8115a4a1ecda745ee8419836d06,2,NOV-006566,NOVO,01_Assets_Organizados/UI/items/gravewyrm_mantle.webp,4802
DUP-01466,4f8f93e6aaa439d6dd201b3a1fdd0ca57a286a8e0d7e324469c146d777d1ff7f,2,TEM-003210,TEMPLATE,public/ui/items/vigil_star_chart.webp,1986
DUP-01466,4f8f93e6aaa439d6dd201b3a1fdd0ca57a286a8e0d7e324469c146d777d1ff7f,2,NOV-006568,NOVO,01_Assets_Organizados/UI/items/vigil_star_chart.webp,1986
DUP-01467,97e93e49b1ca918a011d24de3398aeca2f110cb1bd633bb07aec62a7ed41a788,2,TEM-003211,TEMPLATE,public/ui/items/crownforged_warspaulders.webp,5668
DUP-01467,97e93e49b1ca918a011d24de3398aeca2f110cb1bd633bb07aec62a7ed41a788,2,NOV-006569,NOVO,01_Assets_Organizados/UI/items/crownforged_warspaulders.webp,5668
DUP-01468,ee7e55d3dadf41c11f4276085b3f5350f0a754f732596be687c51af31f63bb98,2,TEM-003213,TEMPLATE,public/ui/items/wisplight_globe.webp,2258
DUP-01468,ee7e55d3dadf41c11f4276085b3f5350f0a754f732596be687c51af31f63bb98,2,NOV-006572,NOVO,01_Assets_Organizados/UI/items/wisplight_globe.webp,2258
DUP-01469,345a2760fc15f5b24937878709d24229ca1a13f96eda16c5ad6871213a3f48e4,2,TEM-003214,TEMPLATE,public/ui/items/cinderweave_raiment.webp,4590
DUP-01469,345a2760fc15f5b24937878709d24229ca1a13f96eda16c5ad6871213a3f48e4,2,NOV-006573,NOVO,01_Assets_Organizados/UI/items/cinderweave_raiment.webp,4590
DUP-01470,1c4b356b671b8e093b12dc1ee5eb73a4c92b32a4103214bf11fdcb9a76e05a16,2,TEM-003215,TEMPLATE,public/ui/items/mirewarden_leggings.webp,3592
DUP-01470,1c4b356b671b8e093b12dc1ee5eb73a4c92b32a4103214bf11fdcb9a76e05a16,2,NOV-006574,NOVO,01_Assets_Organizados/UI/items/mirewarden_leggings.webp,3592
DUP-01471,240c74fd913ccdf509a423aa11a0319013ec6c225a9f522c21bdefdcc1dd0817,2,TEM-003216,TEMPLATE,public/ui/items/fine_iron_ore.webp,2510
DUP-01471,240c74fd913ccdf509a423aa11a0319013ec6c225a9f522c21bdefdcc1dd0817,2,NOV-006575,NOVO,01_Assets_Organizados/UI/items/fine_iron_ore.webp,2510
DUP-01472,98dff124ad3877108a81d951c044f768ef05ac738cbba4ffc57f43fab580b335,2,TEM-003217,TEMPLATE,public/ui/items/marshstalker_spaulders.webp,4342
DUP-01472,98dff124ad3877108a81d951c044f768ef05ac738cbba4ffc57f43fab580b335,2,NOV-006576,NOVO,01_Assets_Organizados/UI/items/marshstalker_spaulders.webp,4342
DUP-01473,afa4bff84596d6837095debf3e38b6894f42fa9e2817b46673c8276f3f3a54da,2,TEM-003218,TEMPLATE,public/ui/items/sunken_idol_mantle.webp,1780
DUP-01473,afa4bff84596d6837095debf3e38b6894f42fa9e2817b46673c8276f3f3a54da,2,NOV-006577,NOVO,01_Assets_Organizados/UI/items/sunken_idol_mantle.webp,1780
DUP-01474,0b2f6e5b1fa42702d142354b1c7e85e3e392861ee0432d90719634ddef69b1dd,2,TEM-003219,TEMPLATE,public/ui/items/marlows_grand_roast.webp,5888
DUP-01474,0b2f6e5b1fa42702d142354b1c7e85e3e392861ee0432d90719634ddef69b1dd,2,NOV-006578,NOVO,01_Assets_Organizados/UI/items/marlows_grand_roast.webp,5888
DUP-01475,43c2d57315459595dfd03b658f540baca535f9208150b5b9ae935f9eecc69a07,2,TEM-003220,TEMPLATE,public/ui/items/wardweave_cowl.webp,2632
DUP-01475,43c2d57315459595dfd03b658f540baca535f9208150b5b9ae935f9eecc69a07,2,NOV-006579,NOVO,01_Assets_Organizados/UI/items/wardweave_cowl.webp,2632
DUP-01476,aa1298dd4a43eec64b3bc2e705e5a41d8fe652ca62779db6f506dcefea92edc0,2,TEM-003221,TEMPLATE,public/ui/items/wyrmwatch_warning_banner.webp,1806
DUP-01476,aa1298dd4a43eec64b3bc2e705e5a41d8fe652ca62779db6f506dcefea92edc0,2,NOV-006580,NOVO,01_Assets_Organizados/UI/items/wyrmwatch_warning_banner.webp,1806
DUP-01477,b78357cfe1f52fb0d9f863a6cb9458c028f7890f0b1c0d5cda59cbd8de494d39,2,TEM-003225,TEMPLATE,public/ui/items/stormbound_handguards.webp,3988
DUP-01477,b78357cfe1f52fb0d9f863a6cb9458c028f7890f0b1c0d5cda59cbd8de494d39,2,NOV-006584,NOVO,01_Assets_Organizados/UI/items/stormbound_handguards.webp,3988
DUP-01478,cb656d44f4dd4dae56f7ae09deb71fc3e635ae4685eeb23e6fdb4c8fbdcbb361,2,TEM-003228,TEMPLATE,public/ui/items/spool_of_thread.webp,2066
DUP-01478,cb656d44f4dd4dae56f7ae09deb71fc3e635ae4685eeb23e6fdb4c8fbdcbb361,2,NOV-006587,NOVO,01_Assets_Organizados/UI/items/spool_of_thread.webp,2066
DUP-01479,18add15903c5db244d184141ee26a35dc371632a4fa134252523a12462d3bf97,2,TEM-003229,TEMPLATE,public/ui/items/zense_meridian.webp,3722
DUP-01479,18add15903c5db244d184141ee26a35dc371632a4fa134252523a12462d3bf97,2,NOV-006588,NOVO,01_Assets_Organizados/UI/items/zense_meridian.webp,3722
DUP-01480,5d52a4e660ee06a155fa21e21adade1bc61e9358555bd2efc93cd2c1394dd6c7,2,TEM-003230,TEMPLATE,public/ui/items/morthens_cryptforged_hauberk.webp,5150
DUP-01480,5d52a4e660ee06a155fa21e21adade1bc61e9358555bd2efc93cd2c1394dd6c7,2,NOV-006589,NOVO,01_Assets_Organizados/UI/items/morthens_cryptforged_hauberk.webp,5150
DUP-01481,9b9049074418431793b8e136e4d212347eb7039e1b9ea9165d4f7ceb563f015c,2,TEM-003231,TEMPLATE,public/ui/items/wildgrove_cinch.webp,2782
DUP-01481,9b9049074418431793b8e136e4d212347eb7039e1b9ea9165d4f7ceb563f015c,2,NOV-006590,NOVO,01_Assets_Organizados/UI/items/wildgrove_cinch.webp,2782
DUP-01482,e7ed9585b2d3dfd5ae03dfbc0c276b20efc835893e29e993ef6e72144ce355bd,2,TEM-003233,TEMPLATE,public/ui/items/graskbreaker_girdle.webp,2280
DUP-01482,e7ed9585b2d3dfd5ae03dfbc0c276b20efc835893e29e993ef6e72144ce355bd,2,NOV-006592,NOVO,01_Assets_Organizados/UI/items/graskbreaker_girdle.webp,2280
DUP-01483,35bbd9baf0f390311a208e3f196ebea28f5ed8eaf9d39756f1832126e7cf23fe,2,TEM-003235,TEMPLATE,public/ui/items/goldleaf_game_stew.webp,5660
DUP-01483,35bbd9baf0f390311a208e3f196ebea28f5ed8eaf9d39756f1832126e7cf23fe,2,NOV-006595,NOVO,01_Assets_Organizados/UI/items/goldleaf_game_stew.webp,5660
DUP-01484,f50e7113c2b7be169e073f8f35b6289c8f4646420cc03bba4e6e1e99080d531b,2,TEM-003236,TEMPLATE,public/ui/items/valefire_lantern.webp,4056
DUP-01484,f50e7113c2b7be169e073f8f35b6289c8f4646420cc03bba4e6e1e99080d531b,2,NOV-006596,NOVO,01_Assets_Organizados/UI/items/valefire_lantern.webp,4056
DUP-01485,c2907ef534446e8923a2e74747ed07323f9cde9382e35763fc1cb198b775d641,2,TEM-003239,TEMPLATE,public/ui/items/sootscale_mantle.webp,3246
DUP-01485,c2907ef534446e8923a2e74747ed07323f9cde9382e35763fc1cb198b775d641,2,NOV-006599,NOVO,01_Assets_Organizados/UI/items/sootscale_mantle.webp,3246
DUP-01486,4567c08ffd560121fb51ae7cd8703cf51a4b69d5e76a2a7294a053ca18a7740d,2,TEM-003240,TEMPLATE,public/ui/items/shearkeeper_gloves.webp,2060
DUP-01486,4567c08ffd560121fb51ae7cd8703cf51a4b69d5e76a2a7294a053ca18a7740d,2,NOV-006600,NOVO,01_Assets_Organizados/UI/items/shearkeeper_gloves.webp,2060
DUP-01487,186143614a13a4e3300b221a9c9dac7a8c8b4aef849a98bce8df44581aeae5df,2,TEM-003242,TEMPLATE,public/ui/items/coppermail_sabatons.webp,4026
DUP-01487,186143614a13a4e3300b221a9c9dac7a8c8b4aef849a98bce8df44581aeae5df,2,NOV-006604,NOVO,01_Assets_Organizados/UI/items/coppermail_sabatons.webp,4026
DUP-01488,b946892fee003b55509affeeffb27c7040c9c92de76c908cae738de4cdf8ad37,2,TEM-003245,TEMPLATE,public/ui/items/mosshide_vest.webp,5360
DUP-01488,b946892fee003b55509affeeffb27c7040c9c92de76c908cae738de4cdf8ad37,2,NOV-006607,NOVO,01_Assets_Organizados/UI/items/mosshide_vest.webp,5360
DUP-01489,c89a59601fd686c6782caa64d8749d966d60ba45eb18867f47f460ea409db46b,2,TEM-003247,TEMPLATE,public/ui/items/heroic_crownforged_dreadhelm.webp,4964
DUP-01489,c89a59601fd686c6782caa64d8749d966d60ba45eb18867f47f460ea409db46b,2,NOV-006610,NOVO,01_Assets_Organizados/UI/items/heroic_crownforged_dreadhelm.webp,4964
DUP-01490,fecb98c9b0a7f3c7127f101d04fa7e4bf7e5b7c7ee1a8f60b29a5d7fdef724b8,2,TEM-003248,TEMPLATE,public/ui/items/furyforged_warspaulders.webp,4598
DUP-01490,fecb98c9b0a7f3c7127f101d04fa7e4bf7e5b7c7ee1a8f60b29a5d7fdef724b8,2,NOV-006611,NOVO,01_Assets_Organizados/UI/items/furyforged_warspaulders.webp,4598
DUP-01491,b550307c6522ab3f538436235aa0f5cc49174883ea5ac3c16685c55296bc0cf5,2,TEM-003249,TEMPLATE,public/ui/items/mirewarden_treads.webp,5138
DUP-01491,b550307c6522ab3f538436235aa0f5cc49174883ea5ac3c16685c55296bc0cf5,2,NOV-006612,NOVO,01_Assets_Organizados/UI/items/mirewarden_treads.webp,5138
DUP-01492,7ea6ecfeac80551a14eac35523d61ae7ab75111716da9336fdf4d9d3e9cc86b2,2,TEM-003250,TEMPLATE,public/ui/items/acolyte_chain_grips.webp,4638
DUP-01492,7ea6ecfeac80551a14eac35523d61ae7ab75111716da9336fdf4d9d3e9cc86b2,2,NOV-006613,NOVO,01_Assets_Organizados/UI/items/acolyte_chain_grips.webp,4638
DUP-01493,be43021fbb0352497a85684fee49773ab757a1672024e9604ae7c5abe4c9d11f,2,TEM-003252,TEMPLATE,public/ui/items/game_meat.webp,2078
DUP-01493,be43021fbb0352497a85684fee49773ab757a1672024e9604ae7c5abe4c9d11f,2,NOV-006615,NOVO,01_Assets_Organizados/UI/items/game_meat.webp,2078
DUP-01494,98650936d8c777f8f2499cf29dc3138bf57c5b9ea71fc34e32bc6df230c85362,2,TEM-003258,TEMPLATE,public/ui/items/stormchant_gauntlets.webp,3284
DUP-01494,98650936d8c777f8f2499cf29dc3138bf57c5b9ea71fc34e32bc6df230c85362,2,NOV-006621,NOVO,01_Assets_Organizados/UI/items/stormchant_gauntlets.webp,3284
DUP-01495,54bcffc4463e3dce7e15119b4cd883a193e893c139ecb61fa9996ec48da10002,2,TEM-003259,TEMPLATE,public/ui/items/venomfire_elixir.webp,4686
DUP-01495,54bcffc4463e3dce7e15119b4cd883a193e893c139ecb61fa9996ec48da10002,2,NOV-006622,NOVO,01_Assets_Organizados/UI/items/venomfire_elixir.webp,4686
DUP-01496,0681b50d1518aa474f9dc248644aa2482b5c72ed389b8898ef7365a21244f526,2,TEM-003260,TEMPLATE,public/ui/items/coppermail_gauntlets.webp,4618
DUP-01496,0681b50d1518aa474f9dc248644aa2482b5c72ed389b8898ef7365a21244f526,2,NOV-006623,NOVO,01_Assets_Organizados/UI/items/coppermail_gauntlets.webp,4618
DUP-01497,e45fbdf386d8e57aae42f3cd0d0068cd61dd41acc040357ee35cba60d9e45ca4,2,TEM-003261,TEMPLATE,public/ui/items/tidewoven_trousers.webp,2916
DUP-01497,e45fbdf386d8e57aae42f3cd0d0068cd61dd41acc040357ee35cba60d9e45ca4,2,NOV-006624,NOVO,01_Assets_Organizados/UI/items/tidewoven_trousers.webp,2916
DUP-01498,cd7b656c209e2363a8a8d1318e80a069ce42ea771b32bc984961c05b3b4f0b87,2,TEM-003262,TEMPLATE,public/ui/items/votive_chain_belt.webp,2526
DUP-01498,cd7b656c209e2363a8a8d1318e80a069ce42ea771b32bc984961c05b3b4f0b87,2,NOV-006626,NOVO,01_Assets_Organizados/UI/items/votive_chain_belt.webp,2526
DUP-01499,293e609f06fe7e885f85206653dc79fd16fc6bc373540f6e3fc74f76e5c36c2c,2,TEM-003263,TEMPLATE,public/ui/items/silverleaf_mana_draught.webp,3634
DUP-01499,293e609f06fe7e885f85206653dc79fd16fc6bc373540f6e3fc74f76e5c36c2c,2,NOV-006627,NOVO,01_Assets_Organizados/UI/items/silverleaf_mana_draught.webp,3634
DUP-01500,bbfa7116bb223c931cac84a00b7aaa9ceee8fa643ecdba632ab19ca4c7c5a546,2,TEM-003264,TEMPLATE,public/ui/items/shadowpulse_slippers.webp,4430
DUP-01500,bbfa7116bb223c931cac84a00b7aaa9ceee8fa643ecdba632ab19ca4c7c5a546,2,NOV-006628,NOVO,01_Assets_Organizados/UI/items/shadowpulse_slippers.webp,4430
DUP-01501,845975fba9bcd1e1031af2f53a07ff5f2e8d528476c94b5545559732b9d368e1,2,TEM-003266,TEMPLATE,public/ui/items/saltwalker_sandals.webp,2958
DUP-01501,845975fba9bcd1e1031af2f53a07ff5f2e8d528476c94b5545559732b9d368e1,2,NOV-006631,NOVO,01_Assets_Organizados/UI/items/saltwalker_sandals.webp,2958
DUP-01502,b56ef7fbaed9e25ff863191c069f461a8ca1c05910c2815f8553948792de5b13,2,TEM-003267,TEMPLATE,public/ui/items/glass_vial.webp,1844
DUP-01502,b56ef7fbaed9e25ff863191c069f461a8ca1c05910c2815f8553948792de5b13,2,NOV-006632,NOVO,01_Assets_Organizados/UI/items/glass_vial.webp,1844
DUP-01503,24d52a758dc3e8f487703230551768b2b62c0135620c36a6b1cb5883afb21003,2,TEM-003270,TEMPLATE,public/ui/items/cragprowl_belt.webp,4092
DUP-01503,24d52a758dc3e8f487703230551768b2b62c0135620c36a6b1cb5883afb21003,2,NOV-006635,NOVO,01_Assets_Organizados/UI/items/cragprowl_belt.webp,4092
DUP-01504,81e2c74ec56d93184e1a83a3002be3ea5ba4dfb9013b98e26cbb50ecffa15222,2,TEM-003271,TEMPLATE,public/ui/items/marshlight_hauberk.webp,4686
DUP-01504,81e2c74ec56d93184e1a83a3002be3ea5ba4dfb9013b98e26cbb50ecffa15222,2,NOV-006636,NOVO,01_Assets_Organizados/UI/items/marshlight_hauberk.webp,4686
DUP-01505,5d26a5695c5b3926d6d4051f0c97a1872c8af0bc595e0c0a9805f65fd0d1e725,2,TEM-003273,TEMPLATE,public/ui/items/heroic_nighttalon_crown.webp,3642
DUP-01505,5d26a5695c5b3926d6d4051f0c97a1872c8af0bc595e0c0a9805f65fd0d1e725,2,NOV-006638,NOVO,01_Assets_Organizados/UI/items/heroic_nighttalon_crown.webp,3642
DUP-01506,e45ee2deeff2b8b727ab0003db2b30eadb361f1fc7153ebc9c8f17b5de2eccfd,2,TEM-003274,TEMPLATE,public/ui/items/fine_ironbark_log.webp,2376
DUP-01506,e45ee2deeff2b8b727ab0003db2b30eadb361f1fc7153ebc9c8f17b5de2eccfd,2,NOV-006639,NOVO,01_Assets_Organizados/UI/items/fine_ironbark_log.webp,2376
DUP-01507,da0f7ff0ff0a3c28338c91ddc02edb74fa2872ca30fb4671460479c088a31be8,2,TEM-003275,TEMPLATE,public/ui/items/resonant_steel.webp,1668
DUP-01507,da0f7ff0ff0a3c28338c91ddc02edb74fa2872ca30fb4671460479c088a31be8,2,NOV-006640,NOVO,01_Assets_Organizados/UI/items/resonant_steel.webp,1668
DUP-01508,42b054d6ba58424f6d9222655997866818588de7b796c6c54b145e987560fb50,2,TEM-003276,TEMPLATE,public/ui/items/ashstalker_legguards.webp,3888
DUP-01508,42b054d6ba58424f6d9222655997866818588de7b796c6c54b145e987560fb50,2,NOV-006641,NOVO,01_Assets_Organizados/UI/items/ashstalker_legguards.webp,3888
DUP-01509,a3dfbb587022bb1b08e47eb79ad9fc169effe441372585f1152a1f61acd6cbde,2,TEM-003277,TEMPLATE,public/ui/items/resonant_hide.webp,1986
DUP-01509,a3dfbb587022bb1b08e47eb79ad9fc169effe441372585f1152a1f61acd6cbde,2,NOV-006642,NOVO,01_Assets_Organizados/UI/items/resonant_hide.webp,1986
DUP-01510,d6cfb797474bba4618ee808ded1402e4a8328c8e8e9c1dffce15250d29639788,2,TEM-003278,TEMPLATE,public/ui/items/riveted_copper_girdle.webp,4322
DUP-01510,d6cfb797474bba4618ee808ded1402e4a8328c8e8e9c1dffce15250d29639788,2,NOV-006643,NOVO,01_Assets_Organizados/UI/items/riveted_copper_girdle.webp,4322
DUP-01511,272cf245e59f42695b9c7907b84685e8f6b724d8cc5c8891f1f5eedfbf194d7b,2,TEM-003280,TEMPLATE,public/ui/items/silkbound_remains.webp,1278
DUP-01511,272cf245e59f42695b9c7907b84685e8f6b724d8cc5c8891f1f5eedfbf194d7b,2,NOV-006645,NOVO,01_Assets_Organizados/UI/items/silkbound_remains.webp,1278
DUP-01512,147c512d02fed36b59a0806af159219be58ad8a11c8bae6d1e49f1de5d9693b5,2,TEM-003281,TEMPLATE,public/ui/items/moonfleece_tuft.webp,2248
DUP-01512,147c512d02fed36b59a0806af159219be58ad8a11c8bae6d1e49f1de5d9693b5,2,NOV-006646,NOVO,01_Assets_Organizados/UI/items/moonfleece_tuft.webp,2248
DUP-01513,894be30a2a4e6b179b80b2f5c59465867538cef0bdb395cfa3ea6ebcf4c04be9,2,TEM-003283,TEMPLATE,public/ui/items/resonant_thread.webp,2678
DUP-01513,894be30a2a4e6b179b80b2f5c59465867538cef0bdb395cfa3ea6ebcf4c04be9,2,NOV-006648,NOVO,01_Assets_Organizados/UI/items/resonant_thread.webp,2678
DUP-01514,3b6959ea87243d7e07810303af655ec14d965aa13d648f17ec0994886b619f5b,2,TEM-003284,TEMPLATE,public/ui/items/spider_silk.webp,1978
DUP-01514,3b6959ea87243d7e07810303af655ec14d965aa13d648f17ec0994886b619f5b,2,NOV-006649,NOVO,01_Assets_Organizados/UI/items/spider_silk.webp,1978
DUP-01515,1750929b82d57f1e32a1653df6782457ab60792dc644b481f5bd4f9ba18c48ed,2,TEM-003287,TEMPLATE,public/ui/items/stormbound_spaulders.webp,4478
DUP-01515,1750929b82d57f1e32a1653df6782457ab60792dc644b481f5bd4f9ba18c48ed,2,NOV-006652,NOVO,01_Assets_Organizados/UI/items/stormbound_spaulders.webp,4478
DUP-01516,e3518782bd331c9fe9947f067b9f8b5fbd45cc1e80a838afba8e55bec3df9b68,2,TEM-003290,TEMPLATE,public/ui/items/ironlink_hauberk.webp,4808
DUP-01516,e3518782bd331c9fe9947f067b9f8b5fbd45cc1e80a838afba8e55bec3df9b68,2,NOV-006656,NOVO,01_Assets_Organizados/UI/items/ironlink_hauberk.webp,4808
DUP-01517,4c1a226e1ed0f6ca527f161ec3ba445a607a965ea47b87b5439397cf316845dd,2,TEM-003292,TEMPLATE,public/ui/items/farshore_salt_moss.webp,3188
DUP-01517,4c1a226e1ed0f6ca527f161ec3ba445a607a965ea47b87b5439397cf316845dd,2,NOV-006660,NOVO,01_Assets_Organizados/UI/items/farshore_salt_moss.webp,3188
DUP-01518,00d923bb78878d084996cfc3c404a8b64b954c30cfdc66f2fb7cc0be82e6607d,2,TEM-003293,TEMPLATE,public/ui/chrome/social.webp,6620
DUP-01518,00d923bb78878d084996cfc3c404a8b64b954c30cfdc66f2fb7cc0be82e6607d,2,NOV-006671,NOVO,01_Assets_Organizados/UI/chrome/social.webp,6620
DUP-01519,3193fe64173970e301e02fa3c52c537bbd4b88a3d06309c0c5609afbbd8b81d6,2,TEM-003294,TEMPLATE,public/ui/chrome/map.webp,4470
DUP-01519,3193fe64173970e301e02fa3c52c537bbd4b88a3d06309c0c5609afbbd8b81d6,2,NOV-006672,NOVO,01_Assets_Organizados/UI/chrome/map.webp,4470
DUP-01520,041762a247f622421817984f6b05103d26be9b7266dc295aefc6964a9d948660,2,TEM-003295,TEMPLATE,public/ui/chrome/dfinder.webp,7040
DUP-01520,041762a247f622421817984f6b05103d26be9b7266dc295aefc6964a9d948660,2,NOV-006673,NOVO,01_Assets_Organizados/UI/chrome/dfinder.webp,7040
DUP-01521,8f233d3a4a87ace2cbef17f09e8e7e7613d19886ee76ba193e812af4249e17dc,2,TEM-003296,TEMPLATE,public/ui/chrome/emote.webp,6312
DUP-01521,8f233d3a4a87ace2cbef17f09e8e7e7613d19886ee76ba193e812af4249e17dc,2,NOV-006674,NOVO,01_Assets_Organizados/UI/chrome/emote.webp,6312
DUP-01522,ce946f3e02c0a61388b00f21f81f399d94bb3a26c165c30079f3ad53aa5debd2,2,TEM-003297,TEMPLATE,public/ui/chrome/questlog.webp,7214
DUP-01522,ce946f3e02c0a61388b00f21f81f399d94bb3a26c165c30079f3ad53aa5debd2,2,NOV-006675,NOVO,01_Assets_Organizados/UI/chrome/questlog.webp,7214
DUP-01523,f3de0f92a21ae06e066ee7d5dfd7eecf6e3092f03779fe62253bd02c3e5256b3,2,TEM-003298,TEMPLATE,public/ui/chrome/leaderboard.webp,5032
DUP-01523,f3de0f92a21ae06e066ee7d5dfd7eecf6e3092f03779fe62253bd02c3e5256b3,2,NOV-006676,NOVO,01_Assets_Organizados/UI/chrome/leaderboard.webp,5032
DUP-01524,94e5b36cea2b03f8d1458deefbc4d470dc0f5562a1e4b814d5b2aab74d7d5fbb,2,TEM-003299,TEMPLATE,public/ui/chrome/spellbook.webp,7534
DUP-01524,94e5b36cea2b03f8d1458deefbc4d470dc0f5562a1e4b814d5b2aab74d7d5fbb,2,NOV-006677,NOVO,01_Assets_Organizados/UI/chrome/spellbook.webp,7534
DUP-01525,944a11269696b81a8a8bc98a3b35ce5d14ccf62c45cbaccc1de64a4c463c3954,2,TEM-003300,TEMPLATE,public/ui/chrome/character.webp,7574
DUP-01525,944a11269696b81a8a8bc98a3b35ce5d14ccf62c45cbaccc1de64a4c463c3954,2,NOV-006678,NOVO,01_Assets_Organizados/UI/chrome/character.webp,7574
DUP-01526,bbd246d49a848973bfc278a501b186c7d2cae99fb1a620452fda7d6d1e720188,2,TEM-003301,TEMPLATE,public/ui/chrome/cards.webp,9106
DUP-01526,bbd246d49a848973bfc278a501b186c7d2cae99fb1a620452fda7d6d1e720188,2,NOV-006679,NOVO,01_Assets_Organizados/UI/chrome/cards.webp,9106
DUP-01527,759d1fa1c67da5fbbb1c7d614695674ce7d7ed2d8e6cc1119546c738e1cbedb1,2,TEM-003302,TEMPLATE,public/ui/chrome/crafting.webp,6690
DUP-01527,759d1fa1c67da5fbbb1c7d614695674ce7d7ed2d8e6cc1119546c738e1cbedb1,2,NOV-006680,NOVO,01_Assets_Organizados/UI/chrome/crafting.webp,6690
DUP-01528,39add4a750f223a84102d688f36c335e02e5b20af942a24caffeb19bef0fef96,2,TEM-003303,TEMPLATE,public/ui/chrome/ball.webp,7592
DUP-01528,39add4a750f223a84102d688f36c335e02e5b20af942a24caffeb19bef0fef96,2,NOV-006681,NOVO,01_Assets_Organizados/UI/chrome/ball.webp,7592
DUP-01529,69cb5e6afa4658bfa74e7b8966c632091e562b045d33990d07cf755545b318b1,2,TEM-003304,TEMPLATE,public/ui/chrome/arena.webp,8290
DUP-01529,69cb5e6afa4658bfa74e7b8966c632091e562b045d33990d07cf755545b318b1,2,NOV-006682,NOVO,01_Assets_Organizados/UI/chrome/arena.webp,8290
DUP-01530,5680767d227906c87a293dfcfc2d67770c72d9b0a30759621eda092f5fa25736,2,TEM-003305,TEMPLATE,public/ui/chrome/donate.webp,5866
DUP-01530,5680767d227906c87a293dfcfc2d67770c72d9b0a30759621eda092f5fa25736,2,NOV-006683,NOVO,01_Assets_Organizados/UI/chrome/donate.webp,5866
DUP-01531,2d1694df182ade9f85ad74f93cbf8e3e3db3bc20cca4f3c01427d10c1d4618f0,2,TEM-003306,TEMPLATE,public/ui/chrome/bags.webp,6088
DUP-01531,2d1694df182ade9f85ad74f93cbf8e3e3db3bc20cca4f3c01427d10c1d4618f0,2,NOV-006684,NOVO,01_Assets_Organizados/UI/chrome/bags.webp,6088
DUP-01532,6389f2f610054c259ebb501bce03bfa2480b5f99a1799b23c8325357e211ec98,2,TEM-003307,TEMPLATE,public/ui/chrome/chest.webp,8610
DUP-01532,6389f2f610054c259ebb501bce03bfa2480b5f99a1799b23c8325357e211ec98,2,NOV-006685,NOVO,01_Assets_Organizados/UI/chrome/chest.webp,8610
DUP-01533,857521a840716fc57a767af3c825efa0ca05967cfcd24798c684d7258b0ac218,2,TEM-003308,TEMPLATE,public/ui/chrome/professions.webp,8072
DUP-01533,857521a840716fc57a767af3c825efa0ca05967cfcd24798c684d7258b0ac218,2,NOV-006687,NOVO,01_Assets_Organizados/UI/chrome/professions.webp,8072
DUP-01534,592145adbad06dc83c86a453d622ea53c74da2fb64d6e51c43228522c8489271,2,TEM-003309,TEMPLATE,public/ui/chrome/talents.webp,7204
DUP-01534,592145adbad06dc83c86a453d622ea53c74da2fb64d6e51c43228522c8489271,2,NOV-006688,NOVO,01_Assets_Organizados/UI/chrome/talents.webp,7204
DUP-01535,30ec7837aea49174fa841d689b6588b702aca117901975e4b97ec95cf237ee46,2,TEM-003310,TEMPLATE,public/ui/chrome/book.webp,7484
DUP-01535,30ec7837aea49174fa841d689b6588b702aca117901975e4b97ec95cf237ee46,2,NOV-006689,NOVO,01_Assets_Organizados/UI/chrome/book.webp,7484
DUP-01536,1f543465605ecdd815f6e34c20390a26a7548d51aba0aa01ae3a489bb45a019d,2,TEM-003311,TEMPLATE,public/ui/mobs/deepfen_spearjaw.webp,1608
DUP-01536,1f543465605ecdd815f6e34c20390a26a7548d51aba0aa01ae3a489bb45a019d,2,NOV-006690,NOVO,01_Assets_Organizados/UI/mobs/deepfen_spearjaw.webp,1608
DUP-01537,c8921f88cad3b6073808d26f4afa99571ff24fc3082b4dbbe3444b177d1eb918,10,TEM-003319,TEMPLATE,public/ui/mobs/pale_choir_acolyte.webp,2234
DUP-01537,c8921f88cad3b6073808d26f4afa99571ff24fc3082b4dbbe3444b177d1eb918,10,TEM-003329,TEMPLATE,public/ui/mobs/tidebound_acolyte.webp,2234
DUP-01537,c8921f88cad3b6073808d26f4afa99571ff24fc3082b4dbbe3444b177d1eb918,10,TEM-003339,TEMPLATE,public/ui/mobs/choirmother_selthe.webp,2234
DUP-01537,c8921f88cad3b6073808d26f4afa99571ff24fc3082b4dbbe3444b177d1eb918,10,TEM-003365,TEMPLATE,public/ui/mobs/gravecaller_mender.webp,2234
DUP-01537,c8921f88cad3b6073808d26f4afa99571ff24fc3082b4dbbe3444b177d1eb918,10,TEM-003368,TEMPLATE,public/ui/mobs/vale_bandit.webp,2234
DUP-01537,c8921f88cad3b6073808d26f4afa99571ff24fc3082b4dbbe3444b177d1eb918,10,TEM-003429,TEMPLATE,public/ui/mobs/wyrmcult_zealot.webp,2234
DUP-01537,c8921f88cad3b6073808d26f4afa99571ff24fc3082b4dbbe3444b177d1eb918,10,TEM-003493,TEMPLATE,public/ui/mobs/training_dummy.webp,2234
DUP-01537,c8921f88cad3b6073808d26f4afa99571ff24fc3082b4dbbe3444b177d1eb918,10,TEM-003500,TEMPLATE,public/ui/mobs/acolyte_tessa.webp,2234
DUP-01537,c8921f88cad3b6073808d26f4afa99571ff24fc3082b4dbbe3444b177d1eb918,10,TEM-003519,TEMPLATE,public/ui/mobs/nhalia_mourner.webp,2234
DUP-01537,c8921f88cad3b6073808d26f4afa99571ff24fc3082b4dbbe3444b177d1eb918,10,TEM-003523,TEMPLATE,public/ui/mobs/mogger_lackey.webp,2234
DUP-01538,1f0c4c7f81c78da127bad6af7d422f56363cd6b69ca79d7bf77dfdf1301a4735,8,TEM-003326,TEMPLATE,public/ui/mobs/mere_lurker.webp,2196
DUP-01538,1f0c4c7f81c78da127bad6af7d422f56363cd6b69ca79d7bf77dfdf1301a4735,8,TEM-003354,TEMPLATE,public/ui/mobs/harvest_sprite.webp,2196
DUP-01538,1f0c4c7f81c78da127bad6af7d422f56363cd6b69ca79d7bf77dfdf1301a4735,8,TEM-003357,TEMPLATE,public/ui/mobs/fen_sprite.webp,2196
DUP-01538,1f0c4c7f81c78da127bad6af7d422f56363cd6b69ca79d7bf77dfdf1301a4735,8,TEM-003402,TEMPLATE,public/ui/mobs/bogtoad.webp,2196
DUP-01538,1f0c4c7f81c78da127bad6af7d422f56363cd6b69ca79d7bf77dfdf1301a4735,8,TEM-003418,TEMPLATE,public/ui/mobs/breach_wretch.webp,2196
DUP-01538,1f0c4c7f81c78da127bad6af7d422f56363cd6b69ca79d7bf77dfdf1301a4735,8,TEM-003442,TEMPLATE,public/ui/mobs/hedge_gnome.webp,2196
DUP-01538,1f0c4c7f81c78da127bad6af7d422f56363cd6b69ca79d7bf77dfdf1301a4735,8,TEM-003472,TEMPLATE,public/ui/mobs/willow_sprite.webp,2196
DUP-01538,1f0c4c7f81c78da127bad6af7d422f56363cd6b69ca79d7bf77dfdf1301a4735,8,TEM-003484,TEMPLATE,public/ui/mobs/drowsy_croaker.webp,2196
DUP-01539,6c811fdd721b22dbd8dc405e668d6f5a26a69a73436dc5f3b989e2328707a8e8,2,TEM-003330,TEMPLATE,public/ui/mobs/deacon_voss.webp,2086
DUP-01539,6c811fdd721b22dbd8dc405e668d6f5a26a69a73436dc5f3b989e2328707a8e8,2,TEM-003359,TEMPLATE,public/ui/mobs/grand_necromancer_velkhar.webp,2086
DUP-01540,ca43523ad6de064598fdbe077a338e6bb832b51214d9b93fd87a2e31512d4284,2,TEM-003332,TEMPLATE,public/ui/mobs/sloomtooth_the_drowned.webp,1734
DUP-01540,ca43523ad6de064598fdbe077a338e6bb832b51214d9b93fd87a2e31512d4284,2,NOV-006712,NOVO,01_Assets_Organizados/UI/mobs/sloomtooth_the_drowned.webp,1734
DUP-01541,9d4fb548dba9e1227cb5ff6cf598cb745b7852ea1d9093c37f6d35076f2fa099,2,TEM-003337,TEMPLATE,public/ui/mobs/bonechill_widow.webp,1758
DUP-01541,9d4fb548dba9e1227cb5ff6cf598cb745b7852ea1d9093c37f6d35076f2fa099,2,NOV-006717,NOVO,01_Assets_Organizados/UI/mobs/bonechill_widow.webp,1758
DUP-01542,8ff02e80c272e6f55d1b6e5cc37c08d187345f1fa271c6f379d5b2996de95f53,2,TEM-003340,TEMPLATE,public/ui/mobs/thunzharr_stormling.webp,2010
DUP-01542,8ff02e80c272e6f55d1b6e5cc37c08d187345f1fa271c6f379d5b2996de95f53,2,NOV-006720,NOVO,01_Assets_Organizados/UI/mobs/thunzharr_stormling.webp,2010
DUP-01543,824881d237561c24bc93e5c476611ad4f22a76b182ff549b552762facf84c3a7,2,TEM-003345,TEMPLATE,public/ui/mobs/choir_thrall.webp,1456
DUP-01543,824881d237561c24bc93e5c476611ad4f22a76b182ff549b552762facf84c3a7,2,NOV-006725,NOVO,01_Assets_Organizados/UI/mobs/choir_thrall.webp,1456
DUP-01544,52ae7c4e2bb0be1f5b88f4a35659669342d17c8a545961c3bdb1e1a1b0c0e129,2,TEM-003353,TEMPLATE,public/ui/mobs/shardlord_kazzix.webp,2064
DUP-01544,52ae7c4e2bb0be1f5b88f4a35659669342d17c8a545961c3bdb1e1a1b0c0e129,2,NOV-006731,NOVO,01_Assets_Organizados/UI/mobs/shardlord_kazzix.webp,2064
DUP-01545,49b526246500614abc8b1c62c17982b5faf308d5a52ca6f2b7d46dab6bb6961f,2,TEM-003360,TEMPLATE,public/ui/mobs/korzul_the_gravewyrm.webp,2184
DUP-01545,49b526246500614abc8b1c62c17982b5faf308d5a52ca6f2b7d46dab6bb6961f,2,NOV-006738,NOVO,01_Assets_Organizados/UI/mobs/korzul_the_gravewyrm.webp,2184
DUP-01546,2ccd6e4f35d6a9950850553b2f377b02e15a987f422dbb4663612698d267ac4e,3,TEM-003364,TEMPLATE,public/ui/mobs/wreck_thief.webp,2260
DUP-01546,2ccd6e4f35d6a9950850553b2f377b02e15a987f422dbb4663612698d267ac4e,3,TEM-003425,TEMPLATE,public/ui/mobs/downs_bandit.webp,2260
DUP-01546,2ccd6e4f35d6a9950850553b2f377b02e15a987f422dbb4663612698d267ac4e,3,TEM-003477,TEMPLATE,public/ui/mobs/the_meredark.webp,2260
DUP-01547,aabd71e4b989c24c93c00f6686fe53352cc809d177da2d67c5f43472b013cedb,2,TEM-003369,TEMPLATE,public/ui/mobs/bog_bloat.webp,1788
DUP-01547,aabd71e4b989c24c93c00f6686fe53352cc809d177da2d67c5f43472b013cedb,2,NOV-006747,NOVO,01_Assets_Organizados/UI/mobs/bog_bloat.webp,1788
DUP-01548,9d4fae7d0c406c7f3db55ed5c2fe295ea9d6e64c63e00fafb715a95d650fa23d,2,TEM-003378,TEMPLATE,public/ui/mobs/webwood_spider.webp,1520
DUP-01548,9d4fae7d0c406c7f3db55ed5c2fe295ea9d6e64c63e00fafb715a95d650fa23d,2,NOV-006756,NOVO,01_Assets_Organizados/UI/mobs/webwood_spider.webp,1520
DUP-01549,a2d46cfe3de21a54d14e859344111662bdda1fc0618dd17ac73d0d5eed5170db,2,TEM-003383,TEMPLATE,public/ui/mobs/ysolei.webp,2184
DUP-01549,a2d46cfe3de21a54d14e859344111662bdda1fc0618dd17ac73d0d5eed5170db,2,NOV-006761,NOVO,01_Assets_Organizados/UI/mobs/ysolei.webp,2184
DUP-01550,ede48d54655710955156516627541d0564faf0bf335cc1fa4243ea821c32e1f0,4,TEM-003385,TEMPLATE,public/ui/mobs/mirejaw_frenzy.webp,1878
DUP-01550,ede48d54655710955156516627541d0564faf0bf335cc1fa4243ea821c32e1f0,4,TEM-003478,TEMPLATE,public/ui/mobs/mirejaw_the_ravenous.webp,1878
DUP-01550,ede48d54655710955156516627541d0564faf0bf335cc1fa4243ea821c32e1f0,4,NOV-006763,NOVO,01_Assets_Organizados/UI/mobs/mirejaw_frenzy.webp,1878
DUP-01550,ede48d54655710955156516627541d0564faf0bf335cc1fa4243ea821c32e1f0,4,NOV-006856,NOVO,01_Assets_Organizados/UI/mobs/mirejaw_the_ravenous.webp,1878
DUP-01551,a0a7e715395a4b0876ea594bd6278f888bd0eeebcc1750b40f09b5eea06eea78,2,TEM-003388,TEMPLATE,public/ui/mobs/mirefen_broodmother.webp,1654
DUP-01551,a0a7e715395a4b0876ea594bd6278f888bd0eeebcc1750b40f09b5eea06eea78,2,NOV-006766,NOVO,01_Assets_Organizados/UI/mobs/mirefen_broodmother.webp,1654
DUP-01552,23088a45bc6ef701602fefb204b3b16d60a5b639291cd22cc4e8f520f6fc44c0,2,TEM-003397,TEMPLATE,public/ui/mobs/moonspawn.webp,1780
DUP-01552,23088a45bc6ef701602fefb204b3b16d60a5b639291cd22cc4e8f520f6fc44c0,2,NOV-006775,NOVO,01_Assets_Organizados/UI/mobs/moonspawn.webp,1780
DUP-01553,8401b66ab11212443816fa3cfb1d75cfe5d36c1820372a3347946e18569e4d3c,2,TEM-003400,TEMPLATE,public/ui/mobs/warlock_imp.webp,2132
DUP-01553,8401b66ab11212443816fa3cfb1d75cfe5d36c1820372a3347946e18569e4d3c,2,NOV-006778,NOVO,01_Assets_Organizados/UI/mobs/warlock_imp.webp,2132
DUP-01554,60fa7cfaaff1d159e1812581fee47cfea50ec2effbf919e6670d49345f068548,3,TEM-003405,TEMPLATE,public/ui/mobs/fisher_bram.webp,2206
DUP-01554,60fa7cfaaff1d159e1812581fee47cfea50ec2effbf919e6670d49345f068548,3,TEM-003479,TEMPLATE,public/ui/mobs/castaway_navigator.webp,2206
DUP-01554,60fa7cfaaff1d159e1812581fee47cfea50ec2effbf919e6670d49345f068548,3,TEM-003524,TEMPLATE,public/ui/mobs/gravedigger_mosley.webp,2206
DUP-01555,39b89ef485fec56978f828f0ce99fae8ffeb165a8ffa2c690a1ad7a6c3813d16,2,TEM-003407,TEMPLATE,public/ui/mobs/nythraxis_skeleton_warrior.webp,2294
DUP-01555,39b89ef485fec56978f828f0ce99fae8ffeb165a8ffa2c690a1ad7a6c3813d16,2,TEM-003502,TEMPLATE,public/ui/mobs/nythraxis_heroic_warrior_add.webp,2294
DUP-01556,4eac7139ddf4140530a5dd19962a61043819f4630fa40245ee21a30cf2ef1d10,2,TEM-003420,TEMPLATE,public/ui/mobs/rift_void_acolyte.webp,2186
DUP-01556,4eac7139ddf4140530a5dd19962a61043819f4630fa40245ee21a30cf2ef1d10,2,TEM-003428,TEMPLATE,public/ui/mobs/rift_boss_arcane.webp,2186
DUP-01557,1de9ee718a14c9fe77459e7fa728aaf1b94a579a335e54b88f195c779910e744,2,TEM-003422,TEMPLATE,public/ui/mobs/widowsilk_spinner.webp,1534
DUP-01557,1de9ee718a14c9fe77459e7fa728aaf1b94a579a335e54b88f195c779910e744,2,NOV-006801,NOVO,01_Assets_Organizados/UI/mobs/widowsilk_spinner.webp,1534
DUP-01558,7b8718dc0c551078d9b854c48935d95b5205c86dac74d2c0a1c85aedf0b1daa8,2,TEM-003430,TEMPLATE,public/ui/mobs/sethrael_palecoil.webp,2184
DUP-01558,7b8718dc0c551078d9b854c48935d95b5205c86dac74d2c0a1c85aedf0b1daa8,2,NOV-006810,NOVO,01_Assets_Organizados/UI/mobs/sethrael_palecoil.webp,2184
DUP-01559,f150028e4bee5fec98e068b6a4bb0a32204b04930bbd328b0b16759b46bf39c8,2,TEM-003435,TEMPLATE,public/ui/mobs/warlock_voidwalker.webp,1770
DUP-01559,f150028e4bee5fec98e068b6a4bb0a32204b04930bbd328b0b16759b46bf39c8,2,NOV-006815,NOVO,01_Assets_Organizados/UI/mobs/warlock_voidwalker.webp,1770
DUP-01560,586c78bd477fc4cd9af336e8dc9e2e29c1d1c490eb9ec302c4959fb744fbc2a4,2,TEM-003450,TEMPLATE,public/ui/mobs/thunzharr_waking_peak.webp,1972
DUP-01560,586c78bd477fc4cd9af336e8dc9e2e29c1d1c490eb9ec302c4959fb744fbc2a4,2,NOV-006830,NOVO,01_Assets_Organizados/UI/mobs/thunzharr_waking_peak.webp,1972
DUP-01561,320237f2d29dc7894c5e8ef8a894a6b54f97f2467f44f0aaf9380da0e027d8d5,2,TEM-003453,TEMPLATE,public/ui/mobs/mire_widow.webp,1546
DUP-01561,320237f2d29dc7894c5e8ef8a894a6b54f97f2467f44f0aaf9380da0e027d8d5,2,NOV-006833,NOVO,01_Assets_Organizados/UI/mobs/mire_widow.webp,1546
DUP-01562,e3ccd623fd57fa35d232556452bd1c32c72c1c5efec3d57f68eda7b8d83a2a1d,2,TEM-003464,TEMPLATE,public/ui/mobs/mirefen_widowling.webp,1666
DUP-01562,e3ccd623fd57fa35d232556452bd1c32c72c1c5efec3d57f68eda7b8d83a2a1d,2,NOV-006843,NOVO,01_Assets_Organizados/UI/mobs/mirefen_widowling.webp,1666
DUP-01563,6dcea6a291f52276c2ff49496dc8b3e22ea9ab43f0310ef489449c69c9dbdf28,2,TEM-003467,TEMPLATE,public/ui/mobs/sanctum_drakonid.webp,2192
DUP-01563,6dcea6a291f52276c2ff49496dc8b3e22ea9ab43f0310ef489449c69c9dbdf28,2,NOV-006846,NOVO,01_Assets_Organizados/UI/mobs/sanctum_drakonid.webp,2192
DUP-01564,7100b844ce27d42fdc002ecb4850ffddda5e3466cb6d898efa2028466159dc74,2,TEM-003471,TEMPLATE,public/ui/mobs/deepfen_murloc.webp,1762
DUP-01564,7100b844ce27d42fdc002ecb4850ffddda5e3466cb6d898efa2028466159dc74,2,NOV-006850,NOVO,01_Assets_Organizados/UI/mobs/deepfen_murloc.webp,1762
DUP-01565,a799d797c7c988ae30f18d41c7cc72d227e05fcc6d58dbbaed31f504201c8970,2,TEM-003498,TEMPLATE,public/ui/mobs/mudfin_murloc.webp,1860
DUP-01565,a799d797c7c988ae30f18d41c7cc72d227e05fcc6d58dbbaed31f504201c8970,2,NOV-006877,NOVO,01_Assets_Organizados/UI/mobs/mudfin_murloc.webp,1860
DUP-01566,56401ec52ea6f6f9fa80a0bd88057e22476db548658ff4e6cc92fa4fb0f34d68,2,TEM-003499,TEMPLATE,public/ui/mobs/stormcrag_elemental.webp,1952
DUP-01566,56401ec52ea6f6f9fa80a0bd88057e22476db548658ff4e6cc92fa4fb0f34d68,2,NOV-006878,NOVO,01_Assets_Organizados/UI/mobs/stormcrag_elemental.webp,1952
DUP-01567,845d956524a9b29106012596efdfcff35f1741e028e99e7e3078c2fef85964ce,2,TEM-003501,TEMPLATE,public/ui/mobs/old_cragmaw.webp,1742
DUP-01567,845d956524a9b29106012596efdfcff35f1741e028e99e7e3078c2fef85964ce,2,NOV-006880,NOVO,01_Assets_Organizados/UI/mobs/old_cragmaw.webp,1742
DUP-01568,f8becf5cf9550c8d23a32a6daca2629c6144c7c5574959c5c4bbf3d2ea299c5b,2,TEM-003508,TEMPLATE,public/ui/mobs/fen_troll.webp,2034
DUP-01568,f8becf5cf9550c8d23a32a6daca2629c6144c7c5574959c5c4bbf3d2ea299c5b,2,NOV-006887,NOVO,01_Assets_Organizados/UI/mobs/fen_troll.webp,2034
DUP-01569,d15e8476c3b485109295b0195b3596e9d837d0f3da66cb794eb384cba3910d0d,2,TEM-003514,TEMPLATE,public/ui/mobs/glimmerscale_lurker.webp,1776
DUP-01569,d15e8476c3b485109295b0195b3596e9d837d0f3da66cb794eb384cba3910d0d,2,NOV-006893,NOVO,01_Assets_Organizados/UI/mobs/glimmerscale_lurker.webp,1776
DUP-01570,8feb7020f2a8b2ddab5ac9ece407786cedb19b365514390e85b98d4d36505a8f,2,TEM-003517,TEMPLATE,public/ui/mobs/sump_troll_devourer.webp,2064
DUP-01570,8feb7020f2a8b2ddab5ac9ece407786cedb19b365514390e85b98d4d36505a8f,2,NOV-006896,NOVO,01_Assets_Organizados/UI/mobs/sump_troll_devourer.webp,2064
DUP-01571,56ed8ef5fe1c7bb46079963fe401cb7d66199ac74ae14771574684b9fa6a3291,2,TEM-003518,TEMPLATE,public/ui/mobs/glimmermere_wader.webp,1740
DUP-01571,56ed8ef5fe1c7bb46079963fe401cb7d66199ac74ae14771574684b9fa6a3291,2,NOV-006897,NOVO,01_Assets_Organizados/UI/mobs/glimmermere_wader.webp,1740
DUP-01572,63e4957ca011d60635749b7fa541bef8aec824b13983a568471b10b74e267ae8,2,TEM-003527,TEMPLATE,public/ui/mobs/voskar_emberwing.webp,2274
DUP-01572,63e4957ca011d60635749b7fa541bef8aec824b13983a568471b10b74e267ae8,2,NOV-006906,NOVO,01_Assets_Organizados/UI/mobs/voskar_emberwing.webp,2274
DUP-01573,b56e5015ecf69a55177406af741209fd0e546942d98b006be2d8a50782c46a71,2,TEM-003531,TEMPLATE,public/ui/mobs/pearlguard_sentinel.webp,1968
DUP-01573,b56e5015ecf69a55177406af741209fd0e546942d98b006be2d8a50782c46a71,2,NOV-006910,NOVO,01_Assets_Organizados/UI/mobs/pearlguard_sentinel.webp,1968
DUP-01574,64065ae07a5e320a130652d64ea0cbe226611c643f2e3e533ddf1cacbb2c67be,2,TEM-003541,TEMPLATE,public/ui/deeds/exp_something_shiny.webp,5564
DUP-01574,64065ae07a5e320a130652d64ea0cbe226611c643f2e3e533ddf1cacbb2c67be,2,NOV-006920,NOVO,01_Assets_Organizados/UI/deeds/exp_something_shiny.webp,5564
DUP-01575,44046880ef1a0e78b2b78bff9ceb25ec9b9913a352920fd7e52935f01d443c61,2,TEM-003542,TEMPLATE,public/ui/deeds/hid_keepers_toll_twice.webp,5550
DUP-01575,44046880ef1a0e78b2b78bff9ceb25ec9b9913a352920fd7e52935f01d443c61,2,NOV-006921,NOVO,01_Assets_Organizados/UI/deeds/hid_keepers_toll_twice.webp,5550
DUP-01576,bca3af116aceb91a3ef7eaf017b9badad4115148f2544ffe46be1047c7ae167f,2,TEM-003543,TEMPLATE,public/ui/deeds/col_pristine_vein.webp,4600
DUP-01576,bca3af116aceb91a3ef7eaf017b9badad4115148f2544ffe46be1047c7ae167f,2,NOV-006922,NOVO,01_Assets_Organizados/UI/deeds/col_pristine_vein.webp,4600
DUP-01577,908e762dc8d94acdf86a01934638cb7140432272e63c3a3f34e7a77dcc578fe7,2,TEM-003544,TEMPLATE,public/ui/deeds/prog_leatherworking_50.webp,4352
DUP-01577,908e762dc8d94acdf86a01934638cb7140432272e63c3a3f34e7a77dcc578fe7,2,NOV-006924,NOVO,01_Assets_Organizados/UI/deeds/prog_leatherworking_50.webp,4352
DUP-01578,8eb05169985ce8dfb670540626d54786312d21996aab700f3cd8eed475012811,2,TEM-003545,TEMPLATE,public/ui/deeds/hid_gilded_tour.webp,6594
DUP-01578,8eb05169985ce8dfb670540626d54786312d21996aab700f3cd8eed475012811,2,NOV-006925,NOVO,01_Assets_Organizados/UI/deeds/hid_gilded_tour.webp,6594
DUP-01579,3938fd6b34987b31259fa6f54411bb88472c5b5001967ee13c853a37979d07b6,2,TEM-003546,TEMPLATE,public/ui/deeds/pvp_fiesta_double.webp,5608
DUP-01579,3938fd6b34987b31259fa6f54411bb88472c5b5001967ee13c853a37979d07b6,2,NOV-006926,NOVO,01_Assets_Organizados/UI/deeds/pvp_fiesta_double.webp,5608
DUP-01580,502f584bae12eef231d63022d1d60f6dcb64d78dcceef1aff50c1d2181e4d935,2,TEM-003547,TEMPLATE,public/ui/deeds/prog_craft_specialist.webp,5186
DUP-01580,502f584bae12eef231d63022d1d60f6dcb64d78dcceef1aff50c1d2181e4d935,2,NOV-006927,NOVO,01_Assets_Organizados/UI/deeds/prog_craft_specialist.webp,5186
DUP-01581,3286936e0aa20e3f0f0683f6e7484be88f222dfd7a7d62cce255e99832342119,2,TEM-003548,TEMPLATE,public/ui/deeds/pvp_arena_2v2_1750.webp,4950
DUP-01581,3286936e0aa20e3f0f0683f6e7484be88f222dfd7a7d62cce255e99832342119,2,NOV-006928,NOVO,01_Assets_Organizados/UI/deeds/pvp_arena_2v2_1750.webp,4950
DUP-01582,ab1e7198d500c463428e6981e7d60c88089cc706ae554e8fcfa4f0512acc2b32,2,TEM-003549,TEMPLATE,public/ui/deeds/dgn_boss_clears_50.webp,5240
DUP-01582,ab1e7198d500c463428e6981e7d60c88089cc706ae554e8fcfa4f0512acc2b32,2,NOV-006929,NOVO,01_Assets_Organizados/UI/deeds/dgn_boss_clears_50.webp,5240
DUP-01583,0d9e6300a3c05ce54aa4beb605a18412f1ac31dc13753feee4db62e76f505ee8,2,TEM-003550,TEMPLATE,public/ui/deeds/col_moonlit_bloom.webp,4914
DUP-01583,0d9e6300a3c05ce54aa4beb605a18412f1ac31dc13753feee4db62e76f505ee8,2,NOV-006930,NOVO,01_Assets_Organizados/UI/deeds/col_moonlit_bloom.webp,4914
DUP-01584,1e9365ec733eef7b7b53eda4169303b1a068403d937e603df990e2f4a2d3adc5,2,TEM-003551,TEMPLATE,public/ui/deeds/prog_first_harvest.webp,5402
DUP-01584,1e9365ec733eef7b7b53eda4169303b1a068403d937e603df990e2f4a2d3adc5,2,NOV-006931,NOVO,01_Assets_Organizados/UI/deeds/prog_first_harvest.webp,5402
DUP-01585,2a73705b1d2ecc7326d098558b3c6c3086a50a06a2decb65bdc600efde46cacb,2,TEM-003552,TEMPLATE,public/ui/deeds/soc_first_party.webp,5486
DUP-01585,2a73705b1d2ecc7326d098558b3c6c3086a50a06a2decb65bdc600efde46cacb,2,NOV-006932,NOVO,01_Assets_Organizados/UI/deeds/soc_first_party.webp,5486
DUP-01586,57484adba220d216a257c629f571fd77ffada930fa1748bc65632ac4c9fe42b9,2,TEM-003553,TEMPLATE,public/ui/deeds/prog_cooking_50.webp,4852
DUP-01586,57484adba220d216a257c629f571fd77ffada930fa1748bc65632ac4c9fe42b9,2,NOV-006934,NOVO,01_Assets_Organizados/UI/deeds/prog_cooking_50.webp,4852
DUP-01587,e03c88da5db8f3816fee5be68790591f5abfed3fefa3fa4dde45baea0ad2b21a,2,TEM-003554,TEMPLATE,public/ui/deeds/col_true_colors.webp,5952
DUP-01587,e03c88da5db8f3816fee5be68790591f5abfed3fefa3fa4dde45baea0ad2b21a,2,NOV-006935,NOVO,01_Assets_Organizados/UI/deeds/col_true_colors.webp,5952
DUP-01588,08f2608aa8725c80b38fe3f69133243f164e13e247468b508b0c3fe0ff776e26,2,TEM-003555,TEMPLATE,public/ui/deeds/chr_peaks_gatherer.webp,5202
DUP-01588,08f2608aa8725c80b38fe3f69133243f164e13e247468b508b0c3fe0ff776e26,2,NOV-006936,NOVO,01_Assets_Organizados/UI/deeds/chr_peaks_gatherer.webp,5202
DUP-01589,c030eac8882213e6843b073f336641abea22a1dd61b0539ad6a5d3007304a13e,2,TEM-003556,TEMPLATE,public/ui/deeds/pvp_arena_2v2_1600.webp,4888
DUP-01589,c030eac8882213e6843b073f336641abea22a1dd61b0539ad6a5d3007304a13e,2,NOV-006938,NOVO,01_Assets_Organizados/UI/deeds/pvp_arena_2v2_1600.webp,4888
DUP-01590,f006280ced2b54982249c063836844558e7562c379afde9ad6c4783b85c3e95a,2,TEM-003557,TEMPLATE,public/ui/deeds/dlv_companion_max.webp,6044
DUP-01590,f006280ced2b54982249c063836844558e7562c379afde9ad6c4783b85c3e95a,2,NOV-006939,NOVO,01_Assets_Organizados/UI/deeds/dlv_companion_max.webp,6044
DUP-01591,07ea825e76901d955565973ee672dbe1c119d77e366665054fcb6824f605156b,2,TEM-003558,TEMPLATE,public/ui/deeds/col_junk_drawer.webp,5418
DUP-01591,07ea825e76901d955565973ee672dbe1c119d77e366665054fcb6824f605156b,2,NOV-006940,NOVO,01_Assets_Organizados/UI/deeds/col_junk_drawer.webp,5418
DUP-01592,50fb4ae0f9f0dcc1857df0c1868de5a885dd72911483a809552d8051cb6acafd,2,TEM-003559,TEMPLATE,public/ui/deeds/prog_callused_hands.webp,5290
DUP-01592,50fb4ae0f9f0dcc1857df0c1868de5a885dd72911483a809552d8051cb6acafd,2,NOV-006941,NOVO,01_Assets_Organizados/UI/deeds/prog_callused_hands.webp,5290
DUP-01593,7e820d279e4da8f81775bd478d2b43c7d86cfd15499393a7db6c507b834afa4d,2,TEM-003560,TEMPLATE,public/ui/deeds/dgn_nythraxis_gravebreaker.webp,5880
DUP-01593,7e820d279e4da8f81775bd478d2b43c7d86cfd15499393a7db6c507b834afa4d,2,NOV-006942,NOVO,01_Assets_Organizados/UI/deeds/dgn_nythraxis_gravebreaker.webp,5880
DUP-01594,8f3ed31a5b8aec2479082a4e61db2cf9982f64874df4326aa6a3f199af9d0398,2,TEM-003561,TEMPLATE,public/ui/deeds/chr_marsh_first_cast.webp,5086
DUP-01594,8f3ed31a5b8aec2479082a4e61db2cf9982f64874df4326aa6a3f199af9d0398,2,NOV-006943,NOVO,01_Assets_Organizados/UI/deeds/chr_marsh_first_cast.webp,5086
DUP-01595,4d50e387586b53b2ded8e1164226660272725a226478012beb4ecc5c49a24e64,2,TEM-003562,TEMPLATE,public/ui/deeds/dgn_nythraxis_heroic.webp,5752
DUP-01595,4d50e387586b53b2ded8e1164226660272725a226478012beb4ecc5c49a24e64,2,NOV-006944,NOVO,01_Assets_Organizados/UI/deeds/dgn_nythraxis_heroic.webp,5752
DUP-01596,10f465cd6fa86bbd165c6c564c277467e2f5a24f0d5d2958d3fc7d0c0f645287,2,TEM-003563,TEMPLATE,public/ui/deeds/prog_grandmaster_armorcrafting.webp,5504
DUP-01596,10f465cd6fa86bbd165c6c564c277467e2f5a24f0d5d2958d3fc7d0c0f645287,2,NOV-006945,NOVO,01_Assets_Organizados/UI/deeds/prog_grandmaster_armorcrafting.webp,5504
DUP-01597,5f705b83784962ee4a506eeedb5bc21633462ce515021c2d696de1ff9787006f,2,TEM-003564,TEMPLATE,public/ui/deeds/prog_master_gatherer.webp,5570
DUP-01597,5f705b83784962ee4a506eeedb5bc21633462ce515021c2d696de1ff9787006f,2,NOV-006946,NOVO,01_Assets_Organizados/UI/deeds/prog_master_gatherer.webp,5570
DUP-01598,460c09e207f0aa80c3efbec5673aafba85f5ac2b4a334c864714d5c55b1a51d8,2,TEM-003565,TEMPLATE,public/ui/deeds/dgn_deepward.webp,6772
DUP-01598,460c09e207f0aa80c3efbec5673aafba85f5ac2b4a334c864714d5c55b1a51d8,2,NOV-006947,NOVO,01_Assets_Organizados/UI/deeds/dgn_deepward.webp,6772
DUP-01599,f821e0997c4d829cd2b84dc86174ec97ce958eb837793451543947a5e95bece5,2,TEM-003566,TEMPLATE,public/ui/deeds/col_first_epic.webp,5010
DUP-01599,f821e0997c4d829cd2b84dc86174ec97ce958eb837793451543947a5e95bece5,2,NOV-006948,NOVO,01_Assets_Organizados/UI/deeds/col_first_epic.webp,5010
DUP-01600,e82718df4e3dd966c44d99db1018b50856b443147eb973ccb52edf8d8ff55b22,2,TEM-003567,TEMPLATE,public/ui/deeds/feat_book_complete.webp,5258
DUP-01600,e82718df4e3dd966c44d99db1018b50856b443147eb973ccb52edf8d8ff55b22,2,NOV-006949,NOVO,01_Assets_Organizados/UI/deeds/feat_book_complete.webp,5258
DUP-01601,0514248f0b45076778bffa33cc141b7dc244de9a8a400d42a7bb4ae8bc644225,2,TEM-003568,TEMPLATE,public/ui/deeds/col_first_rare.webp,4862
DUP-01601,0514248f0b45076778bffa33cc141b7dc244de9a8a400d42a7bb4ae8bc644225,2,NOV-006951,NOVO,01_Assets_Organizados/UI/deeds/col_first_rare.webp,4862
DUP-01602,45f612fe1f74b662bb8fb8e7baf667b4e3fc7c7a4d2fa8ea040d70c20525d4d4,2,TEM-003569,TEMPLATE,public/ui/deeds/dgn_gravewyrm_sanctum.webp,5034
DUP-01602,45f612fe1f74b662bb8fb8e7baf667b4e3fc7c7a4d2fa8ea040d70c20525d4d4,2,NOV-006952,NOVO,01_Assets_Organizados/UI/deeds/dgn_gravewyrm_sanctum.webp,5034
DUP-01603,29b9b16d29eca9f49297ed970a0a6bf736c944503440eba72fca879fcc2d4e8a,2,TEM-003570,TEMPLATE,public/ui/deeds/col_set_greyjaw_stalker.webp,5656
DUP-01603,29b9b16d29eca9f49297ed970a0a6bf736c944503440eba72fca879fcc2d4e8a,2,NOV-006953,NOVO,01_Assets_Organizados/UI/deeds/col_set_greyjaw_stalker.webp,5656
DUP-01604,1605aaeb82b8e1a838bab4f7fefbedacc0059d2dffa5382f3d76bf55defbacc7,2,TEM-003571,TEMPLATE,public/ui/deeds/prog_prestige_10.webp,5740
DUP-01604,1605aaeb82b8e1a838bab4f7fefbedacc0059d2dffa5382f3d76bf55defbacc7,2,NOV-006954,NOVO,01_Assets_Organizados/UI/deeds/prog_prestige_10.webp,5740
DUP-01605,1ccf040384d3bc69913f1ad14a944b40bc917f5a2039a75196c72923ae5bb104,2,TEM-003572,TEMPLATE,public/ui/deeds/prog_first_craft.webp,5378
DUP-01605,1ccf040384d3bc69913f1ad14a944b40bc917f5a2039a75196c72923ae5bb104,2,NOV-006955,NOVO,01_Assets_Organizados/UI/deeds/prog_first_craft.webp,5378
DUP-01606,dce4003dab97f8886e047d98e5d4329a6b9ef104095071d4f3d6d6778a20e156,2,TEM-003573,TEMPLATE,public/ui/deeds/dgn_thornpeak_rounds.webp,6798
DUP-01606,dce4003dab97f8886e047d98e5d4329a6b9ef104095071d4f3d6d6778a20e156,2,NOV-006956,NOVO,01_Assets_Organizados/UI/deeds/dgn_thornpeak_rounds.webp,6798
DUP-01607,1a5685816b6a4517f59c4db796140e52928843e9f6de01d3f346e54ba37b1d92,2,TEM-003574,TEMPLATE,public/ui/deeds/cmb_critical_eye.webp,5470
DUP-01607,1a5685816b6a4517f59c4db796140e52928843e9f6de01d3f346e54ba37b1d92,2,NOV-006957,NOVO,01_Assets_Organizados/UI/deeds/cmb_critical_eye.webp,5470
DUP-01608,40dd1432d78fc65d187de1ee63da54a9f0a5d32b9f0f66a9bbdf5370d1ff3198,2,TEM-003575,TEMPLATE,public/ui/deeds/prog_the_long_middle.webp,5452
DUP-01608,40dd1432d78fc65d187de1ee63da54a9f0a5d32b9f0f66a9bbdf5370d1ff3198,2,NOV-006958,NOVO,01_Assets_Organizados/UI/deeds/prog_the_long_middle.webp,5452
DUP-01609,6b12206affbb221e936d4ea18f2d2a9d30a731d6d2aef596a0ebb92331598515,2,TEM-003576,TEMPLATE,public/ui/deeds/prog_first_steps.webp,5144
DUP-01609,6b12206affbb221e936d4ea18f2d2a9d30a731d6d2aef596a0ebb92331598515,2,NOV-006959,NOVO,01_Assets_Organizados/UI/deeds/prog_first_steps.webp,5144
DUP-01610,4217a5049e6d7394e2e870aed351453c132467bb68bf11d248c5d7f910329d91,2,TEM-003577,TEMPLATE,public/ui/deeds/dlv_nhalia_bells.webp,6020
DUP-01610,4217a5049e6d7394e2e870aed351453c132467bb68bf11d248c5d7f910329d91,2,NOV-006960,NOVO,01_Assets_Organizados/UI/deeds/dlv_nhalia_bells.webp,6020
DUP-01611,17732f6817c176a68bf6929871b76ffa6efe578cabb93ea5084306404760f1ae,2,TEM-003578,TEMPLATE,public/ui/deeds/cmb_thunzharr.webp,5216
DUP-01611,17732f6817c176a68bf6929871b76ffa6efe578cabb93ea5084306404760f1ae,2,NOV-006961,NOVO,01_Assets_Organizados/UI/deeds/cmb_thunzharr.webp,5216
DUP-01612,44afc2da9844e50fb4a8cd5372f9e4a110167bf9d1240cbac45ccf016a2e31d9,2,TEM-003579,TEMPLATE,public/ui/deeds/cmb_heavy_hitter.webp,5114
DUP-01612,44afc2da9844e50fb4a8cd5372f9e4a110167bf9d1240cbac45ccf016a2e31d9,2,NOV-006962,NOVO,01_Assets_Organizados/UI/deeds/cmb_heavy_hitter.webp,5114
DUP-01613,0936b69948825452c09e985d64b4bd82df611640d96c371a467a5e634ecb2f0e,2,TEM-003580,TEMPLATE,public/ui/deeds/pvp_arena_first_match.webp,5570
DUP-01613,0936b69948825452c09e985d64b4bd82df611640d96c371a467a5e634ecb2f0e,2,NOV-006963,NOVO,01_Assets_Organizados/UI/deeds/pvp_arena_first_match.webp,5570
DUP-01614,d2505942f1ad571da16b269de57cc2c11a82398bb148c0a17e8a5f16f622dffe,2,TEM-003581,TEMPLATE,public/ui/deeds/col_discovery_250.webp,5516
DUP-01614,d2505942f1ad571da16b269de57cc2c11a82398bb148c0a17e8a5f16f622dffe,2,NOV-006964,NOVO,01_Assets_Organizados/UI/deeds/col_discovery_250.webp,5516
DUP-01615,506080e5411ab14d44c03fccbc86bd5b75dcca55974c605edec0a9c95a84a704,2,TEM-003582,TEMPLATE,public/ui/deeds/feat_era_cap.webp,5690
DUP-01615,506080e5411ab14d44c03fccbc86bd5b75dcca55974c605edec0a9c95a84a704,2,NOV-006965,NOVO,01_Assets_Organizados/UI/deeds/feat_era_cap.webp,5690
DUP-01616,7c7e1b088c1eaffb98cf3479bcf862c785b7fc1a7e55d6b47d43be349240418a,2,TEM-003583,TEMPLATE,public/ui/deeds/chr_marsh_rares.webp,6030
DUP-01616,7c7e1b088c1eaffb98cf3479bcf862c785b7fc1a7e55d6b47d43be349240418a,2,NOV-006966,NOVO,01_Assets_Organizados/UI/deeds/chr_marsh_rares.webp,6030
DUP-01617,c68f8f4305823cb04d42dbae6c79b4da0ff657edfe773dd56103b34059e32af8,2,TEM-003584,TEMPLATE,public/ui/deeds/dgn_nythraxis_crypt.webp,5060
DUP-01617,c68f8f4305823cb04d42dbae6c79b4da0ff657edfe773dd56103b34059e32af8,2,NOV-006967,NOVO,01_Assets_Organizados/UI/deeds/dgn_nythraxis_crypt.webp,5060
DUP-01618,c6d314b46170f788028b79473a25ed77a7fded4f132e41342c7b8813b259e228,2,TEM-003585,TEMPLATE,public/ui/deeds/chr_peaks_sparring.webp,5948
DUP-01618,c6d314b46170f788028b79473a25ed77a7fded4f132e41342c7b8813b259e228,2,NOV-006968,NOVO,01_Assets_Organizados/UI/deeds/chr_peaks_sparring.webp,5948
DUP-01619,10acfced90856b4b28823440e276dae5c48ed2f92ac5c4153636ffb1f1f8b082,2,TEM-003586,TEMPLATE,public/ui/deeds/prog_crown_below.webp,4856
DUP-01619,10acfced90856b4b28823440e276dae5c48ed2f92ac5c4153636ffb1f1f8b082,2,NOV-006969,NOVO,01_Assets_Organizados/UI/deeds/prog_crown_below.webp,4856
DUP-01620,0f4ec090b931a1921a129a8fffde1c461a13997efed05ad0b616f4802f5be037,2,TEM-003587,TEMPLATE,public/ui/deeds/pvp_duel_grace.webp,5334
DUP-01620,0f4ec090b931a1921a129a8fffde1c461a13997efed05ad0b616f4802f5be037,2,NOV-006970,NOVO,01_Assets_Organizados/UI/deeds/pvp_duel_grace.webp,5334
DUP-01621,8a89f458cc6484551f1df32706ee4e9fa3de587cccc32fc2259814e3fe485734,2,TEM-003588,TEMPLATE,public/ui/deeds/chr_vale_chapter_i.webp,5796
DUP-01621,8a89f458cc6484551f1df32706ee4e9fa3de587cccc32fc2259814e3fe485734,2,NOV-006971,NOVO,01_Assets_Organizados/UI/deeds/chr_vale_chapter_i.webp,5796
DUP-01622,7ec1264436a81860dd53dcdda8beba1a8cbd51357e1607be67c8ca9dce416e89,2,TEM-003589,TEMPLATE,public/ui/deeds/prog_grandmaster_cooking.webp,5430
DUP-01622,7ec1264436a81860dd53dcdda8beba1a8cbd51357e1607be67c8ca9dce416e89,2,NOV-006972,NOVO,01_Assets_Organizados/UI/deeds/prog_grandmaster_cooking.webp,5430
DUP-01623,43283f660e6c447485356815f96c2049a95e757857cd246793722f6b93448d68,2,TEM-003590,TEMPLATE,public/ui/deeds/chr_marsh_chapter_iii.webp,4928
DUP-01623,43283f660e6c447485356815f96c2049a95e757857cd246793722f6b93448d68,2,NOV-006973,NOVO,01_Assets_Organizados/UI/deeds/chr_marsh_chapter_iii.webp,4928
DUP-01624,0e7bb6d382319383504c7ef01eaf90daac61c03d528a69f28e8d24dad2c10e10,2,TEM-003591,TEMPLATE,public/ui/deeds/hid_saul_footnote.webp,5878
DUP-01624,0e7bb6d382319383504c7ef01eaf90daac61c03d528a69f28e8d24dad2c10e10,2,NOV-006974,NOVO,01_Assets_Organizados/UI/deeds/hid_saul_footnote.webp,5878
DUP-01625,475fd86728e6a8efa151101e5420f6344350769d978e32ece9d62e694813c35f,2,TEM-003592,TEMPLATE,public/ui/deeds/prog_masterwright.webp,4754
DUP-01625,475fd86728e6a8efa151101e5420f6344350769d978e32ece9d62e694813c35f,2,NOV-006975,NOVO,01_Assets_Organizados/UI/deeds/prog_masterwright.webp,4754
DUP-01626,94d57a49970bff54aad7a979163f6417aeafd4480038fe3274c2e53db3a48e38,2,TEM-003593,TEMPLATE,public/ui/deeds/pvp_vcup_hat_trick.webp,4920
DUP-01626,94d57a49970bff54aad7a979163f6417aeafd4480038fe3274c2e53db3a48e38,2,NOV-006976,NOVO,01_Assets_Organizados/UI/deeds/pvp_vcup_hat_trick.webp,4920
DUP-01627,d4cc0abcb80c0cdb682d312cc4c8f0aea5c55639d73eb7b09481405c1beb683e,2,TEM-003594,TEMPLATE,public/ui/deeds/col_all_slots.webp,5200
DUP-01627,d4cc0abcb80c0cdb682d312cc4c8f0aea5c55639d73eb7b09481405c1beb683e,2,NOV-006977,NOVO,01_Assets_Organizados/UI/deeds/col_all_slots.webp,5200
DUP-01628,c809d8140ccc1ae72938aa6bf997e0cf724fa6e3d49099ef11e138bb7dfc68f3,2,TEM-003595,TEMPLATE,public/ui/deeds/prog_full_build.webp,7480
DUP-01628,c809d8140ccc1ae72938aa6bf997e0cf724fa6e3d49099ef11e138bb7dfc68f3,2,NOV-006978,NOVO,01_Assets_Organizados/UI/deeds/prog_full_build.webp,7480
DUP-01629,182ee7e07926879b13b76966579fcb5c8da166cd7fcb08455597ce658786a8f6,2,TEM-003596,TEMPLATE,public/ui/deeds/chr_peaks_glimmer_cast.webp,4860
DUP-01629,182ee7e07926879b13b76966579fcb5c8da166cd7fcb08455597ce658786a8f6,2,NOV-006979,NOVO,01_Assets_Organizados/UI/deeds/chr_peaks_glimmer_cast.webp,4860
DUP-01630,4ec5613eded46b6ffb6b6b4f718530c735ba630b6ef33195487fbe27d4f2279b,2,TEM-003597,TEMPLATE,public/ui/deeds/pvp_vcup_wins_25.webp,6170
DUP-01630,4ec5613eded46b6ffb6b6b4f718530c735ba630b6ef33195487fbe27d4f2279b,2,NOV-006980,NOVO,01_Assets_Organizados/UI/deeds/pvp_vcup_wins_25.webp,6170
DUP-01631,7d91de22a364832dc43c0e32c5e0f471c53beb492d81d29879012708a9649ab5,2,TEM-003598,TEMPLATE,public/ui/deeds/dgn_hollow_crypt_heroic.webp,5438
DUP-01631,7d91de22a364832dc43c0e32c5e0f471c53beb492d81d29879012708a9649ab5,2,NOV-006981,NOVO,01_Assets_Organizados/UI/deeds/dgn_hollow_crypt_heroic.webp,5438
DUP-01632,48806f42101f3dd4bb4cf57af2c187e2103e5e6710df251f977987a1c9025efb,2,TEM-003599,TEMPLATE,public/ui/deeds/prog_tools_of_the_trade.webp,5304
DUP-01632,48806f42101f3dd4bb4cf57af2c187e2103e5e6710df251f977987a1c9025efb,2,NOV-006983,NOVO,01_Assets_Organizados/UI/deeds/prog_tools_of_the_trade.webp,5304
DUP-01633,00d733d3341ef9d6bcbd348dff3230fb4d02b053164db9bfe17fe17e9e1f2c8a,2,TEM-003600,TEMPLATE,public/ui/deeds/pvp_vcup_first_win.webp,4642
DUP-01633,00d733d3341ef9d6bcbd348dff3230fb4d02b053164db9bfe17fe17e9e1f2c8a,2,NOV-006984,NOVO,01_Assets_Organizados/UI/deeds/pvp_vcup_first_win.webp,4642
DUP-01634,bc861118c9f1f1f2658f1febb13035fc0af97a4b273d991334a58a3af96471ba,2,TEM-003601,TEMPLATE,public/ui/deeds/prog_enchanting_50.webp,5528
DUP-01634,bc861118c9f1f1f2658f1febb13035fc0af97a4b273d991334a58a3af96471ba,2,NOV-006986,NOVO,01_Assets_Organizados/UI/deeds/prog_enchanting_50.webp,5528
DUP-01635,76a89c64921fd8555b4f342e1932b2f411945de3f379465ac3b43c22b5832a19,2,TEM-003602,TEMPLATE,public/ui/deeds/chr_peaks_chapter_iii.webp,5174
DUP-01635,76a89c64921fd8555b4f342e1932b2f411945de3f379465ac3b43c22b5832a19,2,NOV-006987,NOVO,01_Assets_Organizados/UI/deeds/chr_peaks_chapter_iii.webp,5174
DUP-01636,e7a80ffa9064a58568b8e69d034c0eeafd5ba0bb2e7b5a66dae70a9dfbc7e0b5,2,TEM-003603,TEMPLATE,public/ui/deeds/dlv_reliquary_heroic.webp,6172
DUP-01636,e7a80ffa9064a58568b8e69d034c0eeafd5ba0bb2e7b5a66dae70a9dfbc7e0b5,2,NOV-006988,NOVO,01_Assets_Organizados/UI/deeds/dlv_reliquary_heroic.webp,6172
DUP-01637,af732821e70719dcd447fa5641145469ca96684f6f7c85f93905db1ba98ef924,2,TEM-003604,TEMPLATE,public/ui/deeds/cmb_legion_of_one.webp,5222
DUP-01637,af732821e70719dcd447fa5641145469ca96684f6f7c85f93905db1ba98ef924,2,NOV-006989,NOVO,01_Assets_Organizados/UI/deeds/cmb_legion_of_one.webp,5222
DUP-01638,eae2cde0c329dc9ea2c2b1ec00df39d4fbb53066f92e3ca515c02413db2c0ded,2,TEM-003605,TEMPLATE,public/ui/deeds/chr_marsh_hush_the_mending.webp,4514
DUP-01638,eae2cde0c329dc9ea2c2b1ec00df39d4fbb53066f92e3ca515c02413db2c0ded,2,NOV-006990,NOVO,01_Assets_Organizados/UI/deeds/chr_marsh_hush_the_mending.webp,4514
DUP-01639,21ed394a715410173ee18aef589512976acba6f4463240719131d19eec77b5ad,2,TEM-003606,TEMPLATE,public/ui/deeds/prog_herbalism_100.webp,5702
DUP-01639,21ed394a715410173ee18aef589512976acba6f4463240719131d19eec77b5ad,2,NOV-006991,NOVO,01_Assets_Organizados/UI/deeds/prog_herbalism_100.webp,5702
DUP-01640,08e1aaf1a0231fda5b58d6da06a9afffbd963becbd278dee09be8b79d48f5eae,2,TEM-003607,TEMPLATE,public/ui/deeds/pvp_fiesta_first_bout.webp,5894
DUP-01640,08e1aaf1a0231fda5b58d6da06a9afffbd963becbd278dee09be8b79d48f5eae,2,NOV-006992,NOVO,01_Assets_Organizados/UI/deeds/pvp_fiesta_first_bout.webp,5894
DUP-01641,c831e80409f50f68fcaf64f152731e182a22d49a4ac87d5a78ca9e4b0cbe6153,2,TEM-003608,TEMPLATE,public/ui/deeds/chr_peaks_waking_witness.webp,5062
DUP-01641,c831e80409f50f68fcaf64f152731e182a22d49a4ac87d5a78ca9e4b0cbe6153,2,NOV-006993,NOVO,01_Assets_Organizados/UI/deeds/chr_peaks_waking_witness.webp,5062
DUP-01642,fcbbb72d53849743250e8a11ea59769db1dde54fd8f96fe5e2338b3a6cfd4992,2,TEM-003609,TEMPLATE,public/ui/deeds/hid_codfather.webp,5422
DUP-01642,fcbbb72d53849743250e8a11ea59769db1dde54fd8f96fe5e2338b3a6cfd4992,2,NOV-006994,NOVO,01_Assets_Organizados/UI/deeds/hid_codfather.webp,5422
DUP-01643,4c38fba680b298150427e8f672f5fb35748ae448d3dd30f2c5ae283089df345d,2,TEM-003610,TEMPLATE,public/ui/deeds/chr_marsh_unburst.webp,4946
DUP-01643,4c38fba680b298150427e8f672f5fb35748ae448d3dd30f2c5ae283089df345d,2,NOV-006995,NOVO,01_Assets_Organizados/UI/deeds/chr_marsh_unburst.webp,4946
DUP-01644,82dc2e5d13b2957868fb5b2f6083dcbf94c88f6f541733f778ae5b75ba620456,2,TEM-003611,TEMPLATE,public/ui/deeds/dgn_morthen_trio.webp,5110
DUP-01644,82dc2e5d13b2957868fb5b2f6083dcbf94c88f6f541733f778ae5b75ba620456,2,NOV-006997,NOVO,01_Assets_Organizados/UI/deeds/dgn_morthen_trio.webp,5110
DUP-01645,55054a75f56e48bb8931cc899c74557aa8fd09767eaf092aee17e987d2e606ed,2,TEM-003612,TEMPLATE,public/ui/deeds/pvp_vcup_guild_win.webp,5918
DUP-01645,55054a75f56e48bb8931cc899c74557aa8fd09767eaf092aee17e987d2e606ed,2,NOV-006999,NOVO,01_Assets_Organizados/UI/deeds/pvp_vcup_guild_win.webp,5918
DUP-01646,24013529fe5e2a6bf5beab15cc4d3567edfb5ac23cb545d5809cd9bb19d326be,2,TEM-003613,TEMPLATE,public/ui/deeds/col_ancient_heartwood.webp,5050
DUP-01646,24013529fe5e2a6bf5beab15cc4d3567edfb5ac23cb545d5809cd9bb19d326be,2,NOV-007000,NOVO,01_Assets_Organizados/UI/deeds/col_ancient_heartwood.webp,5050
DUP-01647,98409e443cc678db40dbd4196e3050b28a68304195243aa73a0cec0fa6f3ae3f,2,TEM-003614,TEMPLATE,public/ui/deeds/soc_first_sale.webp,5498
DUP-01647,98409e443cc678db40dbd4196e3050b28a68304195243aa73a0cec0fa6f3ae3f,2,NOV-007001,NOVO,01_Assets_Organizados/UI/deeds/soc_first_sale.webp,5498
DUP-01648,2abef5e9c808fbd71e3550c63e0f536d2e6b84c4cf4fe769e3f369a5f27c2504,2,TEM-003615,TEMPLATE,public/ui/deeds/prog_mining_100.webp,5150
DUP-01648,2abef5e9c808fbd71e3550c63e0f536d2e6b84c4cf4fe769e3f369a5f27c2504,2,NOV-007002,NOVO,01_Assets_Organizados/UI/deeds/prog_mining_100.webp,5150
DUP-01649,1f1511275ba0be71d6db27c93257f3bc4877a0f7de088689ecabb7a38a540915,2,TEM-003616,TEMPLATE,public/ui/deeds/dgn_velkhar_bonewalkers.webp,4846
DUP-01649,1f1511275ba0be71d6db27c93257f3bc4877a0f7de088689ecabb7a38a540915,2,NOV-007003,NOVO,01_Assets_Organizados/UI/deeds/dgn_velkhar_bonewalkers.webp,4846
DUP-01650,80ffe9f24554d934b8962c9b4997c5609a6b34e9592d18b56afffcfc4514b7e8,2,TEM-003617,TEMPLATE,public/ui/deeds/chr_vale_chapter_iii.webp,5874
DUP-01650,80ffe9f24554d934b8962c9b4997c5609a6b34e9592d18b56afffcfc4514b7e8,2,NOV-007004,NOVO,01_Assets_Organizados/UI/deeds/chr_vale_chapter_iii.webp,5874
DUP-01651,1f0cbe0e90a45036fa81eb2d99b292aecba66698132c8dc872e742730fd322dd,2,TEM-003618,TEMPLATE,public/ui/deeds/dgn_hollow_crypt.webp,4846
DUP-01651,1f0cbe0e90a45036fa81eb2d99b292aecba66698132c8dc872e742730fd322dd,2,NOV-007005,NOVO,01_Assets_Organizados/UI/deeds/dgn_hollow_crypt.webp,4846
DUP-01652,f58e0e1ff495c297c82a8912d300e95bca9842e65cbdefd8173ad47b68840b17,2,TEM-003619,TEMPLATE,public/ui/deeds/chr_vale_packbreaker.webp,4820
DUP-01652,f58e0e1ff495c297c82a8912d300e95bca9842e65cbdefd8173ad47b68840b17,2,NOV-007006,NOVO,01_Assets_Organizados/UI/deeds/chr_vale_packbreaker.webp,4820
DUP-01653,267a095d0df4e59674a4c514523af3b36ab495a7cc8f7cc1df910fd7539624ed,2,TEM-003620,TEMPLATE,public/ui/deeds/chr_hollow_rares.webp,5220
DUP-01653,267a095d0df4e59674a4c514523af3b36ab495a7cc8f7cc1df910fd7539624ed,2,NOV-007007,NOVO,01_Assets_Organizados/UI/deeds/chr_hollow_rares.webp,5220
DUP-01654,62dc18c33224debabd0d9f950237c121bd54543f889b597597aa70bc34c25051,2,TEM-003621,TEMPLATE,public/ui/deeds/chr_peaks_rares_ii.webp,5180
DUP-01654,62dc18c33224debabd0d9f950237c121bd54543f889b597597aa70bc34c25051,2,NOV-007008,NOVO,01_Assets_Organizados/UI/deeds/chr_peaks_rares_ii.webp,5180
DUP-01655,a3964816b0c4e85896648008b261342bb6ba565e2ef17f929f67c9ee41837044,2,TEM-003622,TEMPLATE,public/ui/deeds/col_set_nighttalon.webp,5678
DUP-01655,a3964816b0c4e85896648008b261342bb6ba565e2ef17f929f67c9ee41837044,2,NOV-007009,NOVO,01_Assets_Organizados/UI/deeds/col_set_nighttalon.webp,5678
DUP-01656,10f893aee1a4f782d644623e46e678cf297b04eb59560a2c2f421a342d4df2ef,2,TEM-003623,TEMPLATE,public/ui/deeds/prog_mere_at_rest.webp,4434
DUP-01656,10f893aee1a4f782d644623e46e678cf297b04eb59560a2c2f421a342d4df2ef,2,NOV-007010,NOVO,01_Assets_Organizados/UI/deeds/prog_mere_at_rest.webp,4434
DUP-01657,0a077f8c3e400b15eed1aeacc90d45f56452e5d650f972d56f7913a69deef8c0,2,TEM-003624,TEMPLATE,public/ui/deeds/soc_room_for_more.webp,5780
DUP-01657,0a077f8c3e400b15eed1aeacc90d45f56452e5d650f972d56f7913a69deef8c0,2,NOV-007012,NOVO,01_Assets_Organizados/UI/deeds/soc_room_for_more.webp,5780
DUP-01658,4d1449e832602ef2424c6cde1335d8860bed108448bd76a949244d02c8d981ee,2,TEM-003625,TEMPLATE,public/ui/deeds/col_set_boundstone_vanguard.webp,6160
DUP-01658,4d1449e832602ef2424c6cde1335d8860bed108448bd76a949244d02c8d981ee,2,NOV-007013,NOVO,01_Assets_Organizados/UI/deeds/col_set_boundstone_vanguard.webp,6160
DUP-01659,d038cdc4c862fad97c87e1d83ce799fe1734f26d6f5e0844493012e7e2392708,2,TEM-003626,TEMPLATE,public/ui/deeds/cmb_thunzharr_unbroken.webp,5122
DUP-01659,d038cdc4c862fad97c87e1d83ce799fe1734f26d6f5e0844493012e7e2392708,2,NOV-007015,NOVO,01_Assets_Organizados/UI/deeds/cmb_thunzharr_unbroken.webp,5122
DUP-01660,156a163f2dfc57f9042ac2f91974ee979d71f488cb612b9d3a30150c8f56bd07,2,TEM-003627,TEMPLATE,public/ui/deeds/prog_master_angler.webp,5624
DUP-01660,156a163f2dfc57f9042ac2f91974ee979d71f488cb612b9d3a30150c8f56bd07,2,NOV-007018,NOVO,01_Assets_Organizados/UI/deeds/prog_master_angler.webp,5624
DUP-01661,d29550f3234a6ad5658b469bbf06d682c4e6087ca8beb0bcd3495d2543e9a96e,2,TEM-003628,TEMPLATE,public/ui/deeds/chr_peaks_chapter_ii.webp,5692
DUP-01661,d29550f3234a6ad5658b469bbf06d682c4e6087ca8beb0bcd3495d2543e9a96e,2,NOV-007019,NOVO,01_Assets_Organizados/UI/deeds/chr_peaks_chapter_ii.webp,5692
DUP-01662,25ea795a5d86722076b36c85c6309804075d14772db526fc62044cbd42fa9433,2,TEM-003629,TEMPLATE,public/ui/deeds/chr_marsh_gatherer.webp,5274
DUP-01662,25ea795a5d86722076b36c85c6309804075d14772db526fc62044cbd42fa9433,2,NOV-007020,NOVO,01_Assets_Organizados/UI/deeds/chr_marsh_gatherer.webp,5274
DUP-01663,093ba742497b6702f28d09a58872a0fe75f51a25e512477e6d730af344d81175,2,TEM-003630,TEMPLATE,public/ui/deeds/soc_gilded_strongbox.webp,5554
DUP-01663,093ba742497b6702f28d09a58872a0fe75f51a25e512477e6d730af344d81175,2,NOV-007021,NOVO,01_Assets_Organizados/UI/deeds/soc_gilded_strongbox.webp,5554
DUP-01664,80df2edcadfb32571e654de409ac8b74714e4380ced7b7d93aa0b074f13414fc,2,TEM-003631,TEMPLATE,public/ui/deeds/col_set_necromancers.webp,4784
DUP-01664,80df2edcadfb32571e654de409ac8b74714e4380ced7b7d93aa0b074f13414fc,2,NOV-007022,NOVO,01_Assets_Organizados/UI/deeds/col_set_necromancers.webp,4784
DUP-01665,3323ef2a6f8630ce14fe61a23f3d8868a084e7330eafec3e0b83c0723c6cf04e,2,TEM-003632,TEMPLATE,public/ui/deeds/dgn_vael_thralls.webp,6122
DUP-01665,3323ef2a6f8630ce14fe61a23f3d8868a084e7330eafec3e0b83c0723c6cf04e,2,NOV-007023,NOVO,01_Assets_Organizados/UI/deeds/dgn_vael_thralls.webp,6122
DUP-01666,6658f38bd37edf10072dd651fe95d6cc09f4df1fcfbaac6fa54c0a630030ae5b,2,TEM-003633,TEMPLATE,public/ui/deeds/prog_prestige_5.webp,5190
DUP-01666,6658f38bd37edf10072dd651fe95d6cc09f4df1fcfbaac6fa54c0a630030ae5b,2,NOV-007024,NOVO,01_Assets_Organizados/UI/deeds/prog_prestige_5.webp,5190
DUP-01667,b67292bc9d87b02e4a8dfc8d9611e4e5100ef0ebb090cf5478a024b441cd87c9,2,TEM-003634,TEMPLATE,public/ui/deeds/chr_marsh_chapter_ii.webp,4586
DUP-01667,b67292bc9d87b02e4a8dfc8d9611e4e5100ef0ebb090cf5478a024b441cd87c9,2,NOV-007025,NOVO,01_Assets_Organizados/UI/deeds/chr_marsh_chapter_ii.webp,4586
DUP-01668,9efda5a7630fb5a59df204c99ae7d4116896f10cf7d863198251714913b5048d,2,TEM-003635,TEMPLATE,public/ui/deeds/dgn_morthen_flawless.webp,5226
DUP-01668,9efda5a7630fb5a59df204c99ae7d4116896f10cf7d863198251714913b5048d,2,NOV-007026,NOVO,01_Assets_Organizados/UI/deeds/dgn_morthen_flawless.webp,5226
DUP-01669,dce7c6bb1dd2d588f7ddbffcc33a386827b389dd166085963f8703309224d195,2,TEM-003636,TEMPLATE,public/ui/deeds/hid_yumi_cheer.webp,7084
DUP-01669,dce7c6bb1dd2d588f7ddbffcc33a386827b389dd166085963f8703309224d195,2,NOV-007027,NOVO,01_Assets_Organizados/UI/deeds/hid_yumi_cheer.webp,7084
DUP-01670,f73d5b0d2bd05c137208912d7838fabb01af84718a1bc98f8accafef1b9dee69,2,TEM-003637,TEMPLATE,public/ui/deeds/chr_vale_chapter_ii.webp,5440
DUP-01670,f73d5b0d2bd05c137208912d7838fabb01af84718a1bc98f8accafef1b9dee69,2,NOV-007029,NOVO,01_Assets_Organizados/UI/deeds/chr_vale_chapter_ii.webp,5440
DUP-01671,c9ac35e56f60048cf7cd670b0b78d209e64ae58ffd20a1a616f4469eb793fe7b,2,TEM-003638,TEMPLATE,public/ui/deeds/prog_finding_your_feet.webp,5500
DUP-01671,c9ac35e56f60048cf7cd670b0b78d209e64ae58ffd20a1a616f4469eb793fe7b,2,NOV-007030,NOVO,01_Assets_Organizados/UI/deeds/prog_finding_your_feet.webp,5500
DUP-01672,c0dbcb0355f7ba5056e7f9c531a8a38726bb49abb99274aa96a7a9c793425409,2,TEM-003639,TEMPLATE,public/ui/deeds/pvp_arena_1v1_1600.webp,4968
DUP-01672,c0dbcb0355f7ba5056e7f9c531a8a38726bb49abb99274aa96a7a9c793425409,2,NOV-007032,NOVO,01_Assets_Organizados/UI/deeds/pvp_arena_1v1_1600.webp,4968
DUP-01673,8244205171c06090524077869e10fc2c7121d315408861a5340e2c978adff41c,2,TEM-003640,TEMPLATE,public/ui/deeds/pvp_vcup_golden_goal.webp,5196
DUP-01673,8244205171c06090524077869e10fc2c7121d315408861a5340e2c978adff41c,2,NOV-007033,NOVO,01_Assets_Organizados/UI/deeds/pvp_vcup_golden_goal.webp,5196
DUP-01674,d1c0b9ef0fba4e28953a1c3be0d53598f3f565523ecc8290d55fdc939c0adca0,2,TEM-003641,TEMPLATE,public/ui/deeds/chr_vale_rares.webp,5960
DUP-01674,d1c0b9ef0fba4e28953a1c3be0d53598f3f565523ecc8290d55fdc939c0adca0,2,NOV-007034,NOVO,01_Assets_Organizados/UI/deeds/chr_vale_rares.webp,5960
DUP-01675,66a0d69ecde204f9e374dacb1342ae78f5025d1cdce3a04633aad91a429a147e,2,TEM-003642,TEMPLATE,public/ui/deeds/col_seven_regalia.webp,5816
DUP-01675,66a0d69ecde204f9e374dacb1342ae78f5025d1cdce3a04633aad91a429a147e,2,NOV-007035,NOVO,01_Assets_Organizados/UI/deeds/col_seven_regalia.webp,5816
DUP-01676,96c7ec98635c9fff4c2e2acc03c2c874fbe07d9517bab59ada4680b24c8eeab3,2,TEM-003643,TEMPLATE,public/ui/deeds/dgn_olen_arc.webp,5530
DUP-01676,96c7ec98635c9fff4c2e2acc03c2c874fbe07d9517bab59ada4680b24c8eeab3,2,NOV-007036,NOVO,01_Assets_Organizados/UI/deeds/dgn_olen_arc.webp,5530
DUP-01677,6f403e9fe5b7018187aa4dc7863dd42d8012bd8d0d34051a02b9bc6b6aa21a0f,2,TEM-003644,TEMPLATE,public/ui/deeds/cmb_thunzharr_ten.webp,5612
DUP-01677,6f403e9fe5b7018187aa4dc7863dd42d8012bd8d0d34051a02b9bc6b6aa21a0f,2,NOV-007037,NOVO,01_Assets_Organizados/UI/deeds/cmb_thunzharr_ten.webp,5612
DUP-01678,58fdd4b9d522339c8d5bb86adcd59a8ca4f183dd68d8d387c7fb3a7720711727,2,TEM-003645,TEMPLATE,public/ui/deeds/dgn_ysolei_flawless.webp,4792
DUP-01678,58fdd4b9d522339c8d5bb86adcd59a8ca4f183dd68d8d387c7fb3a7720711727,2,NOV-007038,NOVO,01_Assets_Organizados/UI/deeds/dgn_ysolei_flawless.webp,4792
DUP-01679,5ce36fd9ecff7777eb8e9e285cf2271906e27d3835f87c7f5fdf9995e7027b65,2,TEM-003646,TEMPLATE,public/ui/deeds/exp_world_traveler.webp,5770
DUP-01679,5ce36fd9ecff7777eb8e9e285cf2271906e27d3835f87c7f5fdf9995e7027b65,2,NOV-007039,NOVO,01_Assets_Organizados/UI/deeds/exp_world_traveler.webp,5770
DUP-01680,07e2ede29590beafd47c441865228925771488a83b7946a307159d7ceee6b1c2,2,TEM-003647,TEMPLATE,public/ui/deeds/pvp_arena_first_win.webp,5010
DUP-01680,07e2ede29590beafd47c441865228925771488a83b7946a307159d7ceee6b1c2,2,NOV-007042,NOVO,01_Assets_Organizados/UI/deeds/pvp_arena_first_win.webp,5010
DUP-01681,b95f0b0844af24dc09f84d9c37af352d72f9b28aaa92e3af9a285ded279df8f9,2,TEM-003648,TEMPLATE,public/ui/deeds/prog_armorcrafting_50.webp,4868
DUP-01681,b95f0b0844af24dc09f84d9c37af352d72f9b28aaa92e3af9a285ded279df8f9,2,NOV-007043,NOVO,01_Assets_Organizados/UI/deeds/prog_armorcrafting_50.webp,4868
DUP-01682,d04a8ab9ef52b42272870b7becbf2aa2a65b49bff2e77c322f426fb385fc4989,2,TEM-003649,TEMPLATE,public/ui/deeds/soc_heavy_purse.webp,5518
DUP-01682,d04a8ab9ef52b42272870b7becbf2aa2a65b49bff2e77c322f426fb385fc4989,2,NOV-007044,NOVO,01_Assets_Organizados/UI/deeds/soc_heavy_purse.webp,5518
DUP-01683,00d870b7ff90893a62256d92db41310e1c3842a09aac1cb96dbeac622ed72ca8,2,TEM-003650,TEMPLATE,public/ui/deeds/dlv_rite_flawless.webp,6708
DUP-01683,00d870b7ff90893a62256d92db41310e1c3842a09aac1cb96dbeac622ed72ca8,2,NOV-007045,NOVO,01_Assets_Organizados/UI/deeds/dlv_rite_flawless.webp,6708
DUP-01684,242113ef6f07a22ff83494895ef37fa8b67aec772828721c59e07f1acb6c0696,2,TEM-003651,TEMPLATE,public/ui/deeds/prog_tailoring_50.webp,5206
DUP-01684,242113ef6f07a22ff83494895ef37fa8b67aec772828721c59e07f1acb6c0696,2,NOV-007046,NOVO,01_Assets_Organizados/UI/deeds/prog_tailoring_50.webp,5206
DUP-01685,7ff79e76baaf9d8f86516f6cf070ac641e9b8a1d4f5ca4f83b45934055e9a42e,2,TEM-003652,TEMPLATE,public/ui/deeds/prog_specialized.webp,5806
DUP-01685,7ff79e76baaf9d8f86516f6cf070ac641e9b8a1d4f5ca4f83b45934055e9a42e,2,NOV-007047,NOVO,01_Assets_Organizados/UI/deeds/prog_specialized.webp,5806
DUP-01686,892d6dcb5a778367a66f7fa049a654857391cabe6ba956b814b6a786ea3b0c87,2,TEM-003653,TEMPLATE,public/ui/deeds/dlv_litany_heroic.webp,5454
DUP-01686,892d6dcb5a778367a66f7fa049a654857391cabe6ba956b814b6a786ea3b0c87,2,NOV-007048,NOVO,01_Assets_Organizados/UI/deeds/dlv_litany_heroic.webp,5454
DUP-01687,9dfb4d3a9ce9130eaca153559809c177c01093f69f330583bfe279f53516d024,2,TEM-003654,TEMPLATE,public/ui/deeds/dlv_tumbler_premium.webp,6226
DUP-01687,9dfb4d3a9ce9130eaca153559809c177c01093f69f330583bfe279f53516d024,2,NOV-007049,NOVO,01_Assets_Organizados/UI/deeds/dlv_tumbler_premium.webp,6226
DUP-01688,40ca53cfc625d72cfe316425b6012aa30889ccb474fc66817d04791addd5b597,2,TEM-003655,TEMPLATE,public/ui/deeds/cmb_first_blood.webp,4988
DUP-01688,40ca53cfc625d72cfe316425b6012aa30889ccb474fc66817d04791addd5b597,2,NOV-007050,NOVO,01_Assets_Organizados/UI/deeds/cmb_first_blood.webp,4988
DUP-01689,13d7061a8c9e697b1a4d38c183e0e3ef329b693d9b6cc43b61a0d365cc2e2b6d,2,TEM-003656,TEMPLATE,public/ui/deeds/pvp_vcup_first_goal.webp,4900
DUP-01689,13d7061a8c9e697b1a4d38c183e0e3ef329b693d9b6cc43b61a0d365cc2e2b6d,2,NOV-007051,NOVO,01_Assets_Organizados/UI/deeds/pvp_vcup_first_goal.webp,4900
DUP-01690,7f2d639f18603668947cc1f054578b473731fa907eb4786a4312a357249c9054,2,TEM-003657,TEMPLATE,public/ui/deeds/soc_guild_joined.webp,6098
DUP-01690,7f2d639f18603668947cc1f054578b473731fa907eb4786a4312a357249c9054,2,NOV-007052,NOVO,01_Assets_Organizados/UI/deeds/soc_guild_joined.webp,6098
DUP-01691,dee0c0a7d48c7c9bb47416d47922f223fac96c1c949375a55fcc39d75e041cf2,2,TEM-003658,TEMPLATE,public/ui/deeds/chr_farshore_gatherer.webp,4920
DUP-01691,dee0c0a7d48c7c9bb47416d47922f223fac96c1c949375a55fcc39d75e041cf2,2,NOV-007053,NOVO,01_Assets_Organizados/UI/deeds/chr_farshore_gatherer.webp,4920
DUP-01692,d30bf360933e1d34e65142c96d98215feb806dd498cd5e90c2a4143322b00c0d,2,TEM-003659,TEMPLATE,public/ui/deeds/dgn_nythraxis_deathless.webp,5976
DUP-01692,d30bf360933e1d34e65142c96d98215feb806dd498cd5e90c2a4143322b00c0d,2,NOV-007054,NOVO,01_Assets_Organizados/UI/deeds/dgn_nythraxis_deathless.webp,5976
DUP-01693,7ffdefda1eede7915d3f5cf4ac2984dab6038f80158b4cc16eb5e2d8972cb6f4,2,TEM-003660,TEMPLATE,public/ui/deeds/chr_peaks_chapter_i.webp,5374
DUP-01693,7ffdefda1eede7915d3f5cf4ac2984dab6038f80158b4cc16eb5e2d8972cb6f4,2,NOV-007055,NOVO,01_Assets_Organizados/UI/deeds/chr_peaks_chapter_i.webp,5374
DUP-01694,c40a0196391e97737e6f5c5ed692657141f4a74af1a562950588a1b5c6b4dc6c,2,TEM-003661,TEMPLATE,public/ui/deeds/pvp_vcup_first_save.webp,5356
DUP-01694,c40a0196391e97737e6f5c5ed692657141f4a74af1a562950588a1b5c6b4dc6c,2,NOV-007056,NOVO,01_Assets_Organizados/UI/deeds/pvp_vcup_first_save.webp,5356
DUP-01695,1e3cf136a5d826a18dcdc334113fbecb3e19633436734378977d91989f548f61,2,TEM-003662,TEMPLATE,public/ui/deeds/col_first_legendary.webp,5324
DUP-01695,1e3cf136a5d826a18dcdc334113fbecb3e19633436734378977d91989f548f61,2,NOV-007057,NOVO,01_Assets_Organizados/UI/deeds/col_first_legendary.webp,5324
DUP-01696,df81020b240caad3d538657de293380b46d8211355e3d23a4dea6d08795dd17c,2,TEM-003663,TEMPLATE,public/ui/deeds/chr_vale_gatherer.webp,5300
DUP-01696,df81020b240caad3d538657de293380b46d8211355e3d23a4dea6d08795dd17c,2,NOV-007058,NOVO,01_Assets_Organizados/UI/deeds/chr_vale_gatherer.webp,5300
DUP-01697,1b42cdc2c8f6a4ac9ae2b39959fa1461693093595c6eca4e8f0025058e80b955,2,TEM-003664,TEMPLATE,public/ui/deeds/col_discovery_150.webp,5816
DUP-01697,1b42cdc2c8f6a4ac9ae2b39959fa1461693093595c6eca4e8f0025058e80b955,2,NOV-007059,NOVO,01_Assets_Organizados/UI/deeds/col_discovery_150.webp,5816
DUP-01698,73386057aba8fa8a2637a6f32d5d38be992ac2eef2bd3bceae8ef0e2e2a28ecf,2,TEM-003665,TEMPLATE,public/ui/deeds/dgn_nythraxis.webp,5318
DUP-01698,73386057aba8fa8a2637a6f32d5d38be992ac2eef2bd3bceae8ef0e2e2a28ecf,2,NOV-007060,NOVO,01_Assets_Organizados/UI/deeds/dgn_nythraxis.webp,5318
DUP-01699,7640ae22f08da8f378b2219b60668089cc728266d06c2f1196164fc2daf7de8d,2,TEM-003666,TEMPLATE,public/ui/deeds/dgn_wildheart_basin_heroic.webp,5996
DUP-01699,7640ae22f08da8f378b2219b60668089cc728266d06c2f1196164fc2daf7de8d,2,NOV-007061,NOVO,01_Assets_Organizados/UI/deeds/dgn_wildheart_basin_heroic.webp,5996
DUP-01700,cdcefb16d71277f9c1743cf9c6afeb0ef3fbbd4fa6ee235e3143de6eea3c8502,2,TEM-003667,TEMPLATE,public/ui/deeds/prog_grandmaster_weaponcrafting.webp,5280
DUP-01700,cdcefb16d71277f9c1743cf9c6afeb0ef3fbbd4fa6ee235e3143de6eea3c8502,2,NOV-007062,NOVO,01_Assets_Organizados/UI/deeds/prog_grandmaster_weaponcrafting.webp,5280
DUP-01701,9de331c22b0a611d5f89cc298711f88c826f480d0c43b97b3cbebf8a78d4a510,2,TEM-003668,TEMPLATE,public/ui/deeds/soc_first_trade.webp,5358
DUP-01701,9de331c22b0a611d5f89cc298711f88c826f480d0c43b97b3cbebf8a78d4a510,2,NOV-007063,NOVO,01_Assets_Organizados/UI/deeds/soc_first_trade.webp,5358
DUP-01702,08bdb86152584bc1789451f64a2f5c08dc05e3ad9b0919a5f6bc83d60d1d7f18,2,TEM-003669,TEMPLATE,public/ui/deeds/chr_vale_first_cast.webp,5218
DUP-01702,08bdb86152584bc1789451f64a2f5c08dc05e3ad9b0919a5f6bc83d60d1d7f18,2,NOV-007064,NOVO,01_Assets_Organizados/UI/deeds/chr_vale_first_cast.webp,5218
DUP-01703,4cec262ae35d44d21749caecaa45d7241bb8fd00fe37d9145c679194095acb9f,2,TEM-003670,TEMPLATE,public/ui/deeds/pvp_vcup_first_match.webp,4702
DUP-01703,4cec262ae35d44d21749caecaa45d7241bb8fd00fe37d9145c679194095acb9f,2,NOV-007066,NOVO,01_Assets_Organizados/UI/deeds/pvp_vcup_first_match.webp,4702
DUP-01704,0b8fb968fd5bdedb61c53d0d800238ec55c7bd68054c36283a557e34e4aacc7b,2,TEM-003671,TEMPLATE,public/ui/deeds/col_quartermaster_buyout.webp,5426
DUP-01704,0b8fb968fd5bdedb61c53d0d800238ec55c7bd68054c36283a557e34e4aacc7b,2,NOV-007067,NOVO,01_Assets_Organizados/UI/deeds/col_quartermaster_buyout.webp,5426
DUP-01705,dfd38a5e95d7021873e69d05961159acd0ab03f982bc76a7ea6de2addb7b78ce,2,TEM-003672,TEMPLATE,public/ui/deeds/soc_first_salvage.webp,5186
DUP-01705,dfd38a5e95d7021873e69d05961159acd0ab03f982bc76a7ea6de2addb7b78ce,2,NOV-007068,NOVO,01_Assets_Organizados/UI/deeds/soc_first_salvage.webp,5186
DUP-01706,38b38bb3f96f9c0d7c5c7c1f9f3636e24badb97cb6113462f60cac151af6e7f2,2,TEM-003673,TEMPLATE,public/ui/deeds/exp_long_road_north.webp,5474
DUP-01706,38b38bb3f96f9c0d7c5c7c1f9f3636e24badb97cb6113462f60cac151af6e7f2,2,NOV-007069,NOVO,01_Assets_Organizados/UI/deeds/exp_long_road_north.webp,5474
DUP-01707,edb3760cb652b64bd8480b1df1fc93903c835e9e80eb8c3dc25e76b660f985a1,2,TEM-003674,TEMPLATE,public/ui/deeds/pvp_fiesta_first_win.webp,5900
DUP-01707,edb3760cb652b64bd8480b1df1fc93903c835e9e80eb8c3dc25e76b660f985a1,2,NOV-007070,NOVO,01_Assets_Organizados/UI/deeds/pvp_fiesta_first_win.webp,5900
DUP-01708,9209084027ee7421856cbe99b5da7072a09fbd0af3432d7a79e07fea65abe081,2,TEM-003675,TEMPLATE,public/ui/deeds/dgn_ysolei_moonspawn.webp,4842
DUP-01708,9209084027ee7421856cbe99b5da7072a09fbd0af3432d7a79e07fea65abe081,2,NOV-007071,NOVO,01_Assets_Organizados/UI/deeds/dgn_ysolei_moonspawn.webp,4842
DUP-01709,4318e30d7c2834e83f0958d881f2d19bb6e6db02a2c4ba755b46c5beafa5fc6c,2,TEM-003676,TEMPLATE,public/ui/deeds/dgn_sanctum_speed.webp,5680
DUP-01709,4318e30d7c2834e83f0958d881f2d19bb6e6db02a2c4ba755b46c5beafa5fc6c,2,NOV-007072,NOVO,01_Assets_Organizados/UI/deeds/dgn_sanctum_speed.webp,5680
DUP-01710,e4a59a2ff2564699e20ccd10dbea15ad9dfec4c06c53b48ba8f1dbe0abc96e7e,2,TEM-003677,TEMPLATE,public/ui/deeds/prog_mythic.webp,5762
DUP-01710,e4a59a2ff2564699e20ccd10dbea15ad9dfec4c06c53b48ba8f1dbe0abc96e7e,2,NOV-007073,NOVO,01_Assets_Organizados/UI/deeds/prog_mythic.webp,5762
DUP-01711,add92b5aa2e76fb534346edbd8645d575f3c61ee120b6ebb150e6229da31fa17,2,TEM-003678,TEMPLATE,public/ui/deeds/prog_eternal.webp,5478
DUP-01711,add92b5aa2e76fb534346edbd8645d575f3c61ee120b6ebb150e6229da31fa17,2,NOV-007074,NOVO,01_Assets_Organizados/UI/deeds/prog_eternal.webp,5478
DUP-01712,a0ce43596376496d74a8b61d872e21bd463675a20d4ba14918267fc66b25544e,2,TEM-003679,TEMPLATE,public/ui/deeds/dlv_varric_ringers.webp,5132
DUP-01712,a0ce43596376496d74a8b61d872e21bd463675a20d4ba14918267fc66b25544e,2,NOV-007075,NOVO,01_Assets_Organizados/UI/deeds/dlv_varric_ringers.webp,5132
DUP-01713,6667a23b7500de3b37d495256e6ee38229a564cd2ef047b1a1f68bc9bd4a1f77,2,TEM-003680,TEMPLATE,public/ui/deeds/dlv_clears_50.webp,5128
DUP-01713,6667a23b7500de3b37d495256e6ee38229a564cd2ef047b1a1f68bc9bd4a1f77,2,NOV-007076,NOVO,01_Assets_Organizados/UI/deeds/dlv_clears_50.webp,5128
DUP-01714,83c480812415356bbcf09dab1a39f2c077ca2bb99b43053bdd4a235651208ef4,2,TEM-003681,TEMPLATE,public/ui/deeds/col_perfect_specimen.webp,4700
DUP-01714,83c480812415356bbcf09dab1a39f2c077ca2bb99b43053bdd4a235651208ef4,2,NOV-007077,NOVO,01_Assets_Organizados/UI/deeds/col_perfect_specimen.webp,4700
DUP-01715,9f682bd7cc9320933f9a85a192edfa962b6d11a467f44565c82d1c6d60721f2e,2,TEM-003682,TEMPLATE,public/ui/deeds/prog_double_digits.webp,6618
DUP-01715,9f682bd7cc9320933f9a85a192edfa962b6d11a467f44565c82d1c6d60721f2e,2,NOV-007080,NOVO,01_Assets_Organizados/UI/deeds/prog_double_digits.webp,6618
DUP-01716,632db518c49c8d2747870789f34f28e7699552df1c8eb4deb4d1746c2bd20487,2,TEM-003683,TEMPLATE,public/ui/deeds/feat_brightwood_relic.webp,5234
DUP-01716,632db518c49c8d2747870789f34f28e7699552df1c8eb4deb4d1746c2bd20487,2,NOV-007081,NOVO,01_Assets_Organizados/UI/deeds/feat_brightwood_relic.webp,5234
DUP-01717,728e618aa898f4a458b7adb97266ef170912dd27bc8ac0161bcf82ff46e81765,2,TEM-003684,TEMPLATE,public/ui/deeds/pvp_vcup_wins_10.webp,4926
DUP-01717,728e618aa898f4a458b7adb97266ef170912dd27bc8ac0161bcf82ff46e81765,2,NOV-007082,NOVO,01_Assets_Organizados/UI/deeds/pvp_vcup_wins_10.webp,4926
DUP-01718,f96274c6fbee91f019705b95e9cfc839d20e27bfbc782103dc0fc32337e7e8aa,2,TEM-003685,TEMPLATE,public/ui/deeds/exp_first_timber.webp,5880
DUP-01718,f96274c6fbee91f019705b95e9cfc839d20e27bfbc782103dc0fc32337e7e8aa,2,NOV-007084,NOVO,01_Assets_Organizados/UI/deeds/exp_first_timber.webp,5880
DUP-01719,2f052e5e36cc880d92b9470979602d731a0cd14e1905676649c4a1fda45dbb21,2,TEM-003686,TEMPLATE,public/ui/deeds/col_glimmerfin.webp,5238
DUP-01719,2f052e5e36cc880d92b9470979602d731a0cd14e1905676649c4a1fda45dbb21,2,NOV-007086,NOVO,01_Assets_Organizados/UI/deeds/col_glimmerfin.webp,5238
DUP-01720,e59a5277155d97938ea0627e9b7201bca8d7d56d59904ccc40d90590ada25483,2,TEM-003687,TEMPLATE,public/ui/deeds/col_set_deathlord.webp,6032
DUP-01720,e59a5277155d97938ea0627e9b7201bca8d7d56d59904ccc40d90590ada25483,2,NOV-007087,NOVO,01_Assets_Organizados/UI/deeds/col_set_deathlord.webp,6032
DUP-01721,1afce45ca19fe732c604f26aa9ec19da0d15e76cf5a605bb18a2f6c82b72f85b,2,TEM-003688,TEMPLATE,public/ui/deeds/chr_vale_cup_debut.webp,4848
DUP-01721,1afce45ca19fe732c604f26aa9ec19da0d15e76cf5a605bb18a2f6c82b72f85b,2,NOV-007088,NOVO,01_Assets_Organizados/UI/deeds/chr_vale_cup_debut.webp,4848
DUP-01722,5a64b2dd8a06f5cb08d6c8395ca74ad1d8da070aa97282dac2a44b62902ec94b,2,TEM-003689,TEMPLATE,public/ui/deeds/hid_companion_save.webp,5384
DUP-01722,5a64b2dd8a06f5cb08d6c8395ca74ad1d8da070aa97282dac2a44b62902ec94b,2,NOV-007089,NOVO,01_Assets_Organizados/UI/deeds/hid_companion_save.webp,5384
DUP-01723,feb762126393cf75b81f6f3f9e87f4d4e049ad553ff2f91a4a2402365020317b,2,TEM-003690,TEMPLATE,public/ui/deeds/prog_talented.webp,5364
DUP-01723,feb762126393cf75b81f6f3f9e87f4d4e049ad553ff2f91a4a2402365020317b,2,NOV-007090,NOVO,01_Assets_Organizados/UI/deeds/prog_talented.webp,5364
DUP-01724,50f66ff288bdedb5e5e2d33809c196049eb19260d00219592206bbd779c4e048,2,TEM-003691,TEMPLATE,public/ui/deeds/dgn_sunken_bastion_heroic.webp,5540
DUP-01724,50f66ff288bdedb5e5e2d33809c196049eb19260d00219592206bbd779c4e048,2,NOV-007091,NOVO,01_Assets_Organizados/UI/deeds/dgn_sunken_bastion_heroic.webp,5540
DUP-01725,938b2e3f4497a3218506c5d9d78fac9e6db04a063da5c74ea8da94ee1be9158a,2,TEM-003692,TEMPLATE,public/ui/deeds/pvp_vcup_clean_sheet.webp,4950
DUP-01725,938b2e3f4497a3218506c5d9d78fac9e6db04a063da5c74ea8da94ee1be9158a,2,NOV-007092,NOVO,01_Assets_Organizados/UI/deeds/pvp_vcup_clean_sheet.webp,4950
DUP-01726,8803fd0ce71a3045fbec699f986dddbb23952a4a80891965c9ddce88dc8b0108,2,TEM-003693,TEMPLATE,public/ui/deeds/soc_guild_founded.webp,5756
DUP-01726,8803fd0ce71a3045fbec699f986dddbb23952a4a80891965c9ddce88dc8b0108,2,NOV-007093,NOVO,01_Assets_Organizados/UI/deeds/soc_guild_founded.webp,5756
DUP-01727,4b95b0bc06a12b9df5dbe771b42e0de00678a04da8501ebbde79084bdfb2978f,2,TEM-003694,TEMPLATE,public/ui/deeds/prog_deep_roots.webp,5388
DUP-01727,4b95b0bc06a12b9df5dbe771b42e0de00678a04da8501ebbde79084bdfb2978f,2,NOV-007095,NOVO,01_Assets_Organizados/UI/deeds/prog_deep_roots.webp,5388
DUP-01728,87644b285a0a7f7f6c2927c627c15645665f37ee665a9b977372cc3d75561ad6,2,TEM-003695,TEMPLATE,public/ui/deeds/dlv_solo_heroic.webp,5090
DUP-01728,87644b285a0a7f7f6c2927c627c15645665f37ee665a9b977372cc3d75561ad6,2,NOV-007096,NOVO,01_Assets_Organizados/UI/deeds/dlv_solo_heroic.webp,5090
DUP-01729,adaf1820a2d33c1cb0a38ce2eb2b15b57c0c551011f7e9de460a3161c03881a5,2,TEM-003696,TEMPLATE,public/ui/deeds/pvp_arena_1v1_1900.webp,5196
DUP-01729,adaf1820a2d33c1cb0a38ce2eb2b15b57c0c551011f7e9de460a3161c03881a5,2,NOV-007097,NOVO,01_Assets_Organizados/UI/deeds/pvp_arena_1v1_1900.webp,5196
DUP-01730,35ce0c86076f7ae28a73081514f297bf40056a5e27e7c2d47558fae1878a35d4,2,TEM-003697,TEMPLATE,public/ui/deeds/exp_first_herb.webp,5302
DUP-01730,35ce0c86076f7ae28a73081514f297bf40056a5e27e7c2d47558fae1878a35d4,2,NOV-007098,NOVO,01_Assets_Organizados/UI/deeds/exp_first_herb.webp,5302
DUP-01731,a76bc988e07b4ab84971a01b85c223c37812e3c0cf29bddf1f354210f716aade,2,TEM-003698,TEMPLATE,public/ui/deeds/prog_weaponcrafting_50.webp,4356
DUP-01731,a76bc988e07b4ab84971a01b85c223c37812e3c0cf29bddf1f354210f716aade,2,NOV-007099,NOVO,01_Assets_Organizados/UI/deeds/prog_weaponcrafting_50.webp,4356
DUP-01732,5072bbfd39e122ec8330aee87c85b5632b9a239034a982c9542b4fbfd1cd42be,2,TEM-003699,TEMPLATE,public/ui/deeds/exp_first_ore.webp,5980
DUP-01732,5072bbfd39e122ec8330aee87c85b5632b9a239034a982c9542b4fbfd1cd42be,2,NOV-007100,NOVO,01_Assets_Organizados/UI/deeds/exp_first_ore.webp,5980
DUP-01733,982691f4319d0f8220ddc3e32338e63c374a534eb57241f956e2d26d5c754b6e,2,TEM-003700,TEMPLATE,public/ui/deeds/chr_willowfen_first_cast.webp,4906
DUP-01733,982691f4319d0f8220ddc3e32338e63c374a534eb57241f956e2d26d5c754b6e,2,NOV-007101,NOVO,01_Assets_Organizados/UI/deeds/chr_willowfen_first_cast.webp,4906
DUP-01734,59f4a676816adc6e9fc7cc53c04dfe2d5d46f9d5172fc63c2b164e933a97e869,2,TEM-003701,TEMPLATE,public/ui/deeds/prog_logging_100.webp,5184
DUP-01734,59f4a676816adc6e9fc7cc53c04dfe2d5d46f9d5172fc63c2b164e933a97e869,2,NOV-007102,NOVO,01_Assets_Organizados/UI/deeds/prog_logging_100.webp,5184
DUP-01735,2923cfc68525000de1ef1354434319b40f7b5f21c05f88b7c5efb6a7f3f9adda,2,TEM-003702,TEMPLATE,public/ui/deeds/col_set_wyrmshadow.webp,4876
DUP-01735,2923cfc68525000de1ef1354434319b40f7b5f21c05f88b7c5efb6a7f3f9adda,2,NOV-007103,NOVO,01_Assets_Organizados/UI/deeds/col_set_wyrmshadow.webp,4876
DUP-01736,3bf62ff3bac6c8e39eb4477c5530ee4a62fb721da558bb8f40a8ebf664e3a2de,2,TEM-003703,TEMPLATE,public/ui/deeds/prog_well_rested.webp,4956
DUP-01736,3bf62ff3bac6c8e39eb4477c5530ee4a62fb721da558bb8f40a8ebf664e3a2de,2,NOV-007104,NOVO,01_Assets_Organizados/UI/deeds/prog_well_rested.webp,4956
DUP-01737,d530bf6b67c7292f07954bc52a696fedfe8eb0d0c18f924508b7b5571c1dfeca,2,TEM-003704,TEMPLATE,public/ui/deeds/prog_engineering_50.webp,5540
DUP-01737,d530bf6b67c7292f07954bc52a696fedfe8eb0d0c18f924508b7b5571c1dfeca,2,NOV-007106,NOVO,01_Assets_Organizados/UI/deeds/prog_engineering_50.webp,5540
DUP-01738,cd0b619f3821211dab41198bd6a290752a8611e3e9679171e7d7bcd1644b27fd,2,TEM-003705,TEMPLATE,public/ui/deeds/pvp_fiesta_powerups.webp,6260
DUP-01738,cd0b619f3821211dab41198bd6a290752a8611e3e9679171e7d7bcd1644b27fd,2,NOV-007108,NOVO,01_Assets_Organizados/UI/deeds/pvp_fiesta_powerups.webp,6260
DUP-01739,e4a6a3a99456689e7eecbd8ab05322daa9ada9e1c523c2f036bd395be2eb46d0,2,TEM-003706,TEMPLATE,public/ui/deeds/dgn_mark_circuit.webp,6050
DUP-01739,e4a6a3a99456689e7eecbd8ab05322daa9ada9e1c523c2f036bd395be2eb46d0,2,NOV-007109,NOVO,01_Assets_Organizados/UI/deeds/dgn_mark_circuit.webp,6050
DUP-01740,40cf4128c7eec2998237da582335e9fb45bcb6b4bf1a94d04ec6eca36623ea3d,2,TEM-003707,TEMPLATE,public/ui/deeds/dlv_reliquary.webp,5888
DUP-01740,40cf4128c7eec2998237da582335e9fb45bcb6b4bf1a94d04ec6eca36623ea3d,2,NOV-007111,NOVO,01_Assets_Organizados/UI/deeds/dlv_reliquary.webp,5888
DUP-01741,35218cae1530f90fa54ccb3207f871e18ce0104473aa7a8d39b5084cb17eac6a,2,TEM-003708,TEMPLATE,public/ui/deeds/dgn_sunken_bastion.webp,4812
DUP-01741,35218cae1530f90fa54ccb3207f871e18ce0104473aa7a8d39b5084cb17eac6a,2,NOV-007112,NOVO,01_Assets_Organizados/UI/deeds/dgn_sunken_bastion.webp,4812
DUP-01742,a2103d7d01c276f0534892a8d1b3513af6b7ae6384fd583b901ececfee46159e,2,TEM-003709,TEMPLATE,public/ui/deeds/col_set_crownforged.webp,6108
DUP-01742,a2103d7d01c276f0534892a8d1b3513af6b7ae6384fd583b901ececfee46159e,2,NOV-007113,NOVO,01_Assets_Organizados/UI/deeds/col_set_crownforged.webp,6108
DUP-01743,da7d47c3d0021c65a0cdcbf6dcd4690ac77eda98c87b5d5a5235b87fca7f849f,2,TEM-003710,TEMPLATE,public/ui/deeds/col_set_vale_arcanist.webp,5364
DUP-01743,da7d47c3d0021c65a0cdcbf6dcd4690ac77eda98c87b5d5a5235b87fca7f849f,2,NOV-007114,NOVO,01_Assets_Organizados/UI/deeds/col_set_vale_arcanist.webp,5364
DUP-01744,97b801ece18e0f3cce1e5f48c8922a5f4a03e17b09979a4ac7931c55517f3f44,2,TEM-003711,TEMPLATE,public/ui/deeds/soc_by_ravens_wing.webp,5170
DUP-01744,97b801ece18e0f3cce1e5f48c8922a5f4a03e17b09979a4ac7931c55517f3f44,2,NOV-007115,NOVO,01_Assets_Organizados/UI/deeds/soc_by_ravens_wing.webp,5170
DUP-01745,ff3c37754c7386e113f5e7f27d6cbc1ac58a8436b6c6a241b840fe4e68fbcdc0,2,TEM-003712,TEMPLATE,public/ui/deeds/prog_fishing_100.webp,5402
DUP-01745,ff3c37754c7386e113f5e7f27d6cbc1ac58a8436b6c6a241b840fe4e68fbcdc0,2,NOV-007116,NOVO,01_Assets_Organizados/UI/deeds/prog_fishing_100.webp,5402
DUP-01746,becc9f3fb4200020c032ce6fedff7cba863c15b0cf632f1c766ccbd61824084d,2,TEM-003713,TEMPLATE,public/ui/deeds/exp_marsh_wayfarer.webp,5356
DUP-01746,becc9f3fb4200020c032ce6fedff7cba863c15b0cf632f1c766ccbd61824084d,2,NOV-007117,NOVO,01_Assets_Organizados/UI/deeds/exp_marsh_wayfarer.webp,5356
DUP-01747,e7ff45c15c924819160604bd962a612893cf6dbae61956c6000ec781e220a06f,2,TEM-003714,TEMPLATE,public/ui/deeds/chr_marsh_rares_ii.webp,4678
DUP-01747,e7ff45c15c924819160604bd962a612893cf6dbae61956c6000ec781e220a06f,2,NOV-007118,NOVO,01_Assets_Organizados/UI/deeds/chr_marsh_rares_ii.webp,4678
DUP-01748,0e86350d4b2caabbff595b86363205f7e35e583b68b862548ae92980b85f4a54,2,TEM-003715,TEMPLATE,public/ui/deeds/soc_salvage_50.webp,5150
DUP-01748,0e86350d4b2caabbff595b86363205f7e35e583b68b862548ae92980b85f4a54,2,NOV-007119,NOVO,01_Assets_Organizados/UI/deeds/soc_salvage_50.webp,5150
DUP-01749,b854680b970e17166d0f25008647c2a4dcb3efbde61fdbae5ad32cf866a3c699,2,TEM-003716,TEMPLATE,public/ui/deeds/pvp_duel_first_win.webp,4968
DUP-01749,b854680b970e17166d0f25008647c2a4dcb3efbde61fdbae5ad32cf866a3c699,2,NOV-007120,NOVO,01_Assets_Organizados/UI/deeds/pvp_duel_first_win.webp,4968
DUP-01750,b01fda3c6cacdc4967f459fc0074018b1c421752804d794df9099afea8ba5085,2,TEM-003717,TEMPLATE,public/ui/deeds/pvp_fiesta_five_kills.webp,5616
DUP-01750,b01fda3c6cacdc4967f459fc0074018b1c421752804d794df9099afea8ba5085,2,NOV-007121,NOVO,01_Assets_Organizados/UI/deeds/pvp_fiesta_five_kills.webp,5616
DUP-01751,7663b92e474527418a5105d2cdf64c13d2ea2e21c6787c60608361849a9ebe3a,2,TEM-003718,TEMPLATE,public/ui/deeds/cmb_slayer.webp,4966
DUP-01751,7663b92e474527418a5105d2cdf64c13d2ea2e21c6787c60608361849a9ebe3a,2,NOV-007122,NOVO,01_Assets_Organizados/UI/deeds/cmb_slayer.webp,4966
DUP-01752,fd26cf03c316831ea0edb31c1d53ca566136b9007d21f82710e69df2e04af693,2,TEM-003719,TEMPLATE,public/ui/deeds/col_set_stormcallers.webp,5320
DUP-01752,fd26cf03c316831ea0edb31c1d53ca566136b9007d21f82710e69df2e04af693,2,NOV-007123,NOVO,01_Assets_Organizados/UI/deeds/col_set_stormcallers.webp,5320
DUP-01753,7446b7ad3b5b6854f55485c58c88bfe50b4113e0747fb0133a22f2a9427dd10a,2,TEM-003720,TEMPLATE,public/ui/deeds/prog_grandmaster_leatherworking.webp,5654
DUP-01753,7446b7ad3b5b6854f55485c58c88bfe50b4113e0747fb0133a22f2a9427dd10a,2,NOV-007124,NOVO,01_Assets_Organizados/UI/deeds/prog_grandmaster_leatherworking.webp,5654
DUP-01754,3fdfaf7c96a648e7dddcefea03f8b616ab4545e1d7b6a418aa6d5d1051028041,2,TEM-003721,TEMPLATE,public/ui/deeds/soc_civic_duty.webp,5678
DUP-01754,3fdfaf7c96a648e7dddcefea03f8b616ab4545e1d7b6a418aa6d5d1051028041,2,NOV-007125,NOVO,01_Assets_Organizados/UI/deeds/soc_civic_duty.webp,5678
DUP-01755,684283c3bf14154621f5374d4d97ee7ad894883ee26fb0e94e1738748324b716,2,TEM-003722,TEMPLATE,public/ui/deeds/soc_full_house.webp,6220
DUP-01755,684283c3bf14154621f5374d4d97ee7ad894883ee26fb0e94e1738748324b716,2,NOV-007128,NOVO,01_Assets_Organizados/UI/deeds/soc_full_house.webp,6220
DUP-01756,34663b66f88ad55836c2b300f161f262562507b8b427a9535a056006a6de8c56,2,TEM-003723,TEMPLATE,public/ui/deeds/col_set_soulflame.webp,5276
DUP-01756,34663b66f88ad55836c2b300f161f262562507b8b427a9535a056006a6de8c56,2,NOV-007129,NOVO,01_Assets_Organizados/UI/deeds/col_set_soulflame.webp,5276
DUP-01757,de0270f448976287670cd9857a94fdd580fb1db3a9c68141347af222d9a2a823,2,TEM-003724,TEMPLATE,public/ui/deeds/prog_veteran.webp,5102
DUP-01757,de0270f448976287670cd9857a94fdd580fb1db3a9c68141347af222d9a2a823,2,NOV-007131,NOVO,01_Assets_Organizados/UI/deeds/prog_veteran.webp,5102
DUP-01758,ea82a618220566a500c4f244caf19d07a21d04d6eff2639767b6484fe8ec29ca,2,TEM-003725,TEMPLATE,public/ui/deeds/prog_around_the_ring.webp,5350
DUP-01758,ea82a618220566a500c4f244caf19d07a21d04d6eff2639767b6484fe8ec29ca,2,NOV-007132,NOVO,01_Assets_Organizados/UI/deeds/prog_around_the_ring.webp,5350
DUP-01759,4a50f1046b5495877de4851aed12bbe2370ae0f8b3dbfcbbee08a6f95212b3c2,2,TEM-003726,TEMPLATE,public/ui/deeds/dgn_drowned_temple.webp,4868
DUP-01759,4a50f1046b5495877de4851aed12bbe2370ae0f8b3dbfcbbee08a6f95212b3c2,2,NOV-007134,NOVO,01_Assets_Organizados/UI/deeds/dgn_drowned_temple.webp,4868
DUP-01760,7b2ceee1626d8134dc42d72cf6ef81a07b5cbfe5e7f7999273e2e0d3c976beb1,2,TEM-003727,TEMPLATE,public/ui/deeds/prog_guildsworn.webp,4526
DUP-01760,7b2ceee1626d8134dc42d72cf6ef81a07b5cbfe5e7f7999273e2e0d3c976beb1,2,NOV-007136,NOVO,01_Assets_Organizados/UI/deeds/prog_guildsworn.webp,4526
DUP-01761,c1a39995ccd815fbbd9f7d5affccaf14c8a01291807c965102c338c323036078,2,TEM-003728,TEMPLATE,public/ui/deeds/hid_bountiful_coffer.webp,5898
DUP-01761,c1a39995ccd815fbbd9f7d5affccaf14c8a01291807c965102c338c323036078,2,NOV-007137,NOVO,01_Assets_Organizados/UI/deeds/hid_bountiful_coffer.webp,5898
DUP-01762,36b51b1e22af60954c529a0bfb69b45c877adfb886e1d3006849a6744af4890d,2,TEM-003729,TEMPLATE,public/ui/deeds/pvp_fiesta_shutdown.webp,5514
DUP-01762,36b51b1e22af60954c529a0bfb69b45c877adfb886e1d3006849a6744af4890d,2,NOV-007138,NOVO,01_Assets_Organizados/UI/deeds/pvp_fiesta_shutdown.webp,5514
DUP-01763,3b653c312f37061e2f5af6c259f7e617d9d9ba382ebf1454a7342032a0ecd2bc,2,TEM-003730,TEMPLATE,public/ui/deeds/hid_fall_death.webp,5466
DUP-01763,3b653c312f37061e2f5af6c259f7e617d9d9ba382ebf1454a7342032a0ecd2bc,2,NOV-007139,NOVO,01_Assets_Organizados/UI/deeds/hid_fall_death.webp,5466
DUP-01764,be33e0d0e3b76cb6834577137a26aa6aaece48ec9f979cfff7294518bb0697f6,2,TEM-003731,TEMPLATE,public/ui/deeds/pvp_fiesta_full_build.webp,5702
DUP-01764,be33e0d0e3b76cb6834577137a26aa6aaece48ec9f979cfff7294518bb0697f6,2,NOV-007140,NOVO,01_Assets_Organizados/UI/deeds/pvp_fiesta_full_build.webp,5702
DUP-01765,f02863432a50431bc8a53d1a315522c621c52ad0a8624c1730236871f11e2bdd,2,TEM-003732,TEMPLATE,public/ui/deeds/soc_market_magnate.webp,5480
DUP-01765,f02863432a50431bc8a53d1a315522c621c52ad0a8624c1730236871f11e2bdd,2,NOV-007141,NOVO,01_Assets_Organizados/UI/deeds/soc_market_magnate.webp,5480
DUP-01766,97b8b6da76a474d184ee48cbdd502b7535971bdc36a75dfa649cedc171164f2a,2,TEM-003733,TEMPLATE,public/ui/deeds/soc_pocket_money.webp,6374
DUP-01766,97b8b6da76a474d184ee48cbdd502b7535971bdc36a75dfa649cedc171164f2a,2,NOV-007142,NOVO,01_Assets_Organizados/UI/deeds/soc_pocket_money.webp,6374
DUP-01767,1ee4918235cfb48989e50245ed402758e6126b4be40c2accc8511044fad368fc,2,TEM-003734,TEMPLATE,public/ui/deeds/pvp_arena_1v1_1750.webp,4848
DUP-01767,1ee4918235cfb48989e50245ed402758e6126b4be40c2accc8511044fad368fc,2,NOV-007143,NOVO,01_Assets_Organizados/UI/deeds/pvp_arena_1v1_1750.webp,4848
DUP-01768,2de0f32b5819ad89db67be54977a5681c721115f7d67dd4dbba53ca647ed54c4,2,TEM-003735,TEMPLATE,public/ui/deeds/prog_level_cap.webp,5570
DUP-01768,2de0f32b5819ad89db67be54977a5681c721115f7d67dd4dbba53ca647ed54c4,2,NOV-007144,NOVO,01_Assets_Organizados/UI/deeds/prog_level_cap.webp,5570
DUP-01769,de5adc2d58027ebac270a2d0d9ae039503db66ff346bc420030880d83b8a2253,2,TEM-003736,TEMPLATE,public/ui/deeds/exp_peaks_wayfarer.webp,5372
DUP-01769,de5adc2d58027ebac270a2d0d9ae039503db66ff346bc420030880d83b8a2253,2,NOV-007145,NOVO,01_Assets_Organizados/UI/deeds/exp_peaks_wayfarer.webp,5372
DUP-01770,3b4bad02cb69e7aaa905e51b99e8e1b714fa6632714b27c9b5ca299ce7019181,2,TEM-003737,TEMPLATE,public/ui/deeds/chr_galecrest_gatherer.webp,4734
DUP-01770,3b4bad02cb69e7aaa905e51b99e8e1b714fa6632714b27c9b5ca299ce7019181,2,NOV-007146,NOVO,01_Assets_Organizados/UI/deeds/chr_galecrest_gatherer.webp,4734
DUP-01771,b6da89d11804e15d92f318630d3fd2ec4b2e45713235b0aa3e076b62039230c3,2,TEM-003738,TEMPLATE,public/ui/deeds/soc_meet_bursar.webp,5864
DUP-01771,b6da89d11804e15d92f318630d3fd2ec4b2e45713235b0aa3e076b62039230c3,2,NOV-007147,NOVO,01_Assets_Organizados/UI/deeds/soc_meet_bursar.webp,5864
DUP-01772,8824d943a58fab6b365b77ad6d30cc8518042059fb5525ab6c54dd0d6450c790,2,TEM-003739,TEMPLATE,public/ui/deeds/chr_gleamstag.webp,5054
DUP-01772,8824d943a58fab6b365b77ad6d30cc8518042059fb5525ab6c54dd0d6450c790,2,NOV-007148,NOVO,01_Assets_Organizados/UI/deeds/chr_gleamstag.webp,5054
DUP-01773,73b24a7c8240993315f2fba7dd783bca79966b2f498314bb9f3fa293c8bb7703,2,TEM-003740,TEMPLATE,public/ui/deeds/prog_alchemy_50.webp,4966
DUP-01773,73b24a7c8240993315f2fba7dd783bca79966b2f498314bb9f3fa293c8bb7703,2,NOV-007149,NOVO,01_Assets_Organizados/UI/deeds/prog_alchemy_50.webp,4966
DUP-01774,6f96e7a8cb293a010bb4a4cd94a02e9268a8d60f609ef72a8dd10c711b4a3aaf,2,TEM-003741,TEMPLATE,public/ui/deeds/chr_marsh_chapter_i.webp,4834
DUP-01774,6f96e7a8cb293a010bb4a4cd94a02e9268a8d60f609ef72a8dd10c711b4a3aaf,2,NOV-007150,NOVO,01_Assets_Organizados/UI/deeds/chr_marsh_chapter_i.webp,4834
DUP-01775,5eb7eba7ddf343c44a6d4163c0aab4b6656784cc45a689d62853cac7d9feb619,2,TEM-003742,TEMPLATE,public/ui/deeds/hid_roll_hundred.webp,5542
DUP-01775,5eb7eba7ddf343c44a6d4163c0aab4b6656784cc45a689d62853cac7d9feb619,2,NOV-007151,NOVO,01_Assets_Organizados/UI/deeds/hid_roll_hundred.webp,5542
DUP-01776,6bdf6a17e1ddb01fb1fbc962264bf6bd2ff9bd95502f4b1f8425b1562bcbe275,2,TEM-003743,TEMPLATE,public/ui/deeds/dgn_wildheart_basin.webp,4872
DUP-01776,6bdf6a17e1ddb01fb1fbc962264bf6bd2ff9bd95502f4b1f8425b1562bcbe275,2,NOV-007153,NOVO,01_Assets_Organizados/UI/deeds/dgn_wildheart_basin.webp,4872
DUP-01777,110f95bebde64297c2e38b699be83882b376cfcf5bd6f1faffba37ed9a4f9797,2,TEM-003744,TEMPLATE,public/ui/deeds/col_discovery_25.webp,6124
DUP-01777,110f95bebde64297c2e38b699be83882b376cfcf5bd6f1faffba37ed9a4f9797,2,NOV-007154,NOVO,01_Assets_Organizados/UI/deeds/col_discovery_25.webp,6124
DUP-01778,7c32108ab4eb81a065756d2b89fa560cf48249ab4e43948aa60a8b048644716a,2,TEM-003745,TEMPLATE,public/ui/deeds/chr_peaks_moongate.webp,5416
DUP-01778,7c32108ab4eb81a065756d2b89fa560cf48249ab4e43948aa60a8b048644716a,2,NOV-007155,NOVO,01_Assets_Organizados/UI/deeds/chr_peaks_moongate.webp,5416
DUP-01779,5b233808a69f6aff6d5213c944268197224a45a2c73d9592a4146f44cd99d56a,2,TEM-003746,TEMPLATE,public/ui/deeds/col_discovery_75.webp,6616
DUP-01779,5b233808a69f6aff6d5213c944268197224a45a2c73d9592a4146f44cd99d56a,2,NOV-007156,NOVO,01_Assets_Organizados/UI/deeds/col_discovery_75.webp,6616
DUP-01780,c8a748b53d0dd89437651090f8627807ba28b1a761fb8a01c2cf09cf5873eb20,2,TEM-003747,TEMPLATE,public/ui/deeds/dgn_nythraxis_wardens.webp,5202
DUP-01780,c8a748b53d0dd89437651090f8627807ba28b1a761fb8a01c2cf09cf5873eb20,2,NOV-007157,NOVO,01_Assets_Organizados/UI/deeds/dgn_nythraxis_wardens.webp,5202
DUP-01781,5c603faed878acc9db180776fad4aff5a0dd9264cc2df563eb655b8336761edb,2,TEM-003748,TEMPLATE,public/ui/deeds/soc_steady_custom.webp,5854
DUP-01781,5c603faed878acc9db180776fad4aff5a0dd9264cc2df563eb655b8336761edb,2,NOV-007158,NOVO,01_Assets_Organizados/UI/deeds/soc_steady_custom.webp,5854
DUP-01782,f73ff0ba64703690a8e0e49f97790133c9e6ded3cd83c402bb13b1199007c973,2,TEM-003749,TEMPLATE,public/ui/deeds/chr_peaks_rares.webp,5762
DUP-01782,f73ff0ba64703690a8e0e49f97790133c9e6ded3cd83c402bb13b1199007c973,2,NOV-007159,NOVO,01_Assets_Organizados/UI/deeds/chr_peaks_rares.webp,5762
DUP-01783,8571659cae74ecbc25990e6785e1c2e8b5b93d9f55b336e3245d6909d1cf703a,2,TEM-003750,TEMPLATE,public/ui/deeds/prog_grandmaster_engineering.webp,6128
DUP-01783,8571659cae74ecbc25990e6785e1c2e8b5b93d9f55b336e3245d6909d1cf703a,2,NOV-007160,NOVO,01_Assets_Organizados/UI/deeds/prog_grandmaster_engineering.webp,6128
DUP-01784,f772d06ca846c87a6ccb851323fa50f5bc9b8d917ce496fb60197f7b1996992e,2,TEM-003751,TEMPLATE,public/ui/deeds/prog_champion.webp,5902
DUP-01784,f772d06ca846c87a6ccb851323fa50f5bc9b8d917ce496fb60197f7b1996992e,2,NOV-007161,NOVO,01_Assets_Organizados/UI/deeds/prog_champion.webp,5902
DUP-01785,1209bd3189f6919d7f7b838cea5ca9945cbcc5986c5bf55371ff33df1f4b51e0,2,TEM-003752,TEMPLATE,public/ui/deeds/prog_paragon.webp,5334
DUP-01785,1209bd3189f6919d7f7b838cea5ca9945cbcc5986c5bf55371ff33df1f4b51e0,2,NOV-007162,NOVO,01_Assets_Organizados/UI/deeds/prog_paragon.webp,5334
DUP-01786,e35a9d3849a459ef1f5a005c833ad6fb189dac8c7a62389650543e5781925df4,2,TEM-003753,TEMPLATE,public/ui/deeds/cmb_first_fall.webp,5284
DUP-01786,e35a9d3849a459ef1f5a005c833ad6fb189dac8c7a62389650543e5781925df4,2,NOV-007163,NOVO,01_Assets_Organizados/UI/deeds/cmb_first_fall.webp,5284
DUP-01787,fdb3a3e40fce55294079de3eb58da96b40579567de73be981109f6641ec74f46,2,TEM-003754,TEMPLATE,public/ui/deeds/dlv_litany.webp,5520
DUP-01787,fdb3a3e40fce55294079de3eb58da96b40579567de73be981109f6641ec74f46,2,NOV-007164,NOVO,01_Assets_Organizados/UI/deeds/dlv_litany.webp,5520
DUP-01788,1baeae247fe109b0127344f34843cf444e2643a7f1a3de5bfd787cca65cd5532,2,TEM-003755,TEMPLATE,public/ui/deeds/chr_farshore_first_cast.webp,5066
DUP-01788,1baeae247fe109b0127344f34843cf444e2643a7f1a3de5bfd787cca65cd5532,2,NOV-007165,NOVO,01_Assets_Organizados/UI/deeds/chr_farshore_first_cast.webp,5066
DUP-01789,20d0b22e95ce0b5e96f16042e6575e2b008d1fda68eb857d5866540b4f848d37,2,TEM-003756,TEMPLATE,public/ui/deeds/chr_willowfen_gatherer.webp,5056
DUP-01789,20d0b22e95ce0b5e96f16042e6575e2b008d1fda68eb857d5866540b4f848d37,2,NOV-007166,NOVO,01_Assets_Organizados/UI/deeds/chr_willowfen_gatherer.webp,5056
DUP-01790,aa59cb5b3027e03e2e1e531bde543a13789081c1ec44138a9df6fc3a05f3766e,2,TEM-003757,TEMPLATE,public/ui/deeds/dgn_korzul_flawless.webp,6690
DUP-01790,aa59cb5b3027e03e2e1e531bde543a13789081c1ec44138a9df6fc3a05f3766e,2,NOV-007167,NOVO,01_Assets_Organizados/UI/deeds/dgn_korzul_flawless.webp,6690
DUP-01791,7f082aaf87b37c00232dd747c58a83d4e1f4e00a91ac17ea354721ace47a09de,2,TEM-003758,TEMPLATE,public/ui/deeds/dlv_lore_journal.webp,6192
DUP-01791,7f082aaf87b37c00232dd747c58a83d4e1f4e00a91ac17ea354721ace47a09de,2,NOV-007169,NOVO,01_Assets_Organizados/UI/deeds/dlv_lore_journal.webp,6192
DUP-01792,5c16fa2351320b2d53ac2e95aa4073289a883fe767003b1412ed8e8e0df16a53,2,TEM-003759,TEMPLATE,public/ui/deeds/pvp_card_duel_first_win.webp,5020
DUP-01792,5c16fa2351320b2d53ac2e95aa4073289a883fe767003b1412ed8e8e0df16a53,2,NOV-007170,NOVO,01_Assets_Organizados/UI/deeds/pvp_card_duel_first_win.webp,5020
DUP-01793,d239dacb111fee33060276774afd1290418cb6f358e3a31b8880aeac7dc28a25,2,TEM-003760,TEMPLATE,public/ui/deeds/dlv_companions_both.webp,6118
DUP-01793,d239dacb111fee33060276774afd1290418cb6f358e3a31b8880aeac7dc28a25,2,NOV-007172,NOVO,01_Assets_Organizados/UI/deeds/dlv_companions_both.webp,6118
DUP-01794,5191feb121797ff773ccbfa71814f14e4f5a6740aae31c35772cb928e5c770bd,2,TEM-003761,TEMPLATE,public/ui/deeds/dgn_gravewyrm_sanctum_heroic.webp,5556
DUP-01794,5191feb121797ff773ccbfa71814f14e4f5a6740aae31c35772cb928e5c770bd,2,NOV-007173,NOVO,01_Assets_Organizados/UI/deeds/dgn_gravewyrm_sanctum_heroic.webp,5556
DUP-01795,75ac5b677d94a77f06e8ee4f17225f2b103c3900c701144f0be476508f8d3313,2,TEM-003762,TEMPLATE,public/ui/deeds/prog_grandmaster_enchanting.webp,5770
DUP-01795,75ac5b677d94a77f06e8ee4f17225f2b103c3900c701144f0be476508f8d3313,2,NOV-007176,NOVO,01_Assets_Organizados/UI/deeds/prog_grandmaster_enchanting.webp,5770
DUP-01796,eb988a4e3734391ca5ccac4d5c68636b2a79ba26a44f153de8aa6b02d035a2de,2,TEM-003763,TEMPLATE,public/ui/deeds/col_full_creel.webp,5998
DUP-01796,eb988a4e3734391ca5ccac4d5c68636b2a79ba26a44f153de8aa6b02d035a2de,2,NOV-007177,NOVO,01_Assets_Organizados/UI/deeds/col_full_creel.webp,5998
DUP-01797,8f0c60bcf5091de9871ff15bbf2be7cbf50622b3ebf9140b5e11c52ed9128355,2,TEM-003764,TEMPLATE,public/ui/deeds/prog_grandmaster_alchemy.webp,6020
DUP-01797,8f0c60bcf5091de9871ff15bbf2be7cbf50622b3ebf9140b5e11c52ed9128355,2,NOV-007178,NOVO,01_Assets_Organizados/UI/deeds/prog_grandmaster_alchemy.webp,6020
DUP-01798,b6e746d8fe4b6165c5ebaedc82a3fee17c99971cc68acb87a44eac6662f7a9c1,2,TEM-003765,TEMPLATE,public/ui/deeds/chr_galecrest_first_cast.webp,4658
DUP-01798,b6e746d8fe4b6165c5ebaedc82a3fee17c99971cc68acb87a44eac6662f7a9c1,2,NOV-007179,NOVO,01_Assets_Organizados/UI/deeds/chr_galecrest_first_cast.webp,4658
DUP-01799,fd33b45c4e15a4099c182c51b7aa84c9101ba03595be32b04735d3ec04646ad8,2,TEM-003766,TEMPLATE,public/ui/deeds/prog_prestige.webp,5412
DUP-01799,fd33b45c4e15a4099c182c51b7aa84c9101ba03595be32b04735d3ec04646ad8,2,NOV-007180,NOVO,01_Assets_Organizados/UI/deeds/prog_prestige.webp,5412
DUP-01800,eb40338b218dbcc80e3e469fafddd60687c421794d1fa00db9263f32bd116eef,2,TEM-003767,TEMPLATE,public/ui/deeds/dgn_drowned_temple_heroic.webp,5546
DUP-01800,eb40338b218dbcc80e3e469fafddd60687c421794d1fa00db9263f32bd116eef,2,NOV-007182,NOVO,01_Assets_Organizados/UI/deeds/dgn_drowned_temple_heroic.webp,5546
DUP-01801,78b36ed2285e13a7ff3f6b048ffd2deb93ec5c154b89b568d31acbef08fb06bf,2,TEM-003768,TEMPLATE,public/ui/deeds/cmb_giantslayer.webp,4914
DUP-01801,78b36ed2285e13a7ff3f6b048ffd2deb93ec5c154b89b568d31acbef08fb06bf,2,NOV-007184,NOVO,01_Assets_Organizados/UI/deeds/cmb_giantslayer.webp,4914
DUP-01802,4c42ad5fa73180889778db39ca2759345cd21c9bbefc84b9c7f9bd9accc7c0c3,2,TEM-003769,TEMPLATE,public/ui/deeds/prog_grandmaster_tailoring.webp,5310
DUP-01802,4c42ad5fa73180889778db39ca2759345cd21c9bbefc84b9c7f9bd9accc7c0c3,2,NOV-007186,NOVO,01_Assets_Organizados/UI/deeds/prog_grandmaster_tailoring.webp,5310
DUP-01803,ae08f4bbc6eb3a345946e380d826fc77e95b7c1c8c1987ce363197a4544ae77d,2,TEM-003770,TEMPLATE,public/ui/deeds/pvp_arena_2v2_1900.webp,5584
DUP-01803,ae08f4bbc6eb3a345946e380d826fc77e95b7c1c8c1987ce363197a4544ae77d,2,NOV-007187,NOVO,01_Assets_Organizados/UI/deeds/pvp_arena_2v2_1900.webp,5584
DUP-01804,dd41bed75c2ea570fdb029e99e9667931f11e168b33dae44018f69fdbe759be0,2,TEM-003771,TEMPLATE,public/ui/deeds/soc_wyrms_hoard.webp,5602
DUP-01804,dd41bed75c2ea570fdb029e99e9667931f11e168b33dae44018f69fdbe759be0,2,NOV-007188,NOVO,01_Assets_Organizados/UI/deeds/soc_wyrms_hoard.webp,5602
DUP-01805,9f6cabb72a3fc2fd62cc6d06463443d4c05f6cbc46e0f5cd975e8a759081394b,2,TEM-003772,TEMPLATE,public/ui/deeds/exp_vale_wayfarer.webp,5376
DUP-01805,9f6cabb72a3fc2fd62cc6d06463443d4c05f6cbc46e0f5cd975e8a759081394b,2,NOV-007189,NOVO,01_Assets_Organizados/UI/deeds/exp_vale_wayfarer.webp,5376
DUP-01806,3277882581f88a8e15ec542cb1649dda34e975905d4516f4518f7eb947433f88,2,TEM-003773,TEMPLATE,public/ui/cursors/arrow.png,2653
DUP-01806,3277882581f88a8e15ec542cb1649dda34e975905d4516f4518f7eb947433f88,2,NOV-007191,NOVO,01_Assets_Organizados/UI/cursors/arrow.png,2653
DUP-01807,786b9b2cb55892e55c9ec0fcec233ee40cfdc416acc1409c329b448e949af148,2,TEM-003774,TEMPLATE,public/ui/cursors/hand-grab.png,1269
DUP-01807,786b9b2cb55892e55c9ec0fcec233ee40cfdc416acc1409c329b448e949af148,2,NOV-007192,NOVO,01_Assets_Organizados/UI/cursors/hand-grab.png,1269
DUP-01808,dc08add975e9b864458b460cd1f72f162396165ae5554414293b07db0000b0a8,2,TEM-003775,TEMPLATE,public/ui/cursors/gauntlet.png,3033
DUP-01808,dc08add975e9b864458b460cd1f72f162396165ae5554414293b07db0000b0a8,2,NOV-007193,NOVO,01_Assets_Organizados/UI/cursors/gauntlet.png,3033
DUP-01809,927300be6810fa1eb9545b7357aeac6c34b3ac765594189d2636ae5d3045cdc1,2,TEM-003776,TEMPLATE,public/ui/cursors/friendly-shield.png,1938
DUP-01809,927300be6810fa1eb9545b7357aeac6c34b3ac765594189d2636ae5d3045cdc1,2,NOV-007194,NOVO,01_Assets_Organizados/UI/cursors/friendly-shield.png,1938
DUP-01810,a893a228fca0317b9c8443817c4f24a2988f0fe7041ea302bdb413c02806133c,2,TEM-003777,TEMPLATE,public/ui/cursors/attack-sword.png,1067
DUP-01810,a893a228fca0317b9c8443817c4f24a2988f0fe7041ea302bdb413c02806133c,2,NOV-007195,NOVO,01_Assets_Organizados/UI/cursors/attack-sword.png,1067
DUP-01811,5a985dc8a6c0ccfc1a13a68cf46ddfad37759611cbfc2983a8bc80b71dc652e6,2,TEM-003778,TEMPLATE,public/ui/cursors/hand-default.png,1193
DUP-01811,5a985dc8a6c0ccfc1a13a68cf46ddfad37759611cbfc2983a8bc80b71dc652e6,2,NOV-007196,NOVO,01_Assets_Organizados/UI/cursors/hand-default.png,1193
DUP-01812,ca319b5f7847966e32cda535ec3f488fae3543fe5e807784e5f6d84c14f2c2ba,2,TEM-003793,TEMPLATE,public/ui/weapons/axe_c.jpg,1629
DUP-01812,ca319b5f7847966e32cda535ec3f488fae3543fe5e807784e5f6d84c14f2c2ba,2,NOV-007211,NOVO,01_Assets_Organizados/UI/weapons/axe_c.jpg,1629
DUP-01813,47ea9c6fe295c30cf93dde7b2dc9e4a1c227436a99d665ff93ff75807e09741e,2,TEM-003794,TEMPLATE,public/ui/weapons/encore_the_second_falling_star.jpg,873
DUP-01813,47ea9c6fe295c30cf93dde7b2dc9e4a1c227436a99d665ff93ff75807e09741e,2,NOV-007212,NOVO,01_Assets_Organizados/UI/weapons/encore_the_second_falling_star.jpg,873
DUP-01814,28f892a231b4e003c4093514d438cd66c44ca532382d83327523546e4b82e04a,2,TEM-003795,TEMPLATE,public/ui/weapons/staff_b.jpg,1423
DUP-01814,28f892a231b4e003c4093514d438cd66c44ca532382d83327523546e4b82e04a,2,NOV-007213,NOVO,01_Assets_Organizados/UI/weapons/staff_b.jpg,1423
DUP-01815,6de7c9c294f204d3c49af8e8f1e8836ea7aab0a94de11b687e87cab35a6568b4,2,TEM-003796,TEMPLATE,public/ui/weapons/spear_a.jpg,1317
DUP-01815,6de7c9c294f204d3c49af8e8f1e8836ea7aab0a94de11b687e87cab35a6568b4,2,NOV-007214,NOVO,01_Assets_Organizados/UI/weapons/spear_a.jpg,1317
DUP-01816,5e84eebf5f3f90d3f1f977e5d950eac55f7b08304eaa907ec04fc794a342c8e3,2,TEM-003797,TEMPLATE,public/ui/weapons/sword_e.jpg,1304
DUP-01816,5e84eebf5f3f90d3f1f977e5d950eac55f7b08304eaa907ec04fc794a342c8e3,2,NOV-007215,NOVO,01_Assets_Organizados/UI/weapons/sword_e.jpg,1304
DUP-01817,bd5005b748ee960aac7ec1ae6cbdb70fc1d628cca58ec17bf5fceae03d09da60,2,TEM-003798,TEMPLATE,public/ui/weapons/adv_wand.jpg,1368
DUP-01817,bd5005b748ee960aac7ec1ae6cbdb70fc1d628cca58ec17bf5fceae03d09da60,2,NOV-007216,NOVO,01_Assets_Organizados/UI/weapons/adv_wand.jpg,1368
DUP-01818,9be8417390b239a43a595f31f37ad0d943b14d12fe4518f873978c906fbc97ab,2,TEM-003799,TEMPLATE,public/ui/weapons/adv_sword_2handed_color.jpg,1496
DUP-01818,9be8417390b239a43a595f31f37ad0d943b14d12fe4518f873978c906fbc97ab,2,NOV-007217,NOVO,01_Assets_Organizados/UI/weapons/adv_sword_2handed_color.jpg,1496
DUP-01819,777c67138d565f1a0c0f7dce0e521618970eba119bd628fd200c2ff4d428cf47,2,TEM-003800,TEMPLATE,public/ui/weapons/notched_woodaxe.jpg,954
DUP-01819,777c67138d565f1a0c0f7dce0e521618970eba119bd628fd200c2ff4d428cf47,2,NOV-007218,NOVO,01_Assets_Organizados/UI/weapons/notched_woodaxe.jpg,954
DUP-01820,f6d7ec439ea54c5f8a7dfc4fc79c2eec0316addfe32aa057e205eb3719d5b95a,2,TEM-003801,TEMPLATE,public/ui/weapons/meteorlatch_the_sky_s_last_judgment.jpg,810
DUP-01820,f6d7ec439ea54c5f8a7dfc4fc79c2eec0316addfe32aa057e205eb3719d5b95a,2,NOV-007219,NOVO,01_Assets_Organizados/UI/weapons/meteorlatch_the_sky_s_last_judgment.jpg,810
DUP-01821,73bd76fee5090167d12a7a44a312382c17e95a7bc834dc34ec04b90d73ce59c5,2,TEM-003802,TEMPLATE,public/ui/weapons/peeled_birch_wand.jpg,954
DUP-01821,73bd76fee5090167d12a7a44a312382c17e95a7bc834dc34ec04b90d73ce59c5,2,NOV-007220,NOVO,01_Assets_Organizados/UI/weapons/peeled_birch_wand.jpg,954
DUP-01822,5443d06a258d4932f9c6ef1ff9a88d90101b1c81ce84911bb2f8279069349078,2,TEM-003803,TEMPLATE,public/ui/weapons/ashspark_shiv.jpg,808
DUP-01822,5443d06a258d4932f9c6ef1ff9a88d90101b1c81ce84911bb2f8279069349078,2,NOV-007221,NOVO,01_Assets_Organizados/UI/weapons/ashspark_shiv.jpg,808
DUP-01823,21e37d053cac5a661343e3ea42b3fec51ccc5acafa9631452b064e8a3855f95c,2,TEM-003804,TEMPLATE,public/ui/weapons/hoarfrost_vigil.jpg,815
DUP-01823,21e37d053cac5a661343e3ea42b3fec51ccc5acafa9631452b064e8a3855f95c,2,NOV-007222,NOVO,01_Assets_Organizados/UI/weapons/hoarfrost_vigil.jpg,815
DUP-01824,2c3046a26f037d6a9ee8fc586d930dd0b8eb84fb8cffe772dc90b438ede337f9,2,TEM-003805,TEMPLATE,public/ui/weapons/axe_b.jpg,1603
DUP-01824,2c3046a26f037d6a9ee8fc586d930dd0b8eb84fb8cffe772dc90b438ede337f9,2,NOV-007223,NOVO,01_Assets_Organizados/UI/weapons/axe_b.jpg,1603
DUP-01825,1754dd5bdbfefeed40cedd7a6018bd0ff845fc19da16cc0618d13ee0a5603ef3,2,TEM-003806,TEMPLATE,public/ui/weapons/adv_axe_1handed.jpg,1535
DUP-01825,1754dd5bdbfefeed40cedd7a6018bd0ff845fc19da16cc0618d13ee0a5603ef3,2,NOV-007224,NOVO,01_Assets_Organizados/UI/weapons/adv_axe_1handed.jpg,1535
DUP-01826,a2ba9e8755ced40ae97ffa3124ef03afdb4f01bcdcbfa701afe3bd64359a5068,2,TEM-003807,TEMPLATE,public/ui/weapons/purple_axe.jpg,935
DUP-01826,a2ba9e8755ced40ae97ffa3124ef03afdb4f01bcdcbfa701afe3bd64359a5068,2,NOV-007225,NOVO,01_Assets_Organizados/UI/weapons/purple_axe.jpg,935
DUP-01827,7bf5b0530d71e1fcd04ba0f29a443a38e3b2ca0a1f2dbf6f543a6431c10d1062,2,TEM-003808,TEMPLATE,public/ui/weapons/smoulderfall.jpg,878
DUP-01827,7bf5b0530d71e1fcd04ba0f29a443a38e3b2ca0a1f2dbf6f543a6431c10d1062,2,NOV-007226,NOVO,01_Assets_Organizados/UI/weapons/smoulderfall.jpg,878
DUP-01828,39f08d30cc8dc51ba2c831cc42aa7846d7df47eecb5df1384aa838aa4ae40e8b,2,TEM-003809,TEMPLATE,public/ui/weapons/axe_a.jpg,1623
DUP-01828,39f08d30cc8dc51ba2c831cc42aa7846d7df47eecb5df1384aa838aa4ae40e8b,2,NOV-007227,NOVO,01_Assets_Organizados/UI/weapons/axe_a.jpg,1623
DUP-01829,2fff832b04e6ed2d6aec8e32514fa658a13a9aee6559501a99dc8e79044e2d41,2,TEM-003810,TEMPLATE,public/ui/weapons/glaciersplit.jpg,908
DUP-01829,2fff832b04e6ed2d6aec8e32514fa658a13a9aee6559501a99dc8e79044e2d41,2,NOV-007228,NOVO,01_Assets_Organizados/UI/weapons/glaciersplit.jpg,908
DUP-01830,0f3d0722849946b9ab56bb04ea583f242e74e4aadb4810d103e4e27acbc39797,2,TEM-003811,TEMPLATE,public/ui/weapons/brasscrown_walking_staff.jpg,854
DUP-01830,0f3d0722849946b9ab56bb04ea583f242e74e4aadb4810d103e4e27acbc39797,2,NOV-007229,NOVO,01_Assets_Organizados/UI/weapons/brasscrown_walking_staff.jpg,854
DUP-01831,9e3104e5db673ceff85439d89d9c7cae8bf44eba9dd5b91584a907ecdf799729,2,TEM-003812,TEMPLATE,public/ui/weapons/hammer_c.jpg,1555
DUP-01831,9e3104e5db673ceff85439d89d9c7cae8bf44eba9dd5b91584a907ecdf799729,2,NOV-007230,NOVO,01_Assets_Organizados/UI/weapons/hammer_c.jpg,1555
DUP-01832,30788aee5b909c14cc91f1754a5eabe9f189272c628ab10da621724895c7c8f1,2,TEM-003813,TEMPLATE,public/ui/weapons/guildmark_arming_sword.jpg,743
DUP-01832,30788aee5b909c14cc91f1754a5eabe9f189272c628ab10da621724895c7c8f1,2,NOV-007231,NOVO,01_Assets_Organizados/UI/weapons/guildmark_arming_sword.jpg,743
DUP-01833,1b8826f1ebd1ebdb4912059db4271c6270cfad5c54d675d6eacfa4c05bfcb667,2,TEM-003814,TEMPLATE,public/ui/weapons/wand_b.jpg,1512
DUP-01833,1b8826f1ebd1ebdb4912059db4271c6270cfad5c54d675d6eacfa4c05bfcb667,2,NOV-007232,NOVO,01_Assets_Organizados/UI/weapons/wand_b.jpg,1512
DUP-01834,5730d6a0e3d753e5664a85e2129e79c175f763a81378605aad254f664f2b4bf0,2,TEM-003815,TEMPLATE,public/ui/weapons/halberd.jpg,1423
DUP-01834,5730d6a0e3d753e5664a85e2129e79c175f763a81378605aad254f664f2b4bf0,2,NOV-007233,NOVO,01_Assets_Organizados/UI/weapons/halberd.jpg,1423
DUP-01835,7ad68006241af098b4c54848025e5cca8e7054a5d452311d1f91fceec18e4726,2,TEM-003816,TEMPLATE,public/ui/weapons/knotted_oak_stave.jpg,774
DUP-01835,7ad68006241af098b4c54848025e5cca8e7054a5d452311d1f91fceec18e4726,2,NOV-007234,NOVO,01_Assets_Organizados/UI/weapons/knotted_oak_stave.jpg,774
DUP-01836,21854b04441ff4b143d5eeaad2de0410df7b472b2901f4b37f9cbaf0af816479,2,TEM-003817,TEMPLATE,public/ui/weapons/redskull_dagger.jpg,894
DUP-01836,21854b04441ff4b143d5eeaad2de0410df7b472b2901f4b37f9cbaf0af816479,2,NOV-007235,NOVO,01_Assets_Organizados/UI/weapons/redskull_dagger.jpg,894
DUP-01837,66e9159d4e0c66c350c58f19416036c9109fdfe09390eaea5a55b016e7d6785d,2,TEM-003818,TEMPLATE,public/ui/weapons/tempered_flanged_mace.jpg,906
DUP-01837,66e9159d4e0c66c350c58f19416036c9109fdfe09390eaea5a55b016e7d6785d,2,NOV-007236,NOVO,01_Assets_Organizados/UI/weapons/tempered_flanged_mace.jpg,906
DUP-01838,42b7581500ecf7e683dc668e3ded82d30f2e0578ca70f4f23bc26c951e674df2,2,TEM-003819,TEMPLATE,public/ui/weapons/emberbite.jpg,988
DUP-01838,42b7581500ecf7e683dc668e3ded82d30f2e0578ca70f4f23bc26c951e674df2,2,NOV-007237,NOVO,01_Assets_Organizados/UI/weapons/emberbite.jpg,988
DUP-01839,2bb63852a03dc7341781ae05e9ecfa10284bc384c07e565c6b4596f490bec0a1,2,TEM-003820,TEMPLATE,public/ui/weapons/sword_d.jpg,1333
DUP-01839,2bb63852a03dc7341781ae05e9ecfa10284bc384c07e565c6b4596f490bec0a1,2,NOV-007238,NOVO,01_Assets_Organizados/UI/weapons/sword_d.jpg,1333
DUP-01840,ace7b73a4e26f74c0891bb2dc20af47d9a783c25f1485e7371e53a63333bdadd,2,TEM-003821,TEMPLATE,public/ui/weapons/scythe.jpg,1413
DUP-01840,ace7b73a4e26f74c0891bb2dc20af47d9a783c25f1485e7371e53a63333bdadd,2,NOV-007239,NOVO,01_Assets_Organizados/UI/weapons/scythe.jpg,1413
DUP-01841,06526cb70a0f8f88f6f782bc89524e80f25442c227d3a9eacd7f2a102d2d5a93,2,TEM-003822,TEMPLATE,public/ui/weapons/sword_c.jpg,1356
DUP-01841,06526cb70a0f8f88f6f782bc89524e80f25442c227d3a9eacd7f2a102d2d5a93,2,NOV-007240,NOVO,01_Assets_Organizados/UI/weapons/sword_c.jpg,1356
DUP-01842,c35198e65c70f52ea2de44c951b6e6854fcc00e77ffd9c61fd9f72e65aff1b93,2,TEM-003823,TEMPLATE,public/ui/weapons/purple_sword.jpg,866
DUP-01842,c35198e65c70f52ea2de44c951b6e6854fcc00e77ffd9c61fd9f72e65aff1b93,2,NOV-007241,NOVO,01_Assets_Organizados/UI/weapons/purple_sword.jpg,866
DUP-01843,5221fc83dff526a6b79aa295316debcbd9cac69a543f6f367c5151ccddb8e2b8,2,TEM-003824,TEMPLATE,public/ui/weapons/staff_c.jpg,1435
DUP-01843,5221fc83dff526a6b79aa295316debcbd9cac69a543f6f367c5151ccddb8e2b8,2,NOV-007242,NOVO,01_Assets_Organizados/UI/weapons/staff_c.jpg,1435
DUP-01844,791170bfc79f9477896590b7b04b120507f6c2ebd330137c48ba1c0fac5c5b7c,2,TEM-003825,TEMPLATE,public/ui/weapons/dagger_a.jpg,1311
DUP-01844,791170bfc79f9477896590b7b04b120507f6c2ebd330137c48ba1c0fac5c5b7c,2,NOV-007243,NOVO,01_Assets_Organizados/UI/weapons/dagger_a.jpg,1311
DUP-01845,2845d9025c778a5921583047f115b82a016779975b2faf322497b680306fc563,2,TEM-003826,TEMPLATE,public/ui/weapons/purple_wand.jpg,862
DUP-01845,2845d9025c778a5921583047f115b82a016779975b2faf322497b680306fc563,2,NOV-007244,NOVO,01_Assets_Organizados/UI/weapons/purple_wand.jpg,862
DUP-01846,1f7793a9a5daceabb0a938db82f21f9d86d811963d1050e034bc04bb7193ed3a,2,TEM-003827,TEMPLATE,public/ui/weapons/astravyr_fang_of_the_fallen_star.jpg,777
DUP-01846,1f7793a9a5daceabb0a938db82f21f9d86d811963d1050e034bc04bb7193ed3a,2,NOV-007245,NOVO,01_Assets_Organizados/UI/weapons/astravyr_fang_of_the_fallen_star.jpg,777
DUP-01847,318cabc52b92ed7bf7ac5b01b2ed82975ddce2014a7680609657dc938566e555,2,TEM-003828,TEMPLATE,public/ui/weapons/adv_dagger.jpg,1448
DUP-01847,318cabc52b92ed7bf7ac5b01b2ed82975ddce2014a7680609657dc938566e555,2,NOV-007246,NOVO,01_Assets_Organizados/UI/weapons/adv_dagger.jpg,1448
DUP-01848,7bfe68f9fd12e5ff5e195f871de986092212056ca5dfa2e280af00d01e2efa25,2,TEM-003829,TEMPLATE,public/ui/weapons/forgeheart_stave.jpg,884
DUP-01848,7bfe68f9fd12e5ff5e195f871de986092212056ca5dfa2e280af00d01e2efa25,2,NOV-007247,NOVO,01_Assets_Organizados/UI/weapons/forgeheart_stave.jpg,884
DUP-01849,8059babc04a806acf0d9ec5bd203d0f691f6e34b12f638064d11221765691520,2,TEM-003830,TEMPLATE,public/ui/weapons/dagger_c.jpg,1570
DUP-01849,8059babc04a806acf0d9ec5bd203d0f691f6e34b12f638064d11221765691520,2,NOV-007248,NOVO,01_Assets_Organizados/UI/weapons/dagger_c.jpg,1570
DUP-01850,0f00cdde94726fe3074a9550b3989f234a7ad973fb6cee87847b33b3bff9e9ee,2,TEM-003831,TEMPLATE,public/ui/weapons/whittler_s_knife.jpg,1021
DUP-01850,0f00cdde94726fe3074a9550b3989f234a7ad973fb6cee87847b33b3bff9e9ee,2,NOV-007249,NOVO,01_Assets_Organizados/UI/weapons/whittler_s_knife.jpg,1021
DUP-01851,0a685ebb717e5a8338571b6eeeec27cc151383d43e1bf75c3d5c6b623dcf202d,2,TEM-003832,TEMPLATE,public/ui/weapons/adv_sword_1handed.jpg,1435
DUP-01851,0a685ebb717e5a8338571b6eeeec27cc151383d43e1bf75c3d5c6b623dcf202d,2,NOV-007250,NOVO,01_Assets_Organizados/UI/weapons/adv_sword_1handed.jpg,1435
DUP-01852,faeb359325b7858bd68e0a59238d52f5ea683fd1f076ab08ac6032ec3cf86478,2,TEM-003833,TEMPLATE,public/ui/weapons/dagger_b.jpg,1374
DUP-01852,faeb359325b7858bd68e0a59238d52f5ea683fd1f076ab08ac6032ec3cf86478,2,NOV-007251,NOVO,01_Assets_Organizados/UI/weapons/dagger_b.jpg,1374
DUP-01853,ac2263e273f587fa79c68c79441c75cb8c8b226ea31c1b9cc44993f79950d237,2,TEM-003834,TEMPLATE,public/ui/weapons/brasscap_hatchet.jpg,968
DUP-01853,ac2263e273f587fa79c68c79441c75cb8c8b226ea31c1b9cc44993f79950d237,2,NOV-007252,NOVO,01_Assets_Organizados/UI/weapons/brasscap_hatchet.jpg,968
DUP-01854,b501e4198f524011038691478edc62e6de4f458296f602b842683591ca8d1e84,2,TEM-003835,TEMPLATE,public/ui/weapons/rimecrusher.jpg,902
DUP-01854,b501e4198f524011038691478edc62e6de4f458296f602b842683591ca8d1e84,2,NOV-007253,NOVO,01_Assets_Organizados/UI/weapons/rimecrusher.jpg,902
DUP-01855,69f6db73edd59d9142037ec6ae3408370140a4436c1eccf74a4931e2fda4f24f,2,TEM-003836,TEMPLATE,public/ui/weapons/sword_g.jpg,1721
DUP-01855,69f6db73edd59d9142037ec6ae3408370140a4436c1eccf74a4931e2fda4f24f,2,NOV-007254,NOVO,01_Assets_Organizados/UI/weapons/sword_g.jpg,1721
DUP-01856,d934a283234760548a34580427edaf64743470805ae5588400bcb644c80ed0df,2,TEM-003837,TEMPLATE,public/ui/weapons/frostbite.jpg,889
DUP-01856,d934a283234760548a34580427edaf64743470805ae5588400bcb644c80ed0df,2,NOV-007255,NOVO,01_Assets_Organizados/UI/weapons/frostbite.jpg,889
DUP-01857,122968f083eb5c9fe1fd3d5806857b83dfab22a20f5fe43b032cb0c4a3a00646,2,TEM-003838,TEMPLATE,public/ui/weapons/skyrender_the_firmament_s_wound.jpg,958
DUP-01857,122968f083eb5c9fe1fd3d5806857b83dfab22a20f5fe43b032cb0c4a3a00646,2,NOV-007256,NOVO,01_Assets_Organizados/UI/weapons/skyrender_the_firmament_s_wound.jpg,958
DUP-01858,b4885f5adbb13e77d0773be4a28799593a3c52273292e4b48c51b8d1d4945de0,2,TEM-003839,TEMPLATE,public/ui/weapons/purple_staff.jpg,883
DUP-01858,b4885f5adbb13e77d0773be4a28799593a3c52273292e4b48c51b8d1d4945de0,2,NOV-007257,NOVO,01_Assets_Organizados/UI/weapons/purple_staff.jpg,883
DUP-01859,3cb2733b1da500c9535d2793a46af62de30a48363955ad9eeac5cf1a26f20118,2,TEM-003840,TEMPLATE,public/ui/weapons/hammer_b.jpg,1362
DUP-01859,3cb2733b1da500c9535d2793a46af62de30a48363955ad9eeac5cf1a26f20118,2,NOV-007258,NOVO,01_Assets_Organizados/UI/weapons/hammer_b.jpg,1362
DUP-01860,a7cfeb869dbd9c06c8322e4cca4f872259c9193c552c8070e2bcc661a65f51d5,2,TEM-003841,TEMPLATE,public/ui/weapons/lacquered_rod.jpg,634
DUP-01860,a7cfeb869dbd9c06c8322e4cca4f872259c9193c552c8070e2bcc661a65f51d5,2,NOV-007259,NOVO,01_Assets_Organizados/UI/weapons/lacquered_rod.jpg,634
DUP-01861,4b48234dd441f540e93b2068546fff2f60db9a4ef274cd546b91d4faa5671df4,2,TEM-003842,TEMPLATE,public/ui/weapons/sword_f.jpg,1903
DUP-01861,4b48234dd441f540e93b2068546fff2f60db9a4ef274cd546b91d4faa5671df4,2,NOV-007260,NOVO,01_Assets_Organizados/UI/weapons/sword_f.jpg,1903
DUP-01862,43dbba2e6dcc1230ef185c05ff368d1359f74a3e818ac575e06e9996ebb33920,2,TEM-003843,TEMPLATE,public/ui/weapons/staff_a.jpg,1403
DUP-01862,43dbba2e6dcc1230ef185c05ff368d1359f74a3e818ac575e06e9996ebb33920,2,NOV-007261,NOVO,01_Assets_Organizados/UI/weapons/staff_a.jpg,1403
DUP-01863,b75614a1d3179d1fb6c4019116a745011de31d437770157fe9d102ce81bc6df4,2,TEM-003844,TEMPLATE,public/ui/weapons/redskull_staff.jpg,903
DUP-01863,b75614a1d3179d1fb6c4019116a745011de31d437770157fe9d102ce81bc6df4,2,NOV-007262,NOVO,01_Assets_Organizados/UI/weapons/redskull_staff.jpg,903
DUP-01864,87377040e37bbdd9517f2b1937aa4087d3db415344220bfea9ef1294a1882537,2,TEM-003845,TEMPLATE,public/ui/weapons/adv_sword_2handed.jpg,1412
DUP-01864,87377040e37bbdd9517f2b1937aa4087d3db415344220bfea9ef1294a1882537,2,NOV-007263,NOVO,01_Assets_Organizados/UI/weapons/adv_sword_2handed.jpg,1412
DUP-01865,f6c80c8bb1cc8456e6ad6b14e900181fe256bef7eb23ef2caf47484a7a8d83ff,2,TEM-003846,TEMPLATE,public/ui/weapons/axe_d.jpg,1580
DUP-01865,f6c80c8bb1cc8456e6ad6b14e900181fe256bef7eb23ef2caf47484a7a8d83ff,2,NOV-007264,NOVO,01_Assets_Organizados/UI/weapons/axe_d.jpg,1580
DUP-01866,31c0703e42a04b23806099d1cdc7d646f272bdfdda233b4fcb04a63c0ffa7ea7,2,TEM-003847,TEMPLATE,public/ui/weapons/redskull_wand.jpg,869
DUP-01866,31c0703e42a04b23806099d1cdc7d646f272bdfdda233b4fcb04a63c0ffa7ea7,2,NOV-007265,NOVO,01_Assets_Organizados/UI/weapons/redskull_wand.jpg,869
DUP-01867,8a7ee5a8ff39fd4fc9b8395cc5edca7539868814c3943b5ef7a7792c35e04778,2,TEM-003848,TEMPLATE,public/ui/weapons/winterbite.jpg,932
DUP-01867,8a7ee5a8ff39fd4fc9b8395cc5edca7539868814c3943b5ef7a7792c35e04778,2,NOV-007266,NOVO,01_Assets_Organizados/UI/weapons/winterbite.jpg,932
DUP-01868,b347384900c180099d4bef9d63b6292d724d43090bbaa8933965de53d51ac9b2,2,TEM-003849,TEMPLATE,public/ui/weapons/redskull_sword.jpg,821
DUP-01868,b347384900c180099d4bef9d63b6292d724d43090bbaa8933965de53d51ac9b2,2,NOV-007267,NOVO,01_Assets_Organizados/UI/weapons/redskull_sword.jpg,821
DUP-01869,0ac9261358ac810069bb5b454afc1b7808e9fc6966fb930eb98898a26df10d8d,2,TEM-003850,TEMPLATE,public/ui/weapons/emberfang_sword.jpg,867
DUP-01869,0ac9261358ac810069bb5b454afc1b7808e9fc6966fb930eb98898a26df10d8d,2,NOV-007268,NOVO,01_Assets_Organizados/UI/weapons/emberfang_sword.jpg,867
DUP-01870,f31c613bb40ef68fda97d33cb9168c81e7006cd67583e745b13740d54ed525ea,2,TEM-003851,TEMPLATE,public/ui/weapons/iron_field_hammer.jpg,1090
DUP-01870,f31c613bb40ef68fda97d33cb9168c81e7006cd67583e745b13740d54ed525ea,2,NOV-007269,NOVO,01_Assets_Organizados/UI/weapons/iron_field_hammer.jpg,1090
DUP-01871,93b0767c147df3541502e2f842b51c200cad190d272aeb2f8b5816f33d7c8c67,2,TEM-003852,TEMPLATE,public/ui/weapons/rude_awakening_sword.jpg,869
DUP-01871,93b0767c147df3541502e2f842b51c200cad190d272aeb2f8b5816f33d7c8c67,2,NOV-007270,NOVO,01_Assets_Organizados/UI/weapons/rude_awakening_sword.jpg,869
DUP-01872,1b0d740e0ffd4fae9544fb18a80d5e8f2ff2df315d997da0f239558d294a6756,2,TEM-003853,TEMPLATE,public/ui/weapons/cinderlatch.jpg,921
DUP-01872,1b0d740e0ffd4fae9544fb18a80d5e8f2ff2df315d997da0f239558d294a6756,2,NOV-007271,NOVO,01_Assets_Organizados/UI/weapons/cinderlatch.jpg,921
DUP-01873,843d857c77a18cee0c909e3b5be24b23f175e4e152467e9715055441ddea0c97,2,TEM-003854,TEMPLATE,public/ui/weapons/ice_fang.jpg,858
DUP-01873,843d857c77a18cee0c909e3b5be24b23f175e4e152467e9715055441ddea0c97,2,NOV-007272,NOVO,01_Assets_Organizados/UI/weapons/ice_fang.jpg,858
DUP-01874,3693ba4ee06c6c8e310f91985de4eb3d88590def83ee3fbfccab3890efb90f58,2,TEM-003855,TEMPLATE,public/ui/weapons/sword_b.jpg,1355
DUP-01874,3693ba4ee06c6c8e310f91985de4eb3d88590def83ee3fbfccab3890efb90f58,2,NOV-007273,NOVO,01_Assets_Organizados/UI/weapons/sword_b.jpg,1355
DUP-01875,43eff2d6e7ff1442c3fe4121001f4934303e9663684212c552f1b10cce1cd1e7,2,TEM-003856,TEMPLATE,public/ui/weapons/cosmarch_spire_of_the_endless_void.jpg,933
DUP-01875,43eff2d6e7ff1442c3fe4121001f4934303e9663684212c552f1b10cce1cd1e7,2,NOV-007274,NOVO,01_Assets_Organizados/UI/weapons/cosmarch_spire_of_the_endless_void.jpg,933
DUP-01876,e9cb43bd704cc9dbb13de0b380420dbd31b84cf0c019e53b8e894b4d036ddd16,2,TEM-003857,TEMPLATE,public/ui/weapons/solheim_last_light_of_the_dawn.jpg,1014
DUP-01876,e9cb43bd704cc9dbb13de0b380420dbd31b84cf0c019e53b8e894b4d036ddd16,2,NOV-007275,NOVO,01_Assets_Organizados/UI/weapons/solheim_last_light_of_the_dawn.jpg,1014
DUP-01877,a27f529e8b3b232184b03a898464a43c91773c8db2fdcd03cc1a55689482730e,2,TEM-003858,TEMPLATE,public/ui/weapons/guildmark_dirk.jpg,684
DUP-01877,a27f529e8b3b232184b03a898464a43c91773c8db2fdcd03cc1a55689482730e,2,NOV-007276,NOVO,01_Assets_Organizados/UI/weapons/guildmark_dirk.jpg,684
DUP-01878,e910ed732250c35cb622e09ca3eae87656ec6e82d2248ec2d2a0759aa9bce2b5,2,TEM-003859,TEMPLATE,public/ui/weapons/fletcher_s_guild_bow.jpg,901
DUP-01878,e910ed732250c35cb622e09ca3eae87656ec6e82d2248ec2d2a0759aa9bce2b5,2,NOV-007277,NOVO,01_Assets_Organizados/UI/weapons/fletcher_s_guild_bow.jpg,901
DUP-01879,da0f6e55899985da0c7cd1eaae6ff80c6fb247c3fe50428d832d631b0244b931,2,TEM-003860,TEMPLATE,public/ui/weapons/adv_staff.jpg,1530
DUP-01879,da0f6e55899985da0c7cd1eaae6ff80c6fb247c3fe50428d832d631b0244b931,2,NOV-007278,NOVO,01_Assets_Organizados/UI/weapons/adv_staff.jpg,1530
DUP-01880,6256eae9bda7fbd0795d7347d9b6d2878d23eb4e822fc04f9233ebde5c512cc3,2,TEM-003861,TEMPLATE,public/ui/weapons/redskull_hammer.jpg,756
DUP-01880,6256eae9bda7fbd0795d7347d9b6d2878d23eb4e822fc04f9233ebde5c512cc3,2,NOV-007279,NOVO,01_Assets_Organizados/UI/weapons/redskull_hammer.jpg,756
DUP-01881,504f6a939f97307076f124632fa8bbad3ee291149a3224e130c70de25bddd0bd,2,TEM-003862,TEMPLATE,public/ui/weapons/cinderbrand.jpg,831
DUP-01881,504f6a939f97307076f124632fa8bbad3ee291149a3224e130c70de25bddd0bd,2,NOV-007280,NOVO,01_Assets_Organizados/UI/weapons/cinderbrand.jpg,831
DUP-01882,3c82f7fbf22ee1dc49334c859af021d889128fb896254cf2f8191d743746f9c2,2,TEM-003863,TEMPLATE,public/ui/weapons/hammer_d.jpg,1683
DUP-01882,3c82f7fbf22ee1dc49334c859af021d889128fb896254cf2f8191d743746f9c2,2,NOV-007281,NOVO,01_Assets_Organizados/UI/weapons/hammer_d.jpg,1683
DUP-01883,555b02a9e7cf67bb917a1d57eb7f49b7c15171fb484aec4993758009ba1c6703,2,TEM-003864,TEMPLATE,public/ui/weapons/purple_dagger.jpg,875
DUP-01883,555b02a9e7cf67bb917a1d57eb7f49b7c15171fb484aec4993758009ba1c6703,2,NOV-007282,NOVO,01_Assets_Organizados/UI/weapons/purple_dagger.jpg,875
DUP-01884,bb3149c9cf5ee5e1c006736254eeee4e2baef21be6a511943a4eda796184198e,2,TEM-003865,TEMPLATE,public/ui/weapons/simple_farmhand_crossbow.jpg,918
DUP-01884,bb3149c9cf5ee5e1c006736254eeee4e2baef21be6a511943a4eda796184198e,2,NOV-007283,NOVO,01_Assets_Organizados/UI/weapons/simple_farmhand_crossbow.jpg,918
DUP-01885,480bdb1be04d519407c42ea9cdbf90c507b57a0c4f368396083ae8bf0428f1ed,2,TEM-003866,TEMPLATE,public/ui/weapons/emberwish_mote_of_the_dying_sun.jpg,706
DUP-01885,480bdb1be04d519407c42ea9cdbf90c507b57a0c4f368396083ae8bf0428f1ed,2,NOV-007284,NOVO,01_Assets_Organizados/UI/weapons/emberwish_mote_of_the_dying_sun.jpg,706
DUP-01886,f620e273a60bf3060621d4f38fa8557716b5fbe7237f69f3caa0a7de17d3f7df,2,TEM-003867,TEMPLATE,public/ui/weapons/adv_axe_2handed.jpg,1569
DUP-01886,f620e273a60bf3060621d4f38fa8557716b5fbe7237f69f3caa0a7de17d3f7df,2,NOV-007285,NOVO,01_Assets_Organizados/UI/weapons/adv_axe_2handed.jpg,1569
DUP-01887,d9e89ba98536d1bc29e4c13493832eba760c6eff66fde03ef3b46c86df36e198,2,TEM-003868,TEMPLATE,public/ui/weapons/staff_d.jpg,1813
DUP-01887,d9e89ba98536d1bc29e4c13493832eba760c6eff66fde03ef3b46c86df36e198,2,NOV-007286,NOVO,01_Assets_Organizados/UI/weapons/staff_d.jpg,1813
DUP-01888,c41b325414af4a4ba623ca1691272e0a55a7dc075b2a49ef444315bd445d5ecc,2,TEM-003869,TEMPLATE,public/ui/weapons/wand_a.jpg,1540
DUP-01888,c41b325414af4a4ba623ca1691272e0a55a7dc075b2a49ef444315bd445d5ecc,2,NOV-007287,NOVO,01_Assets_Organizados/UI/weapons/wand_a.jpg,1540
DUP-01889,d5a94941b0c90b1927d4ba38cfd061a782102cf38feb985ff78eea86338c1182,2,TEM-003870,TEMPLATE,public/ui/weapons/starfall_judgment_of_the_heavens.jpg,821
DUP-01889,d5a94941b0c90b1927d4ba38cfd061a782102cf38feb985ff78eea86338c1182,2,NOV-007288,NOVO,01_Assets_Organizados/UI/weapons/starfall_judgment_of_the_heavens.jpg,821
DUP-01890,6417ea26d6f4c5335d71a280c1d82d6bf022ee4cbb5fecd55a96a74d61249e69,2,TEM-003871,TEMPLATE,public/ui/weapons/adv_druid_staff.jpg,1526
DUP-01890,6417ea26d6f4c5335d71a280c1d82d6bf022ee4cbb5fecd55a96a74d61249e69,2,NOV-007289,NOVO,01_Assets_Organizados/UI/weapons/adv_druid_staff.jpg,1526
DUP-01891,bb33bff33cd57b9c0ae74260fb05c150d39b982d69d19704745dce602e91ba51,2,TEM-003872,TEMPLATE,public/ui/weapons/wrought_iron_longsword.jpg,731
DUP-01891,bb33bff33cd57b9c0ae74260fb05c150d39b982d69d19704745dce602e91ba51,2,NOV-007290,NOVO,01_Assets_Organizados/UI/weapons/wrought_iron_longsword.jpg,731
DUP-01892,196b1a8b70fdcf33f3c9a676432cf4f78297c3f563d5439564b588eead510170,2,TEM-003873,TEMPLATE,public/ui/weapons/sword_a.jpg,1517
DUP-01892,196b1a8b70fdcf33f3c9a676432cf4f78297c3f563d5439564b588eead510170,2,NOV-007291,NOVO,01_Assets_Organizados/UI/weapons/sword_a.jpg,1517
DUP-01893,22a52bee1aa5e591bba4c5422fb2798ed47909bc9e5b83efebb6f137e0622911,2,TEM-003874,TEMPLATE,public/ui/weapons/shard_of_everwinter.jpg,968
DUP-01893,22a52bee1aa5e591bba4c5422fb2798ed47909bc9e5b83efebb6f137e0622911,2,NOV-007292,NOVO,01_Assets_Organizados/UI/weapons/shard_of_everwinter.jpg,968
DUP-01894,dbf165ecc7dea1b7ff3ea877c54568d6360672e70740d790ee3d7210d1e4eb61,2,TEM-003875,TEMPLATE,public/ui/weapons/hammer_a.jpg,1645
DUP-01894,dbf165ecc7dea1b7ff3ea877c54568d6360672e70740d790ee3d7210d1e4eb61,2,NOV-007293,NOVO,01_Assets_Organizados/UI/weapons/hammer_a.jpg,1645
DUP-01895,f2244762f1f59a51099dcaf873d98b96cf9a0020a2ddaca712b7eabf72517b01,2,TEM-003876,TEMPLATE,public/ui/weapons/emberwrought_wand.jpg,696
DUP-01895,f2244762f1f59a51099dcaf873d98b96cf9a0020a2ddaca712b7eabf72517b01,2,NOV-007294,NOVO,01_Assets_Organizados/UI/weapons/emberwrought_wand.jpg,696
DUP-01896,f83e4d8ebb88702befcffb8bf5c1d84382e45eff0600ffb7aab3a714d41e0883,2,TEM-003877,TEMPLATE,public/ui/professions/prof_engineering.webp,6028
DUP-01896,f83e4d8ebb88702befcffb8bf5c1d84382e45eff0600ffb7aab3a714d41e0883,2,NOV-007295,NOVO,01_Assets_Organizados/UI/professions/prof_engineering.webp,6028
DUP-01897,680ec5eea5066db3c1ffe0f56260c042e9d521a871e7ee448be34ba7298ef8c2,2,TEM-003878,TEMPLATE,public/ui/professions/archetype_bombardier.webp,5098
DUP-01897,680ec5eea5066db3c1ffe0f56260c042e9d521a871e7ee448be34ba7298ef8c2,2,NOV-007296,NOVO,01_Assets_Organizados/UI/professions/archetype_bombardier.webp,5098
DUP-01898,f1d787aa2e4fd54766c46cb899ada6b84c59002200129cc4995ce1748bf3d557,2,TEM-003879,TEMPLATE,public/ui/professions/prof_inscription.webp,4772
DUP-01898,f1d787aa2e4fd54766c46cb899ada6b84c59002200129cc4995ce1748bf3d557,2,NOV-007297,NOVO,01_Assets_Organizados/UI/professions/prof_inscription.webp,4772
DUP-01899,ccae86ecc1798201085cd47d2899828fff60a76367bb7730cdcb7bbea9bd0f95,2,TEM-003880,TEMPLATE,public/ui/professions/archetype_apothecary.webp,5448
DUP-01899,ccae86ecc1798201085cd47d2899828fff60a76367bb7730cdcb7bbea9bd0f95,2,NOV-007298,NOVO,01_Assets_Organizados/UI/professions/archetype_apothecary.webp,5448
DUP-01900,0cb8b25c44c25e6f9f33c36ced9f713cd0ef8f0d38602fad73363fdc106d8cf1,2,TEM-003881,TEMPLATE,public/ui/professions/gather_mining.webp,5112
DUP-01900,0cb8b25c44c25e6f9f33c36ced9f713cd0ef8f0d38602fad73363fdc106d8cf1,2,NOV-007299,NOVO,01_Assets_Organizados/UI/professions/gather_mining.webp,5112
DUP-01901,1ef7966eba3d5c407aed40dcc0f352d923030c0663b8651929541bbfd327784c,2,TEM-003882,TEMPLATE,public/ui/professions/archetype_gembinder.webp,5048
DUP-01901,1ef7966eba3d5c407aed40dcc0f352d923030c0663b8651929541bbfd327784c,2,NOV-007300,NOVO,01_Assets_Organizados/UI/professions/archetype_gembinder.webp,5048
DUP-01902,bbe83f8a7ee606e81915fa2f18961feefb92b374f7d8d6ca7f653a2a57c8c5f4,2,TEM-003883,TEMPLATE,public/ui/professions/archetype_mageweaver.webp,4612
DUP-01902,bbe83f8a7ee606e81915fa2f18961feefb92b374f7d8d6ca7f653a2a57c8c5f4,2,NOV-007301,NOVO,01_Assets_Organizados/UI/professions/archetype_mageweaver.webp,4612
DUP-01903,88738ddae2a3c0ba00c75bb494c7d2e4b031b36266dbc3504263099c1b33eab7,2,TEM-003884,TEMPLATE,public/ui/professions/prof_enchanting.webp,4790
DUP-01903,88738ddae2a3c0ba00c75bb494c7d2e4b031b36266dbc3504263099c1b33eab7,2,NOV-007302,NOVO,01_Assets_Organizados/UI/professions/prof_enchanting.webp,4790
DUP-01904,8ba2db68e1e6b1255c39c51af3b86e6847b0d6d0c07e1941be09596e44bd856c,2,TEM-003885,TEMPLATE,public/ui/professions/archetype_smith.webp,5542
DUP-01904,8ba2db68e1e6b1255c39c51af3b86e6847b0d6d0c07e1941be09596e44bd856c,2,NOV-007303,NOVO,01_Assets_Organizados/UI/professions/archetype_smith.webp,5542
DUP-01905,c082ca40c323a01d92ae25dd9517075d2be5676ca90576d3b8ed05c1ff88ac5c,2,TEM-003886,TEMPLATE,public/ui/professions/prof_tailoring.webp,3528
DUP-01905,c082ca40c323a01d92ae25dd9517075d2be5676ca90576d3b8ed05c1ff88ac5c,2,NOV-007304,NOVO,01_Assets_Organizados/UI/professions/prof_tailoring.webp,3528
DUP-01906,9ab1065e83ca45912a8308f36ca2c8b2a903e269fdcd984d29874f14f2bd39a4,2,TEM-003887,TEMPLATE,public/ui/professions/gather_herbalism.webp,5554
DUP-01906,9ab1065e83ca45912a8308f36ca2c8b2a903e269fdcd984d29874f14f2bd39a4,2,NOV-007305,NOVO,01_Assets_Organizados/UI/professions/gather_herbalism.webp,5554
DUP-01907,1920274a50a9c19b0602ca2001ddd070bffaaf6d9da17ccb4ec7108c73636bed,2,TEM-003888,TEMPLATE,public/ui/professions/prof_weaponcrafting.webp,3922
DUP-01907,1920274a50a9c19b0602ca2001ddd070bffaaf6d9da17ccb4ec7108c73636bed,2,NOV-007306,NOVO,01_Assets_Organizados/UI/professions/prof_weaponcrafting.webp,3922
DUP-01908,a09b5fb07c611a85030e200cd7c87f4851efe78091f4885f5e5c21c383857fe1,2,TEM-003889,TEMPLATE,public/ui/professions/archetype_outfitter.webp,5370
DUP-01908,a09b5fb07c611a85030e200cd7c87f4851efe78091f4885f5e5c21c383857fe1,2,NOV-007307,NOVO,01_Assets_Organizados/UI/professions/archetype_outfitter.webp,5370
DUP-01909,d7e02de88a5353c03986141d0840e23dd598d5dbc93154225199027e306e0979,2,TEM-003890,TEMPLATE,public/ui/professions/archetype_cogsmith.webp,5506
DUP-01909,d7e02de88a5353c03986141d0840e23dd598d5dbc93154225199027e306e0979,2,NOV-007308,NOVO,01_Assets_Organizados/UI/professions/archetype_cogsmith.webp,5506
DUP-01910,078d0f0482e96e22d4ecd61eedf18d770536500d202d396adcde89a12026c22b,2,TEM-003891,TEMPLATE,public/ui/professions/prof_cooking.webp,4918
DUP-01910,078d0f0482e96e22d4ecd61eedf18d770536500d202d396adcde89a12026c22b,2,NOV-007309,NOVO,01_Assets_Organizados/UI/professions/prof_cooking.webp,4918
DUP-01911,40863d64afa53aaa74aa46e5fe35a18325a1500736f3f552fee2a9d6707289f4,2,TEM-003892,TEMPLATE,public/ui/professions/prof_jewelcrafting.webp,4986
DUP-01911,40863d64afa53aaa74aa46e5fe35a18325a1500736f3f552fee2a9d6707289f4,2,NOV-007310,NOVO,01_Assets_Organizados/UI/professions/prof_jewelcrafting.webp,4986
DUP-01912,9e0dae7f43c8448fe3f31dc1763cbb7aaee73e25c0bc0ad7ee6313362fc5c7ae,2,TEM-003893,TEMPLATE,public/ui/professions/archetype_trapper.webp,4796
DUP-01912,9e0dae7f43c8448fe3f31dc1763cbb7aaee73e25c0bc0ad7ee6313362fc5c7ae,2,NOV-007311,NOVO,01_Assets_Organizados/UI/professions/archetype_trapper.webp,4796
DUP-01913,b91b6318873ea02ae13c071bb667a8155694fa4cb8a924b9adbf02e093d06ee0,2,TEM-003894,TEMPLATE,public/ui/professions/prof_alchemy.webp,5308
DUP-01913,b91b6318873ea02ae13c071bb667a8155694fa4cb8a924b9adbf02e093d06ee0,2,NOV-007312,NOVO,01_Assets_Organizados/UI/professions/prof_alchemy.webp,5308
DUP-01914,444eab8d958877fafcba16ba85034a8a881ca55cfa0834832158ecc1ca22dd4e,2,TEM-003895,TEMPLATE,public/ui/professions/masterwork_seal.webp,4666
DUP-01914,444eab8d958877fafcba16ba85034a8a881ca55cfa0834832158ecc1ca22dd4e,2,NOV-007313,NOVO,01_Assets_Organizados/UI/professions/masterwork_seal.webp,4666
DUP-01915,ffea71db2a91bde618cf02975c093518e76d1179ff3dc73b9bbf75f3c347d656,2,TEM-003896,TEMPLATE,public/ui/professions/gather_fishing.webp,6704
DUP-01915,ffea71db2a91bde618cf02975c093518e76d1179ff3dc73b9bbf75f3c347d656,2,NOV-007314,NOVO,01_Assets_Organizados/UI/professions/gather_fishing.webp,6704
DUP-01916,bc18670de095082e3da4a5a73242e2c020b72095555fbe0071ac09b5a1c3ce06,2,TEM-003897,TEMPLATE,public/ui/professions/archetype_arcanist.webp,4960
DUP-01916,bc18670de095082e3da4a5a73242e2c020b72095555fbe0071ac09b5a1c3ce06,2,NOV-007315,NOVO,01_Assets_Organizados/UI/professions/archetype_arcanist.webp,4960
DUP-01917,d8194748e31b06164dad3f8e8b3f6f3b14428e4c74f70a3d8c9fd437a3a165de,2,TEM-003898,TEMPLATE,public/ui/professions/archetype_bladewright.webp,4110
DUP-01917,d8194748e31b06164dad3f8e8b3f6f3b14428e4c74f70a3d8c9fd437a3a165de,2,NOV-007316,NOVO,01_Assets_Organizados/UI/professions/archetype_bladewright.webp,4110
DUP-01918,28b53aa4abc1c2a9b130aac5f75fcc151bc73d3b70ef4e1e1e07532d335f0c16,2,TEM-003899,TEMPLATE,public/ui/professions/prof_armorcrafting.webp,3638
DUP-01918,28b53aa4abc1c2a9b130aac5f75fcc151bc73d3b70ef4e1e1e07532d335f0c16,2,NOV-007317,NOVO,01_Assets_Organizados/UI/professions/prof_armorcrafting.webp,3638
DUP-01919,36fb4f9c5a8f52337ea3b3cb9160da4533ff7eb913fe0838676468300695c90a,2,TEM-003900,TEMPLATE,public/ui/professions/prof_leatherworking.webp,4110
DUP-01919,36fb4f9c5a8f52337ea3b3cb9160da4533ff7eb913fe0838676468300695c90a,2,NOV-007318,NOVO,01_Assets_Organizados/UI/professions/prof_leatherworking.webp,4110
DUP-01920,838067070e62a9cd72ff0da621c62ada9e6f548b6bed671df77f5ac89cfc3b8a,2,TEM-003901,TEMPLATE,public/ui/professions/gather_logging.webp,5302
DUP-01920,838067070e62a9cd72ff0da621c62ada9e6f548b6bed671df77f5ac89cfc3b8a,2,NOV-007319,NOVO,01_Assets_Organizados/UI/professions/gather_logging.webp,5302
DUP-01921,4458e4639537b31effaf06b947e0f06a90317e00a96b34737e0c06bb5fd0d2ad,2,TEM-003902,TEMPLATE,public/ui/ranks/elite-dragon-frame.webp,17126
DUP-01921,4458e4639537b31effaf06b947e0f06a90317e00a96b34737e0c06bb5fd0d2ad,2,NOV-007320,NOVO,01_Assets_Organizados/UI/ranks/elite-dragon-frame.webp,17126
DUP-01922,08b6fa8c7219a7f90492ece73727305438b9732fc26f98d5845afa02c00a195c,2,TEM-003903,TEMPLATE,public/ui/daily-rewards/treasure_chest.webp,18734
DUP-01922,08b6fa8c7219a7f90492ece73727305438b9732fc26f98d5845afa02c00a195c,2,NOV-007321,NOVO,01_Assets_Organizados/UI/daily-rewards/treasure_chest.webp,18734
DUP-01923,4828b7da70ebe706b316a8ac39c161b8ce063e54ddca54f88e87f1b83417ce10,2,TEM-003904,TEMPLATE,public/ui/procs/frost-phoenix-v1.webp,136872
DUP-01923,4828b7da70ebe706b316a8ac39c161b8ce063e54ddca54f88e87f1b83417ce10,2,NOV-007322,NOVO,01_Assets_Organizados/UI/procs/frost-phoenix-v1.webp,136872
DUP-01924,bcc6ca83e1f65b016e7d7d93843efe2a6bf909ca6ee43bb507abc2aa666d36a0,2,TEM-003905,TEMPLATE,public/ui/procs/fire-phoenix-v2.webp,286488
DUP-01924,bcc6ca83e1f65b016e7d7d93843efe2a6bf909ca6ee43bb507abc2aa666d36a0,2,NOV-007323,NOVO,01_Assets_Organizados/UI/procs/fire-phoenix-v2.webp,286488
DUP-01925,62f29cec6e58b65a252ec8c74ec88e548255233b4fc23e4138382336fc96d469,2,TEM-003906,TEMPLATE,public/ui/procs/chronomancy-phoenix-v2.webp,328012
DUP-01925,62f29cec6e58b65a252ec8c74ec88e548255233b4fc23e4138382336fc96d469,2,NOV-007324,NOVO,01_Assets_Organizados/UI/procs/chronomancy-phoenix-v2.webp,328012
DUP-01926,147e24d21c070acf8caee7b3e54dbd0b3c6528554d119a9bb9e28d46bfadb4db,2,TEM-003907,TEMPLATE,public/ui/store/season-01-armory-promo.webp,136128
DUP-01926,147e24d21c070acf8caee7b3e54dbd0b3c6528554d119a9bb9e28d46bfadb4db,2,NOV-007325,NOVO,01_Assets_Organizados/UI/store/season-01-armory-promo.webp,136128
DUP-01927,7ece5966408590460eb28a2e12f08c80dc81d11ad6b1f0b0ed75c102be07b60b,2,TEM-003908,TEMPLATE,public/ui/specs/warrior/prot.webp,6244
DUP-01927,7ece5966408590460eb28a2e12f08c80dc81d11ad6b1f0b0ed75c102be07b60b,2,NOV-007343,NOVO,01_Assets_Organizados/UI/specs/warrior/prot.webp,6244
DUP-01928,10e6a24558dfa0707e18320a9f684af28c9d3b1d0fe287dde5dfa4515e6c1c53,2,TEM-003909,TEMPLATE,public/ui/specs/warrior/arms.webp,6288
DUP-01928,10e6a24558dfa0707e18320a9f684af28c9d3b1d0fe287dde5dfa4515e6c1c53,2,NOV-007344,NOVO,01_Assets_Organizados/UI/specs/warrior/arms.webp,6288
DUP-01929,00444a2922ba40ed15605f404034c3bba9772bf7c37e35b57d7524e3fa2ab08e,2,TEM-003910,TEMPLATE,public/ui/specs/warrior/fury.webp,7918
DUP-01929,00444a2922ba40ed15605f404034c3bba9772bf7c37e35b57d7524e3fa2ab08e,2,NOV-007345,NOVO,01_Assets_Organizados/UI/specs/warrior/fury.webp,7918
DUP-01930,14b62623e4214618b228380b380b870e10a05ded1be77b2f17c664c47c3d2a26,2,TEM-003914,TEMPLATE,public/ui/store/armory/cinderlatch_crossbow.webp,12676
DUP-01930,14b62623e4214618b228380b380b870e10a05ded1be77b2f17c664c47c3d2a26,2,NOV-007370,NOVO,01_Assets_Organizados/UI/store/armory/cinderlatch_crossbow.webp,12676
DUP-01931,4e79e1e24ffc19224a0a5fbb11a67c0f309e4b3fdcec034da1b00be850f2f3dd,2,TEM-003915,TEMPLATE,public/ui/store/armory/emberwish_wand.webp,14580
DUP-01931,4e79e1e24ffc19224a0a5fbb11a67c0f309e4b3fdcec034da1b00be850f2f3dd,2,NOV-007371,NOVO,01_Assets_Organizados/UI/store/armory/emberwish_wand.webp,14580
DUP-01932,2dd212a6c14c546d56a611327d7cb81abfa0dc6f6b0919bc837d7db4dc6c6fc2,2,TEM-003916,TEMPLATE,public/ui/store/armory/emberwrought_wand.webp,7216
DUP-01932,2dd212a6c14c546d56a611327d7cb81abfa0dc6f6b0919bc837d7db4dc6c6fc2,2,NOV-007372,NOVO,01_Assets_Organizados/UI/store/armory/emberwrought_wand.webp,7216
DUP-01933,97b7bf41ecc27be913daab99fcddfe4ef0dc1715c80437fb11fd92036f2e4d88,2,TEM-003917,TEMPLATE,public/ui/store/armory/lacquered_wand.webp,4566
DUP-01933,97b7bf41ecc27be913daab99fcddfe4ef0dc1715c80437fb11fd92036f2e4d88,2,NOV-007373,NOVO,01_Assets_Organizados/UI/store/armory/lacquered_wand.webp,4566
DUP-01934,ce5ee09667b8e23f9335c3febdfeb29b8c9bc81224563f89c6234b82e9e39f9a,2,TEM-003918,TEMPLATE,public/ui/store/armory/brasscrown_staff.webp,6244
DUP-01934,ce5ee09667b8e23f9335c3febdfeb29b8c9bc81224563f89c6234b82e9e39f9a,2,NOV-007374,NOVO,01_Assets_Organizados/UI/store/armory/brasscrown_staff.webp,6244
DUP-01935,7cd13889844ddfc8d01cd300be099e8cccfa577497dc3b74cf05c3696465b1d7,2,TEM-003919,TEMPLATE,public/ui/store/armory/winterbite.webp,10976
DUP-01935,7cd13889844ddfc8d01cd300be099e8cccfa577497dc3b74cf05c3696465b1d7,2,NOV-007375,NOVO,01_Assets_Organizados/UI/store/armory/winterbite.webp,10976
DUP-01936,14f58dd182b50b23322f6f34591eab46d4f8065dce24577044476fe825468789,2,TEM-003920,TEMPLATE,public/ui/store/armory/solheim_sword.webp,16204
DUP-01936,14f58dd182b50b23322f6f34591eab46d4f8065dce24577044476fe825468789,2,NOV-007376,NOVO,01_Assets_Organizados/UI/store/armory/solheim_sword.webp,16204
DUP-01937,37c7c734905bbab5ebd0f9a8d76512a8bdf18f04ac9d057df059b4bceffa790d,2,TEM-003921,TEMPLATE,public/ui/store/armory/guildmark_dirk.webp,4784
DUP-01937,37c7c734905bbab5ebd0f9a8d76512a8bdf18f04ac9d057df059b4bceffa790d,2,NOV-007377,NOVO,01_Assets_Organizados/UI/store/armory/guildmark_dirk.webp,4784
DUP-01938,a83b50deb6eb7e3d0dfeaa43e5a0e02f63f5d202bef912d0f0106c5c0727eb38,2,TEM-003922,TEMPLATE,public/ui/store/armory/encore_bow.webp,18120
DUP-01938,a83b50deb6eb7e3d0dfeaa43e5a0e02f63f5d202bef912d0f0106c5c0727eb38,2,NOV-007378,NOVO,01_Assets_Organizados/UI/store/armory/encore_bow.webp,18120
DUP-01939,d1bfec7e4aef67876dd3ae081efadf96df1aaed61f4112982e0c63ae5d2fc711,2,TEM-003923,TEMPLATE,public/ui/store/armory/glaciersplit_axe.webp,11484
DUP-01939,d1bfec7e4aef67876dd3ae081efadf96df1aaed61f4112982e0c63ae5d2fc711,2,NOV-007379,NOVO,01_Assets_Organizados/UI/store/armory/glaciersplit_axe.webp,11484
DUP-01940,e75b4f7d991a8aaabf6a77b99614f1eac2b9bf1db55787204300e89847eb0908,2,TEM-003924,TEMPLATE,public/ui/store/armory/forgeheart_staff.webp,8580
DUP-01940,e75b4f7d991a8aaabf6a77b99614f1eac2b9bf1db55787204300e89847eb0908,2,NOV-007380,NOVO,01_Assets_Organizados/UI/store/armory/forgeheart_staff.webp,8580
DUP-01941,d74a6fe1894bd48c4d0c274a1d67b9043e43a9d8e0fd22b32d75fe103f6478ed,2,TEM-003925,TEMPLATE,public/ui/store/armory/frostbite_dagger.webp,9076
DUP-01941,d74a6fe1894bd48c4d0c274a1d67b9043e43a9d8e0fd22b32d75fe103f6478ed,2,NOV-007381,NOVO,01_Assets_Organizados/UI/store/armory/frostbite_dagger.webp,9076
DUP-01942,b2481da95b234d28a93e4318e52241b70262234f00cf04d50404ae4949b172d7,2,TEM-003926,TEMPLATE,public/ui/store/armory/cosmarch_staff.webp,20144
DUP-01942,b2481da95b234d28a93e4318e52241b70262234f00cf04d50404ae4949b172d7,2,NOV-007382,NOVO,01_Assets_Organizados/UI/store/armory/cosmarch_staff.webp,20144
DUP-01943,57689403afabdadbcf2b7b268fba42ba4d8fefaebe3aac55bfccc6723163fcae,2,TEM-003927,TEMPLATE,public/ui/store/armory/smoulderfall_mace.webp,14652
DUP-01943,57689403afabdadbcf2b7b268fba42ba4d8fefaebe3aac55bfccc6723163fcae,2,NOV-007383,NOVO,01_Assets_Organizados/UI/store/armory/smoulderfall_mace.webp,14652
DUP-01944,b8be19580c5ef38485f26443270f1d4c6feb3f427eec4d631f9044d49ee389a6,2,TEM-003928,TEMPLATE,public/ui/store/armory/rimecrusher_mace.webp,10704
DUP-01944,b8be19580c5ef38485f26443270f1d4c6feb3f427eec4d631f9044d49ee389a6,2,NOV-007384,NOVO,01_Assets_Organizados/UI/store/armory/rimecrusher_mace.webp,10704
DUP-01945,cd544dcf4720f0fc764f1c3c7d0034082fe6c337739dfa9144ec5021199d4e90,2,TEM-003929,TEMPLATE,public/ui/store/armory/starfall_mace.webp,16974
DUP-01945,cd544dcf4720f0fc764f1c3c7d0034082fe6c337739dfa9144ec5021199d4e90,2,NOV-007385,NOVO,01_Assets_Organizados/UI/store/armory/starfall_mace.webp,16974
DUP-01946,d6104e52ff4103f014779a15903ee0b621a7ff1fffda6a9d852b5ccdbde5436d,2,TEM-003930,TEMPLATE,public/ui/store/armory/everwinter_wand.webp,9518
DUP-01946,d6104e52ff4103f014779a15903ee0b621a7ff1fffda6a9d852b5ccdbde5436d,2,NOV-007386,NOVO,01_Assets_Organizados/UI/store/armory/everwinter_wand.webp,9518
DUP-01947,0d137472899ecb2d50b58a939ccd1e1a1729b8be5679be5643cf864741483098,2,TEM-003931,TEMPLATE,public/ui/store/armory/ashspark_dagger.webp,8812
DUP-01947,0d137472899ecb2d50b58a939ccd1e1a1729b8be5679be5643cf864741483098,2,NOV-007387,NOVO,01_Assets_Organizados/UI/store/armory/ashspark_dagger.webp,8812
DUP-01948,4c8596ec370842366f42c3a38483bb791d984dd5dd0d3eed8e535ec3e911f296,2,TEM-003932,TEMPLATE,public/ui/store/armory/astravyr_dagger.webp,12500
DUP-01948,4c8596ec370842366f42c3a38483bb791d984dd5dd0d3eed8e535ec3e911f296,2,NOV-007388,NOVO,01_Assets_Organizados/UI/store/armory/astravyr_dagger.webp,12500
DUP-01949,e391203e5e060ce69aba28ea2c138dd6d788489d8a4de8a7c1394a72697da963,2,TEM-003933,TEMPLATE,public/ui/store/armory/ice_fang_sword.webp,9818
DUP-01949,e391203e5e060ce69aba28ea2c138dd6d788489d8a4de8a7c1394a72697da963,2,NOV-007389,NOVO,01_Assets_Organizados/UI/store/armory/ice_fang_sword.webp,9818
DUP-01950,84241a04c4d3d26efd6cf5e85c8c1a1c953be750c4da873d0f13ab6207ef76b2,2,TEM-003934,TEMPLATE,public/ui/store/armory/guildmark_arming_sword.webp,5466
DUP-01950,84241a04c4d3d26efd6cf5e85c8c1a1c953be750c4da873d0f13ab6207ef76b2,2,NOV-007390,NOVO,01_Assets_Organizados/UI/store/armory/guildmark_arming_sword.webp,5466
DUP-01951,ac0533b2263c479c11010ad0a8fb380e0d638f6fb0a49044c657d829278704f3,2,TEM-003935,TEMPLATE,public/ui/store/armory/hoarfrost_vigil_staff.webp,8114
DUP-01951,ac0533b2263c479c11010ad0a8fb380e0d638f6fb0a49044c657d829278704f3,2,NOV-007391,NOVO,01_Assets_Organizados/UI/store/armory/hoarfrost_vigil_staff.webp,8114
DUP-01952,12076fadde6c37b133880f80408ba005224c760d98caa0ec5d4c3b37df26b5fd,2,TEM-003936,TEMPLATE,public/ui/store/armory/emberbite_axe.webp,14826
DUP-01952,12076fadde6c37b133880f80408ba005224c760d98caa0ec5d4c3b37df26b5fd,2,NOV-007392,NOVO,01_Assets_Organizados/UI/store/armory/emberbite_axe.webp,14826
DUP-01953,3005b5f7ec538ffec8b73b88b460e252012e76d68deb4f0b145acd021d473e65,2,TEM-003937,TEMPLATE,public/ui/store/armory/cinderbrand_sword.webp,9132
DUP-01953,3005b5f7ec538ffec8b73b88b460e252012e76d68deb4f0b145acd021d473e65,2,NOV-007393,NOVO,01_Assets_Organizados/UI/store/armory/cinderbrand_sword.webp,9132
DUP-01954,751301b1deab053c50695dda0c3b761afb31a9c197cc8892033098e6d81686ad,2,TEM-003938,TEMPLATE,public/ui/store/armory/skyrender_axe.webp,19304
DUP-01954,751301b1deab053c50695dda0c3b761afb31a9c197cc8892033098e6d81686ad,2,NOV-007394,NOVO,01_Assets_Organizados/UI/store/armory/skyrender_axe.webp,19304
DUP-01955,03e982bffea47eaff6ed5bda794dd8fe1429a42dd0a1c9848054e54b0aa81949,2,TEM-003939,TEMPLATE,public/ui/store/armory/tempered_flanged_mace.webp,8326
DUP-01955,03e982bffea47eaff6ed5bda794dd8fe1429a42dd0a1c9848054e54b0aa81949,2,NOV-007395,NOVO,01_Assets_Organizados/UI/store/armory/tempered_flanged_mace.webp,8326
DUP-01956,5d6da8959a972215cd0c282f0305096256c34b9c3c106b8ac6e214b99486973a,2,TEM-003940,TEMPLATE,public/ui/store/armory/meteorlatch_crossbow.webp,16462
DUP-01956,5d6da8959a972215cd0c282f0305096256c34b9c3c106b8ac6e214b99486973a,2,NOV-007396,NOVO,01_Assets_Organizados/UI/store/armory/meteorlatch_crossbow.webp,16462
DUP-01957,0d6796b3bf7b72ed7f1d8dac4613568e59afbf167290c38697584243a1c91ac0,2,TEM-003941,TEMPLATE,public/ui/store/armory/fletcher_s_guild_bow.webp,7656
DUP-01957,0d6796b3bf7b72ed7f1d8dac4613568e59afbf167290c38697584243a1c91ac0,2,NOV-007397,NOVO,01_Assets_Organizados/UI/store/armory/fletcher_s_guild_bow.webp,7656
DUP-01958,aa1e20b84cd07dec77162be07f9580923817dbb88746917c48be766c9a1b8e69,2,TEM-003942,TEMPLATE,public/ui/store/armory/brasscap_axe.webp,8074
DUP-01958,aa1e20b84cd07dec77162be07f9580923817dbb88746917c48be766c9a1b8e69,2,NOV-007398,NOVO,01_Assets_Organizados/UI/store/armory/brasscap_axe.webp,8074
DUP-01959,545df38e45e83041f97ddab5113b69349e5e5e93f324ac719b8f08fe33a6b619,2,TEM-003943,TEMPLATE,public/ui/skills/warrior/diabolical_twinstrike.webp,4040
DUP-01959,545df38e45e83041f97ddab5113b69349e5e5e93f324ac719b8f08fe33a6b619,2,NOV-007399,NOVO,01_Assets_Organizados/UI/skills/warrior/diabolical_twinstrike.webp,4040
DUP-01960,373337f6d96db13f78cd6848feb4eacf2d6db74264edd3f13407ed3122651453,2,TEM-003944,TEMPLATE,public/ui/skills/warrior/battle_rhythm.webp,9132
DUP-01960,373337f6d96db13f78cd6848feb4eacf2d6db74264edd3f13407ed3122651453,2,NOV-007400,NOVO,01_Assets_Organizados/UI/skills/warrior/battle_rhythm.webp,9132
DUP-01961,36f46bf93262e83b6bc2ff40f9d1403984637cda37fbae1e60ddba137e7d27f6,2,TEM-003945,TEMPLATE,public/ui/skills/warrior/second_wind.webp,9106
DUP-01961,36f46bf93262e83b6bc2ff40f9d1403984637cda37fbae1e60ddba137e7d27f6,2,NOV-007401,NOVO,01_Assets_Organizados/UI/skills/warrior/second_wind.webp,9106
DUP-01962,3619e8acc39ef49af683f0aab434f08492bb4f66fa409b040045a9bce7d1ac07,2,TEM-003946,TEMPLATE,public/ui/skills/warrior/shield_slam.webp,4706
DUP-01962,3619e8acc39ef49af683f0aab434f08492bb4f66fa409b040045a9bce7d1ac07,2,NOV-007402,NOVO,01_Assets_Organizados/UI/skills/warrior/shield_slam.webp,4706
DUP-01963,433ed34e62173d131496418c9629eea2e915a7d6977209835680cbae37cc9c65,2,TEM-003947,TEMPLATE,public/ui/skills/warrior/deep_wounds.webp,5012
DUP-01963,433ed34e62173d131496418c9629eea2e915a7d6977209835680cbae37cc9c65,2,NOV-007403,NOVO,01_Assets_Organizados/UI/skills/warrior/deep_wounds.webp,5012
DUP-01964,461e104f74543cb361ac691ebf8abb553f24953cfbf33200f2b5a6ab5e437591,2,TEM-003948,TEMPLATE,public/ui/skills/warrior/cleave.webp,3244
DUP-01964,461e104f74543cb361ac691ebf8abb553f24953cfbf33200f2b5a6ab5e437591,2,NOV-007404,NOVO,01_Assets_Organizados/UI/skills/warrior/cleave.webp,3244
DUP-01965,bd481ae0a15c9bce9f3cee1845b1a14527369ea3b75d9b3fd01237e1679b539c,2,TEM-003949,TEMPLATE,public/ui/skills/warrior/battle_stance.webp,4486
DUP-01965,bd481ae0a15c9bce9f3cee1845b1a14527369ea3b75d9b3fd01237e1679b539c,2,NOV-007405,NOVO,01_Assets_Organizados/UI/skills/warrior/battle_stance.webp,4486
DUP-01966,384baba6d29df21f9de74c06a8128b3b1aa9841caf15eeed18c46ebf5a70f29f,2,TEM-003950,TEMPLATE,public/ui/skills/warrior/berserker_stance.webp,9254
DUP-01966,384baba6d29df21f9de74c06a8128b3b1aa9841caf15eeed18c46ebf5a70f29f,2,NOV-007406,NOVO,01_Assets_Organizados/UI/skills/warrior/berserker_stance.webp,9254
DUP-01967,c5dcbfc0d3905ea238a4a72a63eab3a807a7d1558c8d4831623ca9eca834fe04,2,TEM-003951,TEMPLATE,public/ui/skills/warrior/lingering_dread.webp,6738
DUP-01967,c5dcbfc0d3905ea238a4a72a63eab3a807a7d1558c8d4831623ca9eca834fe04,2,NOV-007407,NOVO,01_Assets_Organizados/UI/skills/warrior/lingering_dread.webp,6738
DUP-01968,f641fa3f84d78fb8780902e81655367bf37d384fefea6b93e9e6104372c1c9e0,2,TEM-003952,TEMPLATE,public/ui/skills/warrior/execute.webp,7856
DUP-01968,f641fa3f84d78fb8780902e81655367bf37d384fefea6b93e9e6104372c1c9e0,2,NOV-007408,NOVO,01_Assets_Organizados/UI/skills/warrior/execute.webp,7856
DUP-01969,4b7ac47f8ec9bbac30a94c5d95854d5c06bdd71331b657a1936c74db3618c26c,2,TEM-003953,TEMPLATE,public/ui/skills/warrior/defiant_bellow.webp,9098
DUP-01969,4b7ac47f8ec9bbac30a94c5d95854d5c06bdd71331b657a1936c74db3618c26c,2,NOV-007409,NOVO,01_Assets_Organizados/UI/skills/warrior/defiant_bellow.webp,9098
DUP-01970,59a7cc5836ed52f68d386886b81a113cda9e55e547c910f44433be301400c633,2,TEM-003954,TEMPLATE,public/ui/skills/warrior/sport_boot.webp,1704
DUP-01970,59a7cc5836ed52f68d386886b81a113cda9e55e547c910f44433be301400c633,2,NOV-007410,NOVO,01_Assets_Organizados/UI/skills/warrior/sport_boot.webp,1704
DUP-01971,65aea56bfd06981033edf9108090a72fa6306ed54f6ba6ddf8407fbaaf748735,2,TEM-003955,TEMPLATE,public/ui/skills/warrior/seasoned_soldier.webp,3052
DUP-01971,65aea56bfd06981033edf9108090a72fa6306ed54f6ba6ddf8407fbaaf748735,2,NOV-007411,NOVO,01_Assets_Organizados/UI/skills/warrior/seasoned_soldier.webp,3052
DUP-01972,7ed3905d97e5fc7d25ce45f50c662e96fdc7ef7b50effdad3412610e79f137a5,2,TEM-003956,TEMPLATE,public/ui/skills/warrior/sport_hoof.webp,1944
DUP-01972,7ed3905d97e5fc7d25ce45f50c662e96fdc7ef7b50effdad3412610e79f137a5,2,NOV-007412,NOVO,01_Assets_Organizados/UI/skills/warrior/sport_hoof.webp,1944
DUP-01973,0946a8430f6a926348548a42b2514ec9645f0805df6f4d01a54086837d14427d,2,TEM-003957,TEMPLATE,public/ui/skills/warrior/iron_resolve.webp,9454
DUP-01973,0946a8430f6a926348548a42b2514ec9645f0805df6f4d01a54086837d14427d,2,NOV-007413,NOVO,01_Assets_Organizados/UI/skills/warrior/iron_resolve.webp,9454
DUP-01974,11fdadeec0e6b8124d68a9aa259474b3798ddc1464bc57d65c903fb4b85ee02a,2,TEM-003959,TEMPLATE,public/ui/skills/warrior/sport_feint.webp,1924
DUP-01974,11fdadeec0e6b8124d68a9aa259474b3798ddc1464bc57d65c903fb4b85ee02a,2,NOV-007415,NOVO,01_Assets_Organizados/UI/skills/warrior/sport_feint.webp,1924
DUP-01975,ae218f957b4bc4495b4b73118ea06bd8f4fcb73428e1423bf2ee27470d39942a,2,TEM-003960,TEMPLATE,public/ui/skills/warrior/raging_gale.webp,6518
DUP-01975,ae218f957b4bc4495b4b73118ea06bd8f4fcb73428e1423bf2ee27470d39942a,2,NOV-007416,NOVO,01_Assets_Organizados/UI/skills/warrior/raging_gale.webp,6518
DUP-01976,0a734c66b9aaff217101fccc9f60bfbe3c1a14fdb25ed9b102b5cf7be6d6db15,2,TEM-003961,TEMPLATE,public/ui/skills/warrior/revenge.webp,7932
DUP-01976,0a734c66b9aaff217101fccc9f60bfbe3c1a14fdb25ed9b102b5cf7be6d6db15,2,NOV-007417,NOVO,01_Assets_Organizados/UI/skills/warrior/revenge.webp,7932
DUP-01977,5d4b58f411aae582a02952d1e5505317608f9a49fc6c08719436600fcb5076d3,2,TEM-003962,TEMPLATE,public/ui/skills/warrior/sport_shoulder.webp,1950
DUP-01977,5d4b58f411aae582a02952d1e5505317608f9a49fc6c08719436600fcb5076d3,2,NOV-007418,NOVO,01_Assets_Organizados/UI/skills/warrior/sport_shoulder.webp,1950
DUP-01978,31bd1b5310f40a7c8791b56f1dd72960ebfe158f22a8be2a01d79adf6b8cdcee,2,TEM-003963,TEMPLATE,public/ui/skills/warrior/whirlwind.webp,3562
DUP-01978,31bd1b5310f40a7c8791b56f1dd72960ebfe158f22a8be2a01d79adf6b8cdcee,2,NOV-007419,NOVO,01_Assets_Organizados/UI/skills/warrior/whirlwind.webp,3562
DUP-01979,2ffba9d8b8d706bf091e1f862951f3e1527c0ac58553b8dbc174667be0ca13d4,2,TEM-003964,TEMPLATE,public/ui/skills/warrior/sanguine_aura.webp,3692
DUP-01979,2ffba9d8b8d706bf091e1f862951f3e1527c0ac58553b8dbc174667be0ca13d4,2,NOV-007420,NOVO,01_Assets_Organizados/UI/skills/warrior/sanguine_aura.webp,3692
DUP-01980,61c723d3e3298fcb21b3040af0e1c58505c6c90fc2bda847e4fa07c4434529a5,2,TEM-003965,TEMPLATE,public/ui/skills/warrior/die_by_sword.webp,8530
DUP-01980,61c723d3e3298fcb21b3040af0e1c58505c6c90fc2bda847e4fa07c4434529a5,2,NOV-007421,NOVO,01_Assets_Organizados/UI/skills/warrior/die_by_sword.webp,8530
DUP-01981,4891c6beed9a92a0f03b164bff968a4c24f183120d51af7a4b2406cb9a78868b,2,TEM-003966,TEMPLATE,public/ui/skills/warrior/bloodbath.webp,9618
DUP-01981,4891c6beed9a92a0f03b164bff968a4c24f183120d51af7a4b2406cb9a78868b,2,NOV-007422,NOVO,01_Assets_Organizados/UI/skills/warrior/bloodbath.webp,9618
DUP-01982,383b5fd1ba5465da6429975f8f92e4f652ef4d2e1806903b5412aa665210489d,2,TEM-003968,TEMPLATE,public/ui/skills/warrior/bloodthirst.webp,4874
DUP-01982,383b5fd1ba5465da6429975f8f92e4f652ef4d2e1806903b5412aa665210489d,2,NOV-007424,NOVO,01_Assets_Organizados/UI/skills/warrior/bloodthirst.webp,4874
DUP-01983,bbd61b9715851b9d392802cc4fcf153eb4d2ed97132667fbefd5a0733e5618cf,2,TEM-003969,TEMPLATE,public/ui/skills/warrior/defensive_stance.webp,6122
DUP-01983,bbd61b9715851b9d392802cc4fcf153eb4d2ed97132667fbefd5a0733e5618cf,2,NOV-007425,NOVO,01_Assets_Organizados/UI/skills/warrior/defensive_stance.webp,6122
DUP-01984,d54813a1d63fc3e74f76db4337f78122521f435e30691143ce9a599e9765787b,2,TEM-003970,TEMPLATE,public/ui/skills/warrior/victory_rush.webp,7722
DUP-01984,d54813a1d63fc3e74f76db4337f78122521f435e30691143ce9a599e9765787b,2,NOV-007426,NOVO,01_Assets_Organizados/UI/skills/warrior/victory_rush.webp,7722
DUP-01985,615f8bf11bcb504e7c574bc91b25be303a7d43fc8d483e495550533e675a7754,2,TEM-003971,TEMPLATE,public/ui/skills/warrior/faultline.webp,9084
DUP-01985,615f8bf11bcb504e7c574bc91b25be303a7d43fc8d483e495550533e675a7754,2,NOV-007427,NOVO,01_Assets_Organizados/UI/skills/warrior/faultline.webp,9084
DUP-01986,fd821f47ad86bc8c1c59a7996cd5b0aef6bce5e641bdb16505bf4e0a6728907c,2,TEM-003972,TEMPLATE,public/ui/skills/warrior/demoralizing_shout.webp,4962
DUP-01986,fd821f47ad86bc8c1c59a7996cd5b0aef6bce5e641bdb16505bf4e0a6728907c,2,NOV-007428,NOVO,01_Assets_Organizados/UI/skills/warrior/demoralizing_shout.webp,4962
DUP-01987,ee96cc5ab34f79c7fe70c4ea52eaced231b569b0d7f04e33907b51de2181f45c,2,TEM-003973,TEMPLATE,public/ui/skills/warrior/bladestorm.webp,10612
DUP-01987,ee96cc5ab34f79c7fe70c4ea52eaced231b569b0d7f04e33907b51de2181f45c,2,NOV-007429,NOVO,01_Assets_Organizados/UI/skills/warrior/bladestorm.webp,10612
DUP-01988,dc894aa01be2693f6e7abef29702743815441e6d66c9f58bb2d7396ba25784da,2,TEM-003974,TEMPLATE,public/ui/skills/warrior/raised_guard.webp,7930
DUP-01988,dc894aa01be2693f6e7abef29702743815441e6d66c9f58bb2d7396ba25784da,2,NOV-007430,NOVO,01_Assets_Organizados/UI/skills/warrior/raised_guard.webp,7930
DUP-01989,dee4ea72779c3ed7322c3da3710364a205babf3889c62ec426021a21c97d7b2b,2,TEM-003975,TEMPLATE,public/ui/skills/warrior/berserker_rage.webp,4832
DUP-01989,dee4ea72779c3ed7322c3da3710364a205babf3889c62ec426021a21c97d7b2b,2,NOV-007431,NOVO,01_Assets_Organizados/UI/skills/warrior/berserker_rage.webp,4832
DUP-01990,496f189992079ce8d2a909beb9fb7e5f956c970490352cd6c5917a8c7bee23ed,2,TEM-003977,TEMPLATE,public/ui/skills/warrior/piercing_howl.webp,7610
DUP-01990,496f189992079ce8d2a909beb9fb7e5f956c970490352cd6c5917a8c7bee23ed,2,NOV-007433,NOVO,01_Assets_Organizados/UI/skills/warrior/piercing_howl.webp,7610
DUP-01991,8807b38bd09b4f347b239385d33639c1397d6ab27563cb72b63a2a9a52c4a349,2,TEM-003978,TEMPLATE,public/ui/skills/warrior/breachmaker.webp,5590
DUP-01991,8807b38bd09b4f347b239385d33639c1397d6ab27563cb72b63a2a9a52c4a349,2,NOV-007434,NOVO,01_Assets_Organizados/UI/skills/warrior/breachmaker.webp,5590
DUP-01992,bbc02cc07fcdf91ee09741eb356378126da47fdf360a25350dfcce7f36787b8b,2,TEM-003979,TEMPLATE,public/ui/skills/warrior/slam.webp,3210
DUP-01992,bbc02cc07fcdf91ee09741eb356378126da47fdf360a25350dfcce7f36787b8b,2,NOV-007435,NOVO,01_Assets_Organizados/UI/skills/warrior/slam.webp,3210
DUP-01993,a2a3a22163452b654f4e15a7a043a921b5a9158b655bf3c02a9a7f10d28095ca,2,TEM-003980,TEMPLATE,public/ui/skills/warrior/red_harvest.webp,15074
DUP-01993,a2a3a22163452b654f4e15a7a043a921b5a9158b655bf3c02a9a7f10d28095ca,2,NOV-007436,NOVO,01_Assets_Organizados/UI/skills/warrior/red_harvest.webp,15074
DUP-01994,f4ca96fcc350a857994e466f242cc2a5935dc7bf6dc2ea8ff44412fb34dbf67d,2,TEM-003981,TEMPLATE,public/ui/skills/warrior/sweeping_strikes.webp,5700
DUP-01994,f4ca96fcc350a857994e466f242cc2a5935dc7bf6dc2ea8ff44412fb34dbf67d,2,NOV-007437,NOVO,01_Assets_Organizados/UI/skills/warrior/sweeping_strikes.webp,5700
DUP-01995,944161e3667ae1b08d5f0788df2e455ff54b402405bed86a7ec9bdca7269814d,2,TEM-003982,TEMPLATE,public/ui/skills/warrior/sport_pass.webp,2820
DUP-01995,944161e3667ae1b08d5f0788df2e455ff54b402405bed86a7ec9bdca7269814d,2,NOV-007438,NOVO,01_Assets_Organizados/UI/skills/warrior/sport_pass.webp,2820
DUP-01996,5c9dffbc6f02a4b7fc7803a4b89aa97fecc84e588257394c29d20ed4e206283b,2,TEM-003983,TEMPLATE,public/ui/skills/warrior/thunder_clap.webp,8126
DUP-01996,5c9dffbc6f02a4b7fc7803a4b89aa97fecc84e588257394c29d20ed4e206283b,2,NOV-007439,NOVO,01_Assets_Organizados/UI/skills/warrior/thunder_clap.webp,8126
DUP-01997,8e0bcee45ac3cd9fcced3094fa1e824eab350007d461bc3f448e3ecfeafab4db,2,TEM-003984,TEMPLATE,public/ui/skills/warrior/sport_punt.webp,1382
DUP-01997,8e0bcee45ac3cd9fcced3094fa1e824eab350007d461bc3f448e3ecfeafab4db,2,NOV-007440,NOVO,01_Assets_Organizados/UI/skills/warrior/sport_punt.webp,1382
DUP-01998,1cf71e3e80f4e58806e848d5950a1c592ca53a1a42758a14c77609c1d08e7125,2,TEM-003985,TEMPLATE,public/ui/skills/warrior/sunder_armor.webp,4928
DUP-01998,1cf71e3e80f4e58806e848d5950a1c592ca53a1a42758a14c77609c1d08e7125,2,NOV-007441,NOVO,01_Assets_Organizados/UI/skills/warrior/sunder_armor.webp,4928
DUP-01999,30ecf2545bb71ad49571c3bf5c978fe4810f4f9c116f7794e210672142cd0645,2,TEM-003986,TEMPLATE,public/ui/skills/warrior/sport_second_wind.webp,2092
DUP-01999,30ecf2545bb71ad49571c3bf5c978fe4810f4f9c116f7794e210672142cd0645,2,NOV-007442,NOVO,01_Assets_Organizados/UI/skills/warrior/sport_second_wind.webp,2092
DUP-02000,749bb719a15e8e661ea72002acaf1ef0dcefc74ce2feef7338dace25f45521a9,2,TEM-003987,TEMPLATE,public/ui/skills/warrior/sudden_death.webp,3182
DUP-02000,749bb719a15e8e661ea72002acaf1ef0dcefc74ce2feef7338dace25f45521a9,2,NOV-007443,NOVO,01_Assets_Organizados/UI/skills/warrior/sudden_death.webp,3182
DUP-02001,857d28ec2089c6b8c13c9f02bea85c0e3128a96f01d0db7ebc455c2036ca51d8,2,TEM-003988,TEMPLATE,public/ui/skills/warrior/avatar.webp,9776
DUP-02001,857d28ec2089c6b8c13c9f02bea85c0e3128a96f01d0db7ebc455c2036ca51d8,2,NOV-007444,NOVO,01_Assets_Organizados/UI/skills/warrior/avatar.webp,9776
DUP-02002,d3e093bcdcde3a9c3a636882fceae701e7b97096e397dc8d2ff081598423c5c4,2,TEM-003989,TEMPLATE,public/ui/skills/warrior/rallying_cry.webp,9968
DUP-02002,d3e093bcdcde3a9c3a636882fceae701e7b97096e397dc8d2ff081598423c5c4,2,NOV-007445,NOVO,01_Assets_Organizados/UI/skills/warrior/rallying_cry.webp,9968
DUP-02003,c78e712c2d1f2a368235b7f9bdbf064943e135156a80322bbaf7906ad332c6a5,2,TEM-003990,TEMPLATE,public/ui/skills/warrior/pursuit.webp,8694
DUP-02003,c78e712c2d1f2a368235b7f9bdbf064943e135156a80322bbaf7906ad332c6a5,2,NOV-007446,NOVO,01_Assets_Organizados/UI/skills/warrior/pursuit.webp,8694
DUP-02004,54979bd6bbddc756ce7d8726f5b60048422f6f6deaf8349150e975d3a5bb02df,2,TEM-003991,TEMPLATE,public/ui/skills/warrior/sport_dive.webp,1400
DUP-02004,54979bd6bbddc756ce7d8726f5b60048422f6f6deaf8349150e975d3a5bb02df,2,NOV-007447,NOVO,01_Assets_Organizados/UI/skills/warrior/sport_dive.webp,1400
DUP-02005,5e9778fe29ad437dd0bbe67611f53603fcdf884097dbdfec8a3aaa84ba21133c,2,TEM-003992,TEMPLATE,public/ui/skills/warrior/heroic_strike.webp,4442
DUP-02005,5e9778fe29ad437dd0bbe67611f53603fcdf884097dbdfec8a3aaa84ba21133c,2,NOV-007448,NOVO,01_Assets_Organizados/UI/skills/warrior/heroic_strike.webp,4442
DUP-02006,72f2a9bf714aaa1cc7a8b948fe4ebdc9b09c6ec7d681fa5ebd91598be11789e6,2,TEM-003993,TEMPLATE,public/ui/skills/warrior/emboldening_roar.webp,8236
DUP-02006,72f2a9bf714aaa1cc7a8b948fe4ebdc9b09c6ec7d681fa5ebd91598be11789e6,2,NOV-007449,NOVO,01_Assets_Organizados/UI/skills/warrior/emboldening_roar.webp,8236
DUP-02007,a0e10649d1fa1d1dae606ce1b2c38ed85366dd01993969f884c4852722d5a0ce,2,TEM-003994,TEMPLATE,public/ui/skills/warrior/pummel.webp,7172
DUP-02007,a0e10649d1fa1d1dae606ce1b2c38ed85366dd01993969f884c4852722d5a0ce,2,NOV-007450,NOVO,01_Assets_Organizados/UI/skills/warrior/pummel.webp,7172
DUP-02008,ae2afd15d85524ac460e7f4bb657220a317d664a9fba0c15c367681739f18081,2,TEM-003995,TEMPLATE,public/ui/skills/warrior/bloodrage.webp,3586
DUP-02008,ae2afd15d85524ac460e7f4bb657220a317d664a9fba0c15c367681739f18081,2,NOV-007451,NOVO,01_Assets_Organizados/UI/skills/warrior/bloodrage.webp,3586
DUP-02009,ba8b656e5a4bbb0974b63689760b5753a6aa904085c6e68135d0d36694f7a4a9,2,TEM-003996,TEMPLATE,public/ui/skills/warrior/taunt.webp,2168
DUP-02009,ba8b656e5a4bbb0974b63689760b5753a6aa904085c6e68135d0d36694f7a4a9,2,NOV-007452,NOVO,01_Assets_Organizados/UI/skills/warrior/taunt.webp,2168
DUP-02010,5965bdaa1c377d7723c232e256e8cd855acf6010ddd7505d1ddf1751bf85d2f3,2,TEM-003997,TEMPLATE,public/ui/skills/warrior/intimidating_shout.webp,16168
DUP-02010,5965bdaa1c377d7723c232e256e8cd855acf6010ddd7505d1ddf1751bf85d2f3,2,NOV-007453,NOVO,01_Assets_Organizados/UI/skills/warrior/intimidating_shout.webp,16168
DUP-02011,002987af874668ba82612b161e5c15213c5decb92754336c065ff5ec7aae8973,2,TEM-003998,TEMPLATE,public/ui/skills/warrior/sport_kick.webp,1356
DUP-02011,002987af874668ba82612b161e5c15213c5decb92754336c065ff5ec7aae8973,2,NOV-007454,NOVO,01_Assets_Organizados/UI/skills/warrior/sport_kick.webp,1356
DUP-02012,c9ab9d54402ee936d4eb9c794b6464a6eaff4e8520a411ec8d284c84ce01e571,2,TEM-003999,TEMPLATE,public/ui/skills/warrior/hamstring.webp,2950
DUP-02012,c9ab9d54402ee936d4eb9c794b6464a6eaff4e8520a411ec8d284c84ce01e571,2,NOV-007455,NOVO,01_Assets_Organizados/UI/skills/warrior/hamstring.webp,2950
DUP-02013,81d858296577b4f9bd1ca89741fe93e9c36dba71ee42e623fbed52d1732c4a05,2,TEM-004000,TEMPLATE,public/ui/skills/warrior/cleaving_blows.webp,3664
DUP-02013,81d858296577b4f9bd1ca89741fe93e9c36dba71ee42e623fbed52d1732c4a05,2,NOV-007456,NOVO,01_Assets_Organizados/UI/skills/warrior/cleaving_blows.webp,3664
DUP-02014,9d27fd70dbebf26377dabf20c3573463031726f31c798fbbcf2b4d3dabb8ca7b,2,TEM-004001,TEMPLATE,public/ui/skills/warrior/furious_mending.webp,8756
DUP-02014,9d27fd70dbebf26377dabf20c3573463031726f31c798fbbcf2b4d3dabb8ca7b,2,NOV-007457,NOVO,01_Assets_Organizados/UI/skills/warrior/furious_mending.webp,8756
DUP-02015,8902808ccd313219c75a68863cd05b092d43e4f41d4265d8a24f83a7dc240d5d,2,TEM-004002,TEMPLATE,public/ui/skills/warrior/colossal_might.webp,7426
DUP-02015,8902808ccd313219c75a68863cd05b092d43e4f41d4265d8a24f83a7dc240d5d,2,NOV-007459,NOVO,01_Assets_Organizados/UI/skills/warrior/colossal_might.webp,7426
DUP-02016,05c5e019eb9c04730d26f76258a4cb3dcb89c3893e2ce1f16b279256968932ea,2,TEM-004003,TEMPLATE,public/ui/skills/warrior/charge.webp,4036
DUP-02016,05c5e019eb9c04730d26f76258a4cb3dcb89c3893e2ce1f16b279256968932ea,2,NOV-007460,NOVO,01_Assets_Organizados/UI/skills/warrior/charge.webp,4036
DUP-02017,1c8a31c2e2ece97394b032ff6a0f71fe528d53f0192bcbe1efc6eef4a80320f2,2,TEM-004004,TEMPLATE,public/ui/skills/warrior/recklessness.webp,9588
DUP-02017,1c8a31c2e2ece97394b032ff6a0f71fe528d53f0192bcbe1efc6eef4a80320f2,2,NOV-007461,NOVO,01_Assets_Organizados/UI/skills/warrior/recklessness.webp,9588
DUP-02018,f752148cc4eeca0571c4511e0a3f862d4de381edbe2c3bafbaa362ea39763d98,2,TEM-004005,TEMPLATE,public/ui/skills/warrior/heroic_leap.webp,9068
DUP-02018,f752148cc4eeca0571c4511e0a3f862d4de381edbe2c3bafbaa362ea39763d98,2,NOV-007462,NOVO,01_Assets_Organizados/UI/skills/warrior/heroic_leap.webp,9068
DUP-02019,4bf9a336ab37a4d55d0746221ca975d559f2ea93b4acc68119971cb8712abffa,2,TEM-004006,TEMPLATE,public/ui/skills/warrior/storm_bolt.webp,8548
DUP-02019,4bf9a336ab37a4d55d0746221ca975d559f2ea93b4acc68119971cb8712abffa,2,NOV-007463,NOVO,01_Assets_Organizados/UI/skills/warrior/storm_bolt.webp,8548
DUP-02020,17e1fb6fae3144fd4ca101729d3d9fefc54f623ca00e5ed734ed7dc41b4ae83a,2,TEM-004007,TEMPLATE,public/ui/skills/warrior/mortal_strike.webp,2298
DUP-02020,17e1fb6fae3144fd4ca101729d3d9fefc54f623ca00e5ed734ed7dc41b4ae83a,2,NOV-007464,NOVO,01_Assets_Organizados/UI/skills/warrior/mortal_strike.webp,2298
DUP-02021,b16c802f5515b7be68bfd5d08d42dc613d70b7000c8f6de50e3a34637eb3d0da,2,TEM-004008,TEMPLATE,public/ui/skills/warrior/sport_shoot.webp,1678
DUP-02021,b16c802f5515b7be68bfd5d08d42dc613d70b7000c8f6de50e3a34637eb3d0da,2,NOV-007465,NOVO,01_Assets_Organizados/UI/skills/warrior/sport_shoot.webp,1678
DUP-02022,78c573539ef93e9d526000e620e19a835d6e0d722b2512ba986ad6b99d1daf43,2,TEM-004009,TEMPLATE,public/ui/skills/warrior/enrage_passive.webp,3844
DUP-02022,78c573539ef93e9d526000e620e19a835d6e0d722b2512ba986ad6b99d1daf43,2,NOV-007466,NOVO,01_Assets_Organizados/UI/skills/warrior/enrage_passive.webp,3844
DUP-02023,143126989b943408587388f9e5fe1f705dcdfe12dcdb127a87c94d2ff865aed3,2,TEM-004010,TEMPLATE,public/ui/skills/warrior/anger_management.webp,8260
DUP-02023,143126989b943408587388f9e5fe1f705dcdfe12dcdb127a87c94d2ff865aed3,2,NOV-007467,NOVO,01_Assets_Organizados/UI/skills/warrior/anger_management.webp,8260
DUP-02024,09534094bdb6995eb0201e70c8bf19ba5341799adced3458f3be72007f591656,2,TEM-004011,TEMPLATE,public/ui/skills/warrior/measured_fury.webp,2260
DUP-02024,09534094bdb6995eb0201e70c8bf19ba5341799adced3458f3be72007f591656,2,NOV-007468,NOVO,01_Assets_Organizados/UI/skills/warrior/measured_fury.webp,2260
DUP-02025,ea303e376830e2cc015cc8d80fec59e3f0c5b7caa8406f9cbe24e43a1db7b7a3,2,TEM-004012,TEMPLATE,public/ui/skills/warrior/overpower.webp,4044
DUP-02025,ea303e376830e2cc015cc8d80fec59e3f0c5b7caa8406f9cbe24e43a1db7b7a3,2,NOV-007469,NOVO,01_Assets_Organizados/UI/skills/warrior/overpower.webp,4044
DUP-02026,bfe117c3e7381130d6109f91fdea22da7ed49035d61a124b590b70035eb6fb3b,2,TEM-004013,TEMPLATE,public/ui/skills/warrior/battle_shout.webp,5076
DUP-02026,bfe117c3e7381130d6109f91fdea22da7ed49035d61a124b590b70035eb6fb3b,2,NOV-007470,NOVO,01_Assets_Organizados/UI/skills/warrior/battle_shout.webp,5076
DUP-02027,2ad21c0db5f7a219a4a377e7df0d414189397726bbfeeac20360ab3b574ef05d,2,TEM-004014,TEMPLATE,public/ui/skills/warrior/attack.webp,7612
DUP-02027,2ad21c0db5f7a219a4a377e7df0d414189397726bbfeeac20360ab3b574ef05d,2,NOV-007471,NOVO,01_Assets_Organizados/UI/skills/warrior/attack.webp,7612
DUP-02028,b5de9953e189f5c734381f426000f0002b13be1d322c8956db3d454f816de2a6,2,TEM-004015,TEMPLATE,public/ui/skills/paladin/retribution_aura.webp,4314
DUP-02028,b5de9953e189f5c734381f426000f0002b13be1d322c8956db3d454f816de2a6,2,NOV-007474,NOVO,01_Assets_Organizados/UI/skills/paladin/retribution_aura.webp,4314
DUP-02029,f138a05bdbd997a4a844509d0c1322d29a3ef6779d9730a832f77bc2d01204bf,2,TEM-004016,TEMPLATE,public/ui/skills/paladin/sacred_bulwark.webp,5138
DUP-02029,f138a05bdbd997a4a844509d0c1322d29a3ef6779d9730a832f77bc2d01204bf,2,NOV-007475,NOVO,01_Assets_Organizados/UI/skills/paladin/sacred_bulwark.webp,5138
DUP-02030,5f557db77a7233385a43c0c2d93fd38394846622d841bf85165ccd3fa5135180,2,TEM-004017,TEMPLATE,public/ui/skills/paladin/devotion_aura.webp,3616
DUP-02030,5f557db77a7233385a43c0c2d93fd38394846622d841bf85165ccd3fa5135180,2,NOV-007476,NOVO,01_Assets_Organizados/UI/skills/paladin/devotion_aura.webp,3616
DUP-02031,dfd4630307e27d5594118b7dfe0802da38bea86ab674ae4fd715661bdf5dad80,2,TEM-004018,TEMPLATE,public/ui/skills/paladin/holy_shield.webp,4244
DUP-02031,dfd4630307e27d5594118b7dfe0802da38bea86ab674ae4fd715661bdf5dad80,2,NOV-007480,NOVO,01_Assets_Organizados/UI/skills/paladin/holy_shield.webp,4244
DUP-02032,e9b6e7669e693861758ea39763b36dee221887fe8f8feb7fca7de2b4ec90a0b3,2,TEM-004019,TEMPLATE,public/ui/skills/paladin/righteous_fury.webp,4002
DUP-02032,e9b6e7669e693861758ea39763b36dee221887fe8f8feb7fca7de2b4ec90a0b3,2,NOV-007483,NOVO,01_Assets_Organizados/UI/skills/paladin/righteous_fury.webp,4002
DUP-02033,d070f16f5633966c99677d9359325fa3b4de1eacdb8d6237d5faa246138d62e9,2,TEM-004020,TEMPLATE,public/ui/skills/paladin/holy_taunt.webp,4156
DUP-02033,d070f16f5633966c99677d9359325fa3b4de1eacdb8d6237d5faa246138d62e9,2,NOV-007484,NOVO,01_Assets_Organizados/UI/skills/paladin/holy_taunt.webp,4156
DUP-02034,6c26c0425fcf6ce38884024c9ce768ab5128490b5f37dc94eeff2834156ead14,2,TEM-004021,TEMPLATE,public/ui/skills/paladin/crusader_strike.webp,5454
DUP-02034,6c26c0425fcf6ce38884024c9ce768ab5128490b5f37dc94eeff2834156ead14,2,NOV-007487,NOVO,01_Assets_Organizados/UI/skills/paladin/crusader_strike.webp,5454
DUP-02035,48d46f3400a642274ae976993c817821541726b9d8702da99993a7ddaf7a242b,2,TEM-004023,TEMPLATE,public/ui/skills/paladin/hammer_of_justice.webp,3656
DUP-02035,48d46f3400a642274ae976993c817821541726b9d8702da99993a7ddaf7a242b,2,NOV-007489,NOVO,01_Assets_Organizados/UI/skills/paladin/hammer_of_justice.webp,3656
DUP-02036,95da7400aa47172fadd548f92bb82c297710be95755329dce3eda9942d1c511c,2,TEM-004024,TEMPLATE,public/ui/skills/paladin/avenging_wrath.webp,5768
DUP-02036,95da7400aa47172fadd548f92bb82c297710be95755329dce3eda9942d1c511c,2,NOV-007490,NOVO,01_Assets_Organizados/UI/skills/paladin/avenging_wrath.webp,5768
DUP-02037,228e316dc5a73f8561244fca36a6db7c4bf5a8d745d401265f6a894e198a7c54,2,TEM-004025,TEMPLATE,public/ui/skills/paladin/consecration.webp,4710
DUP-02037,228e316dc5a73f8561244fca36a6db7c4bf5a8d745d401265f6a894e198a7c54,2,NOV-007500,NOVO,01_Assets_Organizados/UI/skills/paladin/consecration.webp,4710
DUP-02038,7c67c3f9f1c87dd723173e63cdff963540bc6cfc5538b9258469a4d8b253f5e9,2,TEM-004027,TEMPLATE,public/ui/skills/paladin/holy_light.webp,3950
DUP-02038,7c67c3f9f1c87dd723173e63cdff963540bc6cfc5538b9258469a4d8b253f5e9,2,NOV-007502,NOVO,01_Assets_Organizados/UI/skills/paladin/holy_light.webp,3950
DUP-02039,d1a2f329a5f230b3b7b93532a488c7526253ee331ce57afde3608467e03c5e40,2,TEM-004028,TEMPLATE,public/ui/skills/paladin/blessing_of_might.webp,3750
DUP-02039,d1a2f329a5f230b3b7b93532a488c7526253ee331ce57afde3608467e03c5e40,2,NOV-007505,NOVO,01_Assets_Organizados/UI/skills/paladin/blessing_of_might.webp,3750
DUP-02040,c371d0db5c82053f3fe96c76f7247f84db1bba294e5ed3f922999e75087cc95f,2,TEM-004029,TEMPLATE,public/ui/skills/paladin/hammer_of_wrath.webp,4800
DUP-02040,c371d0db5c82053f3fe96c76f7247f84db1bba294e5ed3f922999e75087cc95f,2,NOV-007509,NOVO,01_Assets_Organizados/UI/skills/paladin/hammer_of_wrath.webp,4800
DUP-02041,745c885513abf971084429af27459f839940ff4a861ae71b39925bc9157f79ff,2,TEM-004030,TEMPLATE,public/ui/skills/paladin/holy_shock.webp,3488
DUP-02041,745c885513abf971084429af27459f839940ff4a861ae71b39925bc9157f79ff,2,NOV-007512,NOVO,01_Assets_Organizados/UI/skills/paladin/holy_shock.webp,3488
DUP-02042,414a8c2af04048dfbd80700e9ed4af1328c65f732105a383175e058033068d2c,2,TEM-004032,TEMPLATE,public/ui/skills/paladin/lay_on_hands.webp,3318
DUP-02042,414a8c2af04048dfbd80700e9ed4af1328c65f732105a383175e058033068d2c,2,NOV-007515,NOVO,01_Assets_Organizados/UI/skills/paladin/lay_on_hands.webp,3318
DUP-02043,6852a6d83fd21acd1d8f6f8af3e81922d7a1db3ec26a77108f0a1025b20bc6d2,2,TEM-004033,TEMPLATE,public/ui/skills/paladin/rebuke.webp,3786
DUP-02043,6852a6d83fd21acd1d8f6f8af3e81922d7a1db3ec26a77108f0a1025b20bc6d2,2,NOV-007516,NOVO,01_Assets_Organizados/UI/skills/paladin/rebuke.webp,3786
DUP-02044,3b1e3d70259c5e51d60534fdf90d4323debe6b1d18fa63d848f9cb7606702782,2,TEM-004034,TEMPLATE,public/ui/skills/paladin/exorcism.webp,3654
DUP-02044,3b1e3d70259c5e51d60534fdf90d4323debe6b1d18fa63d848f9cb7606702782,2,NOV-007520,NOVO,01_Assets_Organizados/UI/skills/paladin/exorcism.webp,3654
DUP-02045,2a7d1759a0d855db4a92f2c200f9f39c50fb0d2dffe1d4a98195dc118ba25482,2,TEM-004036,TEMPLATE,public/ui/skills/paladin/seal_of_righteousness.webp,4672
DUP-02045,2a7d1759a0d855db4a92f2c200f9f39c50fb0d2dffe1d4a98195dc118ba25482,2,NOV-007529,NOVO,01_Assets_Organizados/UI/skills/paladin/seal_of_righteousness.webp,4672
DUP-02046,d6bd8d777084690625507f35ff8be4a6812413f7c1f66a95aead4796f8df990c,2,TEM-004037,TEMPLATE,public/ui/skills/paladin/divine_protection.webp,3196
DUP-02046,d6bd8d777084690625507f35ff8be4a6812413f7c1f66a95aead4796f8df990c,2,NOV-007531,NOVO,01_Assets_Organizados/UI/skills/paladin/divine_protection.webp,3196
DUP-02047,731b8c4b239d7ccebc7cf90813f2df25172f5548b9b16f417fd548a9b54c8f3c,2,TEM-004039,TEMPLATE,public/ui/skills/paladin/flash_of_light.webp,2832
DUP-02047,731b8c4b239d7ccebc7cf90813f2df25172f5548b9b16f417fd548a9b54c8f3c,2,NOV-007540,NOVO,01_Assets_Organizados/UI/skills/paladin/flash_of_light.webp,2832
DUP-02048,93ef5b54077be7adb311c07b84181b37b51f48537f40979cac57ed1ab988f833,2,TEM-004040,TEMPLATE,public/ui/skills/priest/mind_blast.webp,4560
DUP-02048,93ef5b54077be7adb311c07b84181b37b51f48537f40979cac57ed1ab988f833,2,NOV-007542,NOVO,01_Assets_Organizados/UI/skills/priest/mind_blast.webp,4560
DUP-02049,d56f86219b1c7ecb075e0ef8f2d874f33214d9e05b7c6cb5b3e342f9055920bc,2,TEM-004041,TEMPLATE,public/ui/skills/priest/shadow_word_pain.webp,3004
DUP-02049,d56f86219b1c7ecb075e0ef8f2d874f33214d9e05b7c6cb5b3e342f9055920bc,2,NOV-007543,NOVO,01_Assets_Organizados/UI/skills/priest/shadow_word_pain.webp,3004
DUP-02050,8ec5469186054664f6e1414ba6a4b528a54fbdfd0d2349408a62774145eea78a,2,TEM-004042,TEMPLATE,public/ui/skills/priest/heal.webp,3772
DUP-02050,8ec5469186054664f6e1414ba6a4b528a54fbdfd0d2349408a62774145eea78a,2,NOV-007544,NOVO,01_Assets_Organizados/UI/skills/priest/heal.webp,3772
DUP-02051,62306c9d8d9c0160a3fb36f7c01d4e53678222f9d9ed8538ae9e1f0f8fc2ea9c,2,TEM-004043,TEMPLATE,public/ui/skills/priest/prayer_of_healing.webp,4120
DUP-02051,62306c9d8d9c0160a3fb36f7c01d4e53678222f9d9ed8538ae9e1f0f8fc2ea9c,2,NOV-007547,NOVO,01_Assets_Organizados/UI/skills/priest/prayer_of_healing.webp,4120
DUP-02052,4eefa48fad91d86727701dd1d344bfd8b0b5be6f37d58956c0444daba1715b1a,2,TEM-004044,TEMPLATE,public/ui/skills/priest/smite.webp,3458
DUP-02052,4eefa48fad91d86727701dd1d344bfd8b0b5be6f37d58956c0444daba1715b1a,2,NOV-007548,NOVO,01_Assets_Organizados/UI/skills/priest/smite.webp,3458
DUP-02053,0ec7caace6e30e518a621d07b859b484437368b2f1927698c7e87f19fb0ffaaa,2,TEM-004045,TEMPLATE,public/ui/skills/priest/mind_sear.webp,2472
DUP-02053,0ec7caace6e30e518a621d07b859b484437368b2f1927698c7e87f19fb0ffaaa,2,NOV-007549,NOVO,01_Assets_Organizados/UI/skills/priest/mind_sear.webp,2472
DUP-02054,b7bdbd8013efba0d0073f931bf7a1389e52d5e5282f8f79089b3cd97bd36077a,2,TEM-004046,TEMPLATE,public/ui/skills/priest/psychic_scream.webp,5152
DUP-02054,b7bdbd8013efba0d0073f931bf7a1389e52d5e5282f8f79089b3cd97bd36077a,2,NOV-007550,NOVO,01_Assets_Organizados/UI/skills/priest/psychic_scream.webp,5152
DUP-02055,554b16c038286b97a27acd7ad9bb610629a38b1854835757a758456423f049f5,2,TEM-004047,TEMPLATE,public/ui/skills/priest/lesser_heal.webp,2880
DUP-02055,554b16c038286b97a27acd7ad9bb610629a38b1854835757a758456423f049f5,2,NOV-007551,NOVO,01_Assets_Organizados/UI/skills/priest/lesser_heal.webp,2880
DUP-02056,02fd28bba5cd7e0b5c6220b18dc1d5d27eb7b887ed8bc2443a9511ff7b8a6fad,2,TEM-004048,TEMPLATE,public/ui/skills/priest/shadowform.webp,2900
DUP-02056,02fd28bba5cd7e0b5c6220b18dc1d5d27eb7b887ed8bc2443a9511ff7b8a6fad,2,NOV-007552,NOVO,01_Assets_Organizados/UI/skills/priest/shadowform.webp,2900
DUP-02057,c87b68f796211179f0f1db6378fdf8d5c779f95b09e67c25859a6862bb4cc1f8,2,TEM-004049,TEMPLATE,public/ui/skills/priest/desperate_prayer.webp,4450
DUP-02057,c87b68f796211179f0f1db6378fdf8d5c779f95b09e67c25859a6862bb4cc1f8,2,NOV-007553,NOVO,01_Assets_Organizados/UI/skills/priest/desperate_prayer.webp,4450
DUP-02058,75fe9098a613b0b2c19e12ea6bb621207f5e829de4093fa0be99fbbb33f38576,2,TEM-004050,TEMPLATE,public/ui/skills/priest/flash_heal.webp,3402
DUP-02058,75fe9098a613b0b2c19e12ea6bb621207f5e829de4093fa0be99fbbb33f38576,2,NOV-007554,NOVO,01_Assets_Organizados/UI/skills/priest/flash_heal.webp,3402
DUP-02059,f2dbd1303fa68717ac9aab05f36b65f13c6a4f3339e80d71af4bf610d01a74db,2,TEM-004051,TEMPLATE,public/ui/skills/priest/inner_focus.webp,2502
DUP-02059,f2dbd1303fa68717ac9aab05f36b65f13c6a4f3339e80d71af4bf610d01a74db,2,NOV-007555,NOVO,01_Assets_Organizados/UI/skills/priest/inner_focus.webp,2502
DUP-02060,13b0c67dfb4b4a0962fd4e0d07061bf13378a57f8a2bdfa6dc7c135b9864a025,2,TEM-004052,TEMPLATE,public/ui/skills/priest/holy_nova.webp,3124
DUP-02060,13b0c67dfb4b4a0962fd4e0d07061bf13378a57f8a2bdfa6dc7c135b9864a025,2,NOV-007556,NOVO,01_Assets_Organizados/UI/skills/priest/holy_nova.webp,3124
DUP-02061,9f8e7e3d0163f873f579f80d0a50ac748dc65023cfe037c8777b3990c43b6732,2,TEM-004053,TEMPLATE,public/ui/skills/priest/renew.webp,3406
DUP-02061,9f8e7e3d0163f873f579f80d0a50ac748dc65023cfe037c8777b3990c43b6732,2,NOV-007557,NOVO,01_Assets_Organizados/UI/skills/priest/renew.webp,3406
DUP-02062,cd6ba3dc3263524346e0c9574f572a1d46df9fde96f22827088d7e837a50fed0,2,TEM-004054,TEMPLATE,public/ui/skills/priest/power_word_shield.webp,4216
DUP-02062,cd6ba3dc3263524346e0c9574f572a1d46df9fde96f22827088d7e837a50fed0,2,NOV-007558,NOVO,01_Assets_Organizados/UI/skills/priest/power_word_shield.webp,4216
DUP-02063,19b3847fb7db81ab420a06daf9fb52a069efc6f50bc11f5f6859a21adf2df446,2,TEM-004055,TEMPLATE,public/ui/skills/priest/mind_flay.webp,4204
DUP-02063,19b3847fb7db81ab420a06daf9fb52a069efc6f50bc11f5f6859a21adf2df446,2,NOV-007560,NOVO,01_Assets_Organizados/UI/skills/priest/mind_flay.webp,4204
DUP-02064,8b3ce953a775b16f48e341b3d46a88b43f8d20c40224e898be235773868d37e8,2,TEM-004056,TEMPLATE,public/ui/skills/priest/power_infusion.webp,3432
DUP-02064,8b3ce953a775b16f48e341b3d46a88b43f8d20c40224e898be235773868d37e8,2,NOV-007561,NOVO,01_Assets_Organizados/UI/skills/priest/power_infusion.webp,3432
DUP-02065,115fa9fa06b577324796003e0940a5ce1418388c7ae6333661afeee92ee7a66e,2,TEM-004057,TEMPLATE,public/ui/skills/priest/silence.webp,3252
DUP-02065,115fa9fa06b577324796003e0940a5ce1418388c7ae6333661afeee92ee7a66e,2,NOV-007564,NOVO,01_Assets_Organizados/UI/skills/priest/silence.webp,3252
DUP-02066,af79dafcf562bfde7af2b27e4044faa80198eee023f51c61017c85f76c227f1e,2,TEM-004058,TEMPLATE,public/ui/skills/priest/power_word_fortitude.webp,3584
DUP-02066,af79dafcf562bfde7af2b27e4044faa80198eee023f51c61017c85f76c227f1e,2,NOV-007565,NOVO,01_Assets_Organizados/UI/skills/priest/power_word_fortitude.webp,3584
DUP-02067,e52397e37d844b5d73c6012b511b9532b9059978744cd55bcb7f874311c0155d,2,TEM-004059,TEMPLATE,public/ui/skills/hunter/mongoose_bite.webp,3296
DUP-02067,e52397e37d844b5d73c6012b511b9532b9059978744cd55bcb7f874311c0155d,2,NOV-007566,NOVO,01_Assets_Organizados/UI/skills/hunter/mongoose_bite.webp,3296
DUP-02068,2c07ed6244fa87627b792fafbc68e2f8101c8602b1f2cfc4300c2e736930edb4,2,TEM-004060,TEMPLATE,public/ui/skills/hunter/multi_shot.webp,5484
DUP-02068,2c07ed6244fa87627b792fafbc68e2f8101c8602b1f2cfc4300c2e736930edb4,2,NOV-007568,NOVO,01_Assets_Organizados/UI/skills/hunter/multi_shot.webp,5484
DUP-02069,edde8197b236c60d0691a4210334cab380f7c50bec43d9d9e039e0fc33192326,2,TEM-004061,TEMPLATE,public/ui/skills/hunter/rapid_fire.webp,4364
DUP-02069,edde8197b236c60d0691a4210334cab380f7c50bec43d9d9e039e0fc33192326,2,NOV-007570,NOVO,01_Assets_Organizados/UI/skills/hunter/rapid_fire.webp,4364
DUP-02070,c3d2d104f38919cab67100fafa1627c443e7cc3c200622d9855d1c9b6e6d732c,2,TEM-004062,TEMPLATE,public/ui/skills/hunter/arcane_shot.webp,4052
DUP-02070,c3d2d104f38919cab67100fafa1627c443e7cc3c200622d9855d1c9b6e6d732c,2,NOV-007573,NOVO,01_Assets_Organizados/UI/skills/hunter/arcane_shot.webp,4052
DUP-02071,54c02488b2f21b137f0b4b0ae15d1575c492828eed93cc8466993555efc30796,2,TEM-004063,TEMPLATE,public/ui/skills/hunter/wyvern_sting.webp,2214
DUP-02071,54c02488b2f21b137f0b4b0ae15d1575c492828eed93cc8466993555efc30796,2,NOV-007574,NOVO,01_Assets_Organizados/UI/skills/hunter/wyvern_sting.webp,2214
DUP-02072,08a675bee6d08e5bc15b9124c43cba6ecd4a01310ae344e11d0fb46040652896,2,TEM-004064,TEMPLATE,public/ui/skills/hunter/concussive_shot.webp,4374
DUP-02072,08a675bee6d08e5bc15b9124c43cba6ecd4a01310ae344e11d0fb46040652896,2,NOV-007575,NOVO,01_Assets_Organizados/UI/skills/hunter/concussive_shot.webp,4374
DUP-02073,03903e6e601ddbb3bb5c3ccce8f3847d0bb5ec369b7d1d116fb2a46e37187459,2,TEM-004065,TEMPLATE,public/ui/skills/hunter/frost_trap.webp,3410
DUP-02073,03903e6e601ddbb3bb5c3ccce8f3847d0bb5ec369b7d1d116fb2a46e37187459,2,NOV-007576,NOVO,01_Assets_Organizados/UI/skills/hunter/frost_trap.webp,3410
DUP-02074,e0e3af9ada149568454262976b50ca10fdead2d688ef76903b5b659be7418311,2,TEM-004066,TEMPLATE,public/ui/skills/hunter/counter_shot.webp,4822
DUP-02074,e0e3af9ada149568454262976b50ca10fdead2d688ef76903b5b659be7418311,2,NOV-007577,NOVO,01_Assets_Organizados/UI/skills/hunter/counter_shot.webp,4822
DUP-02075,23276361daf38710111c9c50ab9d0c73d367b3df8c5704966917bb725356e343,2,TEM-004067,TEMPLATE,public/ui/skills/hunter/raptor_strike.webp,4356
DUP-02075,23276361daf38710111c9c50ab9d0c73d367b3df8c5704966917bb725356e343,2,NOV-007578,NOVO,01_Assets_Organizados/UI/skills/hunter/raptor_strike.webp,4356
DUP-02076,ea171c1eeda2260148b10b4574395a4db49220045b7a24e924e4ef36ef380a0d,2,TEM-004068,TEMPLATE,public/ui/skills/hunter/mend_pet.webp,3686
DUP-02076,ea171c1eeda2260148b10b4574395a4db49220045b7a24e924e4ef36ef380a0d,2,NOV-007580,NOVO,01_Assets_Organizados/UI/skills/hunter/mend_pet.webp,3686
DUP-02077,0f28075b4f285159b7d4416d13e74049d519989b84191622aadde6207ba6a59b,2,TEM-004069,TEMPLATE,public/ui/skills/hunter/aspect_of_the_cheetah.webp,3812
DUP-02077,0f28075b4f285159b7d4416d13e74049d519989b84191622aadde6207ba6a59b,2,NOV-007581,NOVO,01_Assets_Organizados/UI/skills/hunter/aspect_of_the_cheetah.webp,3812
DUP-02078,afd20c39eab192ff5a0f58553fe3fcde6bb055e32bcf30b4951b4e6e67172aa0,2,TEM-004070,TEMPLATE,public/ui/skills/hunter/revive_pet.webp,4440
DUP-02078,afd20c39eab192ff5a0f58553fe3fcde6bb055e32bcf30b4951b4e6e67172aa0,2,NOV-007582,NOVO,01_Assets_Organizados/UI/skills/hunter/revive_pet.webp,4440
DUP-02079,144a00fa8c3174f829fa2e7f949b163886104eae67af77cbc14d5ec05a082c32,2,TEM-004071,TEMPLATE,public/ui/skills/hunter/volley.webp,5776
DUP-02079,144a00fa8c3174f829fa2e7f949b163886104eae67af77cbc14d5ec05a082c32,2,NOV-007583,NOVO,01_Assets_Organizados/UI/skills/hunter/volley.webp,5776
DUP-02080,990fadabd966ea9577b48ec1652361b468b002ea8c35e9c7e42bd501d9203e79,2,TEM-004072,TEMPLATE,public/ui/skills/hunter/dismiss_pet.webp,3502
DUP-02080,990fadabd966ea9577b48ec1652361b468b002ea8c35e9c7e42bd501d9203e79,2,NOV-007584,NOVO,01_Assets_Organizados/UI/skills/hunter/dismiss_pet.webp,3502
DUP-02081,91426e37b47bcb4482e4aa73ad7029a44e2db420948ce6ba153d94362ec3c744,2,TEM-004073,TEMPLATE,public/ui/skills/hunter/wing_clip.webp,3598
DUP-02081,91426e37b47bcb4482e4aa73ad7029a44e2db420948ce6ba153d94362ec3c744,2,NOV-007585,NOVO,01_Assets_Organizados/UI/skills/hunter/wing_clip.webp,3598
DUP-02082,a97a920de62b229820a017938d2954954d1811ec6eaad9df2085bcc21022a62d,2,TEM-004074,TEMPLATE,public/ui/skills/hunter/bestial_wrath.webp,4376
DUP-02082,a97a920de62b229820a017938d2954954d1811ec6eaad9df2085bcc21022a62d,2,NOV-007587,NOVO,01_Assets_Organizados/UI/skills/hunter/bestial_wrath.webp,4376
DUP-02083,f4fb247f85c6d88ec061df9d53f01be9afc3b00d39f949048da7ae0ed18689bc,2,TEM-004075,TEMPLATE,public/ui/skills/hunter/serpent_sting.webp,2290
DUP-02083,f4fb247f85c6d88ec061df9d53f01be9afc3b00d39f949048da7ae0ed18689bc,2,NOV-007589,NOVO,01_Assets_Organizados/UI/skills/hunter/serpent_sting.webp,2290
DUP-02084,13838d2a986546dac23878542865df643316ce2506dceeb160e81296a1a5f518,2,TEM-004076,TEMPLATE,public/ui/skills/hunter/startle_shot.webp,3888
DUP-02084,13838d2a986546dac23878542865df643316ce2506dceeb160e81296a1a5f518,2,NOV-007590,NOVO,01_Assets_Organizados/UI/skills/hunter/startle_shot.webp,3888
DUP-02085,69ce33918ee90dd6fb80b15abe18d38c9d3f684c135d5b31734a367e3f296734,2,TEM-004077,TEMPLATE,public/ui/skills/hunter/aimed_shot.webp,4288
DUP-02085,69ce33918ee90dd6fb80b15abe18d38c9d3f684c135d5b31734a367e3f296734,2,NOV-007592,NOVO,01_Assets_Organizados/UI/skills/hunter/aimed_shot.webp,4288
DUP-02086,87d3fce148c5378bb376eced3a7b4f176d8764f07960275840433ea906838f01,2,TEM-004078,TEMPLATE,public/ui/skills/hunter/aspect_of_the_wild.webp,4574
DUP-02086,87d3fce148c5378bb376eced3a7b4f176d8764f07960275840433ea906838f01,2,NOV-007593,NOVO,01_Assets_Organizados/UI/skills/hunter/aspect_of_the_wild.webp,4574
DUP-02087,07c0522703576de23ad4badfdaaaafd935a6a85e7cbd8633ec85c2f8f64b6151,2,TEM-004079,TEMPLATE,public/ui/skills/hunter/trueshot_aura.webp,3658
DUP-02087,07c0522703576de23ad4badfdaaaafd935a6a85e7cbd8633ec85c2f8f64b6151,2,NOV-007597,NOVO,01_Assets_Organizados/UI/skills/hunter/trueshot_aura.webp,3658
DUP-02088,cf43d690eaf22aa9db8162e8c0b4c35f6da9e37206fb0a02ee084103470cf951,2,TEM-004080,TEMPLATE,public/ui/skills/hunter/aspect_of_the_monkey.webp,3234
DUP-02088,cf43d690eaf22aa9db8162e8c0b4c35f6da9e37206fb0a02ee084103470cf951,2,NOV-007599,NOVO,01_Assets_Organizados/UI/skills/hunter/aspect_of_the_monkey.webp,3234
DUP-02089,4f49ea9fa05d82b19a3e5c292012b04fe2282e013feb14d727cba0c4082b5ad8,2,TEM-004081,TEMPLATE,public/ui/skills/hunter/deterrence.webp,4516
DUP-02089,4f49ea9fa05d82b19a3e5c292012b04fe2282e013feb14d727cba0c4082b5ad8,2,NOV-007600,NOVO,01_Assets_Organizados/UI/skills/hunter/deterrence.webp,4516
DUP-02090,529d6fc108dd93be2eae47425a68eb115aa72d21921e168d2a876a01b9c92fdf,2,TEM-004082,TEMPLATE,public/ui/skills/hunter/aspect_of_the_hawk.webp,4554
DUP-02090,529d6fc108dd93be2eae47425a68eb115aa72d21921e168d2a876a01b9c92fdf,2,NOV-007603,NOVO,01_Assets_Organizados/UI/skills/hunter/aspect_of_the_hawk.webp,4554
DUP-02091,70e4613a50fc4b12989f7dc25b235dbf5d4a20c9b7902db4753c4b708c71a109,2,TEM-004083,TEMPLATE,public/ui/skills/hunter/tame_beast.webp,2726
DUP-02091,70e4613a50fc4b12989f7dc25b235dbf5d4a20c9b7902db4753c4b708c71a109,2,NOV-007604,NOVO,01_Assets_Organizados/UI/skills/hunter/tame_beast.webp,2726
DUP-02092,105089201d5e70f02d0cd04075bd42cc65f3a42bb0dc9fb25f18aa110e61b58f,2,TEM-004084,TEMPLATE,public/ui/skills/warlock/howl_of_terror.webp,5748
DUP-02092,105089201d5e70f02d0cd04075bd42cc65f3a42bb0dc9fb25f18aa110e61b58f,2,NOV-007607,NOVO,01_Assets_Organizados/UI/skills/warlock/howl_of_terror.webp,5748
DUP-02093,2c26ac0f897a04898b5947417960a135da16f79a1265e20902f6f64da79ca3e3,2,TEM-004085,TEMPLATE,public/ui/skills/warlock/shadowburn.webp,2880
DUP-02093,2c26ac0f897a04898b5947417960a135da16f79a1265e20902f6f64da79ca3e3,2,NOV-007608,NOVO,01_Assets_Organizados/UI/skills/warlock/shadowburn.webp,2880
DUP-02094,f73df7c8031455fa49fd7f77fba5d3fb6865f567bec684cc6b7650f67695948f,2,TEM-004086,TEMPLATE,public/ui/skills/warlock/summon_felhunter.webp,4144
DUP-02094,f73df7c8031455fa49fd7f77fba5d3fb6865f567bec684cc6b7650f67695948f,2,NOV-007609,NOVO,01_Assets_Organizados/UI/skills/warlock/summon_felhunter.webp,4144
DUP-02095,dde8b89712b7de113267769b6aad73266cca0e5004449947386263f2446a60da,2,TEM-004087,TEMPLATE,public/ui/skills/warlock/metamorphosis.webp,5040
DUP-02095,dde8b89712b7de113267769b6aad73266cca0e5004449947386263f2446a60da,2,NOV-007615,NOVO,01_Assets_Organizados/UI/skills/warlock/metamorphosis.webp,5040
DUP-02096,86792cac6a199da2a82183481ac80e92d46ee9944d6367a884a8f45eaa3b16f4,2,TEM-004088,TEMPLATE,public/ui/skills/warlock/summon_felguard.webp,4856
DUP-02096,86792cac6a199da2a82183481ac80e92d46ee9944d6367a884a8f45eaa3b16f4,2,NOV-007621,NOVO,01_Assets_Organizados/UI/skills/warlock/summon_felguard.webp,4856
DUP-02097,8bd1a1dc6f4f4218e655076f826e99b69918d89fcb94f270db6378814015470a,2,TEM-004089,TEMPLATE,public/ui/skills/warlock/summon_infernal.webp,5162
DUP-02097,8bd1a1dc6f4f4218e655076f826e99b69918d89fcb94f270db6378814015470a,2,NOV-007624,NOVO,01_Assets_Organizados/UI/skills/warlock/summon_infernal.webp,5162
DUP-02098,bf6dec690f35f2c081dedc12cf50cb0cfad90f41671cdec131074b8c1ba2c9ff,2,TEM-004090,TEMPLATE,public/ui/skills/warlock/immolate.webp,3558
DUP-02098,bf6dec690f35f2c081dedc12cf50cb0cfad90f41671cdec131074b8c1ba2c9ff,2,NOV-007632,NOVO,01_Assets_Organizados/UI/skills/warlock/immolate.webp,3558
DUP-02099,beb116935f543405ea0fcba45ea1b8c4186e4e8eb5905fce288cb098ac62764b,2,TEM-004091,TEMPLATE,public/ui/skills/warlock/corruption.webp,4306
DUP-02099,beb116935f543405ea0fcba45ea1b8c4186e4e8eb5905fce288cb098ac62764b,2,NOV-007638,NOVO,01_Assets_Organizados/UI/skills/warlock/corruption.webp,4306
DUP-02100,210f7ea933465d3133358b527a0eb6675c6b2c70a43ce2db486d6f558e851c9e,2,TEM-004092,TEMPLATE,public/ui/skills/warlock/voidfeast.webp,5232
DUP-02100,210f7ea933465d3133358b527a0eb6675c6b2c70a43ce2db486d6f558e851c9e,2,NOV-007640,NOVO,01_Assets_Organizados/UI/skills/warlock/voidfeast.webp,5232
DUP-02101,c5cd63e2437c0188a228cf7a9e98a905f46ecf957662df846f48c901659bc605,2,TEM-004093,TEMPLATE,public/ui/skills/warlock/demon_skin.webp,5500
DUP-02101,c5cd63e2437c0188a228cf7a9e98a905f46ecf957662df846f48c901659bc605,2,NOV-007643,NOVO,01_Assets_Organizados/UI/skills/warlock/demon_skin.webp,5500
DUP-02102,4fd25eafe8c364d49a09820285e32e17886cc3e154cd31928b4f4a8425df2371,2,TEM-004094,TEMPLATE,public/ui/skills/warlock/chaos_bolt.webp,7082
DUP-02102,4fd25eafe8c364d49a09820285e32e17886cc3e154cd31928b4f4a8425df2371,2,NOV-007645,NOVO,01_Assets_Organizados/UI/skills/warlock/chaos_bolt.webp,7082
DUP-02103,def30aaf4cb4602e8e4894f3b3d4f3cf815c7d9866e52e54c3e3c6cca08af407,2,TEM-004095,TEMPLATE,public/ui/skills/warlock/summon_voidwalker.webp,3170
DUP-02103,def30aaf4cb4602e8e4894f3b3d4f3cf815c7d9866e52e54c3e3c6cca08af407,2,NOV-007649,NOVO,01_Assets_Organizados/UI/skills/warlock/summon_voidwalker.webp,3170
DUP-02104,3485728f58686329d0d4bd4c50ca80da69ce9880d7668b9bc2520a5f993afb7b,2,TEM-004096,TEMPLATE,public/ui/skills/warlock/rain_of_fire.webp,6706
DUP-02104,3485728f58686329d0d4bd4c50ca80da69ce9880d7668b9bc2520a5f993afb7b,2,NOV-007651,NOVO,01_Assets_Organizados/UI/skills/warlock/rain_of_fire.webp,6706
DUP-02105,b40b58e4df511dcf2da7601a1fe7b00c56f032671e4a214352adaef2ff9aea00,2,TEM-004097,TEMPLATE,public/ui/skills/warlock/summon_doomguard.webp,3666
DUP-02105,b40b58e4df511dcf2da7601a1fe7b00c56f032671e4a214352adaef2ff9aea00,2,NOV-007655,NOVO,01_Assets_Organizados/UI/skills/warlock/summon_doomguard.webp,3666
DUP-02106,2dda5558a50d6b6b7149a956091adab9b68a60f4fcbe3b6bf1bdfff649b725c5,2,TEM-004098,TEMPLATE,public/ui/skills/warlock/conflagrate.webp,7374
DUP-02106,2dda5558a50d6b6b7149a956091adab9b68a60f4fcbe3b6bf1bdfff649b725c5,2,NOV-007657,NOVO,01_Assets_Organizados/UI/skills/warlock/conflagrate.webp,7374
DUP-02107,52a8ae932631be599309ad51fe197bd58fb50c1462f58770e5b0308f04cef986,2,TEM-004099,TEMPLATE,public/ui/skills/warlock/curse_of_agony.webp,4360
DUP-02107,52a8ae932631be599309ad51fe197bd58fb50c1462f58770e5b0308f04cef986,2,NOV-007658,NOVO,01_Assets_Organizados/UI/skills/warlock/curse_of_agony.webp,4360
DUP-02108,897a17c7969cd017dd6f64d6113f70eebc5b86f0ffd82c719e8d03a56d04cf17,2,TEM-004100,TEMPLATE,public/ui/skills/warlock/curse_of_exhaustion.webp,5358
DUP-02108,897a17c7969cd017dd6f64d6113f70eebc5b86f0ffd82c719e8d03a56d04cf17,2,NOV-007661,NOVO,01_Assets_Organizados/UI/skills/warlock/curse_of_exhaustion.webp,5358
DUP-02109,2b24d356a44ed52232150d44b98b12e7a944e352266b4fe5087d5ac423a41a7c,2,TEM-004101,TEMPLATE,public/ui/skills/warlock/shadow_bolt.webp,3582
DUP-02109,2b24d356a44ed52232150d44b98b12e7a944e352266b4fe5087d5ac423a41a7c,2,NOV-007662,NOVO,01_Assets_Organizados/UI/skills/warlock/shadow_bolt.webp,3582
DUP-02110,0dd58f622a340e5c6932c15f318e20fbb20d6e836aa5f7e5508d459ee5c0ce2a,2,TEM-004102,TEMPLATE,public/ui/skills/warlock/summon_imp.webp,4004
DUP-02110,0dd58f622a340e5c6932c15f318e20fbb20d6e836aa5f7e5508d459ee5c0ce2a,2,NOV-007664,NOVO,01_Assets_Organizados/UI/skills/warlock/summon_imp.webp,4004
DUP-02111,12d0c0d79d826b022028cfaf21dd570af41b5a6d5a271a49e2bdbc925cf1de30,2,TEM-004103,TEMPLATE,public/ui/skills/warlock/siphon_life.webp,4618
DUP-02111,12d0c0d79d826b022028cfaf21dd570af41b5a6d5a271a49e2bdbc925cf1de30,2,NOV-007668,NOVO,01_Assets_Organizados/UI/skills/warlock/siphon_life.webp,4618
DUP-02112,ad80f8b4d51bf097107a66ee4a655d48eda7483b91e31cfe97b4cafe02dc67e8,2,TEM-004104,TEMPLATE,public/ui/skills/warlock/fear.webp,2924
DUP-02112,ad80f8b4d51bf097107a66ee4a655d48eda7483b91e31cfe97b4cafe02dc67e8,2,NOV-007671,NOVO,01_Assets_Organizados/UI/skills/warlock/fear.webp,2924
DUP-02113,55a6587538161bdd26fa472b4a59f53496275d302a2e5d4e770826599a730707,2,TEM-004105,TEMPLATE,public/ui/skills/warlock/life_tap.webp,4396
DUP-02113,55a6587538161bdd26fa472b4a59f53496275d302a2e5d4e770826599a730707,2,NOV-007673,NOVO,01_Assets_Organizados/UI/skills/warlock/life_tap.webp,4396
DUP-02114,1b088954699f34f5a91c7d942f8cb8d6724c3c1054152deeeefa9ca0a9dd0d97,2,TEM-004106,TEMPLATE,public/ui/skills/warlock/searing_pain.webp,5018
DUP-02114,1b088954699f34f5a91c7d942f8cb8d6724c3c1054152deeeefa9ca0a9dd0d97,2,NOV-007677,NOVO,01_Assets_Organizados/UI/skills/warlock/searing_pain.webp,5018
DUP-02115,43ddc3c529fa4db48044ef5ccf6e7244f9735cf92c652736b078482242845ec7,2,TEM-004107,TEMPLATE,public/ui/skills/warlock/summon_succubus.webp,4372
DUP-02115,43ddc3c529fa4db48044ef5ccf6e7244f9735cf92c652736b078482242845ec7,2,NOV-007680,NOVO,01_Assets_Organizados/UI/skills/warlock/summon_succubus.webp,4372
DUP-02116,6ce57d891bf45afb89390d596113b8034fa335531d62a50163f8de5c10a6205c,2,TEM-004108,TEMPLATE,public/ui/skills/warlock/death_coil.webp,5518
DUP-02116,6ce57d891bf45afb89390d596113b8034fa335531d62a50163f8de5c10a6205c,2,NOV-007681,NOVO,01_Assets_Organizados/UI/skills/warlock/death_coil.webp,5518
DUP-02117,63b9bde9f9efeeec45b98dc4b6ab60d908188d52aab3f4d654ec1a8a60345666,2,TEM-004109,TEMPLATE,public/ui/skills/warlock/spell_lock.webp,5346
DUP-02117,63b9bde9f9efeeec45b98dc4b6ab60d908188d52aab3f4d654ec1a8a60345666,2,NOV-007683,NOVO,01_Assets_Organizados/UI/skills/warlock/spell_lock.webp,5346
DUP-02118,a812d2bec0411ca2f28adef8b4b2297f1b51ec4a41148437e40f5c7c926956c4,2,TEM-004110,TEMPLATE,public/ui/skills/warlock/drain_life.webp,2972
DUP-02118,a812d2bec0411ca2f28adef8b4b2297f1b51ec4a41148437e40f5c7c926956c4,2,NOV-007684,NOVO,01_Assets_Organizados/UI/skills/warlock/drain_life.webp,2972
DUP-02119,c640c8326ebb461569c70836ca10dbe86be1e05400a28af9bec7d6a02686135f,2,TEM-004111,TEMPLATE,public/ui/skills/druid/tigers_fury.webp,3538
DUP-02119,c640c8326ebb461569c70836ca10dbe86be1e05400a28af9bec7d6a02686135f,2,NOV-007687,NOVO,01_Assets_Organizados/UI/skills/druid/tigers_fury.webp,3538
DUP-02120,b1ccf3830e7b895ff9cae11107c5633c9a3247cb2022b9a2478b6f130561e581,2,TEM-004112,TEMPLATE,public/ui/skills/druid/regrowth.webp,5178
DUP-02120,b1ccf3830e7b895ff9cae11107c5633c9a3247cb2022b9a2478b6f130561e581,2,NOV-007688,NOVO,01_Assets_Organizados/UI/skills/druid/regrowth.webp,5178
DUP-02121,984b11a3f9b06166011248bf4ba7a5834760aacbbb8e9f411457a96027e9867a,2,TEM-004113,TEMPLATE,public/ui/skills/druid/moonfire.webp,1568
DUP-02121,984b11a3f9b06166011248bf4ba7a5834760aacbbb8e9f411457a96027e9867a,2,NOV-007689,NOVO,01_Assets_Organizados/UI/skills/druid/moonfire.webp,1568
DUP-02122,9af9aae956f10252229d0c35b9a4700a5a60e1f6777f390711e3d7eb0079de13,2,TEM-004114,TEMPLATE,public/ui/skills/druid/enrage.webp,4856
DUP-02122,9af9aae956f10252229d0c35b9a4700a5a60e1f6777f390711e3d7eb0079de13,2,NOV-007690,NOVO,01_Assets_Organizados/UI/skills/druid/enrage.webp,4856
DUP-02123,4c1b955c000c051f5a28615e1744e99b7d8a7eac439d5dbc00d3aa17be695923,2,TEM-004115,TEMPLATE,public/ui/skills/druid/thorns.webp,4856
DUP-02123,4c1b955c000c051f5a28615e1744e99b7d8a7eac439d5dbc00d3aa17be695923,2,NOV-007691,NOVO,01_Assets_Organizados/UI/skills/druid/thorns.webp,4856
DUP-02124,cf79dc1033b3cf3850ca72574dc76d703d5ce4657fba4443285aa08d6d91bb45,2,TEM-004116,TEMPLATE,public/ui/skills/druid/moonkin_form.webp,5490
DUP-02124,cf79dc1033b3cf3850ca72574dc76d703d5ce4657fba4443285aa08d6d91bb45,2,NOV-007692,NOVO,01_Assets_Organizados/UI/skills/druid/moonkin_form.webp,5490
DUP-02125,bbd01ec9d5d00685489657922706a2cbd428f4e3cbffbabc4031c79f508e0859,2,TEM-004117,TEMPLATE,public/ui/skills/druid/skull_bash.webp,5904
DUP-02125,bbd01ec9d5d00685489657922706a2cbd428f4e3cbffbabc4031c79f508e0859,2,NOV-007693,NOVO,01_Assets_Organizados/UI/skills/druid/skull_bash.webp,5904
DUP-02126,f9614f5dd73cc83ca299b3784dfa2b08f12b714af67309c1bf453a1fdebb5456,2,TEM-004118,TEMPLATE,public/ui/skills/druid/feral_charge.webp,5664
DUP-02126,f9614f5dd73cc83ca299b3784dfa2b08f12b714af67309c1bf453a1fdebb5456,2,NOV-007694,NOVO,01_Assets_Organizados/UI/skills/druid/feral_charge.webp,5664
DUP-02127,6b12b3b2301bc0730e903a71392858a55c323792f2860abf130cbd0fe7b68cdd,2,TEM-004119,TEMPLATE,public/ui/skills/druid/barkskin.webp,4922
DUP-02127,6b12b3b2301bc0730e903a71392858a55c323792f2860abf130cbd0fe7b68cdd,2,NOV-007696,NOVO,01_Assets_Organizados/UI/skills/druid/barkskin.webp,4922
DUP-02128,cda94b782478dd836e5c2e671a98199807225f7effc68be57aeff4c5d6771302,2,TEM-004120,TEMPLATE,public/ui/skills/druid/hibernate.webp,6066
DUP-02128,cda94b782478dd836e5c2e671a98199807225f7effc68be57aeff4c5d6771302,2,NOV-007697,NOVO,01_Assets_Organizados/UI/skills/druid/hibernate.webp,6066
DUP-02129,d1fa4e961a9ffffd30705934414b74e6d97b62ecb7bff954788ea01c92bb1bf6,2,TEM-004121,TEMPLATE,public/ui/skills/druid/berserk.webp,5596
DUP-02129,d1fa4e961a9ffffd30705934414b74e6d97b62ecb7bff954788ea01c92bb1bf6,2,NOV-007699,NOVO,01_Assets_Organizados/UI/skills/druid/berserk.webp,5596
DUP-02130,2854d4bed38546c7d6b38482f7313a21b29b2a21e03406625ef0e4cb9913d1f3,2,TEM-004122,TEMPLATE,public/ui/skills/druid/healing_touch.webp,4296
DUP-02130,2854d4bed38546c7d6b38482f7313a21b29b2a21e03406625ef0e4cb9913d1f3,2,NOV-007701,NOVO,01_Assets_Organizados/UI/skills/druid/healing_touch.webp,4296
DUP-02131,bc4038f34c6b3d80c92334d7fe9f2f0c6ae092c68a12e62f8fa1a910ef5167a0,2,TEM-004123,TEMPLATE,public/ui/skills/druid/rake.webp,5066
DUP-02131,bc4038f34c6b3d80c92334d7fe9f2f0c6ae092c68a12e62f8fa1a910ef5167a0,2,NOV-007702,NOVO,01_Assets_Organizados/UI/skills/druid/rake.webp,5066
DUP-02132,c11836dc21183a3a025e21746dec23cecebe870e18b4a4183bb758119f035ab2,2,TEM-004124,TEMPLATE,public/ui/skills/druid/bear_form.webp,4282
DUP-02132,c11836dc21183a3a025e21746dec23cecebe870e18b4a4183bb758119f035ab2,2,NOV-007703,NOVO,01_Assets_Organizados/UI/skills/druid/bear_form.webp,4282
DUP-02133,cc04587de746bbdbf5a60b041fb1faf247fbe6f5d3acc1ef430d34c88450f9a1,2,TEM-004125,TEMPLATE,public/ui/skills/druid/rejuvenation.webp,4142
DUP-02133,cc04587de746bbdbf5a60b041fb1faf247fbe6f5d3acc1ef430d34c88450f9a1,2,NOV-007704,NOVO,01_Assets_Organizados/UI/skills/druid/rejuvenation.webp,4142
DUP-02134,7f40c4ee1e54a58a5a72e69409b6e8598465c5f2fb08c61dcccb6afefa39798b,2,TEM-004126,TEMPLATE,public/ui/skills/druid/rip.webp,4014
DUP-02134,7f40c4ee1e54a58a5a72e69409b6e8598465c5f2fb08c61dcccb6afefa39798b,2,NOV-007705,NOVO,01_Assets_Organizados/UI/skills/druid/rip.webp,4014
DUP-02135,a1d342cc7279456b5eeb2caba4f9b09471aca2bf62aa8191c19d594c378c2e2b,2,TEM-004127,TEMPLATE,public/ui/skills/druid/bash.webp,4522
DUP-02135,a1d342cc7279456b5eeb2caba4f9b09471aca2bf62aa8191c19d594c378c2e2b,2,NOV-007706,NOVO,01_Assets_Organizados/UI/skills/druid/bash.webp,4522
DUP-02136,a51f42df4da301d53012d85e49a36fabf9d05b1ed32c9764ba86e272aac850a8,2,TEM-004128,TEMPLATE,public/ui/skills/druid/faerie_fire.webp,4076
DUP-02136,a51f42df4da301d53012d85e49a36fabf9d05b1ed32c9764ba86e272aac850a8,2,NOV-007707,NOVO,01_Assets_Organizados/UI/skills/druid/faerie_fire.webp,4076
DUP-02137,2786e05605f52987caf23a717a65eb7425abf86ae7f63981407f5a3402ac4c53,2,TEM-004129,TEMPLATE,public/ui/skills/druid/pounce.webp,5882
DUP-02137,2786e05605f52987caf23a717a65eb7425abf86ae7f63981407f5a3402ac4c53,2,NOV-007708,NOVO,01_Assets_Organizados/UI/skills/druid/pounce.webp,5882
DUP-02138,2ef2a3cce4c516a154bf16f69a3068a9479e0c0e7e477e945e6316bfa6e81388,2,TEM-004130,TEMPLATE,public/ui/skills/druid/innervate.webp,5600
DUP-02138,2ef2a3cce4c516a154bf16f69a3068a9479e0c0e7e477e945e6316bfa6e81388,2,NOV-007710,NOVO,01_Assets_Organizados/UI/skills/druid/innervate.webp,5600
DUP-02139,0fc520c40f85ae0939c9a3a5c9072c83c24e1b29895944ac37da6fceddc0c3b6,2,TEM-004131,TEMPLATE,public/ui/skills/druid/bear_charge.webp,5300
DUP-02139,0fc520c40f85ae0939c9a3a5c9072c83c24e1b29895944ac37da6fceddc0c3b6,2,NOV-007711,NOVO,01_Assets_Organizados/UI/skills/druid/bear_charge.webp,5300
DUP-02140,adb4b7398392e1e55ce95809234167d5fc3c973c92921fc4745e343414b41382,2,TEM-004132,TEMPLATE,public/ui/skills/druid/dash.webp,3354
DUP-02140,adb4b7398392e1e55ce95809234167d5fc3c973c92921fc4745e343414b41382,2,NOV-007712,NOVO,01_Assets_Organizados/UI/skills/druid/dash.webp,3354
DUP-02141,8e44e643fbe01e24137d4e118d8b9beaf6ddffa8d64b574923f791a3cc1dc32a,2,TEM-004133,TEMPLATE,public/ui/skills/druid/maul.webp,3834
DUP-02141,8e44e643fbe01e24137d4e118d8b9beaf6ddffa8d64b574923f791a3cc1dc32a,2,NOV-007713,NOVO,01_Assets_Organizados/UI/skills/druid/maul.webp,3834
DUP-02142,ee674968c726131e79a44b4828ca3852afaa937a6b666df6d7a591c1afbe77c9,2,TEM-004134,TEMPLATE,public/ui/skills/druid/ferocious_bite.webp,5878
DUP-02142,ee674968c726131e79a44b4828ca3852afaa937a6b666df6d7a591c1afbe77c9,2,NOV-007714,NOVO,01_Assets_Organizados/UI/skills/druid/ferocious_bite.webp,5878
DUP-02143,9375a7cd37a4c828d7f14eed549cf27d0a0655aef64d2af24306a5e38861a079,2,TEM-004135,TEMPLATE,public/ui/skills/druid/cat_form.webp,4320
DUP-02143,9375a7cd37a4c828d7f14eed549cf27d0a0655aef64d2af24306a5e38861a079,2,NOV-007715,NOVO,01_Assets_Organizados/UI/skills/druid/cat_form.webp,4320
DUP-02144,ef27f98fb2b9db178ca8c764f3603986516aa1482a8ffc5f44c424396d2fc153,2,TEM-004136,TEMPLATE,public/ui/skills/druid/primal_reflexes.webp,5176
DUP-02144,ef27f98fb2b9db178ca8c764f3603986516aa1482a8ffc5f44c424396d2fc153,2,NOV-007716,NOVO,01_Assets_Organizados/UI/skills/druid/primal_reflexes.webp,5176
DUP-02145,9866bf24cba4402c96d96d493d7a9efe14efe111c8ea88242dd95b3ed0338f7c,2,TEM-004137,TEMPLATE,public/ui/skills/druid/typhoon.webp,5630
DUP-02145,9866bf24cba4402c96d96d493d7a9efe14efe111c8ea88242dd95b3ed0338f7c,2,NOV-007717,NOVO,01_Assets_Organizados/UI/skills/druid/typhoon.webp,5630
DUP-02146,2b73dfaa655c733231b3471ad76c0906dc6c4603062b7f3e4247a35a26a9d33b,2,TEM-004138,TEMPLATE,public/ui/skills/druid/tranquility.webp,5678
DUP-02146,2b73dfaa655c733231b3471ad76c0906dc6c4603062b7f3e4247a35a26a9d33b,2,NOV-007718,NOVO,01_Assets_Organizados/UI/skills/druid/tranquility.webp,5678
DUP-02147,e9d312553ec0f9789f13a3fabf3606dab94b74d1d0d020488af50b9d3c41743f,2,TEM-004139,TEMPLATE,public/ui/skills/druid/insect_swarm.webp,4324
DUP-02147,e9d312553ec0f9789f13a3fabf3606dab94b74d1d0d020488af50b9d3c41743f,2,NOV-007720,NOVO,01_Assets_Organizados/UI/skills/druid/insect_swarm.webp,4324
DUP-02148,a07d0b4bfdebfba6fb7a44b34be924e70f10fc2ddb9cea01dda7420c735895b9,2,TEM-004140,TEMPLATE,public/ui/skills/druid/hurricane.webp,6074
DUP-02148,a07d0b4bfdebfba6fb7a44b34be924e70f10fc2ddb9cea01dda7420c735895b9,2,NOV-007721,NOVO,01_Assets_Organizados/UI/skills/druid/hurricane.webp,6074
DUP-02149,298aef26a1a4387418902d01256e1f8e69b08ee19993fe82caf6cd9dd2d6c384,2,TEM-004141,TEMPLATE,public/ui/skills/druid/prowl.webp,3742
DUP-02149,298aef26a1a4387418902d01256e1f8e69b08ee19993fe82caf6cd9dd2d6c384,2,NOV-007722,NOVO,01_Assets_Organizados/UI/skills/druid/prowl.webp,3742
DUP-02150,426ed2cddfad31aa298041cc949a0eb4b6e1f35aa7312824757950ba0bb50f95,2,TEM-004142,TEMPLATE,public/ui/skills/druid/demoralizing_roar.webp,4878
DUP-02150,426ed2cddfad31aa298041cc949a0eb4b6e1f35aa7312824757950ba0bb50f95,2,NOV-007723,NOVO,01_Assets_Organizados/UI/skills/druid/demoralizing_roar.webp,4878
DUP-02151,c550468035ee03d4ddc6f51e610e6e8b8ffe700b861e4ef7140225fddc48cde4,2,TEM-004143,TEMPLATE,public/ui/skills/druid/swipe.webp,3628
DUP-02151,c550468035ee03d4ddc6f51e610e6e8b8ffe700b861e4ef7140225fddc48cde4,2,NOV-007724,NOVO,01_Assets_Organizados/UI/skills/druid/swipe.webp,3628
DUP-02152,897de014e3bfc247776c7156e5cba105909e16be4007d81b32e6c88ecb73f89d,2,TEM-004144,TEMPLATE,public/ui/skills/druid/frenzied_regeneration.webp,5800
DUP-02152,897de014e3bfc247776c7156e5cba105909e16be4007d81b32e6c88ecb73f89d,2,NOV-007725,NOVO,01_Assets_Organizados/UI/skills/druid/frenzied_regeneration.webp,5800
DUP-02153,33f623b34745b07a52de67ecd028294b546392953ecd1db0f4ffcd0da9cd5a3d,2,TEM-004145,TEMPLATE,public/ui/skills/druid/travel_form.webp,5126
DUP-02153,33f623b34745b07a52de67ecd028294b546392953ecd1db0f4ffcd0da9cd5a3d,2,NOV-007726,NOVO,01_Assets_Organizados/UI/skills/druid/travel_form.webp,5126
DUP-02154,b61781ddfdfa6cc07d84a326691511dd29499edacb61123feaa79eb1a5227f79,2,TEM-004146,TEMPLATE,public/ui/skills/druid/wrath.webp,3248
DUP-02154,b61781ddfdfa6cc07d84a326691511dd29499edacb61123feaa79eb1a5227f79,2,NOV-007727,NOVO,01_Assets_Organizados/UI/skills/druid/wrath.webp,3248
DUP-02155,f81dd996d89973a429bd9d5967d9e3722d46f24bd4f1529bedf8938074a8f33a,2,TEM-004147,TEMPLATE,public/ui/skills/druid/claw.webp,3884
DUP-02155,f81dd996d89973a429bd9d5967d9e3722d46f24bd4f1529bedf8938074a8f33a,2,NOV-007728,NOVO,01_Assets_Organizados/UI/skills/druid/claw.webp,3884
DUP-02156,0b8a352fdf8f42036a0ebb48b428b070bbbe2bd64003c5ea9092540c4cf1ce5b,2,TEM-004148,TEMPLATE,public/ui/skills/druid/swiftmend.webp,5344
DUP-02156,0b8a352fdf8f42036a0ebb48b428b070bbbe2bd64003c5ea9092540c4cf1ce5b,2,NOV-007730,NOVO,01_Assets_Organizados/UI/skills/druid/swiftmend.webp,5344
DUP-02157,91076fe74eebcbe8b21de1c1a8bd110c0ecc53d07504951d9c3959a884781801,2,TEM-004149,TEMPLATE,public/ui/skills/druid/starfire.webp,3284
DUP-02157,91076fe74eebcbe8b21de1c1a8bd110c0ecc53d07504951d9c3959a884781801,2,NOV-007731,NOVO,01_Assets_Organizados/UI/skills/druid/starfire.webp,3284
DUP-02158,e85fa45ae0eac582979dbab3aeec94e0f1b82996ec5f0ddb96a4e61319678374,2,TEM-004150,TEMPLATE,public/ui/skills/druid/entangling_roots.webp,4406
DUP-02158,e85fa45ae0eac582979dbab3aeec94e0f1b82996ec5f0ddb96a4e61319678374,2,NOV-007732,NOVO,01_Assets_Organizados/UI/skills/druid/entangling_roots.webp,4406
DUP-02159,822735f446c7cc391b40871aa67f15e7d2cc852c33a6df7c8f7aafdd9fe5ceca,2,TEM-004151,TEMPLATE,public/ui/skills/druid/mark_of_the_wild.webp,4842
DUP-02159,822735f446c7cc391b40871aa67f15e7d2cc852c33a6df7c8f7aafdd9fe5ceca,2,NOV-007733,NOVO,01_Assets_Organizados/UI/skills/druid/mark_of_the_wild.webp,4842
DUP-02160,55aadfa3663c2e1e450f8ec61b2e942c5e01787655f0c909c4e48fb7f185f235,2,TEM-004152,TEMPLATE,public/ui/skills/druid/growl.webp,4020
DUP-02160,55aadfa3663c2e1e450f8ec61b2e942c5e01787655f0c909c4e48fb7f185f235,2,NOV-007734,NOVO,01_Assets_Organizados/UI/skills/druid/growl.webp,4020
DUP-02161,7ea740378c25841794bb599441d5f8a1ff579eb3fce9ec220fc4ab39e43f2db5,2,TEM-004153,TEMPLATE,public/ui/skills/mage/scorch.webp,3044
DUP-02161,7ea740378c25841794bb599441d5f8a1ff579eb3fce9ec220fc4ab39e43f2db5,2,NOV-007735,NOVO,01_Assets_Organizados/UI/skills/mage/scorch.webp,3044
DUP-02162,a75b096b72a02af2b285bb012f8e126a5758f3a0b941277a2ba3c8e6c95a9fa4,2,TEM-004158,TEMPLATE,public/ui/skills/mage/pyroblast.webp,4748
DUP-02162,a75b096b72a02af2b285bb012f8e126a5758f3a0b941277a2ba3c8e6c95a9fa4,2,NOV-007740,NOVO,01_Assets_Organizados/UI/skills/mage/pyroblast.webp,4748
DUP-02163,1f17a2369a976ab182125dfc8cad34762eba36d2a64cd32ee9c6845425576874,2,TEM-004159,TEMPLATE,public/ui/skills/mage/frostbolt.webp,8512
DUP-02163,1f17a2369a976ab182125dfc8cad34762eba36d2a64cd32ee9c6845425576874,2,NOV-007741,NOVO,01_Assets_Organizados/UI/skills/mage/frostbolt.webp,8512
DUP-02164,f97259b406c58e5314ca926afd955fa90c2f34a67aff5448a7722f3c45891d04,2,TEM-004162,TEMPLATE,public/ui/skills/mage/hot_streak.webp,5974
DUP-02164,f97259b406c58e5314ca926afd955fa90c2f34a67aff5448a7722f3c45891d04,2,NOV-007744,NOVO,01_Assets_Organizados/UI/skills/mage/hot_streak.webp,5974
DUP-02165,918de7452bb1a729630bfc08547793317a5c9766fcce89641774c5edb74366a0,2,TEM-004166,TEMPLATE,public/ui/skills/mage/fireball.webp,7096
DUP-02165,918de7452bb1a729630bfc08547793317a5c9766fcce89641774c5edb74366a0,2,NOV-007748,NOVO,01_Assets_Organizados/UI/skills/mage/fireball.webp,7096
DUP-02166,771745943629981de79e85f8d48d6aeecd6829df2aee7f685525c98a05f78685,2,TEM-004167,TEMPLATE,public/ui/skills/mage/polymorph.webp,4326
DUP-02166,771745943629981de79e85f8d48d6aeecd6829df2aee7f685525c98a05f78685,2,NOV-007749,NOVO,01_Assets_Organizados/UI/skills/mage/polymorph.webp,4326
DUP-02167,ba7819fc93029fae8b2126746d7677fa4dd769f765c060e9c4d910cfb08da1a2,2,TEM-004170,TEMPLATE,public/ui/skills/mage/frost_armor.webp,4104
DUP-02167,ba7819fc93029fae8b2126746d7677fa4dd769f765c060e9c4d910cfb08da1a2,2,NOV-007752,NOVO,01_Assets_Organizados/UI/skills/mage/frost_armor.webp,4104
DUP-02168,90f171fc0ab2e3a7d8be77638f3ccde8dac3da5ef362c2b114dee06282301ad6,2,TEM-004172,TEMPLATE,public/ui/skills/mage/blazing_barrier.webp,6994
DUP-02168,90f171fc0ab2e3a7d8be77638f3ccde8dac3da5ef362c2b114dee06282301ad6,2,NOV-007754,NOVO,01_Assets_Organizados/UI/skills/mage/blazing_barrier.webp,6994
DUP-02169,5e79554d1b9e5298f777650eecbe2db69b07fc1d875dedbb5da840dd9d6488d7,2,TEM-004173,TEMPLATE,public/ui/skills/mage/arcane_explosion.webp,3714
DUP-02169,5e79554d1b9e5298f777650eecbe2db69b07fc1d875dedbb5da840dd9d6488d7,2,NOV-007755,NOVO,01_Assets_Organizados/UI/skills/mage/arcane_explosion.webp,3714
DUP-02170,f87c598f4e0f0566b2a653b05cc1e116f4ec823436927f917a6ee811265c2980,2,TEM-004174,TEMPLATE,public/ui/skills/mage/frost_nova.webp,5694
DUP-02170,f87c598f4e0f0566b2a653b05cc1e116f4ec823436927f917a6ee811265c2980,2,NOV-007756,NOVO,01_Assets_Organizados/UI/skills/mage/frost_nova.webp,5694
DUP-02171,0628ee357c0049663fca52504c612f06521f7b619d873e2aab3b88e31ba79fc7,2,TEM-004175,TEMPLATE,public/ui/skills/mage/summon_water_elemental.webp,6850
DUP-02171,0628ee357c0049663fca52504c612f06521f7b619d873e2aab3b88e31ba79fc7,2,NOV-007757,NOVO,01_Assets_Organizados/UI/skills/mage/summon_water_elemental.webp,6850
DUP-02172,3568a8aa1318ef5ff7c3ef65fca27f246dee5e6d4c3927c280b5616f85a64a7b,2,TEM-004176,TEMPLATE,public/ui/skills/mage/flamestrike.webp,5826
DUP-02172,3568a8aa1318ef5ff7c3ef65fca27f246dee5e6d4c3927c280b5616f85a64a7b,2,NOV-007758,NOVO,01_Assets_Organizados/UI/skills/mage/flamestrike.webp,5826
DUP-02173,866f3542150179e25f6090e55d882c38a3b5aec9f9a40d2c5974f7c2307375d2,2,TEM-004177,TEMPLATE,public/ui/skills/mage/ice_barrier.webp,4738
DUP-02173,866f3542150179e25f6090e55d882c38a3b5aec9f9a40d2c5974f7c2307375d2,2,NOV-007759,NOVO,01_Assets_Organizados/UI/skills/mage/ice_barrier.webp,4738
DUP-02174,a78b646afeddd11ca6186176f14b9dd0cb6684e78fcf6bbbe757c7a03a51fa74,2,TEM-004179,TEMPLATE,public/ui/skills/mage/spellsteal.webp,3152
DUP-02174,a78b646afeddd11ca6186176f14b9dd0cb6684e78fcf6bbbe757c7a03a51fa74,2,NOV-007761,NOVO,01_Assets_Organizados/UI/skills/mage/spellsteal.webp,3152
DUP-02175,5106ad7ed54f870200cadea971543797e4b6aeb88dc828df235d8d536aee2850,2,TEM-004180,TEMPLATE,public/ui/skills/mage/temporal_rewind.webp,6230
DUP-02175,5106ad7ed54f870200cadea971543797e4b6aeb88dc828df235d8d536aee2850,2,NOV-007762,NOVO,01_Assets_Organizados/UI/skills/mage/temporal_rewind.webp,6230
DUP-02176,7b2a4e8d587616f27b1df6332e7c093f86403df16f74e912dd49ee862e4fe37f,2,TEM-004183,TEMPLATE,public/ui/skills/mage/fire_blast.webp,4192
DUP-02176,7b2a4e8d587616f27b1df6332e7c093f86403df16f74e912dd49ee862e4fe37f,2,NOV-007765,NOVO,01_Assets_Organizados/UI/skills/mage/fire_blast.webp,4192
DUP-02177,56595748b4217cd30b0afc791e9026b6857f18840f8d089ba28c15483104b4cf,2,TEM-004184,TEMPLATE,public/ui/skills/mage/arcane_power.webp,5352
DUP-02177,56595748b4217cd30b0afc791e9026b6857f18840f8d089ba28c15483104b4cf,2,NOV-007766,NOVO,01_Assets_Organizados/UI/skills/mage/arcane_power.webp,5352
DUP-02178,366851c7ae827c5278ef35dd7b5923231221b01dd245ce46d09ab2924aa9d2fd,2,TEM-004186,TEMPLATE,public/ui/skills/mage/temporal_cascade.webp,7260
DUP-02178,366851c7ae827c5278ef35dd7b5923231221b01dd245ce46d09ab2924aa9d2fd,2,NOV-007768,NOVO,01_Assets_Organizados/UI/skills/mage/temporal_cascade.webp,7260
DUP-02179,7cae820108954f9fb1b765365a06943e6ba6f2c5d9e6118044aef34be50b45af,2,TEM-004187,TEMPLATE,public/ui/skills/mage/conjure_food.webp,3172
DUP-02179,7cae820108954f9fb1b765365a06943e6ba6f2c5d9e6118044aef34be50b45af,2,NOV-007769,NOVO,01_Assets_Organizados/UI/skills/mage/conjure_food.webp,3172
DUP-02180,a12302e6e36840583bfe5985f075270f3ec045599bdf4ca1448f3ccf09e77990,2,TEM-004190,TEMPLATE,public/ui/skills/mage/fingers_of_frost.webp,5366
DUP-02180,a12302e6e36840583bfe5985f075270f3ec045599bdf4ca1448f3ccf09e77990,2,NOV-007772,NOVO,01_Assets_Organizados/UI/skills/mage/fingers_of_frost.webp,5366
DUP-02181,0add0c8428ba265a41359901deed8f26c9e748532684d6497574e9656f1e2e0a,2,TEM-004191,TEMPLATE,public/ui/skills/mage/ignition.webp,6762
DUP-02181,0add0c8428ba265a41359901deed8f26c9e748532684d6497574e9656f1e2e0a,2,NOV-007773,NOVO,01_Assets_Organizados/UI/skills/mage/ignition.webp,6762
DUP-02182,0fcc3d20d672671724c5cc71400acf68938076f246527f24c3794b6cab46a950,2,TEM-004194,TEMPLATE,public/ui/skills/mage/shatter.webp,7336
DUP-02182,0fcc3d20d672671724c5cc71400acf68938076f246527f24c3794b6cab46a950,2,NOV-007776,NOVO,01_Assets_Organizados/UI/skills/mage/shatter.webp,7336
DUP-02183,8334c17134422d13d680a853fa29c78d8605ea32e8a23e6bce8ad70b765ce406,2,TEM-004198,TEMPLATE,public/ui/skills/mage/arcane_missiles.webp,8352
DUP-02183,8334c17134422d13d680a853fa29c78d8605ea32e8a23e6bce8ad70b765ce406,2,NOV-007780,NOVO,01_Assets_Organizados/UI/skills/mage/arcane_missiles.webp,8352
DUP-02184,827121ea740e3534c406f0673552051da9fd6a90453c8e4230943bb7f769d8aa,2,TEM-004199,TEMPLATE,public/ui/skills/mage/combustion.webp,8512
DUP-02184,827121ea740e3534c406f0673552051da9fd6a90453c8e4230943bb7f769d8aa,2,NOV-007781,NOVO,01_Assets_Organizados/UI/skills/mage/combustion.webp,8512
DUP-02185,517e6cc294fefb786759eff8afe0f4cf1558d93df4936a37d85cacd81d25aff2,2,TEM-004201,TEMPLATE,public/ui/skills/mage/glacial_spike.webp,6160
DUP-02185,517e6cc294fefb786759eff8afe0f4cf1558d93df4936a37d85cacd81d25aff2,2,NOV-007783,NOVO,01_Assets_Organizados/UI/skills/mage/glacial_spike.webp,6160
DUP-02186,390856c56db9e1823f2016eb6270f5cf000c4a63b486883f9e37d8fb8d7e7268,2,TEM-004202,TEMPLATE,public/ui/skills/mage/deep_freeze.webp,4740
DUP-02186,390856c56db9e1823f2016eb6270f5cf000c4a63b486883f9e37d8fb8d7e7268,2,NOV-007784,NOVO,01_Assets_Organizados/UI/skills/mage/deep_freeze.webp,4740
DUP-02187,b84ea5c567c043472467f88b7a4f0dcaba36ee9a687ba37caf752ab87c1c8ffd,2,TEM-004203,TEMPLATE,public/ui/skills/mage/conjure_water.webp,4074
DUP-02187,b84ea5c567c043472467f88b7a4f0dcaba36ee9a687ba37caf752ab87c1c8ffd,2,NOV-007785,NOVO,01_Assets_Organizados/UI/skills/mage/conjure_water.webp,4074
DUP-02188,0f4e00c1ad85bed21fd0f46827638b0d6242de00abe445dc62e20a8ccc49c229,2,TEM-004205,TEMPLATE,public/ui/skills/mage/glacial_front.webp,6054
DUP-02188,0f4e00c1ad85bed21fd0f46827638b0d6242de00abe445dc62e20a8ccc49c229,2,NOV-007787,NOVO,01_Assets_Organizados/UI/skills/mage/glacial_front.webp,6054
DUP-02189,af2d06b362efd199aab209b5dcef8972851f9b9ee6eebf2823365671271f522a,2,TEM-004208,TEMPLATE,public/ui/skills/mage/temporal_acceleration.webp,6960
DUP-02189,af2d06b362efd199aab209b5dcef8972851f9b9ee6eebf2823365671271f522a,2,NOV-007790,NOVO,01_Assets_Organizados/UI/skills/mage/temporal_acceleration.webp,6960
DUP-02190,264b602ab3ed18015605c26c87e3cd74e515d4188347eb59a93d3bbd058fd64c,2,TEM-004211,TEMPLATE,public/ui/skills/mage/ice_block.webp,6878
DUP-02190,264b602ab3ed18015605c26c87e3cd74e515d4188347eb59a93d3bbd058fd64c,2,NOV-007793,NOVO,01_Assets_Organizados/UI/skills/mage/ice_block.webp,6878
DUP-02191,2814fba885eef8daeec2c7e6cd77a55fffe74d70a87e6e7e4d11f8e91f31e11f,2,TEM-004212,TEMPLATE,public/ui/skills/mage/arcane_intellect.webp,4990
DUP-02191,2814fba885eef8daeec2c7e6cd77a55fffe74d70a87e6e7e4d11f8e91f31e11f,2,NOV-007794,NOVO,01_Assets_Organizados/UI/skills/mage/arcane_intellect.webp,4990
DUP-02192,e05d79a0849bbdc82322c3289f09414029557558605c1f0d9407904c1e5a0e25,2,TEM-004214,TEMPLATE,public/ui/skills/mage/meteor.webp,6334
DUP-02192,e05d79a0849bbdc82322c3289f09414029557558605c1f0d9407904c1e5a0e25,2,NOV-007796,NOVO,01_Assets_Organizados/UI/skills/mage/meteor.webp,6334
DUP-02193,3e3c848432270b2564fb26dd884ba7ddc150e0d679031871e3ce3e206c01bc98,2,TEM-004215,TEMPLATE,public/ui/skills/mage/cone_of_cold.webp,5438
DUP-02193,3e3c848432270b2564fb26dd884ba7ddc150e0d679031871e3ce3e206c01bc98,2,NOV-007797,NOVO,01_Assets_Organizados/UI/skills/mage/cone_of_cold.webp,5438
DUP-02194,427e37ffb953459cfd7dba0b1ae4a390ddc1902cbdd46dd63c344ca6f86cfbb4,2,TEM-004216,TEMPLATE,public/ui/skills/mage/brain_freeze.webp,5886
DUP-02194,427e37ffb953459cfd7dba0b1ae4a390ddc1902cbdd46dd63c344ca6f86cfbb4,2,NOV-007798,NOVO,01_Assets_Organizados/UI/skills/mage/brain_freeze.webp,5886
DUP-02195,0e4a6a8ac29223eb0d75e2066a1c6fc59487a92dd48e128f2332d64f59c2287c,2,TEM-004219,TEMPLATE,public/ui/skills/mage/temporal_reversal.webp,6896
DUP-02195,0e4a6a8ac29223eb0d75e2066a1c6fc59487a92dd48e128f2332d64f59c2287c,2,NOV-007801,NOVO,01_Assets_Organizados/UI/skills/mage/temporal_reversal.webp,6896
DUP-02196,0ab27220605f370de55dbe2e0fcbbea5266c09903551025f1cc4a4d5f496d549,2,TEM-004221,TEMPLATE,public/ui/skills/mage/dragons_breath.webp,6068
DUP-02196,0ab27220605f370de55dbe2e0fcbbea5266c09903551025f1cc4a4d5f496d549,2,NOV-007803,NOVO,01_Assets_Organizados/UI/skills/mage/dragons_breath.webp,6068
DUP-02197,263fd99e1e90752951c8e5c6c6e6a1203a432b77d9770af0930274fe262e9698,2,TEM-004222,TEMPLATE,public/ui/skills/rogue/backstab.webp,4242
DUP-02197,263fd99e1e90752951c8e5c6c6e6a1203a432b77d9770af0930274fe262e9698,2,NOV-007804,NOVO,01_Assets_Organizados/UI/skills/rogue/backstab.webp,4242
DUP-02198,a5f4ee98b5f4c8ad38069f6a3b972c558106ba9fb2b841d1527ea3661e744ee4,2,TEM-004223,TEMPLATE,public/ui/skills/rogue/crippling_poison.webp,3162
DUP-02198,a5f4ee98b5f4c8ad38069f6a3b972c558106ba9fb2b841d1527ea3661e744ee4,2,NOV-007805,NOVO,01_Assets_Organizados/UI/skills/rogue/crippling_poison.webp,3162
DUP-02199,22687bafc035cc3c6c6b25c9ebcf85a83bee030b80e97762dfc43f5cbb8b50a2,2,TEM-004224,TEMPLATE,public/ui/skills/rogue/adrenaline_rush.webp,3462
DUP-02199,22687bafc035cc3c6c6b25c9ebcf85a83bee030b80e97762dfc43f5cbb8b50a2,2,NOV-007806,NOVO,01_Assets_Organizados/UI/skills/rogue/adrenaline_rush.webp,3462
DUP-02200,5c3b3469c0708e0c3a0b8ba045142f777b0b4623d06ce916716ad5ce3361f27d,2,TEM-004225,TEMPLATE,public/ui/skills/rogue/stealth.webp,3516
DUP-02200,5c3b3469c0708e0c3a0b8ba045142f777b0b4623d06ce916716ad5ce3361f27d,2,NOV-007807,NOVO,01_Assets_Organizados/UI/skills/rogue/stealth.webp,3516
DUP-02201,97d96f937fe4a451794d97879627c878728249eeb27c1b72741d0edeb985521e,2,TEM-004226,TEMPLATE,public/ui/skills/rogue/blind.webp,3030
DUP-02201,97d96f937fe4a451794d97879627c878728249eeb27c1b72741d0edeb985521e,2,NOV-007808,NOVO,01_Assets_Organizados/UI/skills/rogue/blind.webp,3030
DUP-02202,c89da13aca6b1fa91efb60cf007f1179b57b1d59ab6c45271d34c472e2c68f52,2,TEM-004227,TEMPLATE,public/ui/skills/rogue/smoke_screen.webp,3492
DUP-02202,c89da13aca6b1fa91efb60cf007f1179b57b1d59ab6c45271d34c472e2c68f52,2,NOV-007810,NOVO,01_Assets_Organizados/UI/skills/rogue/smoke_screen.webp,3492
DUP-02203,66817499fa8d9aab8a9edae02214ab3c7f6536b8f74cba9bf4eb1a4ba79edd52,2,TEM-004228,TEMPLATE,public/ui/skills/rogue/ambush.webp,4404
DUP-02203,66817499fa8d9aab8a9edae02214ab3c7f6536b8f74cba9bf4eb1a4ba79edd52,2,NOV-007811,NOVO,01_Assets_Organizados/UI/skills/rogue/ambush.webp,4404
DUP-02204,d60d08abae6bdeb63fa0eb0eeadc9bc2cf4d84bec31bf6715198eca6336192ba,2,TEM-004229,TEMPLATE,public/ui/skills/rogue/slice_and_dice.webp,3050
DUP-02204,d60d08abae6bdeb63fa0eb0eeadc9bc2cf4d84bec31bf6715198eca6336192ba,2,NOV-007812,NOVO,01_Assets_Organizados/UI/skills/rogue/slice_and_dice.webp,3050
DUP-02205,b288d3c9c1f4e4cbdb7e29223da91d998925a2d4b637fbcbdfc67b0e03a74986,2,TEM-004230,TEMPLATE,public/ui/skills/rogue/expose_armor.webp,5892
DUP-02205,b288d3c9c1f4e4cbdb7e29223da91d998925a2d4b637fbcbdfc67b0e03a74986,2,NOV-007813,NOVO,01_Assets_Organizados/UI/skills/rogue/expose_armor.webp,5892
DUP-02206,5f819e79a86b3d8de76f98e3503614af1dfa1c1ddf2b01c601aae91f026b6058,2,TEM-004231,TEMPLATE,public/ui/skills/rogue/rupture.webp,3522
DUP-02206,5f819e79a86b3d8de76f98e3503614af1dfa1c1ddf2b01c601aae91f026b6058,2,NOV-007815,NOVO,01_Assets_Organizados/UI/skills/rogue/rupture.webp,3522
DUP-02207,da7d69e50b2b0a8a21d7e813346c3ce38a5cd6ea6f0c702453ef8188d3040320,2,TEM-004232,TEMPLATE,public/ui/skills/rogue/vanish.webp,4016
DUP-02207,da7d69e50b2b0a8a21d7e813346c3ce38a5cd6ea6f0c702453ef8188d3040320,2,NOV-007816,NOVO,01_Assets_Organizados/UI/skills/rogue/vanish.webp,4016
DUP-02208,0bc23d3ff7a31aa59e4f834c1dd3e5949b9f631610151e22a3ca73bb419cc0be,2,TEM-004233,TEMPLATE,public/ui/skills/rogue/sprint.webp,2970
DUP-02208,0bc23d3ff7a31aa59e4f834c1dd3e5949b9f631610151e22a3ca73bb419cc0be,2,NOV-007817,NOVO,01_Assets_Organizados/UI/skills/rogue/sprint.webp,2970
DUP-02209,16bbc995539150d14afb1a35405d138efda52b6bcc8ec84daa5cf4f2dc44bd9c,2,TEM-004234,TEMPLATE,public/ui/skills/rogue/evasion.webp,4458
DUP-02209,16bbc995539150d14afb1a35405d138efda52b6bcc8ec84daa5cf4f2dc44bd9c,2,NOV-007818,NOVO,01_Assets_Organizados/UI/skills/rogue/evasion.webp,4458
DUP-02210,62e7dd47e96593bf4aeccc09cd80beb554ffbe89c8fb90fc23e19660c1c7cf61,2,TEM-004235,TEMPLATE,public/ui/skills/rogue/ghostly_strike.webp,3842
DUP-02210,62e7dd47e96593bf4aeccc09cd80beb554ffbe89c8fb90fc23e19660c1c7cf61,2,NOV-007819,NOVO,01_Assets_Organizados/UI/skills/rogue/ghostly_strike.webp,3842
DUP-02211,40c97f119d12516dcf8c9579d7053e3df5c0b473383665e88d200e7b35933e22,2,TEM-004236,TEMPLATE,public/ui/skills/rogue/sinister_strike.webp,3576
DUP-02211,40c97f119d12516dcf8c9579d7053e3df5c0b473383665e88d200e7b35933e22,2,NOV-007820,NOVO,01_Assets_Organizados/UI/skills/rogue/sinister_strike.webp,3576
DUP-02212,5c06641388b555707525f5298259120a95f805ef641972b8a480aabc5520d4fa,2,TEM-004237,TEMPLATE,public/ui/skills/rogue/shadowstep.webp,2670
DUP-02212,5c06641388b555707525f5298259120a95f805ef641972b8a480aabc5520d4fa,2,NOV-007821,NOVO,01_Assets_Organizados/UI/skills/rogue/shadowstep.webp,2670
DUP-02213,17467bfb2a18bf7f47ed1342dd9d7d8761aceba8b956571acbeb680de8ec906c,2,TEM-004238,TEMPLATE,public/ui/skills/rogue/cold_blood.webp,2952
DUP-02213,17467bfb2a18bf7f47ed1342dd9d7d8761aceba8b956571acbeb680de8ec906c,2,NOV-007824,NOVO,01_Assets_Organizados/UI/skills/rogue/cold_blood.webp,2952
DUP-02214,68348f6f66d7cec2b2ebcda36f048ca2178f58b60982f8d6a1894483138733ff,2,TEM-004239,TEMPLATE,public/ui/skills/rogue/gouge.webp,3250
DUP-02214,68348f6f66d7cec2b2ebcda36f048ca2178f58b60982f8d6a1894483138733ff,2,NOV-007825,NOVO,01_Assets_Organizados/UI/skills/rogue/gouge.webp,3250
DUP-02215,f55b578e2b646a6ab043e7c070cc08d6af424f6e95a63819f72fdb1db1ad1373,2,TEM-004240,TEMPLATE,public/ui/skills/rogue/garrote.webp,2288
DUP-02215,f55b578e2b646a6ab043e7c070cc08d6af424f6e95a63819f72fdb1db1ad1373,2,NOV-007826,NOVO,01_Assets_Organizados/UI/skills/rogue/garrote.webp,2288
DUP-02216,74c0ce879cc1129de71ac4077745d7dc01f94f2fa90c691356bd605bb446899b,2,TEM-004241,TEMPLATE,public/ui/skills/rogue/kick.webp,5772
DUP-02216,74c0ce879cc1129de71ac4077745d7dc01f94f2fa90c691356bd605bb446899b,2,NOV-007827,NOVO,01_Assets_Organizados/UI/skills/rogue/kick.webp,5772
DUP-02217,9b32c2d1a1f7c700acea870656645cb16cc1ca9faccdec8accf50dd92a75b855,2,TEM-004242,TEMPLATE,public/ui/skills/rogue/cheap_shot.webp,3566
DUP-02217,9b32c2d1a1f7c700acea870656645cb16cc1ca9faccdec8accf50dd92a75b855,2,NOV-007828,NOVO,01_Assets_Organizados/UI/skills/rogue/cheap_shot.webp,3566
DUP-02218,b878d3ebe354fc71d5e187cdcc0569f309ffcc6812724104ccda3fec2a7382bc,2,TEM-004243,TEMPLATE,public/ui/skills/rogue/blade_flurry.webp,4192
DUP-02218,b878d3ebe354fc71d5e187cdcc0569f309ffcc6812724104ccda3fec2a7382bc,2,NOV-007829,NOVO,01_Assets_Organizados/UI/skills/rogue/blade_flurry.webp,4192
DUP-02219,76e03dcb7aaf1001e18a17699f426388e553ab3accb22d148e61dbeb36d6f1f4,2,TEM-004244,TEMPLATE,public/ui/skills/rogue/eviscerate.webp,4582
DUP-02219,76e03dcb7aaf1001e18a17699f426388e553ab3accb22d148e61dbeb36d6f1f4,2,NOV-007830,NOVO,01_Assets_Organizados/UI/skills/rogue/eviscerate.webp,4582
DUP-02220,cb9afd0ef6c68e439d34dd8fe8e951afa1e00142eb4ff9993dbe90c1d8aabbdd,2,TEM-004245,TEMPLATE,public/ui/skills/rogue/kidney_shot.webp,4100
DUP-02220,cb9afd0ef6c68e439d34dd8fe8e951afa1e00142eb4ff9993dbe90c1d8aabbdd,2,NOV-007834,NOVO,01_Assets_Organizados/UI/skills/rogue/kidney_shot.webp,4100
DUP-02221,c8b41d5e63035009b339137d584ac358ebdffed3779ca7ee80a0a88bbc94c432,2,TEM-004246,TEMPLATE,public/ui/skills/rogue/deadly_poison.webp,4554
DUP-02221,c8b41d5e63035009b339137d584ac358ebdffed3779ca7ee80a0a88bbc94c432,2,NOV-007835,NOVO,01_Assets_Organizados/UI/skills/rogue/deadly_poison.webp,4554
DUP-02222,75bd8b73544b25754a5696b9124f70f552e6ec515fafd9811fcc3f22a26c78bb,2,TEM-004247,TEMPLATE,public/ui/skills/rogue/cloak_of_shadows.webp,3324
DUP-02222,75bd8b73544b25754a5696b9124f70f552e6ec515fafd9811fcc3f22a26c78bb,2,NOV-007836,NOVO,01_Assets_Organizados/UI/skills/rogue/cloak_of_shadows.webp,3324
DUP-02223,823be5999d258f6860941a80feaf63cbe6fe62c085b8aa736f3ad55ceed2730d,2,TEM-004248,TEMPLATE,public/ui/skills/rogue/instant_poison.webp,3518
DUP-02223,823be5999d258f6860941a80feaf63cbe6fe62c085b8aa736f3ad55ceed2730d,2,NOV-007837,NOVO,01_Assets_Organizados/UI/skills/rogue/instant_poison.webp,3518
DUP-02224,df44e87143e5f4f68f3055354fb640978f91e9b63cdb06a4452fd9d4d6b9e6b1,2,TEM-004249,TEMPLATE,public/ui/skills/rogue/sap.webp,3500
DUP-02224,df44e87143e5f4f68f3055354fb640978f91e9b63cdb06a4452fd9d4d6b9e6b1,2,NOV-007838,NOVO,01_Assets_Organizados/UI/skills/rogue/sap.webp,3500
DUP-02225,58084d84c01e2c8a4f245235dea06258b2c1ea14c55cecc4b5bd4c6403bfc6f0,2,TEM-004250,TEMPLATE,public/ui/skills/rogue/hemorrhage.webp,4336
DUP-02225,58084d84c01e2c8a4f245235dea06258b2c1ea14c55cecc4b5bd4c6403bfc6f0,2,NOV-007839,NOVO,01_Assets_Organizados/UI/skills/rogue/hemorrhage.webp,4336
DUP-02226,3be7889eb1796ef8f118d37163eea9f26ad5202b9a8dcb6489722af3372c1b89,2,TEM-004251,TEMPLATE,public/ui/skills/rogue/preparation.webp,3772
DUP-02226,3be7889eb1796ef8f118d37163eea9f26ad5202b9a8dcb6489722af3372c1b89,2,NOV-007840,NOVO,01_Assets_Organizados/UI/skills/rogue/preparation.webp,3772
DUP-02227,2ab007bab1ea9bf7dbd9e3858ad07913f13e3a109afdcf51b7eca3d342d59d77,2,TEM-004252,TEMPLATE,public/ui/skills/shaman/earthbind.webp,6740
DUP-02227,2ab007bab1ea9bf7dbd9e3858ad07913f13e3a109afdcf51b7eca3d342d59d77,2,NOV-007842,NOVO,01_Assets_Organizados/UI/skills/shaman/earthbind.webp,6740
DUP-02228,768f46baa5253bde6952e9e6ee6f80808d1d2c9ee91ffd6787f61f5139bc3b8a,2,TEM-004253,TEMPLATE,public/ui/skills/shaman/elemental_mastery.webp,6918
DUP-02228,768f46baa5253bde6952e9e6ee6f80808d1d2c9ee91ffd6787f61f5139bc3b8a,2,NOV-007843,NOVO,01_Assets_Organizados/UI/skills/shaman/elemental_mastery.webp,6918
DUP-02229,1b530a0a70850ac59d0e341df5e4972432ddca31ad5e6b35daefcf2d3cacce38,2,TEM-004254,TEMPLATE,public/ui/skills/shaman/lightning_bolt.webp,4780
DUP-02229,1b530a0a70850ac59d0e341df5e4972432ddca31ad5e6b35daefcf2d3cacce38,2,NOV-007844,NOVO,01_Assets_Organizados/UI/skills/shaman/lightning_bolt.webp,4780
DUP-02230,905b6a8c195cf648630c67f5dacd9abe271d5a18255b9771f87643131a25e5f3,2,TEM-004255,TEMPLATE,public/ui/skills/shaman/earth_shock.webp,3806
DUP-02230,905b6a8c195cf648630c67f5dacd9abe271d5a18255b9771f87643131a25e5f3,2,NOV-007845,NOVO,01_Assets_Organizados/UI/skills/shaman/earth_shock.webp,3806
DUP-02231,30685a6f97729e07271824fce1c3eb82b2ce0fec6941b943e86d116bc5e54310,2,TEM-004256,TEMPLATE,public/ui/skills/shaman/flametongue_weapon.webp,2886
DUP-02231,30685a6f97729e07271824fce1c3eb82b2ce0fec6941b943e86d116bc5e54310,2,NOV-007849,NOVO,01_Assets_Organizados/UI/skills/shaman/flametongue_weapon.webp,2886
DUP-02232,dbb787612e78de186347c9610030e4e520e90b541318230ce0581ca1ca1c6301,2,TEM-004257,TEMPLATE,public/ui/skills/shaman/ghost_wolf.webp,3628
DUP-02232,dbb787612e78de186347c9610030e4e520e90b541318230ce0581ca1ca1c6301,2,NOV-007851,NOVO,01_Assets_Organizados/UI/skills/shaman/ghost_wolf.webp,3628
DUP-02233,1574cfab9d2da7e7df94f7c2e4b161f9b4cbe70028e63944836836815ef3d6a6,2,TEM-004258,TEMPLATE,public/ui/skills/shaman/healing_stream.webp,5854
DUP-02233,1574cfab9d2da7e7df94f7c2e4b161f9b4cbe70028e63944836836815ef3d6a6,2,NOV-007852,NOVO,01_Assets_Organizados/UI/skills/shaman/healing_stream.webp,5854
DUP-02234,a0793840dd1438a1db5879c27728ffcfa55616b7ce4a05debc1c4d64fb131088,2,TEM-004259,TEMPLATE,public/ui/skills/shaman/stormstrike.webp,6094
DUP-02234,a0793840dd1438a1db5879c27728ffcfa55616b7ce4a05debc1c4d64fb131088,2,NOV-007853,NOVO,01_Assets_Organizados/UI/skills/shaman/stormstrike.webp,6094
DUP-02235,2bbfa1f796b76b5255ee815e6e02f8360e7dc72d530cfc2f716c8a6492c2b951,2,TEM-004260,TEMPLATE,public/ui/skills/shaman/rockbiter_weapon.webp,3056
DUP-02235,2bbfa1f796b76b5255ee815e6e02f8360e7dc72d530cfc2f716c8a6492c2b951,2,NOV-007854,NOVO,01_Assets_Organizados/UI/skills/shaman/rockbiter_weapon.webp,3056
DUP-02236,a22e3a1f7151ba402d8f969adb8c78b4e83a86adcb8667a3d4ad90899474fc74,2,TEM-004261,TEMPLATE,public/ui/skills/shaman/frost_shock.webp,4504
DUP-02236,a22e3a1f7151ba402d8f969adb8c78b4e83a86adcb8667a3d4ad90899474fc74,2,NOV-007855,NOVO,01_Assets_Organizados/UI/skills/shaman/frost_shock.webp,4504
DUP-02237,96bc6bd822feec06309654c82e45d4cc2c4ef2e19ce71600bcc33de7913c1924,2,TEM-004262,TEMPLATE,public/ui/skills/shaman/frostbrand_weapon.webp,3382
DUP-02237,96bc6bd822feec06309654c82e45d4cc2c4ef2e19ce71600bcc33de7913c1924,2,NOV-007856,NOVO,01_Assets_Organizados/UI/skills/shaman/frostbrand_weapon.webp,3382
DUP-02238,0c315530777b80f0aec99ceb3a4a99d6c923e714ac28202961fcb0cc3270b24e,2,TEM-004263,TEMPLATE,public/ui/skills/shaman/bloodlust.webp,8270
DUP-02238,0c315530777b80f0aec99ceb3a4a99d6c923e714ac28202961fcb0cc3270b24e,2,NOV-007858,NOVO,01_Assets_Organizados/UI/skills/shaman/bloodlust.webp,8270
DUP-02239,8ed8e6022acce62930c3a0809f7043c95507528ae3c6a823a8bd4a260ee6bc87,2,TEM-004264,TEMPLATE,public/ui/skills/shaman/flame_shock.webp,4028
DUP-02239,8ed8e6022acce62930c3a0809f7043c95507528ae3c6a823a8bd4a260ee6bc87,2,NOV-007860,NOVO,01_Assets_Organizados/UI/skills/shaman/flame_shock.webp,4028
DUP-02240,2d0493cec121b257867eb5cc3f03f519cca162e46ad74824eb9545cc8f2efe18,2,TEM-004265,TEMPLATE,public/ui/skills/shaman/chain_lightning.webp,6536
DUP-02240,2d0493cec121b257867eb5cc3f03f519cca162e46ad74824eb9545cc8f2efe18,2,NOV-007861,NOVO,01_Assets_Organizados/UI/skills/shaman/chain_lightning.webp,6536
DUP-02241,1ca329023dc89e198dfd32c32b3f3ed1d8747f85567df8d4b62fb4a52374f5f2,2,TEM-004266,TEMPLATE,public/ui/skills/shaman/healing_wave.webp,4088
DUP-02241,1ca329023dc89e198dfd32c32b3f3ed1d8747f85567df8d4b62fb4a52374f5f2,2,NOV-007864,NOVO,01_Assets_Organizados/UI/skills/shaman/healing_wave.webp,4088
DUP-02242,b5d170be172af477c8e3f2ee9306237c6ea4a4dbda401c1605af3e1a7d040770,2,TEM-004267,TEMPLATE,public/ui/skills/shaman/earthquake.webp,6496
DUP-02242,b5d170be172af477c8e3f2ee9306237c6ea4a4dbda401c1605af3e1a7d040770,2,NOV-007866,NOVO,01_Assets_Organizados/UI/skills/shaman/earthquake.webp,6496
DUP-02243,43c100ab08ee4f08f1af21b9b62673b070612d5952156b76a7fa5d6704629a80,2,TEM-004268,TEMPLATE,public/ui/skills/shaman/chain_heal.webp,5770
DUP-02243,43c100ab08ee4f08f1af21b9b62673b070612d5952156b76a7fa5d6704629a80,2,NOV-007867,NOVO,01_Assets_Organizados/UI/skills/shaman/chain_heal.webp,5770
DUP-02244,4305ba21084abd1815b24b920544a97cf29dda6798db0894332a9dff021345f2,2,TEM-004269,TEMPLATE,public/ui/skills/shaman/lightning_shield.webp,3866
DUP-02244,4305ba21084abd1815b24b920544a97cf29dda6798db0894332a9dff021345f2,2,NOV-007869,NOVO,01_Assets_Organizados/UI/skills/shaman/lightning_shield.webp,3866
DUP-02245,7e02ec80559b54e0ac3770d9910437262abe1d660c3e5baa2b471f3b9b66544e,2,NOV-004662,NOVO,00_Packs_Raw/PSX Horror-Fantasy Megapack/clowns pack/2/clown2godot.glb,407612
DUP-02245,7e02ec80559b54e0ac3770d9910437262abe1d660c3e5baa2b471f3b9b66544e,2,NOV-004684,NOVO,00_Packs_Raw/clownspack/2/clown2godot.glb,407612
DUP-02246,8f21066874c6bc6be44d7c5f20a7d3eef2ca57e880b0ce4f90e233f674435dfa,2,NOV-004663,NOVO,00_Packs_Raw/PSX Horror-Fantasy Megapack/clowns pack/2/bakedtexture.png,282266
DUP-02246,8f21066874c6bc6be44d7c5f20a7d3eef2ca57e880b0ce4f90e233f674435dfa,2,NOV-004685,NOVO,00_Packs_Raw/clownspack/2/bakedtexture.png,282266
DUP-02247,fba9c5d6a6908d4635ccb54f7a6e85c17af4e151cf78dd02e20bf44431a7333c,2,NOV-004664,NOVO,00_Packs_Raw/PSX Horror-Fantasy Megapack/clowns pack/2/cloaked_rigged.fbx,1026224
DUP-02247,fba9c5d6a6908d4635ccb54f7a6e85c17af4e151cf78dd02e20bf44431a7333c,2,NOV-004686,NOVO,00_Packs_Raw/clownspack/2/cloaked_rigged.fbx,1026224
DUP-02248,9bd6a84c2d1cb13f404c58214cfecc66d15db6f694c7082863700bd36cb98241,2,NOV-004665,NOVO,00_Packs_Raw/PSX Horror-Fantasy Megapack/clowns pack/1/clown1godot.glb,319244
DUP-02248,9bd6a84c2d1cb13f404c58214cfecc66d15db6f694c7082863700bd36cb98241,2,NOV-004687,NOVO,00_Packs_Raw/clownspack/1/clown1godot.glb,319244
DUP-02249,e6e8107f66b86c4f2e1353a742d8b7c22279b233738b581fadaed837dfe7e50e,2,NOV-004666,NOVO,00_Packs_Raw/PSX Horror-Fantasy Megapack/clowns pack/1/bakedtexture.png,204383
DUP-02249,e6e8107f66b86c4f2e1353a742d8b7c22279b233738b581fadaed837dfe7e50e,2,NOV-004688,NOVO,00_Packs_Raw/clownspack/1/bakedtexture.png,204383
DUP-02250,8060814c6caca75a1289223e5ba0d07a1d039da4e74c54430426a8c618915d4f,2,NOV-004667,NOVO,00_Packs_Raw/PSX Horror-Fantasy Megapack/clowns pack/1/final_rigged.fbx,1025760
DUP-02250,8060814c6caca75a1289223e5ba0d07a1d039da4e74c54430426a8c618915d4f,2,NOV-004689,NOVO,00_Packs_Raw/clownspack/1/final_rigged.fbx,1025760
DUP-02251,6f3c76368fc0c06b4613dda7750972b90fa0e1f36eb5c056b3ac3b3d4295bed8,2,NOV-004668,NOVO,00_Packs_Raw/PSX Horror-Fantasy Megapack/clowns pack/3/bakedtexture.png,253329
DUP-02251,6f3c76368fc0c06b4613dda7750972b90fa0e1f36eb5c056b3ac3b3d4295bed8,2,NOV-004690,NOVO,00_Packs_Raw/clownspack/3/bakedtexture.png,253329
DUP-02252,1213a3e8b0e239ebea56603ce18cd15b3da06582cae44e7b580e4f7d98fa98fc,2,NOV-004669,NOVO,00_Packs_Raw/PSX Horror-Fantasy Megapack/clowns pack/3/final_rigged.fbx,898560
DUP-02252,1213a3e8b0e239ebea56603ce18cd15b3da06582cae44e7b580e4f7d98fa98fc,2,NOV-004691,NOVO,00_Packs_Raw/clownspack/3/final_rigged.fbx,898560
DUP-02253,12245bd776645c63c4102c01d6fe6c2511a6ec340e818aa6101acf7582a405ca,2,NOV-004670,NOVO,00_Packs_Raw/PSX Horror-Fantasy Megapack/clowns pack/3/clown3godot.glb,383932
DUP-02253,12245bd776645c63c4102c01d6fe6c2511a6ec340e818aa6101acf7582a405ca,2,NOV-004692,NOVO,00_Packs_Raw/clownspack/3/clown3godot.glb,383932
DUP-02254,949b41a5d0e8cb9c83194392abbeab85f7efd9aebb1c66968e1931f536e62c9e,2,NOV-006694,NOVO,01_Assets_Organizados/UI/mobs/rift_bonewalker.webp,2826
DUP-02254,949b41a5d0e8cb9c83194392abbeab85f7efd9aebb1c66968e1931f536e62c9e,2,NOV-006818,NOVO,01_Assets_Organizados/UI/mobs/raised_bonewalker.webp,2826
DUP-02255,0f228e45979073c4125e9164a6d0de54f1d6756d70ea5710fa53a31bbb090e76,12,NOV-006699,NOVO,01_Assets_Organizados/UI/mobs/pale_choir_acolyte.webp,2234
DUP-02255,0f228e45979073c4125e9164a6d0de54f1d6756d70ea5710fa53a31bbb090e76,12,NOV-006709,NOVO,01_Assets_Organizados/UI/mobs/tidebound_acolyte.webp,2234
DUP-02255,0f228e45979073c4125e9164a6d0de54f1d6756d70ea5710fa53a31bbb090e76,12,NOV-006714,NOVO,01_Assets_Organizados/UI/mobs/threnos_first_voice.webp,2234
DUP-02255,0f228e45979073c4125e9164a6d0de54f1d6756d70ea5710fa53a31bbb090e76,12,NOV-006719,NOVO,01_Assets_Organizados/UI/mobs/choirmother_selthe.webp,2234
DUP-02255,0f228e45979073c4125e9164a6d0de54f1d6756d70ea5710fa53a31bbb090e76,12,NOV-006743,NOVO,01_Assets_Organizados/UI/mobs/gravecaller_mender.webp,2234
DUP-02255,0f228e45979073c4125e9164a6d0de54f1d6756d70ea5710fa53a31bbb090e76,12,NOV-006746,NOVO,01_Assets_Organizados/UI/mobs/vale_bandit.webp,2234
DUP-02255,0f228e45979073c4125e9164a6d0de54f1d6756d70ea5710fa53a31bbb090e76,12,NOV-006799,NOVO,01_Assets_Organizados/UI/mobs/rift_void_acolyte.webp,2234
DUP-02255,0f228e45979073c4125e9164a6d0de54f1d6756d70ea5710fa53a31bbb090e76,12,NOV-006807,NOVO,01_Assets_Organizados/UI/mobs/rift_boss_arcane.webp,2234
DUP-02255,0f228e45979073c4125e9164a6d0de54f1d6756d70ea5710fa53a31bbb090e76,12,NOV-006808,NOVO,01_Assets_Organizados/UI/mobs/wyrmcult_zealot.webp,2234
DUP-02255,0f228e45979073c4125e9164a6d0de54f1d6756d70ea5710fa53a31bbb090e76,12,NOV-006879,NOVO,01_Assets_Organizados/UI/mobs/acolyte_tessa.webp,2234
DUP-02255,0f228e45979073c4125e9164a6d0de54f1d6756d70ea5710fa53a31bbb090e76,12,NOV-006898,NOVO,01_Assets_Organizados/UI/mobs/nhalia_mourner.webp,2234
DUP-02255,0f228e45979073c4125e9164a6d0de54f1d6756d70ea5710fa53a31bbb090e76,12,NOV-006902,NOVO,01_Assets_Organizados/UI/mobs/mogger_lackey.webp,2234
DUP-02256,920c10c3854cd66493ee8036d4e26dbf771c15cda3a8b4fad7d665adfc1e2de3,2,NOV-006710,NOVO,01_Assets_Organizados/UI/mobs/deacon_voss.webp,2102
DUP-02256,920c10c3854cd66493ee8036d4e26dbf771c15cda3a8b4fad7d665adfc1e2de3,2,NOV-006737,NOVO,01_Assets_Organizados/UI/mobs/grand_necromancer_velkhar.webp,2102
DUP-02257,2123cc44196125373f8e32a7bdd5918fc10d3f5f1bf4b6841f2696f7a4e76660,3,NOV-006742,NOVO,01_Assets_Organizados/UI/mobs/wreck_thief.webp,1722
DUP-02257,2123cc44196125373f8e32a7bdd5918fc10d3f5f1bf4b6841f2696f7a4e76660,3,NOV-006804,NOVO,01_Assets_Organizados/UI/mobs/downs_bandit.webp,1722
DUP-02257,2123cc44196125373f8e32a7bdd5918fc10d3f5f1bf4b6841f2696f7a4e76660,3,NOV-006822,NOVO,01_Assets_Organizados/UI/mobs/hedge_gnome.webp,1722
DUP-02258,ec4ff01104850ade7c2345a1d314f3b7fb2a7d79b5fb7ef919d51d67816a5175,2,NOV-006785,NOVO,01_Assets_Organizados/UI/mobs/nythraxis_skeleton_warrior.webp,2284
DUP-02258,ec4ff01104850ade7c2345a1d314f3b7fb2a7d79b5fb7ef919d51d67816a5175,2,NOV-006881,NOVO,01_Assets_Organizados/UI/mobs/nythraxis_heroic_warrior_add.webp,2284
DUP-02259,0dfabd4b92e8ed7f4135267c3e8b97fc1551c5f39e87a055424f669c580f7436,2,NOV-008156,NOVO,"02_ConceptArt/ChatGPT Image 16 de ago. de 2026, 23_48_41 (1).png",2127887
DUP-02259,0dfabd4b92e8ed7f4135267c3e8b97fc1551c5f39e87a055424f669c580f7436,2,NOV-008159,NOVO,02_ConceptArt/8c6c7427-d356-402a-88c9-1fbc76404949.png,2127887
