template_asset_id,template_path,template_category,template_kind,candidate_new_asset_id,candidate_new_path,decision,priority,geometry_action,texture_action,rig_action,animation_action,scale_pivot_action,license_gate,runtime_evidence,notes
TEM-000001,public/woc-logo-hero.webp,Woc-Logo-Hero.Webp,IMAGE_TEXTURE,,,PENDING,,,,,,,FOUND_NEARBY,,
TEM-000002,public/icon-512.png,Icon-512.Png,IMAGE_TEXTURE,,,PENDING,,,,,,,FOUND_NEARBY,,
TEM-000003,public/favicon-32x32.png,Favicon-32X32.Png,IMAGE_TEXTURE,,,PENDING,,,,,,,FOUND_NEARBY,,
TEM-000004,public/home-bg.png,Home-Bg.Png,IMAGE_TEXTURE,,,PENDING,,,,,,,FOUND_NEARBY,,
TEM-000005,public/apple-touch-icon.png,Apple-Touch-Icon.Png,IMAGE_TEXTURE,,,PENDING,,,,,,,FOUND_NEARBY,,
TEM-000006,public/home-bg.mp4,Home-Bg.Mp4,VIDEO,,,PENDING,,,,,,,FOUND_NEARBY,,
TEM-000007,public/woc_logo_square.webp,Woc Logo Square.Webp,IMAGE_TEXTURE,,,PENDING,,,,,,,FOUND_NEARBY,,
TEM-000008,public/favicon.ico,Favicon.Ico,IMAGE_TEXTURE,,,PENDING,,,,,,,FOUND_NEARBY,,
TEM-000009,public/loading-screen.jpg,Loading-Screen.Jpg,IMAGE_TEXTURE,,,PENDING,,,,,,,FOUND_NEARBY,,
TEM-000010,public/icon-192.png,Icon-192.Png,IMAGE_TEXTURE,,,PENDING,,,,,,,FOUND_NEARBY,,
TEM-000011,public/woc-logo-guide.webp,Woc-Logo-Guide.Webp,IMAGE_TEXTURE,,,PENDING,,,,,,,FOUND_NEARBY,,
TEM-000012,public/worldofclaudecraft-logo.png,Worldofclaudecraft-Logo.Png,IMAGE_TEXTURE,,,PENDING,,,,,,,FOUND_NEARBY,,
TEM-000013,public/favicon-16x16.png,Favicon-16X16.Png,IMAGE_TEXTURE,,,PENDING,,,,,,,FOUND_NEARBY,,
TEM-000014,public/audio/dungeon-boss-fight.mp3,Audio,AUDIO,,,PENDING,,,,,,,FOUND_NEARBY,,
TEM-000015,public/audio/main-theme.mp3,Audio,AUDIO,,,PENDING,,,,,,,FOUND_NEARBY,,
TEM-000016,public/audio/sowfield-waiting.mp3,Audio,AUDIO,,,PENDING,,,,,,,FOUND_NEARBY,,
TEM-000017,public/audio/sowfield-match.mp3,Audio,AUDIO,,,PENDING,,,,,,,FOUND_NEARBY,,
TEM-000018,public/claudium/claudium_coin_hero_3q.webp,Claudium,IMAGE_TEXTURE,,,PENDING,,,,,,,FOUND_NEARBY,,
TEM-000019,public/textures/fenbridge_surface_atlas.webp,Textures,IMAGE_TEXTURE,,,PENDING,,,,,,,FOUND_NEARBY,,
TEM-000020,public/textures/eastbrook_surface_rough.webp,Textures,IMAGE_TEXTURE,,,PENDING,,,,,,,FOUND_NEARBY,,
TEM-000021,public/textures/eastbrook_surface_atlas.webp,Textures,IMAGE_TEXTURE,,,PENDING,,,,,,,FOUND_NEARBY,,
TEM-000022,public/textures/eastbrook_surface_normal.webp,Textures,IMAGE_TEXTURE,,,PENDING,,,,,,,FOUND_NEARBY,,
TEM-000023,public/textures/fenbridge_surface_roughness.webp,Textures,IMAGE_TEXTURE,,,PENDING,,,,,,,FOUND_NEARBY,,
TEM-000024,public/textures/fenbridge_surface_normal.webp,Textures,IMAGE_TEXTURE,,,PENDING,,,,,,,FOUND_NEARBY,,
TEM-000025,public/vfx/slash_02.png,Vfx,IMAGE_TEXTURE,,,PENDING,,,,,,,FOUND_NEARBY,,
TEM-000026,public/vfx/flare_01.png,Vfx,IMAGE_TEXTURE,,,PENDING,,,,,,,FOUND_NEARBY,,
TEM-000027,public/vfx/trace_05.png,Vfx,IMAGE_TEXTURE,,,PENDING,,,,,,,FOUND_NEARBY,,
TEM-000028,public/vfx/smoke_05.png,Vfx,IMAGE_TEXTURE,,,PENDING,,,,,,,FOUND_NEARBY,,
TEM-000029,public/vfx/light_01.png,Vfx,IMAGE_TEXTURE,,,PENDING,,,,,,,FOUND_NEARBY,,
TEM-000030,public/vfx/flame_03.png,Vfx,IMAGE_TEXTURE,,,PENDING,,,,,,,FOUND_NEARBY,,
TEM-000031,public/vfx/dirt_02.png,Vfx,IMAGE_TEXTURE,,,PENDING,,,,,,,FOUND_NEARBY,,
TEM-000032,public/vfx/spark_04.png,Vfx,IMAGE_TEXTURE,,,PENDING,,,,,,,FOUND_NEARBY,,
TEM-000033,public/vfx/circle_05.png,Vfx,IMAGE_TEXTURE,,,PENDING,,,,,,,FOUND_NEARBY,,
TEM-000034,public/vfx/fire_01.png,Vfx,IMAGE_TEXTURE,,,PENDING,,,,,,,FOUND_NEARBY,,
TEM-000035,public/vfx/magic_01.png,Vfx,IMAGE_TEXTURE,,,PENDING,,,,,,,FOUND_NEARBY,,
TEM-000036,public/vfx/light_02.png,Vfx,IMAGE_TEXTURE,,,PENDING,,,,,,,FOUND_NEARBY,,
TEM-000037,public/vfx/twirl_01.png,Vfx,IMAGE_TEXTURE,,,PENDING,,,,,,,FOUND_NEARBY,,
TEM-000038,public/vfx/spark_06.png,Vfx,IMAGE_TEXTURE,,,PENDING,,,,,,,FOUND_NEARBY,,
TEM-000039,public/vfx/magic_04.png,Vfx,IMAGE_TEXTURE,,,PENDING,,,,,,,FOUND_NEARBY,,
TEM-000040,public/vfx/star_07.png,Vfx,IMAGE_TEXTURE,,,PENDING,,,,,,,FOUND_NEARBY,,
TEM-000041,public/guide-stills/mob_veiled_stag.webp,Guide-Stills,IMAGE_TEXTURE,,,PENDING,,,,,,,FOUND_NEARBY,,
TEM-000042,public/guide-stills/form_cat__d08b45__s35.webp,Guide-Stills,IMAGE_TEXTURE,,,PENDING,,,,,,,FOUND_NEARBY,,
TEM-000043,public/guide-stills/mob_spider_egg_sac.webp,Guide-Stills,IMAGE_TEXTURE,,,PENDING,,,,,,,FOUND_NEARBY,,
TEM-000044,public/guide-stills/greyjaw.webp,Guide-Stills,IMAGE_TEXTURE,,,PENDING,,,,,,,FOUND_NEARBY,,
TEM-000045,public/guide-stills/mob_elemental__9fd0f0.webp,Guide-Stills,IMAGE_TEXTURE,,,PENDING,,,,,,,FOUND_NEARBY,,
TEM-000046,public/guide-stills/player_mage.webp,Guide-Stills,IMAGE_TEXTURE,,,PENDING,,,,,,,FOUND_NEARBY,,
TEM-000047,public/guide-stills/mob_kobold__5a4a78__s20.webp,Guide-Stills,IMAGE_TEXTURE,,,PENDING,,,,,,,FOUND_NEARBY,,
TEM-000048,public/guide-stills/player_priest__f0e9d6__s15.webp,Guide-Stills,IMAGE_TEXTURE,,,PENDING,,,,,,,FOUND_NEARBY,,
TEM-000049,public/guide-stills/mob_duskwisp.webp,Guide-Stills,IMAGE_TEXTURE,,,PENDING,,,,,,,FOUND_NEARBY,,
TEM-000050,public/guide-stills/mob_troll__229954__s12.webp,Guide-Stills,IMAGE_TEXTURE,,,PENDING,,,,,,,FOUND_NEARBY,,
TEM-000051,public/guide-stills/mob_troll__b07040__s12.webp,Guide-Stills,IMAGE_TEXTURE,,,PENDING,,,,,,,FOUND_NEARBY,,
TEM-000052,public/guide-stills/mob_stag__3f7e3c__s35.webp,Guide-Stills,IMAGE_TEXTURE,,,PENDING,,,,,,,FOUND_NEARBY,,
TEM-000053,public/guide-stills/mob_murloc__8fb6c4__s45.webp,Guide-Stills,IMAGE_TEXTURE,,,PENDING,,,,,,,FOUND_NEARBY,,
TEM-000054,public/guide-stills/form_travel.webp,Guide-Stills,IMAGE_TEXTURE,,,PENDING,,,,,,,FOUND_NEARBY,,
TEM-000055,public/guide-stills/mob_wolf__4d5656__s35.webp,Guide-Stills,IMAGE_TEXTURE,,,PENDING,,,,,,,FOUND_NEARBY,,
TEM-000056,public/guide-stills/mob_bandit__6b3a32__s30.webp,Guide-Stills,IMAGE_TEXTURE,,,PENDING,,,,,,,FOUND_NEARBY,,
TEM-000057,public/guide-stills/player_shaman__6f8fc9__s15.webp,Guide-Stills,IMAGE_TEXTURE,,,PENDING,,,,,,,FOUND_NEARBY,,
TEM-000058,public/guide-stills/mob_demon__3a3a6e__s50.webp,Guide-Stills,IMAGE_TEXTURE,,,PENDING,,,,,,,FOUND_NEARBY,,
TEM-000059,public/guide-stills/mob_dragon_egg__69a06a__s8.webp,Guide-Stills,IMAGE_TEXTURE,,,PENDING,,,,,,,FOUND_NEARBY,,
TEM-000060,public/guide-stills/mob_fox__d87838__s35.webp,Guide-Stills,IMAGE_TEXTURE,,,PENDING,,,,,,,FOUND_NEARBY,,
TEM-000061,public/guide-stills/skel_minion__e8dcc8__s25.webp,Guide-Stills,IMAGE_TEXTURE,,,PENDING,,,,,,,FOUND_NEARBY,,
TEM-000062,public/guide-stills/player_hunter.webp,Guide-Stills,IMAGE_TEXTURE,,,PENDING,,,,,,,FOUND_NEARBY,,
TEM-000063,public/guide-stills/mob_ghost__9ab4a0__s55.webp,Guide-Stills,IMAGE_TEXTURE,,,PENDING,,,,,,,FOUND_NEARBY,,
TEM-000064,public/guide-stills/mob_wolf__9db4c8__s35.webp,Guide-Stills,IMAGE_TEXTURE,,,PENDING,,,,,,,FOUND_NEARBY,,
TEM-000065,public/guide-stills/mob_crab__e86848__s35.webp,Guide-Stills,IMAGE_TEXTURE,,,PENDING,,,,,,,FOUND_NEARBY,,
TEM-000066,public/guide-stills/mob_wolf__7f8c8d__s35.webp,Guide-Stills,IMAGE_TEXTURE,,,PENDING,,,,,,,FOUND_NEARBY,,
TEM-000067,public/guide-stills/mob_glub__5e4a72__s45.webp,Guide-Stills,IMAGE_TEXTURE,,,PENDING,,,,,,,FOUND_NEARBY,,
TEM-000068,public/guide-stills/mob_alpaca__e6e9f4__s30.webp,Guide-Stills,IMAGE_TEXTURE,,,PENDING,,,,,,,FOUND_NEARBY,,
TEM-000069,public/guide-stills/mob_demon__c6469b__s50.webp,Guide-Stills,IMAGE_TEXTURE,,,PENDING,,,,,,,FOUND_NEARBY,,
TEM-000070,public/guide-stills/skel_minion__d5dbdb__s25.webp,Guide-Stills,IMAGE_TEXTURE,,,PENDING,,,,,,,FOUND_NEARBY,,
TEM-000071,public/guide-stills/mob_dark_caster__884ea0__s50.webp,Guide-Stills,IMAGE_TEXTURE,,,PENDING,,,,,,,FOUND_NEARBY,,
TEM-000072,public/guide-stills/skel_minion__7fb3d5__s25.webp,Guide-Stills,IMAGE_TEXTURE,,,PENDING,,,,,,,FOUND_NEARBY,,
TEM-000073,public/guide-stills/mob_dark_caster__533566__s50.webp,Guide-Stills,IMAGE_TEXTURE,,,PENDING,,,,,,,FOUND_NEARBY,,
TEM-000074,public/guide-stills/mob_demonalt__7a3fb0__s35.webp,Guide-Stills,IMAGE_TEXTURE,,,PENDING,,,,,,,FOUND_NEARBY,,
TEM-000075,public/guide-stills/mob_spider__4a235a__s35.webp,Guide-Stills,IMAGE_TEXTURE,,,PENDING,,,,,,,FOUND_NEARBY,,
TEM-000076,public/guide-stills/player_druid.webp,Guide-Stills,IMAGE_TEXTURE,,,PENDING,,,,,,,FOUND_NEARBY,,
TEM-000077,public/guide-stills/mob_murloc__45b39d__s45.webp,Guide-Stills,IMAGE_TEXTURE,,,PENDING,,,,,,,FOUND_NEARBY,,
TEM-000078,public/guide-stills/mob_dark_caster__6c3483__s50.webp,Guide-Stills,IMAGE_TEXTURE,,,PENDING,,,,,,,FOUND_NEARBY,,
TEM-000079,public/guide-stills/mob_raptor__4c4a72__s35.webp,Guide-Stills,IMAGE_TEXTURE,,,PENDING,,,,,,,FOUND_NEARBY,,
TEM-000080,public/guide-stills/mob_ghost__bfe4ff__s55.webp,Guide-Stills,IMAGE_TEXTURE,,,PENDING,,,,,,,FOUND_NEARBY,,
TEM-000081,public/guide-stills/form_bear.webp,Guide-Stills,IMAGE_TEXTURE,,,PENDING,,,,,,,FOUND_NEARBY,,
TEM-000082,public/guide-stills/mob_murloc__a8b048__s45.webp,Guide-Stills,IMAGE_TEXTURE,,,PENDING,,,,,,,FOUND_NEARBY,,
TEM-000083,public/guide-stills/mob_kobold__e8c878__s20.webp,Guide-Stills,IMAGE_TEXTURE,,,PENDING,,,,,,,FOUND_NEARBY,,
TEM-000084,public/guide-stills/mob_spider__4e8a3c__s35.webp,Guide-Stills,IMAGE_TEXTURE,,,PENDING,,,,,,,FOUND_NEARBY,,
TEM-000085,public/guide-stills/player_paladin.webp,Guide-Stills,IMAGE_TEXTURE,,,PENDING,,,,,,,FOUND_NEARBY,,
TEM-000086,public/guide-stills/mob_nightkin__8fa8e0__s30.webp,Guide-Stills,IMAGE_TEXTURE,,,PENDING,,,,,,,FOUND_NEARBY,,
TEM-000087,public/guide-stills/mob_alpaca__d8d0c0__s30.webp,Guide-Stills,IMAGE_TEXTURE,,,PENDING,,,,,,,FOUND_NEARBY,,
TEM-000088,public/guide-stills/mob_dragonkin__bcd2e6__s20.webp,Guide-Stills,IMAGE_TEXTURE,,,PENDING,,,,,,,FOUND_NEARBY,,
TEM-000089,public/guide-stills/mob_wolf__8c8270__s35.webp,Guide-Stills,IMAGE_TEXTURE,,,PENDING,,,,,,,FOUND_NEARBY,,
TEM-000090,public/guide-stills/mob_demon__ff7a2a__s50.webp,Guide-Stills,IMAGE_TEXTURE,,,PENDING,,,,,,,FOUND_NEARBY,,
TEM-000091,public/guide-stills/mob_murloc__7aa848__s45.webp,Guide-Stills,IMAGE_TEXTURE,,,PENDING,,,,,,,FOUND_NEARBY,,
TEM-000092,public/guide-stills/mob_treant__4e4a3a__s72.webp,Guide-Stills,IMAGE_TEXTURE,,,PENDING,,,,,,,FOUND_NEARBY,,
TEM-000093,public/guide-stills/mob_spider__283747__s35.webp,Guide-Stills,IMAGE_TEXTURE,,,PENDING,,,,,,,FOUND_NEARBY,,
TEM-000094,public/guide-stills/mob_demonalt__d24a2a__s35.webp,Guide-Stills,IMAGE_TEXTURE,,,PENDING,,,,,,,FOUND_NEARBY,,
TEM-000095,public/guide-stills/mob_kobold__c8e0b8__s20.webp,Guide-Stills,IMAGE_TEXTURE,,,PENDING,,,,,,,FOUND_NEARBY,,
TEM-000096,public/guide-stills/mob_ghost__d0f2c8__s55.webp,Guide-Stills,IMAGE_TEXTURE,,,PENDING,,,,,,,FOUND_NEARBY,,
TEM-000097,public/guide-stills/skel_minion__86988e__s25.webp,Guide-Stills,IMAGE_TEXTURE,,,PENDING,,,,,,,FOUND_NEARBY,,
TEM-000098,public/guide-stills/mob_kobold__9c7a3c__s20.webp,Guide-Stills,IMAGE_TEXTURE,,,PENDING,,,,,,,FOUND_NEARBY,,
TEM-000099,public/guide-stills/mob_murloc__52be80__s45.webp,Guide-Stills,IMAGE_TEXTURE,,,PENDING,,,,,,,FOUND_NEARBY,,
TEM-000100,public/guide-stills/mob_stag__d8a848__s35.webp,Guide-Stills,IMAGE_TEXTURE,,,PENDING,,,,,,,FOUND_NEARBY,,
TEM-000101,public/guide-stills/mob_grubjaw__145a32__s4.webp,Guide-Stills,IMAGE_TEXTURE,,,PENDING,,,,,,,FOUND_NEARBY,,
TEM-000102,public/guide-stills/skel_minion__6c8f8a__s25.webp,Guide-Stills,IMAGE_TEXTURE,,,PENDING,,,,,,,FOUND_NEARBY,,
TEM-000103,public/guide-stills/mob_elemental__5dade2.webp,Guide-Stills,IMAGE_TEXTURE,,,PENDING,,,,,,,FOUND_NEARBY,,
TEM-000104,public/guide-stills/mob_veiled_doe.webp,Guide-Stills,IMAGE_TEXTURE,,,PENDING,,,,,,,FOUND_NEARBY,,
TEM-000105,public/guide-stills/player_warrior.webp,Guide-Stills,IMAGE_TEXTURE,,,PENDING,,,,,,,FOUND_NEARBY,,
TEM-000106,public/guide-stills/mob_wolf__eef4f8__s35.webp,Guide-Stills,IMAGE_TEXTURE,,,PENDING,,,,,,,FOUND_NEARBY,,
TEM-000107,public/guide-stills/mob_kobold__cfe0ea__s20.webp,Guide-Stills,IMAGE_TEXTURE,,,PENDING,,,,,,,FOUND_NEARBY,,
TEM-000108,public/guide-stills/npc_knight.webp,Guide-Stills,IMAGE_TEXTURE,,,PENDING,,,,,,,FOUND_NEARBY,,
TEM-000109,public/guide-stills/mob_ogre__9e7b53__s20.webp,Guide-Stills,IMAGE_TEXTURE,,,PENDING,,,,,,,FOUND_NEARBY,,
TEM-000110,public/guide-stills/mob_demonalt__7a3a8e__s35.webp,Guide-Stills,IMAGE_TEXTURE,,,PENDING,,,,,,,FOUND_NEARBY,,
TEM-000111,public/guide-stills/mob_boar__935116.webp,Guide-Stills,IMAGE_TEXTURE,,,PENDING,,,,,,,FOUND_NEARBY,,
TEM-000112,public/guide-stills/skel_minion__9fb0c4__s25.webp,Guide-Stills,IMAGE_TEXTURE,,,PENDING,,,,,,,FOUND_NEARBY,,
TEM-000113,public/guide-stills/mob_wolf__4a8a4e__s35.webp,Guide-Stills,IMAGE_TEXTURE,,,PENDING,,,,,,,FOUND_NEARBY,,
TEM-000114,public/guide-stills/mob_demonalt__6e5a2a__s35.webp,Guide-Stills,IMAGE_TEXTURE,,,PENDING,,,,,,,FOUND_NEARBY,,
TEM-000115,public/guide-stills/mob_elemental__aed6f1.webp,Guide-Stills,IMAGE_TEXTURE,,,PENDING,,,,,,,FOUND_NEARBY,,
TEM-000116,public/guide-stills/mob_boar__6a4e38.webp,Guide-Stills,IMAGE_TEXTURE,,,PENDING,,,,,,,FOUND_NEARBY,,
TEM-000117,public/guide-stills/skel_warrior__cacfd2__s25.webp,Guide-Stills,IMAGE_TEXTURE,,,PENDING,,,,,,,FOUND_NEARBY,,
TEM-000118,public/guide-stills/mob_glimmerwisp.webp,Guide-Stills,IMAGE_TEXTURE,,,PENDING,,,,,,,FOUND_NEARBY,,
TEM-000119,public/guide-stills/player_rogue.webp,Guide-Stills,IMAGE_TEXTURE,,,PENDING,,,,,,,FOUND_NEARBY,,
TEM-000120,public/guide-stills/player_warlock__8d5fd3__s15.webp,Guide-Stills,IMAGE_TEXTURE,,,PENDING,,,,,,,FOUND_NEARBY,,
TEM-000121,public/guide-stills/skel_minion__d8c8a8__s25.webp,Guide-Stills,IMAGE_TEXTURE,,,PENDING,,,,,,,FOUND_NEARBY,,
TEM-000122,public/guide-stills/mob_dragonkin_broodguard__3e6b4f__s10.webp,Guide-Stills,IMAGE_TEXTURE,,,PENDING,,,,,,,FOUND_NEARBY,,
TEM-000123,public/guide-stills/mob_murloc__6b8e23__s45.webp,Guide-Stills,IMAGE_TEXTURE,,,PENDING,,,,,,,FOUND_NEARBY,,
TEM-000124,public/guide-stills/mob_kobold__5a8a46__s20.webp,Guide-Stills,IMAGE_TEXTURE,,,PENDING,,,,,,,FOUND_NEARBY,,
TEM-000125,public/guide-stills/mob_glub__d8b98a__s45.webp,Guide-Stills,IMAGE_TEXTURE,,,PENDING,,,,,,,FOUND_NEARBY,,
TEM-000126,public/guide-stills/mob_kobold__9c640c__s20.webp,Guide-Stills,IMAGE_TEXTURE,,,PENDING,,,,,,,FOUND_NEARBY,,
TEM-000127,public/guide-stills/mob_spider__3a3440__s35.webp,Guide-Stills,IMAGE_TEXTURE,,,PENDING,,,,,,,FOUND_NEARBY,,
TEM-000128,public/guide-stills/mob_mushroom_pixie__d8c4f0__s20.webp,Guide-Stills,IMAGE_TEXTURE,,,PENDING,,,,,,,FOUND_NEARBY,,
TEM-000129,public/guide-stills/mob_wolf__2f2a44__s35.webp,Guide-Stills,IMAGE_TEXTURE,,,PENDING,,,,,,,FOUND_NEARBY,,
TEM-000130,public/guide-stills/mob_demonalt__4a7d4a__s35.webp,Guide-Stills,IMAGE_TEXTURE,,,PENDING,,,,,,,FOUND_NEARBY,,
TEM-000131,public/fonts/alegreya-400-italic-latin.woff2,Fonts,FONT,,,PENDING,,,,,,,FOUND_NEARBY,,
TEM-000132,public/fonts/alegreya-sans-400-latin-ext.woff2,Fonts,FONT,,,PENDING,,,,,,,FOUND_NEARBY,,
TEM-000133,public/fonts/alegreya-sans-700-latin-ext.woff2,Fonts,FONT,,,PENDING,,,,,,,FOUND_NEARBY,,
TEM-000134,public/fonts/alegreya-400-latin.woff2,Fonts,FONT,,,PENDING,,,,,,,FOUND_NEARBY,,
TEM-000135,public/fonts/alegreya-sans-400-vietnamese.woff2,Fonts,FONT,,,PENDING,,,,,,,FOUND_NEARBY,,
TEM-000136,public/fonts/cinzel-400-700-latin.woff2,Fonts,FONT,,,PENDING,,,,,,,FOUND_NEARBY,,
TEM-000137,public/fonts/alegreya-sans-400-cyrillic.woff2,Fonts,FONT,,,PENDING,,,,,,,FOUND_NEARBY,,
TEM-000138,public/fonts/alegreya-sans-500-latin.woff2,Fonts,FONT,,,PENDING,,,,,,,FOUND_NEARBY,,
TEM-000139,public/fonts/alegreya-400-cyrillic.woff2,Fonts,FONT,,,PENDING,,,,,,,FOUND_NEARBY,,
TEM-000140,public/fonts/alegreya-sans-400-latin.woff2,Fonts,FONT,,,PENDING,,,,,,,FOUND_NEARBY,,
TEM-000141,public/fonts/alegreya-400-italic-cyrillic.woff2,Fonts,FONT,,,PENDING,,,,,,,FOUND_NEARBY,,
TEM-000142,public/fonts/alegreya-sans-700-vietnamese.woff2,Fonts,FONT,,,PENDING,,,,,,,FOUND_NEARBY,,
TEM-000143,public/fonts/alegreya-400-italic-latin-ext.woff2,Fonts,FONT,,,PENDING,,,,,,,FOUND_NEARBY,,
TEM-000144,public/fonts/alegreya-400-italic-vietnamese.woff2,Fonts,FONT,,,PENDING,,,,,,,FOUND_NEARBY,,
TEM-000145,public/fonts/alegreya-sans-700-cyrillic.woff2,Fonts,FONT,,,PENDING,,,,,,,FOUND_NEARBY,,
TEM-000146,public/fonts/alegreya-sans-500-latin-ext.woff2,Fonts,FONT,,,PENDING,,,,,,,FOUND_NEARBY,,
TEM-000147,public/fonts/alegreya-400-latin-ext.woff2,Fonts,FONT,,,PENDING,,,,,,,FOUND_NEARBY,,
TEM-000148,public/fonts/alegreya-400-vietnamese.woff2,Fonts,FONT,,,PENDING,,,,,,,FOUND_NEARBY,,
TEM-000149,public/fonts/alegreya-sans-500-vietnamese.woff2,Fonts,FONT,,,PENDING,,,,,,,FOUND_NEARBY,,
TEM-000150,public/fonts/alegreya-sans-500-cyrillic.woff2,Fonts,FONT,,,PENDING,,,,,,,FOUND_NEARBY,,
TEM-000151,public/fonts/alegreya-sans-700-latin.woff2,Fonts,FONT,,,PENDING,,,,,,,FOUND_NEARBY,,
TEM-000152,public/fonts/cinzel-400-700-latin-ext.woff2,Fonts,FONT,,,PENDING,,,,,,,FOUND_NEARBY,,
TEM-000153,public/map_art/frostveil.png,Map Art,IMAGE_TEXTURE,,,PENDING,,,,,,,FOUND_NEARBY,,
TEM-000154,public/map_art/eastbrook_vale.png,Map Art,IMAGE_TEXTURE,,,PENDING,,,,,,,FOUND_NEARBY,,
TEM-000155,public/map_art/mirefen_marsh.png,Map Art,IMAGE_TEXTURE,,,PENDING,,,,,,,FOUND_NEARBY,,
TEM-000156,public/map_art/amberfall.png,Map Art,IMAGE_TEXTURE,,,PENDING,,,,,,,FOUND_NEARBY,,
TEM-000157,public/map_art/drakelands.png,Map Art,IMAGE_TEXTURE,,,PENDING,,,,,,,FOUND_NEARBY,,
TEM-000158,public/map_art/veiled_hollow.png,Map Art,IMAGE_TEXTURE,,,PENDING,,,,,,,FOUND_NEARBY,,
TEM-000159,public/map_art/world_overview.webp,Map Art,IMAGE_TEXTURE,,,PENDING,,,,,,,FOUND_NEARBY,,
TEM-000160,public/map_art/thornpeak_heights.png,Map Art,IMAGE_TEXTURE,,,PENDING,,,,,,,FOUND_NEARBY,,
TEM-000161,public/map_bg/wraithwood.webp,Map Bg,IMAGE_TEXTURE,,,PENDING,,,,,,,FOUND_NEARBY,,
TEM-000162,public/map_bg/evergarden.webp,Map Bg,IMAGE_TEXTURE,,,PENDING,,,,,,,FOUND_NEARBY,,
TEM-000163,public/map_bg/veiled_hollow.webp,Map Bg,IMAGE_TEXTURE,,,PENDING,,,,,,,FOUND_NEARBY,,
TEM-000164,public/map_bg/willowfen.webp,Map Bg,IMAGE_TEXTURE,,,PENDING,,,,,,,FOUND_NEARBY,,
TEM-000165,public/map_bg/world_strip.webp,Map Bg,IMAGE_TEXTURE,,,PENDING,,,,,,,FOUND_NEARBY,,
TEM-000166,public/map_bg/drakelands.webp,Map Bg,IMAGE_TEXTURE,,,PENDING,,,,,,,FOUND_NEARBY,,
TEM-000167,public/map_bg/amberfall.webp,Map Bg,IMAGE_TEXTURE,,,PENDING,,,,,,,FOUND_NEARBY,,
TEM-000168,public/map_bg/mirefen_marsh.webp,Map Bg,IMAGE_TEXTURE,,,PENDING,,,,,,,FOUND_NEARBY,,
TEM-000169,public/map_bg/farshore_isle.webp,Map Bg,IMAGE_TEXTURE,,,PENDING,,,,,,,FOUND_NEARBY,,
TEM-000170,public/map_bg/nightbloom.webp,Map Bg,IMAGE_TEXTURE,,,PENDING,,,,,,,FOUND_NEARBY,,
TEM-000171,public/map_bg/eastbrook_vale.webp,Map Bg,IMAGE_TEXTURE,,,PENDING,,,,,,,FOUND_NEARBY,,
TEM-000172,public/map_bg/galecrest.webp,Map Bg,IMAGE_TEXTURE,,,PENDING,,,,,,,FOUND_NEARBY,,
TEM-000173,public/map_bg/palmreach.webp,Map Bg,IMAGE_TEXTURE,,,PENDING,,,,,,,FOUND_NEARBY,,
TEM-000174,public/map_bg/thornpeak_heights.webp,Map Bg,IMAGE_TEXTURE,,,PENDING,,,,,,,FOUND_NEARBY,,
TEM-000175,public/map_bg/frostveil.webp,Map Bg,IMAGE_TEXTURE,,,PENDING,,,,,,,FOUND_NEARBY,,
TEM-000176,public/env/nightbloom_dream_2k.hdr,Env,IMAGE_TEXTURE,,,PENDING,,,,,,,FOUND_NEARBY,,
TEM-000177,public/env/wraithwood_gloom_1k.hdr,Env,IMAGE_TEXTURE,,,PENDING,,,,,,,FOUND_NEARBY,,
TEM-000178,public/env/marsh_backdrop_4k.webp,Env,IMAGE_TEXTURE,,,PENDING,,,,,,,FOUND_NEARBY,,
TEM-000179,public/env/amber_sunset_2k.hdr,Env,IMAGE_TEXTURE,,,PENDING,,,,,,,FOUND_NEARBY,,
TEM-000180,public/env/marsh_backdrop.webp,Env,IMAGE_TEXTURE,,,PENDING,,,,,,,FOUND_NEARBY,,
TEM-000181,public/env/amber_sunset_1k.hdr,Env,IMAGE_TEXTURE,,,PENDING,,,,,,,FOUND_NEARBY,,
TEM-000182,public/env/vale_day_1k.hdr,Env,IMAGE_TEXTURE,,,PENDING,,,,,,,FOUND_NEARBY,,
TEM-000183,public/env/galecrest_day_1k.hdr,Env,IMAGE_TEXTURE,,,PENDING,,,,,,,FOUND_NEARBY,,
TEM-000184,public/env/fen_day_2k.hdr,Env,IMAGE_TEXTURE,,,PENDING,,,,,,,FOUND_NEARBY,,
TEM-000185,public/env/peaks_dawn_2k.hdr,Env,IMAGE_TEXTURE,,,PENDING,,,,,,,FOUND_NEARBY,,
TEM-000186,public/env/evergarden_day_1k.hdr,Env,IMAGE_TEXTURE,,,PENDING,,,,,,,FOUND_NEARBY,,
TEM-000187,public/env/peaks_backdrop.webp,Env,IMAGE_TEXTURE,,,PENDING,,,,,,,FOUND_NEARBY,,
TEM-000188,public/env/frost_twilight_1k.hdr,Env,IMAGE_TEXTURE,,,PENDING,,,,,,,FOUND_NEARBY,,
TEM-000189,public/env/fen_day_1k.hdr,Env,IMAGE_TEXTURE,,,PENDING,,,,,,,FOUND_NEARBY,,
TEM-000190,public/env/nightbloom_dream_1k.hdr,Env,IMAGE_TEXTURE,,,PENDING,,,,,,,FOUND_NEARBY,,
TEM-000191,public/env/peaks_backdrop_4k.webp,Env,IMAGE_TEXTURE,,,PENDING,,,,,,,FOUND_NEARBY,,
TEM-000192,public/env/evergarden_day_2k.hdr,Env,IMAGE_TEXTURE,,,PENDING,,,,,,,FOUND_NEARBY,,
TEM-000193,public/env/galecrest_day_2k.hdr,Env,IMAGE_TEXTURE,,,PENDING,,,,,,,FOUND_NEARBY,,
TEM-000194,public/env/peaks_dawn_1k.hdr,Env,IMAGE_TEXTURE,,,PENDING,,,,,,,FOUND_NEARBY,,
TEM-000195,public/env/hollow_dusk_2k.hdr,Env,IMAGE_TEXTURE,,,PENDING,,,,,,,FOUND_NEARBY,,
TEM-000196,public/env/space_galaxy.jpg,Env,IMAGE_TEXTURE,,,PENDING,,,,,,,FOUND_NEARBY,,
TEM-000197,public/env/night_2k.hdr,Env,IMAGE_TEXTURE,,,PENDING,,,,,,,FOUND_NEARBY,,
TEM-000198,public/env/vale_cup_2k.hdr,Env,IMAGE_TEXTURE,,,PENDING,,,,,,,FOUND_NEARBY,,
TEM-000199,public/env/ember_storm_1k.hdr,Env,IMAGE_TEXTURE,,,PENDING,,,,,,,FOUND_NEARBY,,
TEM-000200,public/env/marsh_overcast_1k.hdr,Env,IMAGE_TEXTURE,,,PENDING,,,,,,,FOUND_NEARBY,,
TEM-000201,public/env/palmreach_day_2k.hdr,Env,IMAGE_TEXTURE,,,PENDING,,,,,,,FOUND_NEARBY,,
TEM-000202,public/env/vale_backdrop.webp,Env,IMAGE_TEXTURE,,,PENDING,,,,,,,FOUND_NEARBY,,
TEM-000203,public/env/palmreach_day_1k.hdr,Env,IMAGE_TEXTURE,,,PENDING,,,,,,,FOUND_NEARBY,,
TEM-000204,public/env/farshore_day_1k.hdr,Env,IMAGE_TEXTURE,,,PENDING,,,,,,,FOUND_NEARBY,,
TEM-000205,public/env/hollow_dusk_1k.hdr,Env,IMAGE_TEXTURE,,,PENDING,,,,,,,FOUND_NEARBY,,
TEM-000206,public/env/farshore_day_2k.hdr,Env,IMAGE_TEXTURE,,,PENDING,,,,,,,FOUND_NEARBY,,
TEM-000207,public/env/vale_cup_1k.hdr,Env,IMAGE_TEXTURE,,,PENDING,,,,,,,FOUND_NEARBY,,
TEM-000208,public/env/vale_day_2k.hdr,Env,IMAGE_TEXTURE,,,PENDING,,,,,,,FOUND_NEARBY,,
TEM-000209,public/env/marsh_overcast_2k.hdr,Env,IMAGE_TEXTURE,,,PENDING,,,,,,,FOUND_NEARBY,,
TEM-000210,public/env/ember_storm_2k.hdr,Env,IMAGE_TEXTURE,,,PENDING,,,,,,,FOUND_NEARBY,,
TEM-000211,public/env/frost_twilight_2k.hdr,Env,IMAGE_TEXTURE,,,PENDING,,,,,,,FOUND_NEARBY,,
TEM-000212,public/env/wraithwood_gloom_2k.hdr,Env,IMAGE_TEXTURE,,,PENDING,,,,,,,FOUND_NEARBY,,
TEM-000213,public/env/night_1k.hdr,Env,IMAGE_TEXTURE,,,PENDING,,,,,,,FOUND_NEARBY,,
TEM-000214,public/env/vale_backdrop_4k.webp,Env,IMAGE_TEXTURE,,,PENDING,,,,,,,FOUND_NEARBY,,
TEM-000215,public/audio/music/amber.mp3,Audio,AUDIO,,,PENDING,,,,,,,FOUND_NEARBY,,
TEM-000216,public/audio/music/dungeon_sunken_bastion.mp3,Audio,AUDIO,,,PENDING,,,,,,,FOUND_NEARBY,,
TEM-000217,public/audio/music/night.mp3,Audio,AUDIO,,,PENDING,,,,,,,FOUND_NEARBY,,
TEM-000218,public/audio/music/dungeon_gravewyrm_sanctum.mp3,Audio,AUDIO,,,PENDING,,,,,,,FOUND_NEARBY,,
TEM-000219,public/audio/music/combat_1.mp3,Audio,AUDIO,,,PENDING,,,,,,,FOUND_NEARBY,,
TEM-000220,public/audio/music/garden.mp3,Audio,AUDIO,,,PENDING,,,,,,,FOUND_NEARBY,,
TEM-000221,public/audio/music/marsh.mp3,Audio,AUDIO,,,PENDING,,,,,,,FOUND_NEARBY,,
TEM-000222,public/audio/music/combat_2.mp3,Audio,AUDIO,,,PENDING,,,,,,,FOUND_NEARBY,,
TEM-000223,public/audio/music/town_eastbrook.mp3,Audio,AUDIO,,,PENDING,,,,,,,FOUND_NEARBY,,
TEM-000224,public/audio/music/fen.mp3,Audio,AUDIO,,,PENDING,,,,,,,FOUND_NEARBY,,
TEM-000225,public/audio/music/jungle.mp3,Audio,AUDIO,,,PENDING,,,,,,,FOUND_NEARBY,,
TEM-000226,public/audio/music/gale.mp3,Audio,AUDIO,,,PENDING,,,,,,,FOUND_NEARBY,,
TEM-000227,public/audio/music/frost.mp3,Audio,AUDIO,,,PENDING,,,,,,,FOUND_NEARBY,,
TEM-000228,public/audio/music/town_highwatch.mp3,Audio,AUDIO,,,PENDING,,,,,,,FOUND_NEARBY,,
TEM-000229,public/audio/music/dungeon_hollow_crypt.mp3,Audio,AUDIO,,,PENDING,,,,,,,FOUND_NEARBY,,
TEM-000230,public/audio/music/peaks.mp3,Audio,AUDIO,,,PENDING,,,,,,,FOUND_NEARBY,,
TEM-000231,public/audio/music/farshore.mp3,Audio,AUDIO,,,PENDING,,,,,,,FOUND_NEARBY,,
TEM-000232,public/audio/music/vale.mp3,Audio,AUDIO,,,PENDING,,,,,,,FOUND_NEARBY,,
TEM-000233,public/audio/music/town_fenbridge.mp3,Audio,AUDIO,,,PENDING,,,,,,,FOUND_NEARBY,,
TEM-000234,public/audio/sfx/mob_dragonkin_aggro_1.mp3,Audio,AUDIO,,,PENDING,,,,,,,FOUND_NEARBY,,
TEM-000235,public/audio/sfx/melee_swing_blade_6.mp3,Audio,AUDIO,,,PENDING,,,,,,,FOUND_NEARBY,,
TEM-000236,public/audio/sfx/mob_dragonkin_attack_2.mp3,Audio,AUDIO,,,PENDING,,,,,,,FOUND_NEARBY,,
TEM-000237,public/audio/sfx/mob_demon_attack_3.mp3,Audio,AUDIO,,,PENDING,,,,,,,FOUND_NEARBY,,
TEM-000238,public/audio/sfx/foot_wood_2.mp3,Audio,AUDIO,,,PENDING,,,,,,,FOUND_NEARBY,,
TEM-000239,public/audio/sfx/impact_leather_4.mp3,Audio,AUDIO,,,PENDING,,,,,,,FOUND_NEARBY,,
TEM-000240,public/audio/sfx/impact_shadow.mp3,Audio,AUDIO,,,PENDING,,,,,,,FOUND_NEARBY,,
TEM-000241,public/audio/sfx/player_hurt_5.mp3,Audio,AUDIO,,,PENDING,,,,,,,FOUND_NEARBY,,
TEM-000242,public/audio/sfx/mob_spider_attack_3.mp3,Audio,AUDIO,,,PENDING,,,,,,,FOUND_NEARBY,,
TEM-000243,public/audio/sfx/ui_weapon_unsheathe.mp3,Audio,AUDIO,,,PENDING,,,,,,,FOUND_NEARBY,,
TEM-000244,public/audio/sfx/move_land_1.mp3,Audio,AUDIO,,,PENDING,,,,,,,FOUND_NEARBY,,
TEM-000245,public/audio/sfx/ui_fish_bite_1.mp3,Audio,AUDIO,,,PENDING,,,,,,,FOUND_NEARBY,,
TEM-000246,public/audio/sfx/impact_holy.mp3,Audio,AUDIO,,,PENDING,,,,,,,FOUND_NEARBY,,
TEM-000247,public/audio/sfx/player_drink_water.mp3,Audio,AUDIO,,,PENDING,,,,,,,FOUND_NEARBY,,
TEM-000248,public/audio/sfx/mob_mudfin_death_2.mp3,Audio,AUDIO,,,PENDING,,,,,,,FOUND_NEARBY,,
TEM-000249,public/audio/sfx/mob_dragonkin_aggro_2.mp3,Audio,AUDIO,,,PENDING,,,,,,,FOUND_NEARBY,,
TEM-000250,public/audio/sfx/debuff_apply.mp3,Audio,AUDIO,,,PENDING,,,,,,,FOUND_NEARBY,,
TEM-000251,public/audio/sfx/mob_mudfin_attack_1.mp3,Audio,AUDIO,,,PENDING,,,,,,,FOUND_NEARBY,,
TEM-000252,public/audio/sfx/mob_spider_aggro_1.mp3,Audio,AUDIO,,,PENDING,,,,,,,FOUND_NEARBY,,
TEM-000253,public/audio/sfx/mob_ogre_idle.mp3,Audio,AUDIO,,,PENDING,,,,,,,FOUND_NEARBY,,
TEM-000254,public/audio/sfx/melee_swing_blade_7.mp3,Audio,AUDIO,,,PENDING,,,,,,,FOUND_NEARBY,,
TEM-000255,public/audio/sfx/foot_snow_4.mp3,Audio,AUDIO,,,PENDING,,,,,,,FOUND_NEARBY,,
TEM-000256,public/audio/sfx/mob_undead_idle_1.mp3,Audio,AUDIO,,,PENDING,,,,,,,FOUND_NEARBY,,
TEM-000257,public/audio/sfx/mob_demon_attack_1.mp3,Audio,AUDIO,,,PENDING,,,,,,,FOUND_NEARBY,,
TEM-000258,public/audio/sfx/combat_dodge_3.mp3,Audio,AUDIO,,,PENDING,,,,,,,FOUND_NEARBY,,
TEM-000259,public/audio/sfx/ui_loot_item_5.mp3,Audio,AUDIO,,,PENDING,,,,,,,FOUND_NEARBY,,
TEM-000260,public/audio/sfx/ui_arena_loss.mp3,Audio,AUDIO,,,PENDING,,,,,,,FOUND_NEARBY,,
TEM-000261,public/audio/sfx/mob_boar_hurt.mp3,Audio,AUDIO,,,PENDING,,,,,,,FOUND_NEARBY,,
TEM-000262,public/audio/sfx/ui_craft_armorcrafting.mp3,Audio,AUDIO,,,PENDING,,,,,,,FOUND_NEARBY,,
TEM-000263,public/audio/sfx/foot_stone_2.mp3,Audio,AUDIO,,,PENDING,,,,,,,FOUND_NEARBY,,
TEM-000264,public/audio/sfx/mob_burrower_aggro_1.mp3,Audio,AUDIO,,,PENDING,,,,,,,FOUND_NEARBY,,
TEM-000265,public/audio/sfx/mount_run_thunderstrut_gobbler.mp3,Audio,AUDIO,,,PENDING,,,,,,,FOUND_NEARBY,,
TEM-000266,public/audio/sfx/ui_fish_reel_3.mp3,Audio,AUDIO,,,PENDING,,,,,,,FOUND_NEARBY,,
TEM-000267,public/audio/sfx/proj_holy.mp3,Audio,AUDIO,,,PENDING,,,,,,,FOUND_NEARBY,,
TEM-000268,public/audio/sfx/move_land_4.mp3,Audio,AUDIO,,,PENDING,,,,,,,FOUND_NEARBY,,
TEM-000269,public/audio/sfx/ui_craft_enchanting.mp3,Audio,AUDIO,,,PENDING,,,,,,,FOUND_NEARBY,,
TEM-000270,public/audio/sfx/cloak_of_shadows.mp3,Audio,AUDIO,,,PENDING,,,,,,,FOUND_NEARBY,,
TEM-000271,public/audio/sfx/ui_duel_countdown.mp3,Audio,AUDIO,,,PENDING,,,,,,,FOUND_NEARBY,,
TEM-000272,public/audio/sfx/player_death_2.mp3,Audio,AUDIO,,,PENDING,,,,,,,FOUND_NEARBY,,
TEM-000273,public/audio/sfx/cast_lightning_bolt.mp3,Audio,AUDIO,,,PENDING,,,,,,,FOUND_NEARBY,,
TEM-000274,public/audio/sfx/ui_error.mp3,Audio,AUDIO,,,PENDING,,,,,,,FOUND_NEARBY,,
TEM-000275,public/audio/sfx/mob_humanoid_death_1.mp3,Audio,AUDIO,,,PENDING,,,,,,,FOUND_NEARBY,,
TEM-000276,public/audio/sfx/impact_leather_2.mp3,Audio,AUDIO,,,PENDING,,,,,,,FOUND_NEARBY,,
TEM-000277,public/audio/sfx/backstab.mp3,Audio,AUDIO,,,PENDING,,,,,,,FOUND_NEARBY,,
TEM-000278,public/audio/sfx/lockpick_retry.mp3,Audio,AUDIO,,,PENDING,,,,,,,FOUND_NEARBY,,
TEM-000279,public/audio/sfx/ice_block.mp3,Audio,AUDIO,,,PENDING,,,,,,,FOUND_NEARBY,,
TEM-000280,public/audio/sfx/mob_humanoid_idle_2.mp3,Audio,AUDIO,,,PENDING,,,,,,,FOUND_NEARBY,,
TEM-000281,public/audio/sfx/amb_rain.mp3,Audio,AUDIO,,,PENDING,,,,,,,FOUND_NEARBY,,
TEM-000282,public/audio/sfx/mob_dragonkin_hurt_1.mp3,Audio,AUDIO,,,PENDING,,,,,,,FOUND_NEARBY,,
TEM-000283,public/audio/sfx/mob_burrower_aggro_2.mp3,Audio,AUDIO,,,PENDING,,,,,,,FOUND_NEARBY,,
TEM-000284,public/audio/sfx/mob_demon_hurt.mp3,Audio,AUDIO,,,PENDING,,,,,,,FOUND_NEARBY,,
TEM-000285,public/audio/sfx/spell_nova.mp3,Audio,AUDIO,,,PENDING,,,,,,,FOUND_NEARBY,,
TEM-000286,public/audio/sfx/combat_dodge_2.mp3,Audio,AUDIO,,,PENDING,,,,,,,FOUND_NEARBY,,
TEM-000287,public/audio/sfx/player_hurt_1.mp3,Audio,AUDIO,,,PENDING,,,,,,,FOUND_NEARBY,,
TEM-000288,public/audio/sfx/ui_gather_cast_wood_2.mp3,Audio,AUDIO,,,PENDING,,,,,,,FOUND_NEARBY,,
TEM-000289,public/audio/sfx/move_swim_4.mp3,Audio,AUDIO,,,PENDING,,,,,,,FOUND_NEARBY,,
TEM-000290,public/audio/sfx/impact_nature.mp3,Audio,AUDIO,,,PENDING,,,,,,,FOUND_NEARBY,,
TEM-000291,public/audio/sfx/combat_block_3.mp3,Audio,AUDIO,,,PENDING,,,,,,,FOUND_NEARBY,,
TEM-000292,public/audio/sfx/mob_beast_hurt.mp3,Audio,AUDIO,,,PENDING,,,,,,,FOUND_NEARBY,,
TEM-000293,public/audio/sfx/mob_spider_hurt_2.mp3,Audio,AUDIO,,,PENDING,,,,,,,FOUND_NEARBY,,
TEM-000294,public/audio/sfx/scorch.mp3,Audio,AUDIO,,,PENDING,,,,,,,FOUND_NEARBY,,
TEM-000295,public/audio/sfx/mob_boar_attack_1.mp3,Audio,AUDIO,,,PENDING,,,,,,,FOUND_NEARBY,,
TEM-000296,public/audio/sfx/ui_gather_cast_wood_1.mp3,Audio,AUDIO,,,PENDING,,,,,,,FOUND_NEARBY,,
TEM-000297,public/audio/sfx/mob_boar_attack_3.mp3,Audio,AUDIO,,,PENDING,,,,,,,FOUND_NEARBY,,
TEM-000298,public/audio/sfx/player_hurt_female_4.mp3,Audio,AUDIO,,,PENDING,,,,,,,FOUND_NEARBY,,
TEM-000299,public/audio/sfx/impact_flesh_2.mp3,Audio,AUDIO,,,PENDING,,,,,,,FOUND_NEARBY,,
TEM-000300,public/audio/sfx/temporal_clock.mp3,Audio,AUDIO,,,PENDING,,,,,,,FOUND_NEARBY,,
TEM-000301,public/audio/sfx/player_hurt_female_3.mp3,Audio,AUDIO,,,PENDING,,,,,,,FOUND_NEARBY,,
TEM-000302,public/audio/sfx/cast_holy.mp3,Audio,AUDIO,,,PENDING,,,,,,,FOUND_NEARBY,,
TEM-000303,public/audio/sfx/ui_quest_done.mp3,Audio,AUDIO,,,PENDING,,,,,,,FOUND_NEARBY,,
TEM-000304,public/audio/sfx/mob_dragonkin_attack_4.mp3,Audio,AUDIO,,,PENDING,,,,,,,FOUND_NEARBY,,
TEM-000305,public/audio/sfx/melee_unarmed_2.mp3,Audio,AUDIO,,,PENDING,,,,,,,FOUND_NEARBY,,
TEM-000306,public/audio/sfx/cast_frost.mp3,Audio,AUDIO,,,PENDING,,,,,,,FOUND_NEARBY,,
TEM-000307,public/audio/sfx/player_hurt_2.mp3,Audio,AUDIO,,,PENDING,,,,,,,FOUND_NEARBY,,
TEM-000308,public/audio/sfx/mob_mudfin_aggro_2.mp3,Audio,AUDIO,,,PENDING,,,,,,,FOUND_NEARBY,,
TEM-000309,public/audio/sfx/ui_card_reveal_3.mp3,Audio,AUDIO,,,PENDING,,,,,,,FOUND_NEARBY,,
TEM-000310,public/audio/sfx/mob_elemental_attack_2.mp3,Audio,AUDIO,,,PENDING,,,,,,,FOUND_NEARBY,,
TEM-000311,public/audio/sfx/player_death_3.mp3,Audio,AUDIO,,,PENDING,,,,,,,FOUND_NEARBY,,
TEM-000312,public/audio/sfx/move_land_3.mp3,Audio,AUDIO,,,PENDING,,,,,,,FOUND_NEARBY,,
TEM-000313,public/audio/sfx/mob_spider_death_1.mp3,Audio,AUDIO,,,PENDING,,,,,,,FOUND_NEARBY,,
TEM-000314,public/audio/sfx/mob_demon_death_2.mp3,Audio,AUDIO,,,PENDING,,,,,,,FOUND_NEARBY,,
TEM-000315,public/audio/sfx/impact_arcane.mp3,Audio,AUDIO,,,PENDING,,,,,,,FOUND_NEARBY,,
TEM-000316,public/audio/sfx/ui_bag_open.mp3,Audio,AUDIO,,,PENDING,,,,,,,FOUND_NEARBY,,
TEM-000317,public/audio/sfx/ui_gather_ore_3.mp3,Audio,AUDIO,,,PENDING,,,,,,,FOUND_NEARBY,,
TEM-000318,public/audio/sfx/player_death_female_3.mp3,Audio,AUDIO,,,PENDING,,,,,,,FOUND_NEARBY,,
TEM-000319,public/audio/sfx/ui_gather_cast.mp3,Audio,AUDIO,,,PENDING,,,,,,,FOUND_NEARBY,,
TEM-000320,public/audio/sfx/foot_wood_3.mp3,Audio,AUDIO,,,PENDING,,,,,,,FOUND_NEARBY,,
TEM-000321,public/audio/sfx/foot_stone_4.mp3,Audio,AUDIO,,,PENDING,,,,,,,FOUND_NEARBY,,
TEM-000322,public/audio/sfx/ui_fish_bite_2.mp3,Audio,AUDIO,,,PENDING,,,,,,,FOUND_NEARBY,,
TEM-000323,public/audio/sfx/impact_fire.mp3,Audio,AUDIO,,,PENDING,,,,,,,FOUND_NEARBY,,
TEM-000324,public/audio/sfx/player_drink_potion.mp3,Audio,AUDIO,,,PENDING,,,,,,,FOUND_NEARBY,,
TEM-000325,public/audio/sfx/mount_run_drakemaw_raptor.mp3,Audio,AUDIO,,,PENDING,,,,,,,FOUND_NEARBY,,
TEM-000326,public/audio/sfx/ui_loot_item_3.mp3,Audio,AUDIO,,,PENDING,,,,,,,FOUND_NEARBY,,
TEM-000327,public/audio/sfx/ui_fiesta_word_1.mp3,Audio,AUDIO,,,PENDING,,,,,,,FOUND_NEARBY,,
TEM-000328,public/audio/sfx/cast_fire.mp3,Audio,AUDIO,,,PENDING,,,,,,,FOUND_NEARBY,,
TEM-000329,public/audio/sfx/foot_water_1.mp3,Audio,AUDIO,,,PENDING,,,,,,,FOUND_NEARBY,,
TEM-000330,public/audio/sfx/ui_gather_ore_5.mp3,Audio,AUDIO,,,PENDING,,,,,,,FOUND_NEARBY,,
TEM-000331,public/audio/sfx/combat_crit_2.mp3,Audio,AUDIO,,,PENDING,,,,,,,FOUND_NEARBY,,
TEM-000332,public/audio/sfx/impact_frost.mp3,Audio,AUDIO,,,PENDING,,,,,,,FOUND_NEARBY,,
TEM-000333,public/audio/sfx/mob_boar_aggro_3.mp3,Audio,AUDIO,,,PENDING,,,,,,,FOUND_NEARBY,,
TEM-000334,public/audio/sfx/mob_troll_idle_2.mp3,Audio,AUDIO,,,PENDING,,,,,,,FOUND_NEARBY,,
TEM-000335,public/audio/sfx/mob_mudfin_aggro_4.mp3,Audio,AUDIO,,,PENDING,,,,,,,FOUND_NEARBY,,
TEM-000336,public/audio/sfx/lockpick_advanced_2.mp3,Audio,AUDIO,,,PENDING,,,,,,,FOUND_NEARBY,,
TEM-000337,public/audio/sfx/mob_reptile_death_1.mp3,Audio,AUDIO,,,PENDING,,,,,,,FOUND_NEARBY,,
TEM-000338,public/audio/sfx/move_jump_2.mp3,Audio,AUDIO,,,PENDING,,,,,,,FOUND_NEARBY,,
TEM-000339,public/audio/sfx/mob_reptile_attack_1.mp3,Audio,AUDIO,,,PENDING,,,,,,,FOUND_NEARBY,,
TEM-000340,public/audio/sfx/heal_impact.mp3,Audio,AUDIO,,,PENDING,,,,,,,FOUND_NEARBY,,
TEM-000341,public/audio/sfx/lockpick_advanced_1.mp3,Audio,AUDIO,,,PENDING,,,,,,,FOUND_NEARBY,,
TEM-000342,public/audio/sfx/mob_elemental_idle_2.mp3,Audio,AUDIO,,,PENDING,,,,,,,FOUND_NEARBY,,
TEM-000343,public/audio/sfx/ui_gather_wood_4.mp3,Audio,AUDIO,,,PENDING,,,,,,,FOUND_NEARBY,,
TEM-000344,public/audio/sfx/wand_arcane_1.mp3,Audio,AUDIO,,,PENDING,,,,,,,FOUND_NEARBY,,
TEM-000345,public/audio/sfx/cheap_shot.mp3,Audio,AUDIO,,,PENDING,,,,,,,FOUND_NEARBY,,
TEM-000346,public/audio/sfx/lockpick_bonus.mp3,Audio,AUDIO,,,PENDING,,,,,,,FOUND_NEARBY,,
TEM-000347,public/audio/sfx/combat_dodge_1.mp3,Audio,AUDIO,,,PENDING,,,,,,,FOUND_NEARBY,,
TEM-000348,public/audio/sfx/lockpick_advanced_4.mp3,Audio,AUDIO,,,PENDING,,,,,,,FOUND_NEARBY,,
TEM-000349,public/audio/sfx/mob_spider_death_3.mp3,Audio,AUDIO,,,PENDING,,,,,,,FOUND_NEARBY,,
TEM-000350,public/audio/sfx/mob_burrower_attack_2.mp3,Audio,AUDIO,,,PENDING,,,,,,,FOUND_NEARBY,,
TEM-000351,public/audio/sfx/mob_ogre_death.mp3,Audio,AUDIO,,,PENDING,,,,,,,FOUND_NEARBY,,
TEM-000352,public/audio/sfx/mob_burrower_idle_2.mp3,Audio,AUDIO,,,PENDING,,,,,,,FOUND_NEARBY,,
TEM-000353,public/audio/sfx/mob_mudfin_hurt.mp3,Audio,AUDIO,,,PENDING,,,,,,,FOUND_NEARBY,,
TEM-000354,public/audio/sfx/mob_reptile_hurt.mp3,Audio,AUDIO,,,PENDING,,,,,,,FOUND_NEARBY,,
TEM-000355,public/audio/sfx/move_splash_2.mp3,Audio,AUDIO,,,PENDING,,,,,,,FOUND_NEARBY,,
TEM-000356,public/audio/sfx/ui_gather_ore_2.mp3,Audio,AUDIO,,,PENDING,,,,,,,FOUND_NEARBY,,
TEM-000357,public/audio/sfx/ui_level_up.mp3,Audio,AUDIO,,,PENDING,,,,,,,FOUND_NEARBY,,
TEM-000358,public/audio/sfx/melee_bow_2.mp3,Audio,AUDIO,,,PENDING,,,,,,,FOUND_NEARBY,,
TEM-000359,public/audio/sfx/melee_unarmed_6.mp3,Audio,AUDIO,,,PENDING,,,,,,,FOUND_NEARBY,,
TEM-000360,public/audio/sfx/lockpick_success.mp3,Audio,AUDIO,,,PENDING,,,,,,,FOUND_NEARBY,,
TEM-000361,public/audio/sfx/frozen_orb.mp3,Audio,AUDIO,,,PENDING,,,,,,,FOUND_NEARBY,,
TEM-000362,public/audio/sfx/impact_bone_1.mp3,Audio,AUDIO,,,PENDING,,,,,,,FOUND_NEARBY,,
TEM-000363,public/audio/sfx/mob_elemental_aggro_3.mp3,Audio,AUDIO,,,PENDING,,,,,,,FOUND_NEARBY,,
TEM-000364,public/audio/sfx/move_swim_3.mp3,Audio,AUDIO,,,PENDING,,,,,,,FOUND_NEARBY,,
TEM-000365,public/audio/sfx/mob_beast_wolf_idle_1.mp3,Audio,AUDIO,,,PENDING,,,,,,,FOUND_NEARBY,,
TEM-000366,public/audio/sfx/mob_troll_death_2.mp3,Audio,AUDIO,,,PENDING,,,,,,,FOUND_NEARBY,,
TEM-000367,public/audio/sfx/impact_bone_3.mp3,Audio,AUDIO,,,PENDING,,,,,,,FOUND_NEARBY,,
TEM-000368,public/audio/sfx/foot_snow_5.mp3,Audio,AUDIO,,,PENDING,,,,,,,FOUND_NEARBY,,
TEM-000369,public/audio/sfx/lockpick_bind.mp3,Audio,AUDIO,,,PENDING,,,,,,,FOUND_NEARBY,,
TEM-000370,public/audio/sfx/ui_masterwork.mp3,Audio,AUDIO,,,PENDING,,,,,,,FOUND_NEARBY,,
TEM-000371,public/audio/sfx/mob_elemental_attack_3.mp3,Audio,AUDIO,,,PENDING,,,,,,,FOUND_NEARBY,,
TEM-000372,public/audio/sfx/mob_undead_skeleton_death_2.mp3,Audio,AUDIO,,,PENDING,,,,,,,FOUND_NEARBY,,
TEM-000373,public/audio/sfx/ui_fiesta_word_0.mp3,Audio,AUDIO,,,PENDING,,,,,,,FOUND_NEARBY,,
TEM-000374,public/audio/sfx/combat_parry_1.mp3,Audio,AUDIO,,,PENDING,,,,,,,FOUND_NEARBY,,
TEM-000375,public/audio/sfx/melee_bow_3.mp3,Audio,AUDIO,,,PENDING,,,,,,,FOUND_NEARBY,,
TEM-000376,public/audio/sfx/amb_birds.mp3,Audio,AUDIO,,,PENDING,,,,,,,FOUND_NEARBY,,
TEM-000377,public/audio/sfx/entangling_roots.mp3,Audio,AUDIO,,,PENDING,,,,,,,FOUND_NEARBY,,
TEM-000378,public/audio/sfx/proj_nature.mp3,Audio,AUDIO,,,PENDING,,,,,,,FOUND_NEARBY,,
TEM-000379,public/audio/sfx/foot_water_5.mp3,Audio,AUDIO,,,PENDING,,,,,,,FOUND_NEARBY,,
TEM-000380,public/audio/sfx/mob_reptile_idle.mp3,Audio,AUDIO,,,PENDING,,,,,,,FOUND_NEARBY,,
TEM-000381,public/audio/sfx/ui_fiesta_revive.mp3,Audio,AUDIO,,,PENDING,,,,,,,FOUND_NEARBY,,
TEM-000382,public/audio/sfx/mob_humanoid_attack_2.mp3,Audio,AUDIO,,,PENDING,,,,,,,FOUND_NEARBY,,
TEM-000383,public/audio/sfx/ui_card_play_2.mp3,Audio,AUDIO,,,PENDING,,,,,,,FOUND_NEARBY,,
TEM-000384,public/audio/sfx/hammer_of_justice.mp3,Audio,AUDIO,,,PENDING,,,,,,,FOUND_NEARBY,,
TEM-000385,public/audio/sfx/amb_forge.mp3,Audio,AUDIO,,,PENDING,,,,,,,FOUND_NEARBY,,
TEM-000386,public/audio/sfx/vanish.mp3,Audio,AUDIO,,,PENDING,,,,,,,FOUND_NEARBY,,
TEM-000387,public/audio/sfx/sap.mp3,Audio,AUDIO,,,PENDING,,,,,,,FOUND_NEARBY,,
TEM-000388,public/audio/sfx/foot_wood_5.mp3,Audio,AUDIO,,,PENDING,,,,,,,FOUND_NEARBY,,
TEM-000389,public/audio/sfx/mob_undead_death.mp3,Audio,AUDIO,,,PENDING,,,,,,,FOUND_NEARBY,,
TEM-000390,public/audio/sfx/move_jump_3.mp3,Audio,AUDIO,,,PENDING,,,,,,,FOUND_NEARBY,,
TEM-000391,public/audio/sfx/ui_gather_epic.mp3,Audio,AUDIO,,,PENDING,,,,,,,FOUND_NEARBY,,
TEM-000392,public/audio/sfx/mount_run_grag_bear.mp3,Audio,AUDIO,,,PENDING,,,,,,,FOUND_NEARBY,,
TEM-000393,public/audio/sfx/amb_wind_peaks.mp3,Audio,AUDIO,,,PENDING,,,,,,,FOUND_NEARBY,,
TEM-000394,public/audio/sfx/ui_bag_close.mp3,Audio,AUDIO,,,PENDING,,,,,,,FOUND_NEARBY,,
TEM-000395,public/audio/sfx/ui_craft_weaponcrafting.mp3,Audio,AUDIO,,,PENDING,,,,,,,FOUND_NEARBY,,
TEM-000396,public/audio/sfx/flamestrike.mp3,Audio,AUDIO,,,PENDING,,,,,,,FOUND_NEARBY,,
TEM-000397,public/audio/sfx/cast_nature.mp3,Audio,AUDIO,,,PENDING,,,,,,,FOUND_NEARBY,,
TEM-000398,public/audio/sfx/mob_humanoid_idle_1.mp3,Audio,AUDIO,,,PENDING,,,,,,,FOUND_NEARBY,,
TEM-000399,public/audio/sfx/ui_fiesta_down.mp3,Audio,AUDIO,,,PENDING,,,,,,,FOUND_NEARBY,,
TEM-000400,public/audio/sfx/mob_boar_attack_2.mp3,Audio,AUDIO,,,PENDING,,,,,,,FOUND_NEARBY,,
TEM-000401,public/audio/sfx/impact_metal_1.mp3,Audio,AUDIO,,,PENDING,,,,,,,FOUND_NEARBY,,
TEM-000402,public/audio/sfx/proj_frost.mp3,Audio,AUDIO,,,PENDING,,,,,,,FOUND_NEARBY,,
TEM-000403,public/audio/sfx/mob_troll_idle_1.mp3,Audio,AUDIO,,,PENDING,,,,,,,FOUND_NEARBY,,
TEM-000404,public/audio/sfx/lockpick_advanced_3.mp3,Audio,AUDIO,,,PENDING,,,,,,,FOUND_NEARBY,,
TEM-000405,public/audio/sfx/mount_run_shadowjump_toad.mp3,Audio,AUDIO,,,PENDING,,,,,,,FOUND_NEARBY,,
TEM-000406,public/audio/sfx/ui_card_round_push.mp3,Audio,AUDIO,,,PENDING,,,,,,,FOUND_NEARBY,,
TEM-000407,public/audio/sfx/melee_bow_1.mp3,Audio,AUDIO,,,PENDING,,,,,,,FOUND_NEARBY,,
TEM-000408,public/audio/sfx/pyroblast.mp3,Audio,AUDIO,,,PENDING,,,,,,,FOUND_NEARBY,,
TEM-000409,public/audio/sfx/ui_coin_2.mp3,Audio,AUDIO,,,PENDING,,,,,,,FOUND_NEARBY,,
TEM-000410,public/audio/sfx/foot_dirt_4.mp3,Audio,AUDIO,,,PENDING,,,,,,,FOUND_NEARBY,,
TEM-000411,public/audio/sfx/player_death_female_2.mp3,Audio,AUDIO,,,PENDING,,,,,,,FOUND_NEARBY,,
TEM-000412,public/audio/sfx/ui_gather_wood_5.mp3,Audio,AUDIO,,,PENDING,,,,,,,FOUND_NEARBY,,
TEM-000413,public/audio/sfx/mob_troll_aggro_1.mp3,Audio,AUDIO,,,PENDING,,,,,,,FOUND_NEARBY,,
TEM-000414,public/audio/sfx/ui_weapon_sheathe.mp3,Audio,AUDIO,,,PENDING,,,,,,,FOUND_NEARBY,,
TEM-000415,public/audio/sfx/mob_reptile_aggro_2.mp3,Audio,AUDIO,,,PENDING,,,,,,,FOUND_NEARBY,,
TEM-000416,public/audio/sfx/wand_arcane_3.mp3,Audio,AUDIO,,,PENDING,,,,,,,FOUND_NEARBY,,
TEM-000417,public/audio/sfx/mob_reptile_attack_2.mp3,Audio,AUDIO,,,PENDING,,,,,,,FOUND_NEARBY,,
TEM-000418,public/audio/sfx/mob_beast_idle.mp3,Audio,AUDIO,,,PENDING,,,,,,,FOUND_NEARBY,,
TEM-000419,public/audio/sfx/mob_undead_skeleton_aggro_1.mp3,Audio,AUDIO,,,PENDING,,,,,,,FOUND_NEARBY,,
TEM-000420,public/audio/sfx/ui_craft_engineering.mp3,Audio,AUDIO,,,PENDING,,,,,,,FOUND_NEARBY,,
TEM-000421,public/audio/sfx/mob_mudfin_death_1.mp3,Audio,AUDIO,,,PENDING,,,,,,,FOUND_NEARBY,,
TEM-000422,public/audio/sfx/mob_spider_death_2.mp3,Audio,AUDIO,,,PENDING,,,,,,,FOUND_NEARBY,,
TEM-000423,public/audio/sfx/mob_troll_attack_1.mp3,Audio,AUDIO,,,PENDING,,,,,,,FOUND_NEARBY,,
TEM-000424,public/audio/sfx/ui_death.mp3,Audio,AUDIO,,,PENDING,,,,,,,FOUND_NEARBY,,
TEM-000425,public/audio/sfx/foot_stone_1.mp3,Audio,AUDIO,,,PENDING,,,,,,,FOUND_NEARBY,,
TEM-000426,public/audio/sfx/impact_metal_3.mp3,Audio,AUDIO,,,PENDING,,,,,,,FOUND_NEARBY,,
TEM-000427,public/audio/sfx/foot_grass_3.mp3,Audio,AUDIO,,,PENDING,,,,,,,FOUND_NEARBY,,
TEM-000428,public/audio/sfx/ui_duel_challenge.mp3,Audio,AUDIO,,,PENDING,,,,,,,FOUND_NEARBY,,
TEM-000429,public/audio/sfx/move_jump_4.mp3,Audio,AUDIO,,,PENDING,,,,,,,FOUND_NEARBY,,
TEM-000430,public/audio/sfx/mob_burrower_attack_1.mp3,Audio,AUDIO,,,PENDING,,,,,,,FOUND_NEARBY,,
TEM-000431,public/audio/sfx/ui_card_reveal_1.mp3,Audio,AUDIO,,,PENDING,,,,,,,FOUND_NEARBY,,
TEM-000432,public/audio/sfx/mob_burrower_death_1.mp3,Audio,AUDIO,,,PENDING,,,,,,,FOUND_NEARBY,,
TEM-000433,public/audio/sfx/wand_shadow_3.mp3,Audio,AUDIO,,,PENDING,,,,,,,FOUND_NEARBY,,
TEM-000434,public/audio/sfx/melee_bow_4.mp3,Audio,AUDIO,,,PENDING,,,,,,,FOUND_NEARBY,,
TEM-000435,public/audio/sfx/mob_humanoid_aggro_1.mp3,Audio,AUDIO,,,PENDING,,,,,,,FOUND_NEARBY,,
TEM-000436,public/audio/sfx/ui_loot_item_4.mp3,Audio,AUDIO,,,PENDING,,,,,,,FOUND_NEARBY,,
TEM-000437,public/audio/sfx/mob_mudfin_aggro_3.mp3,Audio,AUDIO,,,PENDING,,,,,,,FOUND_NEARBY,,
TEM-000438,public/audio/sfx/mob_undead_idle_2.mp3,Audio,AUDIO,,,PENDING,,,,,,,FOUND_NEARBY,,
TEM-000439,public/audio/sfx/foot_grass_1.mp3,Audio,AUDIO,,,PENDING,,,,,,,FOUND_NEARBY,,
TEM-000440,public/audio/sfx/impact_metal_4.mp3,Audio,AUDIO,,,PENDING,,,,,,,FOUND_NEARBY,,
TEM-000441,public/audio/sfx/mob_troll_death_1.mp3,Audio,AUDIO,,,PENDING,,,,,,,FOUND_NEARBY,,
TEM-000442,public/audio/sfx/mob_elemental_aggro_1.mp3,Audio,AUDIO,,,PENDING,,,,,,,FOUND_NEARBY,,
TEM-000443,public/audio/sfx/sinister_strike.mp3,Audio,AUDIO,,,PENDING,,,,,,,FOUND_NEARBY,,
TEM-000444,public/audio/sfx/mob_dragonkin_idle_1.mp3,Audio,AUDIO,,,PENDING,,,,,,,FOUND_NEARBY,,
TEM-000445,public/audio/sfx/mob_demon_aggro_2.mp3,Audio,AUDIO,,,PENDING,,,,,,,FOUND_NEARBY,,
TEM-000446,public/audio/sfx/combat_block_2.mp3,Audio,AUDIO,,,PENDING,,,,,,,FOUND_NEARBY,,
TEM-000447,public/audio/sfx/mob_mudfin_death_3.mp3,Audio,AUDIO,,,PENDING,,,,,,,FOUND_NEARBY,,
TEM-000448,public/audio/sfx/melee_swing_heavy_2.mp3,Audio,AUDIO,,,PENDING,,,,,,,FOUND_NEARBY,,
TEM-000449,public/audio/sfx/ui_craft_inscription.mp3,Audio,AUDIO,,,PENDING,,,,,,,FOUND_NEARBY,,
TEM-000450,public/audio/sfx/mob_undead_skeleton_attack_3.mp3,Audio,AUDIO,,,PENDING,,,,,,,FOUND_NEARBY,,
TEM-000451,public/audio/sfx/melee_swing_light_5.mp3,Audio,AUDIO,,,PENDING,,,,,,,FOUND_NEARBY,,
TEM-000452,public/audio/sfx/melee_swing_blade_2.mp3,Audio,AUDIO,,,PENDING,,,,,,,FOUND_NEARBY,,
TEM-000453,public/audio/sfx/impact_bone_2.mp3,Audio,AUDIO,,,PENDING,,,,,,,FOUND_NEARBY,,
TEM-000454,public/audio/sfx/mob_undead_skeleton_aggro_2.mp3,Audio,AUDIO,,,PENDING,,,,,,,FOUND_NEARBY,,
TEM-000455,public/audio/sfx/ui_loot_item_1.mp3,Audio,AUDIO,,,PENDING,,,,,,,FOUND_NEARBY,,
TEM-000456,public/audio/sfx/impact_flesh_3.mp3,Audio,AUDIO,,,PENDING,,,,,,,FOUND_NEARBY,,
TEM-000457,public/audio/sfx/mob_beast_wolf_aggro_2.mp3,Audio,AUDIO,,,PENDING,,,,,,,FOUND_NEARBY,,
TEM-000458,public/audio/sfx/amb_water.mp3,Audio,AUDIO,,,PENDING,,,,,,,FOUND_NEARBY,,
TEM-000459,public/audio/sfx/mob_demon_aggro_1.mp3,Audio,AUDIO,,,PENDING,,,,,,,FOUND_NEARBY,,
TEM-000460,public/audio/sfx/ui_sheep.mp3,Audio,AUDIO,,,PENDING,,,,,,,FOUND_NEARBY,,
TEM-000461,public/audio/sfx/lockpick_page_cleared.mp3,Audio,AUDIO,,,PENDING,,,,,,,FOUND_NEARBY,,
TEM-000462,public/audio/sfx/player_hurt_female_2.mp3,Audio,AUDIO,,,PENDING,,,,,,,FOUND_NEARBY,,
TEM-000463,public/audio/sfx/mob_humanoid_attack_1.mp3,Audio,AUDIO,,,PENDING,,,,,,,FOUND_NEARBY,,
TEM-000464,public/audio/sfx/buff_apply.mp3,Audio,AUDIO,,,PENDING,,,,,,,FOUND_NEARBY,,
TEM-000465,public/audio/sfx/lockpick_begin.mp3,Audio,AUDIO,,,PENDING,,,,,,,FOUND_NEARBY,,
TEM-000466,public/audio/sfx/stealth.mp3,Audio,AUDIO,,,PENDING,,,,,,,FOUND_NEARBY,,
TEM-000467,public/audio/sfx/mob_dragonkin_idle_2.mp3,Audio,AUDIO,,,PENDING,,,,,,,FOUND_NEARBY,,
TEM-000468,public/audio/sfx/move_jump_5.mp3,Audio,AUDIO,,,PENDING,,,,,,,FOUND_NEARBY,,
TEM-000469,public/audio/sfx/ui_gather_wood_2.mp3,Audio,AUDIO,,,PENDING,,,,,,,FOUND_NEARBY,,
TEM-000470,public/audio/sfx/mob_beast_death.mp3,Audio,AUDIO,,,PENDING,,,,,,,FOUND_NEARBY,,
TEM-000471,public/audio/sfx/mob_mudfin_idle_1.mp3,Audio,AUDIO,,,PENDING,,,,,,,FOUND_NEARBY,,
TEM-000472,public/audio/sfx/mount_run_stalkglider_snail.mp3,Audio,AUDIO,,,PENDING,,,,,,,FOUND_NEARBY,,
TEM-000473,public/audio/sfx/mob_ogre_attack_3.mp3,Audio,AUDIO,,,PENDING,,,,,,,FOUND_NEARBY,,
TEM-000474,public/audio/sfx/foot_grass_4.mp3,Audio,AUDIO,,,PENDING,,,,,,,FOUND_NEARBY,,
TEM-000475,public/audio/sfx/foot_stone_3.mp3,Audio,AUDIO,,,PENDING,,,,,,,FOUND_NEARBY,,
TEM-000476,public/audio/sfx/ui_coin_1.mp3,Audio,AUDIO,,,PENDING,,,,,,,FOUND_NEARBY,,
TEM-000477,public/audio/sfx/ui_gather_herb_5.mp3,Audio,AUDIO,,,PENDING,,,,,,,FOUND_NEARBY,,
TEM-000478,public/audio/sfx/mob_troll_aggro_3.mp3,Audio,AUDIO,,,PENDING,,,,,,,FOUND_NEARBY,,
TEM-000479,public/audio/sfx/ui_card_shuffle.mp3,Audio,AUDIO,,,PENDING,,,,,,,FOUND_NEARBY,,
TEM-000480,public/audio/sfx/ui_craft_alchemy.mp3,Audio,AUDIO,,,PENDING,,,,,,,FOUND_NEARBY,,
TEM-000481,public/audio/sfx/mob_boar_death_1.mp3,Audio,AUDIO,,,PENDING,,,,,,,FOUND_NEARBY,,
TEM-000482,public/audio/sfx/ui_craft_tailoring.mp3,Audio,AUDIO,,,PENDING,,,,,,,FOUND_NEARBY,,
TEM-000483,public/audio/sfx/mob_elemental_idle_1.mp3,Audio,AUDIO,,,PENDING,,,,,,,FOUND_NEARBY,,
TEM-000484,public/audio/sfx/wand_holy_2.mp3,Audio,AUDIO,,,PENDING,,,,,,,FOUND_NEARBY,,
TEM-000485,public/audio/sfx/mob_mudfin_attack_3.mp3,Audio,AUDIO,,,PENDING,,,,,,,FOUND_NEARBY,,
TEM-000486,public/audio/sfx/melee_swing_heavy_4.mp3,Audio,AUDIO,,,PENDING,,,,,,,FOUND_NEARBY,,
TEM-000487,public/audio/sfx/foot_water_3.mp3,Audio,AUDIO,,,PENDING,,,,,,,FOUND_NEARBY,,
TEM-000488,public/audio/sfx/mob_beast_wolf_idle_2.mp3,Audio,AUDIO,,,PENDING,,,,,,,FOUND_NEARBY,,
TEM-000489,public/audio/sfx/melee_swing_light_4.mp3,Audio,AUDIO,,,PENDING,,,,,,,FOUND_NEARBY,,
TEM-000490,public/audio/sfx/mob_mudfin_attack_2.mp3,Audio,AUDIO,,,PENDING,,,,,,,FOUND_NEARBY,,
TEM-000491,public/audio/sfx/ui_duel_start.mp3,Audio,AUDIO,,,PENDING,,,,,,,FOUND_NEARBY,,
TEM-000492,public/audio/sfx/garrote.mp3,Audio,AUDIO,,,PENDING,,,,,,,FOUND_NEARBY,,
TEM-000493,public/audio/sfx/mob_boar_aggro_2.mp3,Audio,AUDIO,,,PENDING,,,,,,,FOUND_NEARBY,,
TEM-000494,public/audio/sfx/mob_ogre_aggro_3.mp3,Audio,AUDIO,,,PENDING,,,,,,,FOUND_NEARBY,,
TEM-000495,public/audio/sfx/melee_swing_blade_1.mp3,Audio,AUDIO,,,PENDING,,,,,,,FOUND_NEARBY,,
TEM-000496,public/audio/sfx/mount_run_valorsteed.mp3,Audio,AUDIO,,,PENDING,,,,,,,FOUND_NEARBY,,
TEM-000497,public/audio/sfx/lockpick_trap.mp3,Audio,AUDIO,,,PENDING,,,,,,,FOUND_NEARBY,,
TEM-000498,public/audio/sfx/amb_dungeon.mp3,Audio,AUDIO,,,PENDING,,,,,,,FOUND_NEARBY,,
TEM-000499,public/audio/sfx/melee_swing_heavy_7.mp3,Audio,AUDIO,,,PENDING,,,,,,,FOUND_NEARBY,,
TEM-000500,public/audio/sfx/mob_beast_wolf_idle_3.mp3,Audio,AUDIO,,,PENDING,,,,,,,FOUND_NEARBY,,
TEM-000501,public/audio/sfx/ui_fiesta_score_other.mp3,Audio,AUDIO,,,PENDING,,,,,,,FOUND_NEARBY,,
TEM-000502,public/audio/sfx/mob_undead_hurt.mp3,Audio,AUDIO,,,PENDING,,,,,,,FOUND_NEARBY,,
TEM-000503,public/audio/sfx/mount_run_aether_hover_cycle.mp3,Audio,AUDIO,,,PENDING,,,,,,,FOUND_NEARBY,,
TEM-000504,public/audio/sfx/mob_ogre_attack_1.mp3,Audio,AUDIO,,,PENDING,,,,,,,FOUND_NEARBY,,
TEM-000505,public/audio/sfx/mob_spider_attack_1.mp3,Audio,AUDIO,,,PENDING,,,,,,,FOUND_NEARBY,,
TEM-000506,public/audio/sfx/player_hurt_female_5.mp3,Audio,AUDIO,,,PENDING,,,,,,,FOUND_NEARBY,,
TEM-000507,public/audio/sfx/mob_beast_wolf_attack_2.mp3,Audio,AUDIO,,,PENDING,,,,,,,FOUND_NEARBY,,
TEM-000508,public/audio/sfx/ui_ready_check.mp3,Audio,AUDIO,,,PENDING,,,,,,,FOUND_NEARBY,,
TEM-000509,public/audio/sfx/ui_gather_herb_4.mp3,Audio,AUDIO,,,PENDING,,,,,,,FOUND_NEARBY,,
TEM-000510,public/audio/sfx/ui_fish_reel_2.mp3,Audio,AUDIO,,,PENDING,,,,,,,FOUND_NEARBY,,
TEM-000511,public/audio/sfx/ambush.mp3,Audio,AUDIO,,,PENDING,,,,,,,FOUND_NEARBY,,
TEM-000512,public/audio/sfx/melee_swing_light_2.mp3,Audio,AUDIO,,,PENDING,,,,,,,FOUND_NEARBY,,
TEM-000513,public/audio/sfx/mob_mudfin_attack_4.mp3,Audio,AUDIO,,,PENDING,,,,,,,FOUND_NEARBY,,
TEM-000514,public/audio/sfx/ui_duel_end.mp3,Audio,AUDIO,,,PENDING,,,,,,,FOUND_NEARBY,,
TEM-000515,public/audio/sfx/player_hurt_3.mp3,Audio,AUDIO,,,PENDING,,,,,,,FOUND_NEARBY,,
TEM-000516,public/audio/sfx/impact_flesh_4.mp3,Audio,AUDIO,,,PENDING,,,,,,,FOUND_NEARBY,,
TEM-000517,public/audio/sfx/ui_craft_leatherworking.mp3,Audio,AUDIO,,,PENDING,,,,,,,FOUND_NEARBY,,
TEM-000518,public/audio/sfx/ui_gather_cast_ore_1.mp3,Audio,AUDIO,,,PENDING,,,,,,,FOUND_NEARBY,,
TEM-000519,public/audio/sfx/quest_ready_1.mp3,Audio,AUDIO,,,PENDING,,,,,,,FOUND_NEARBY,,
TEM-000520,public/audio/sfx/mob_undead_skeleton_attack_1.mp3,Audio,AUDIO,,,PENDING,,,,,,,FOUND_NEARBY,,
TEM-000521,public/audio/sfx/mount_run_stormfeather_griffin.mp3,Audio,AUDIO,,,PENDING,,,,,,,FOUND_NEARBY,,
TEM-000522,public/audio/sfx/mob_beast_wolf_hurt_1.mp3,Audio,AUDIO,,,PENDING,,,,,,,FOUND_NEARBY,,
TEM-000523,public/audio/sfx/ui_fish_cast_2.mp3,Audio,AUDIO,,,PENDING,,,,,,,FOUND_NEARBY,,
TEM-000524,public/audio/sfx/wand_holy_3.mp3,Audio,AUDIO,,,PENDING,,,,,,,FOUND_NEARBY,,
TEM-000525,public/audio/sfx/mob_undead_attack_3.mp3,Audio,AUDIO,,,PENDING,,,,,,,FOUND_NEARBY,,
TEM-000526,public/audio/sfx/mob_beast_aggro_1.mp3,Audio,AUDIO,,,PENDING,,,,,,,FOUND_NEARBY,,
TEM-000527,public/audio/sfx/ui_gather_herb_3.mp3,Audio,AUDIO,,,PENDING,,,,,,,FOUND_NEARBY,,
TEM-000528,public/audio/sfx/mob_spider_attack_2.mp3,Audio,AUDIO,,,PENDING,,,,,,,FOUND_NEARBY,,
TEM-000529,public/audio/sfx/mob_elemental_hurt.mp3,Audio,AUDIO,,,PENDING,,,,,,,FOUND_NEARBY,,
TEM-000530,public/audio/sfx/mob_dragonkin_attack_3.mp3,Audio,AUDIO,,,PENDING,,,,,,,FOUND_NEARBY,,
TEM-000531,public/audio/sfx/mob_undead_skeleton_idle_1.mp3,Audio,AUDIO,,,PENDING,,,,,,,FOUND_NEARBY,,
TEM-000532,public/audio/sfx/cast_shadow.mp3,Audio,AUDIO,,,PENDING,,,,,,,FOUND_NEARBY,,
TEM-000533,public/audio/sfx/ui_card_play_1.mp3,Audio,AUDIO,,,PENDING,,,,,,,FOUND_NEARBY,,
TEM-000534,public/audio/sfx/combat_crit_1.mp3,Audio,AUDIO,,,PENDING,,,,,,,FOUND_NEARBY,,
TEM-000535,public/audio/sfx/melee_unarmed_1.mp3,Audio,AUDIO,,,PENDING,,,,,,,FOUND_NEARBY,,
TEM-000536,public/audio/sfx/player_death_1.mp3,Audio,AUDIO,,,PENDING,,,,,,,FOUND_NEARBY,,
TEM-000537,public/audio/sfx/ui_gather_cast_herb_2.mp3,Audio,AUDIO,,,PENDING,,,,,,,FOUND_NEARBY,,
TEM-000538,public/audio/sfx/combat_block_1.mp3,Audio,AUDIO,,,PENDING,,,,,,,FOUND_NEARBY,,
TEM-000539,public/audio/sfx/move_swim_1.mp3,Audio,AUDIO,,,PENDING,,,,,,,FOUND_NEARBY,,
TEM-000540,public/audio/sfx/amb_wind_vale.mp3,Audio,AUDIO,,,PENDING,,,,,,,FOUND_NEARBY,,
TEM-000541,public/audio/sfx/foot_grass_2.mp3,Audio,AUDIO,,,PENDING,,,,,,,FOUND_NEARBY,,
TEM-000542,public/audio/sfx/mob_beast_attack_2.mp3,Audio,AUDIO,,,PENDING,,,,,,,FOUND_NEARBY,,
TEM-000543,public/audio/sfx/player_death_female_1.mp3,Audio,AUDIO,,,PENDING,,,,,,,FOUND_NEARBY,,
TEM-000544,public/audio/sfx/mob_burrower_attack_3.mp3,Audio,AUDIO,,,PENDING,,,,,,,FOUND_NEARBY,,
TEM-000545,public/audio/sfx/amb_campfire.mp3,Audio,AUDIO,,,PENDING,,,,,,,FOUND_NEARBY,,
TEM-000546,public/audio/sfx/blizzard.mp3,Audio,AUDIO,,,PENDING,,,,,,,FOUND_NEARBY,,
TEM-000547,public/audio/sfx/mob_demon_idle.mp3,Audio,AUDIO,,,PENDING,,,,,,,FOUND_NEARBY,,
TEM-000548,public/audio/sfx/ui_craft_disenchant.mp3,Audio,AUDIO,,,PENDING,,,,,,,FOUND_NEARBY,,
TEM-000549,public/audio/sfx/player_hurt_4.mp3,Audio,AUDIO,,,PENDING,,,,,,,FOUND_NEARBY,,
TEM-000550,public/audio/sfx/mob_reptile_death_2.mp3,Audio,AUDIO,,,PENDING,,,,,,,FOUND_NEARBY,,
TEM-000551,public/audio/sfx/ui_gather_legendary.mp3,Audio,AUDIO,,,PENDING,,,,,,,FOUND_NEARBY,,
TEM-000552,public/audio/sfx/mob_elemental_death_1.mp3,Audio,AUDIO,,,PENDING,,,,,,,FOUND_NEARBY,,
TEM-000553,public/audio/sfx/mob_boar_idle_2.mp3,Audio,AUDIO,,,PENDING,,,,,,,FOUND_NEARBY,,
TEM-000554,public/audio/sfx/foot_wood_1.mp3,Audio,AUDIO,,,PENDING,,,,,,,FOUND_NEARBY,,
TEM-000555,public/audio/sfx/impact_metal_2.mp3,Audio,AUDIO,,,PENDING,,,,,,,FOUND_NEARBY,,
TEM-000556,public/audio/sfx/impact_leather_1.mp3,Audio,AUDIO,,,PENDING,,,,,,,FOUND_NEARBY,,
TEM-000557,public/audio/sfx/foot_dirt_2.mp3,Audio,AUDIO,,,PENDING,,,,,,,FOUND_NEARBY,,
TEM-000558,public/audio/sfx/mob_beast_wolf_death_1.mp3,Audio,AUDIO,,,PENDING,,,,,,,FOUND_NEARBY,,
TEM-000559,public/audio/sfx/mob_troll_attack_2.mp3,Audio,AUDIO,,,PENDING,,,,,,,FOUND_NEARBY,,
TEM-000560,public/audio/sfx/ui_fiesta_wave.mp3,Audio,AUDIO,,,PENDING,,,,,,,FOUND_NEARBY,,
TEM-000561,public/audio/sfx/mob_elemental_aggro_2.mp3,Audio,AUDIO,,,PENDING,,,,,,,FOUND_NEARBY,,
TEM-000562,public/audio/sfx/mob_dragonkin_aggro_3.mp3,Audio,AUDIO,,,PENDING,,,,,,,FOUND_NEARBY,,
TEM-000563,public/audio/sfx/mob_spider_aggro_2.mp3,Audio,AUDIO,,,PENDING,,,,,,,FOUND_NEARBY,,
TEM-000564,public/audio/sfx/mob_dragonkin_attack_1.mp3,Audio,AUDIO,,,PENDING,,,,,,,FOUND_NEARBY,,
TEM-000565,public/audio/sfx/melee_swing_light_3.mp3,Audio,AUDIO,,,PENDING,,,,,,,FOUND_NEARBY,,
TEM-000566,public/audio/sfx/foot_stone_5.mp3,Audio,AUDIO,,,PENDING,,,,,,,FOUND_NEARBY,,
TEM-000567,public/audio/sfx/melee_unarmed_5.mp3,Audio,AUDIO,,,PENDING,,,,,,,FOUND_NEARBY,,
TEM-000568,public/audio/sfx/mob_humanoid_hurt_1.mp3,Audio,AUDIO,,,PENDING,,,,,,,FOUND_NEARBY,,
TEM-000569,public/audio/sfx/mob_ogre_attack_2.mp3,Audio,AUDIO,,,PENDING,,,,,,,FOUND_NEARBY,,
TEM-000570,public/audio/sfx/mob_boar_aggro_1.mp3,Audio,AUDIO,,,PENDING,,,,,,,FOUND_NEARBY,,
TEM-000571,public/audio/sfx/melee_unarmed_4.mp3,Audio,AUDIO,,,PENDING,,,,,,,FOUND_NEARBY,,
TEM-000572,public/audio/sfx/foot_water_2.mp3,Audio,AUDIO,,,PENDING,,,,,,,FOUND_NEARBY,,
TEM-000573,public/audio/sfx/mount_run_terrorspark_groundshaker.mp3,Audio,AUDIO,,,PENDING,,,,,,,FOUND_NEARBY,,
TEM-000574,public/audio/sfx/ui_whisper.mp3,Audio,AUDIO,,,PENDING,,,,,,,FOUND_NEARBY,,
TEM-000575,public/audio/sfx/melee_swing_heavy_3.mp3,Audio,AUDIO,,,PENDING,,,,,,,FOUND_NEARBY,,
TEM-000576,public/audio/sfx/lockpick_end.mp3,Audio,AUDIO,,,PENDING,,,,,,,FOUND_NEARBY,,
TEM-000577,public/audio/sfx/mob_dragonkin_death_2.mp3,Audio,AUDIO,,,PENDING,,,,,,,FOUND_NEARBY,,
TEM-000578,public/audio/sfx/combat_crit_3.mp3,Audio,AUDIO,,,PENDING,,,,,,,FOUND_NEARBY,,
TEM-000579,public/audio/sfx/ui_gather_cast_ore_2.mp3,Audio,AUDIO,,,PENDING,,,,,,,FOUND_NEARBY,,
TEM-000580,public/audio/sfx/foot_snow_1.mp3,Audio,AUDIO,,,PENDING,,,,,,,FOUND_NEARBY,,
TEM-000581,public/audio/sfx/ui_fish_bite_3.mp3,Audio,AUDIO,,,PENDING,,,,,,,FOUND_NEARBY,,
TEM-000582,public/audio/sfx/mob_spider_idle.mp3,Audio,AUDIO,,,PENDING,,,,,,,FOUND_NEARBY,,
TEM-000583,public/audio/sfx/mob_reptile_aggro_1.mp3,Audio,AUDIO,,,PENDING,,,,,,,FOUND_NEARBY,,
TEM-000584,public/audio/sfx/mob_humanoid_death_2.mp3,Audio,AUDIO,,,PENDING,,,,,,,FOUND_NEARBY,,
TEM-000585,public/audio/sfx/move_land_2.mp3,Audio,AUDIO,,,PENDING,,,,,,,FOUND_NEARBY,,
TEM-000586,public/audio/sfx/mob_undead_attack_2.mp3,Audio,AUDIO,,,PENDING,,,,,,,FOUND_NEARBY,,
TEM-000587,public/audio/sfx/mob_elemental_death_2.mp3,Audio,AUDIO,,,PENDING,,,,,,,FOUND_NEARBY,,
TEM-000588,public/audio/sfx/melee_unarmed_3.mp3,Audio,AUDIO,,,PENDING,,,,,,,FOUND_NEARBY,,
TEM-000589,public/audio/sfx/wand_shadow_1.mp3,Audio,AUDIO,,,PENDING,,,,,,,FOUND_NEARBY,,
TEM-000590,public/audio/sfx/mob_humanoid_attack_3.mp3,Audio,AUDIO,,,PENDING,,,,,,,FOUND_NEARBY,,
TEM-000591,public/audio/sfx/melee_swing_blade_3.mp3,Audio,AUDIO,,,PENDING,,,,,,,FOUND_NEARBY,,
TEM-000592,public/audio/sfx/melee_swing_blade_5.mp3,Audio,AUDIO,,,PENDING,,,,,,,FOUND_NEARBY,,
TEM-000593,public/audio/sfx/mob_beast_wolf_death_2.mp3,Audio,AUDIO,,,PENDING,,,,,,,FOUND_NEARBY,,
TEM-000594,public/audio/sfx/ui_coin_3.mp3,Audio,AUDIO,,,PENDING,,,,,,,FOUND_NEARBY,,
TEM-000595,public/audio/sfx/ui_craft_cooking.mp3,Audio,AUDIO,,,PENDING,,,,,,,FOUND_NEARBY,,
TEM-000596,public/audio/sfx/quest_accept_1.mp3,Audio,AUDIO,,,PENDING,,,,,,,FOUND_NEARBY,,
TEM-000597,public/audio/sfx/proj_arcane.mp3,Audio,AUDIO,,,PENDING,,,,,,,FOUND_NEARBY,,
TEM-000598,public/audio/sfx/mob_undead_skeleton_attack_2.mp3,Audio,AUDIO,,,PENDING,,,,,,,FOUND_NEARBY,,
TEM-000599,public/audio/sfx/melee_unarmed_7.mp3,Audio,AUDIO,,,PENDING,,,,,,,FOUND_NEARBY,,
TEM-000600,public/audio/sfx/proj_fire.mp3,Audio,AUDIO,,,PENDING,,,,,,,FOUND_NEARBY,,
TEM-000601,public/audio/sfx/foot_dirt_5.mp3,Audio,AUDIO,,,PENDING,,,,,,,FOUND_NEARBY,,
TEM-000602,public/audio/sfx/mob_boar_attack_4.mp3,Audio,AUDIO,,,PENDING,,,,,,,FOUND_NEARBY,,
TEM-000603,public/audio/sfx/foot_water_4.mp3,Audio,AUDIO,,,PENDING,,,,,,,FOUND_NEARBY,,
TEM-000604,public/audio/sfx/frost_nova.mp3,Audio,AUDIO,,,PENDING,,,,,,,FOUND_NEARBY,,
TEM-000605,public/audio/sfx/mob_troll_aggro_2.mp3,Audio,AUDIO,,,PENDING,,,,,,,FOUND_NEARBY,,
TEM-000606,public/audio/sfx/ui_gather_herb_1.mp3,Audio,AUDIO,,,PENDING,,,,,,,FOUND_NEARBY,,
TEM-000607,public/audio/sfx/mob_ogre_aggro_1.mp3,Audio,AUDIO,,,PENDING,,,,,,,FOUND_NEARBY,,
TEM-000608,public/audio/sfx/mob_dragonkin_hurt_2.mp3,Audio,AUDIO,,,PENDING,,,,,,,FOUND_NEARBY,,
TEM-000609,public/audio/sfx/ui_gather_wood_1.mp3,Audio,AUDIO,,,PENDING,,,,,,,FOUND_NEARBY,,
TEM-000610,public/audio/sfx/ui_card_play_4.mp3,Audio,AUDIO,,,PENDING,,,,,,,FOUND_NEARBY,,
TEM-000611,public/audio/sfx/ui_click.mp3,Audio,AUDIO,,,PENDING,,,,,,,FOUND_NEARBY,,
TEM-000612,public/audio/sfx/lockpick_slip.mp3,Audio,AUDIO,,,PENDING,,,,,,,FOUND_NEARBY,,
TEM-000613,public/audio/sfx/ui_fiesta_word_3.mp3,Audio,AUDIO,,,PENDING,,,,,,,FOUND_NEARBY,,
TEM-000614,public/audio/sfx/ui_fish_cast_1.mp3,Audio,AUDIO,,,PENDING,,,,,,,FOUND_NEARBY,,
TEM-000615,public/audio/sfx/melee_swing_light_6.mp3,Audio,AUDIO,,,PENDING,,,,,,,FOUND_NEARBY,,
TEM-000616,public/audio/sfx/mob_humanoid_hurt_2.mp3,Audio,AUDIO,,,PENDING,,,,,,,FOUND_NEARBY,,
TEM-000617,public/audio/sfx/melee_swing_heavy_1.mp3,Audio,AUDIO,,,PENDING,,,,,,,FOUND_NEARBY,,
TEM-000618,public/audio/sfx/melee_bow_5.mp3,Audio,AUDIO,,,PENDING,,,,,,,FOUND_NEARBY,,
TEM-000619,public/audio/sfx/amb_snow.mp3,Audio,AUDIO,,,PENDING,,,,,,,FOUND_NEARBY,,
TEM-000620,public/audio/sfx/player_hurt_female_1.mp3,Audio,AUDIO,,,PENDING,,,,,,,FOUND_NEARBY,,
TEM-000621,public/audio/sfx/move_jump_1.mp3,Audio,AUDIO,,,PENDING,,,,,,,FOUND_NEARBY,,
TEM-000622,public/audio/sfx/shadowstep.mp3,Audio,AUDIO,,,PENDING,,,,,,,FOUND_NEARBY,,
TEM-000623,public/audio/sfx/eviscerate.mp3,Audio,AUDIO,,,PENDING,,,,,,,FOUND_NEARBY,,
TEM-000624,public/audio/sfx/fear_shout.mp3,Audio,AUDIO,,,PENDING,,,,,,,FOUND_NEARBY,,
TEM-000625,public/audio/sfx/foot_dirt_1.mp3,Audio,AUDIO,,,PENDING,,,,,,,FOUND_NEARBY,,
TEM-000626,public/audio/sfx/mob_demon_death_1.mp3,Audio,AUDIO,,,PENDING,,,,,,,FOUND_NEARBY,,
TEM-000627,public/audio/sfx/move_splash_3.mp3,Audio,AUDIO,,,PENDING,,,,,,,FOUND_NEARBY,,
TEM-000628,public/audio/sfx/ui_gather_ore_4.mp3,Audio,AUDIO,,,PENDING,,,,,,,FOUND_NEARBY,,
TEM-000629,public/audio/sfx/mob_beast_wolf_attack_1.mp3,Audio,AUDIO,,,PENDING,,,,,,,FOUND_NEARBY,,
TEM-000630,public/audio/sfx/ui_cosmetic_unlock.mp3,Audio,AUDIO,,,PENDING,,,,,,,FOUND_NEARBY,,
TEM-000631,public/audio/sfx/mob_spider_hurt_1.mp3,Audio,AUDIO,,,PENDING,,,,,,,FOUND_NEARBY,,
TEM-000632,public/audio/sfx/mob_demon_attack_2.mp3,Audio,AUDIO,,,PENDING,,,,,,,FOUND_NEARBY,,
TEM-000633,public/audio/sfx/mob_boar_idle_1.mp3,Audio,AUDIO,,,PENDING,,,,,,,FOUND_NEARBY,,
TEM-000634,public/audio/sfx/ui_fiesta_score_mine.mp3,Audio,AUDIO,,,PENDING,,,,,,,FOUND_NEARBY,,
TEM-000635,public/audio/sfx/ui_loot_item_2.mp3,Audio,AUDIO,,,PENDING,,,,,,,FOUND_NEARBY,,
TEM-000636,public/audio/sfx/mob_ogre_hurt.mp3,Audio,AUDIO,,,PENDING,,,,,,,FOUND_NEARBY,,
TEM-000637,public/audio/sfx/proj_shadow.mp3,Audio,AUDIO,,,PENDING,,,,,,,FOUND_NEARBY,,
TEM-000638,public/audio/sfx/ui_gather_rare.mp3,Audio,AUDIO,,,PENDING,,,,,,,FOUND_NEARBY,,
TEM-000639,public/audio/sfx/mob_burrower_hurt.mp3,Audio,AUDIO,,,PENDING,,,,,,,FOUND_NEARBY,,
TEM-000640,public/audio/sfx/lockpick_fail.mp3,Audio,AUDIO,,,PENDING,,,,,,,FOUND_NEARBY,,
TEM-000641,public/audio/sfx/mob_mudfin_idle_2.mp3,Audio,AUDIO,,,PENDING,,,,,,,FOUND_NEARBY,,
TEM-000642,public/audio/sfx/mob_troll_attack_3.mp3,Audio,AUDIO,,,PENDING,,,,,,,FOUND_NEARBY,,
TEM-000643,public/audio/sfx/melee_swing_light_1.mp3,Audio,AUDIO,,,PENDING,,,,,,,FOUND_NEARBY,,
TEM-000644,public/audio/sfx/ui_gather_herb_2.mp3,Audio,AUDIO,,,PENDING,,,,,,,FOUND_NEARBY,,
TEM-000645,public/audio/sfx/wand_holy_1.mp3,Audio,AUDIO,,,PENDING,,,,,,,FOUND_NEARBY,,
TEM-000646,public/audio/sfx/ui_fiesta_augment.mp3,Audio,AUDIO,,,PENDING,,,,,,,FOUND_NEARBY,,
TEM-000647,public/audio/sfx/mob_mudfin_death_4.mp3,Audio,AUDIO,,,PENDING,,,,,,,FOUND_NEARBY,,
TEM-000648,public/audio/sfx/mob_beast_attack_1.mp3,Audio,AUDIO,,,PENDING,,,,,,,FOUND_NEARBY,,
TEM-000649,public/audio/sfx/combat_parry_2.mp3,Audio,AUDIO,,,PENDING,,,,,,,FOUND_NEARBY,,
TEM-000650,public/audio/sfx/mob_undead_attack_1.mp3,Audio,AUDIO,,,PENDING,,,,,,,FOUND_NEARBY,,
TEM-000651,public/audio/sfx/move_swim_2.mp3,Audio,AUDIO,,,PENDING,,,,,,,FOUND_NEARBY,,
TEM-000652,public/audio/sfx/foot_snow_2.mp3,Audio,AUDIO,,,PENDING,,,,,,,FOUND_NEARBY,,
TEM-000653,public/audio/sfx/impact_bone_4.mp3,Audio,AUDIO,,,PENDING,,,,,,,FOUND_NEARBY,,
TEM-000654,public/audio/sfx/ui_card_reveal_2.mp3,Audio,AUDIO,,,PENDING,,,,,,,FOUND_NEARBY,,
TEM-000655,public/audio/sfx/ui_achievement.mp3,Audio,AUDIO,,,PENDING,,,,,,,FOUND_NEARBY,,
TEM-000656,public/audio/sfx/ui_craft_salvage.mp3,Audio,AUDIO,,,PENDING,,,,,,,FOUND_NEARBY,,
TEM-000657,public/audio/sfx/ui_gather_wood_3.mp3,Audio,AUDIO,,,PENDING,,,,,,,FOUND_NEARBY,,
TEM-000658,public/audio/sfx/ui_vcup_kickoff.mp3,Audio,AUDIO,,,PENDING,,,,,,,FOUND_NEARBY,,
TEM-000659,public/audio/sfx/mob_dragonkin_death_1.mp3,Audio,AUDIO,,,PENDING,,,,,,,FOUND_NEARBY,,
TEM-000660,public/audio/sfx/melee_swing_heavy_5.mp3,Audio,AUDIO,,,PENDING,,,,,,,FOUND_NEARBY,,
TEM-000661,public/audio/sfx/wand_arcane_2.mp3,Audio,AUDIO,,,PENDING,,,,,,,FOUND_NEARBY,,
TEM-000662,public/audio/sfx/mob_beast_attack_3.mp3,Audio,AUDIO,,,PENDING,,,,,,,FOUND_NEARBY,,
TEM-000663,public/audio/sfx/move_splash_1.mp3,Audio,AUDIO,,,PENDING,,,,,,,FOUND_NEARBY,,
TEM-000664,public/audio/sfx/ui_gather_ore_1.mp3,Audio,AUDIO,,,PENDING,,,,,,,FOUND_NEARBY,,
TEM-000665,public/audio/sfx/mob_beast_wolf_aggro_1.mp3,Audio,AUDIO,,,PENDING,,,,,,,FOUND_NEARBY,,
TEM-000666,public/audio/sfx/foot_grass_5.mp3,Audio,AUDIO,,,PENDING,,,,,,,FOUND_NEARBY,,
TEM-000667,public/audio/sfx/mob_burrower_death_2.mp3,Audio,AUDIO,,,PENDING,,,,,,,FOUND_NEARBY,,
TEM-000668,public/audio/sfx/glacial_spike.mp3,Audio,AUDIO,,,PENDING,,,,,,,FOUND_NEARBY,,
TEM-000669,public/audio/sfx/ui_fish_reel_1.mp3,Audio,AUDIO,,,PENDING,,,,,,,FOUND_NEARBY,,
TEM-000670,public/audio/sfx/mob_undead_aggro.mp3,Audio,AUDIO,,,PENDING,,,,,,,FOUND_NEARBY,,
TEM-000671,public/audio/sfx/impact_leather_3.mp3,Audio,AUDIO,,,PENDING,,,,,,,FOUND_NEARBY,,
TEM-000672,public/audio/sfx/cast_chain_heal.mp3,Audio,AUDIO,,,PENDING,,,,,,,FOUND_NEARBY,,
TEM-000673,public/audio/sfx/ui_gather_cast_herb_1.mp3,Audio,AUDIO,,,PENDING,,,,,,,FOUND_NEARBY,,
TEM-000674,public/audio/sfx/ui_card_play_3.mp3,Audio,AUDIO,,,PENDING,,,,,,,FOUND_NEARBY,,
TEM-000675,public/audio/sfx/ui_fiesta_word_2.mp3,Audio,AUDIO,,,PENDING,,,,,,,FOUND_NEARBY,,
TEM-000676,public/audio/sfx/arcane_blast.mp3,Audio,AUDIO,,,PENDING,,,,,,,FOUND_NEARBY,,
TEM-000677,public/audio/sfx/mob_boar_death_2.mp3,Audio,AUDIO,,,PENDING,,,,,,,FOUND_NEARBY,,
TEM-000678,public/audio/sfx/combat_parry_3.mp3,Audio,AUDIO,,,PENDING,,,,,,,FOUND_NEARBY,,
TEM-000679,public/audio/sfx/amb_wind_marsh.mp3,Audio,AUDIO,,,PENDING,,,,,,,FOUND_NEARBY,,
TEM-000680,public/audio/sfx/mob_mudfin_aggro_1.mp3,Audio,AUDIO,,,PENDING,,,,,,,FOUND_NEARBY,,
TEM-000681,public/audio/sfx/mob_humanoid_aggro_2.mp3,Audio,AUDIO,,,PENDING,,,,,,,FOUND_NEARBY,,
TEM-000682,public/audio/sfx/blind.mp3,Audio,AUDIO,,,PENDING,,,,,,,FOUND_NEARBY,,
TEM-000683,public/audio/sfx/foot_wood_4.mp3,Audio,AUDIO,,,PENDING,,,,,,,FOUND_NEARBY,,
TEM-000684,public/audio/sfx/cast_arcane.mp3,Audio,AUDIO,,,PENDING,,,,,,,FOUND_NEARBY,,
TEM-000685,public/audio/sfx/mob_undead_skeleton_hurt_1.mp3,Audio,AUDIO,,,PENDING,,,,,,,FOUND_NEARBY,,
TEM-000686,public/audio/sfx/ui_craft_jewelcrafting.mp3,Audio,AUDIO,,,PENDING,,,,,,,FOUND_NEARBY,,
TEM-000687,public/audio/sfx/mob_undead_skeleton_death_1.mp3,Audio,AUDIO,,,PENDING,,,,,,,FOUND_NEARBY,,
TEM-000688,public/audio/sfx/mob_beast_aggro_2.mp3,Audio,AUDIO,,,PENDING,,,,,,,FOUND_NEARBY,,
TEM-000689,public/audio/sfx/foot_snow_3.mp3,Audio,AUDIO,,,PENDING,,,,,,,FOUND_NEARBY,,
TEM-000690,public/audio/sfx/impact_flesh_1.mp3,Audio,AUDIO,,,PENDING,,,,,,,FOUND_NEARBY,,
TEM-000691,public/audio/sfx/move_swim_5.mp3,Audio,AUDIO,,,PENDING,,,,,,,FOUND_NEARBY,,
TEM-000692,public/audio/sfx/mob_beast_wolf_attack_3.mp3,Audio,AUDIO,,,PENDING,,,,,,,FOUND_NEARBY,,
TEM-000693,public/audio/sfx/melee_swing_heavy_6.mp3,Audio,AUDIO,,,PENDING,,,,,,,FOUND_NEARBY,,
TEM-000694,public/audio/sfx/quest_complete_1.mp3,Audio,AUDIO,,,PENDING,,,,,,,FOUND_NEARBY,,
TEM-000695,public/audio/sfx/player_eat_food.mp3,Audio,AUDIO,,,PENDING,,,,,,,FOUND_NEARBY,,
TEM-000696,public/audio/sfx/fear.mp3,Audio,AUDIO,,,PENDING,,,,,,,FOUND_NEARBY,,
TEM-000697,public/audio/sfx/blink.mp3,Audio,AUDIO,,,PENDING,,,,,,,FOUND_NEARBY,,
TEM-000698,public/audio/sfx/mob_ogre_aggro_2.mp3,Audio,AUDIO,,,PENDING,,,,,,,FOUND_NEARBY,,
TEM-000699,public/audio/sfx/mob_burrower_idle_1.mp3,Audio,AUDIO,,,PENDING,,,,,,,FOUND_NEARBY,,
TEM-000700,public/audio/sfx/melee_swing_light_7.mp3,Audio,AUDIO,,,PENDING,,,,,,,FOUND_NEARBY,,
TEM-000701,public/audio/sfx/mob_elemental_attack_1.mp3,Audio,AUDIO,,,PENDING,,,,,,,FOUND_NEARBY,,
TEM-000702,public/audio/sfx/mob_undead_skeleton_idle_2.mp3,Audio,AUDIO,,,PENDING,,,,,,,FOUND_NEARBY,,
TEM-000703,public/audio/sfx/melee_swing_blade_4.mp3,Audio,AUDIO,,,PENDING,,,,,,,FOUND_NEARBY,,
TEM-000704,public/audio/sfx/foot_dirt_3.mp3,Audio,AUDIO,,,PENDING,,,,,,,FOUND_NEARBY,,
TEM-000705,public/audio/sfx/mob_reptile_attack_3.mp3,Audio,AUDIO,,,PENDING,,,,,,,FOUND_NEARBY,,
TEM-000706,public/audio/sfx/mob_troll_hurt.mp3,Audio,AUDIO,,,PENDING,,,,,,,FOUND_NEARBY,,
TEM-000707,public/audio/sfx/wand_shadow_2.mp3,Audio,AUDIO,,,PENDING,,,,,,,FOUND_NEARBY,,
TEM-000708,public/audio/voice/stablemaster_marla/quest__q_riding_lessons__offer.mp3,Audio,AUDIO,,,PENDING,,,,,,,FOUND_NEARBY,,
TEM-000709,public/audio/voice/stablemaster_marla/quest__q_riding_lessons__complete.mp3,Audio,AUDIO,,,PENDING,,,,,,,FOUND_NEARBY,,
TEM-000710,public/audio/voice/stablemaster_marla/greeting__stablemaster_marla.mp3,Audio,AUDIO,,,PENDING,,,,,,,FOUND_NEARBY,,
TEM-000711,public/audio/voice/vicar_creel/quest__q_ww_the_last_vicar__complete.mp3,Audio,AUDIO,,,PENDING,,,,,,,FOUND_NEARBY,,
TEM-000712,public/audio/voice/vicar_creel/quest__q_ww_what_the_bark_holds__offer.mp3,Audio,AUDIO,,,PENDING,,,,,,,FOUND_NEARBY,,
TEM-000713,public/audio/voice/vicar_creel/greeting__vicar_creel.mp3,Audio,AUDIO,,,PENDING,,,,,,,FOUND_NEARBY,,
TEM-000714,public/audio/voice/vicar_creel/quest__q_ww_wraiths_of_the_tarn__offer.mp3,Audio,AUDIO,,,PENDING,,,,,,,FOUND_NEARBY,,
TEM-000715,public/audio/voice/vicar_creel/quest__q_ww_horn_of_the_huntsman__complete.mp3,Audio,AUDIO,,,PENDING,,,,,,,FOUND_NEARBY,,
TEM-000716,public/audio/voice/vicar_creel/quest__q_ww_horn_of_the_huntsman__offer.mp3,Audio,AUDIO,,,PENDING,,,,,,,FOUND_NEARBY,,
TEM-000717,public/audio/voice/vicar_creel/quest__q_ww_what_the_bark_holds__complete.mp3,Audio,AUDIO,,,PENDING,,,,,,,FOUND_NEARBY,,
TEM-000718,public/audio/voice/vicar_creel/quest__q_ww_wraiths_of_the_tarn__complete.mp3,Audio,AUDIO,,,PENDING,,,,,,,FOUND_NEARBY,,
TEM-000719,public/audio/voice/waykeeper_pell/quest__q_wf_across_the_fenway__offer.mp3,Audio,AUDIO,,,PENDING,,,,,,,FOUND_NEARBY,,
TEM-000720,public/audio/voice/waykeeper_pell/greeting__waykeeper_pell.mp3,Audio,AUDIO,,,PENDING,,,,,,,FOUND_NEARBY,,
TEM-000721,public/audio/voice/cook_marlow/quest__q_prof_workorder_kitchens__offer.mp3,Audio,AUDIO,,,PENDING,,,,,,,FOUND_NEARBY,,
TEM-000722,public/audio/voice/cook_marlow/quest__q_prof_attune_apothecary__offer.mp3,Audio,AUDIO,,,PENDING,,,,,,,FOUND_NEARBY,,
TEM-000723,public/audio/voice/cook_marlow/quest__q_prof_attune_apothecary__complete.mp3,Audio,AUDIO,,,PENDING,,,,,,,FOUND_NEARBY,,
TEM-000724,public/audio/voice/cook_marlow/quest__q_prof_workorder_kitchens__complete.mp3,Audio,AUDIO,,,PENDING,,,,,,,FOUND_NEARBY,,
TEM-000725,public/audio/voice/cook_marlow/quest__q_prof_amends_apothecary__offer.mp3,Audio,AUDIO,,,PENDING,,,,,,,FOUND_NEARBY,,
TEM-000726,public/audio/voice/cook_marlow/greeting__cook_marlow.mp3,Audio,AUDIO,,,PENDING,,,,,,,FOUND_NEARBY,,
TEM-000727,public/audio/voice/cook_marlow/quest__q_prof_amends_apothecary__complete.mp3,Audio,AUDIO,,,PENDING,,,,,,,FOUND_NEARBY,,
TEM-000728,public/audio/voice/foreman_odell/quest__q_prof_intro__offer.mp3,Audio,AUDIO,,,PENDING,,,,,,,FOUND_NEARBY,,
TEM-000729,public/audio/voice/foreman_odell/quest__q_mine__complete.mp3,Audio,AUDIO,,,PENDING,,,,,,,FOUND_NEARBY,,
TEM-000730,public/audio/voice/foreman_odell/quest__q_prof_intro__complete.mp3,Audio,AUDIO,,,PENDING,,,,,,,FOUND_NEARBY,,
TEM-000731,public/audio/voice/foreman_odell/quest__q_mine__offer.mp3,Audio,AUDIO,,,PENDING,,,,,,,FOUND_NEARBY,,
TEM-000732,public/audio/voice/foreman_odell/greeting__foreman_odell.mp3,Audio,AUDIO,,,PENDING,,,,,,,FOUND_NEARBY,,
TEM-000733,public/audio/voice/ferrymaster_caddow/quest__q_af_the_meredark__complete.mp3,Audio,AUDIO,,,PENDING,,,,,,,FOUND_NEARBY,,
TEM-000734,public/audio/voice/ferrymaster_caddow/quest__q_af_lanterns_on_the_water__complete.mp3,Audio,AUDIO,,,PENDING,,,,,,,FOUND_NEARBY,,
TEM-000735,public/audio/voice/ferrymaster_caddow/greeting__ferrymaster_caddow.mp3,Audio,AUDIO,,,PENDING,,,,,,,FOUND_NEARBY,,
TEM-000736,public/audio/voice/ferrymaster_caddow/quest__q_af_lanterns_on_the_water__offer.mp3,Audio,AUDIO,,,PENDING,,,,,,,FOUND_NEARBY,,
TEM-000737,public/audio/voice/ferrymaster_caddow/quest__q_af_the_meredark__offer.mp3,Audio,AUDIO,,,PENDING,,,,,,,FOUND_NEARBY,,
TEM-000738,public/audio/voice/ferrymaster_caddow/quest__q_af_what_took_the_moorings__complete.mp3,Audio,AUDIO,,,PENDING,,,,,,,FOUND_NEARBY,,
TEM-000739,public/audio/voice/ferrymaster_caddow/quest__q_af_what_took_the_moorings__offer.mp3,Audio,AUDIO,,,PENDING,,,,,,,FOUND_NEARBY,,
TEM-000740,public/audio/voice/warden_kaldra/quest__q_fv_wolves_at_the_door__complete.mp3,Audio,AUDIO,,,PENDING,,,,,,,FOUND_NEARBY,,
TEM-000741,public/audio/voice/warden_kaldra/quest__q_fv_howl_above__offer.mp3,Audio,AUDIO,,,PENDING,,,,,,,FOUND_NEARBY,,
TEM-000742,public/audio/voice/warden_kaldra/quest__q_fv_frostmane_tyrant__offer.mp3,Audio,AUDIO,,,PENDING,,,,,,,FOUND_NEARBY,,
TEM-000743,public/audio/voice/warden_kaldra/greeting__warden_kaldra.mp3,Audio,AUDIO,,,PENDING,,,,,,,FOUND_NEARBY,,
TEM-000744,public/audio/voice/warden_kaldra/quest__q_fv_lights_over_steps__offer.mp3,Audio,AUDIO,,,PENDING,,,,,,,FOUND_NEARBY,,
TEM-000745,public/audio/voice/warden_kaldra/quest__q_fv_snowline_report__complete.mp3,Audio,AUDIO,,,PENDING,,,,,,,FOUND_NEARBY,,
TEM-000746,public/audio/voice/warden_kaldra/quest__q_fv_frostmane_tyrant__complete.mp3,Audio,AUDIO,,,PENDING,,,,,,,FOUND_NEARBY,,
TEM-000747,public/audio/voice/warden_kaldra/quest__q_fv_howl_above__complete.mp3,Audio,AUDIO,,,PENDING,,,,,,,FOUND_NEARBY,,
TEM-000748,public/audio/voice/warden_kaldra/quest__q_fv_wolves_at_the_door__offer.mp3,Audio,AUDIO,,,PENDING,,,,,,,FOUND_NEARBY,,
TEM-000749,public/audio/voice/head_gardener_amaranth/greeting__head_gardener_amaranth.mp3,Audio,AUDIO,,,PENDING,,,,,,,FOUND_NEARBY,,
TEM-000750,public/audio/voice/head_gardener_amaranth/quest__q_eg_hungry_shapes__offer.mp3,Audio,AUDIO,,,PENDING,,,,,,,FOUND_NEARBY,,
TEM-000751,public/audio/voice/head_gardener_amaranth/quest__q_eg_hungry_shapes__complete.mp3,Audio,AUDIO,,,PENDING,,,,,,,FOUND_NEARBY,,
TEM-000752,public/audio/voice/head_gardener_amaranth/quest__q_eg_who_trims_the_hedges__offer.mp3,Audio,AUDIO,,,PENDING,,,,,,,FOUND_NEARBY,,
TEM-000753,public/audio/voice/head_gardener_amaranth/quest__q_eg_gate_report__complete.mp3,Audio,AUDIO,,,PENDING,,,,,,,FOUND_NEARBY,,
TEM-000754,public/audio/voice/tinker_gizzel/quest__q_prof_amends_bombardier__offer.mp3,Audio,AUDIO,,,PENDING,,,,,,,FOUND_NEARBY,,
TEM-000755,public/audio/voice/tinker_gizzel/greeting__tinker_gizzel.mp3,Audio,AUDIO,,,PENDING,,,,,,,FOUND_NEARBY,,
TEM-000756,public/audio/voice/tinker_gizzel/quest__q_prof_amends_bombardier__complete.mp3,Audio,AUDIO,,,PENDING,,,,,,,FOUND_NEARBY,,
TEM-000757,public/audio/voice/tinker_gizzel/quest__q_prof_attune_bombardier__complete.mp3,Audio,AUDIO,,,PENDING,,,,,,,FOUND_NEARBY,,
TEM-000758,public/audio/voice/tinker_gizzel/quest__q_prof_workorder_toolworks__complete.mp3,Audio,AUDIO,,,PENDING,,,,,,,FOUND_NEARBY,,
TEM-000759,public/audio/voice/tinker_gizzel/quest__q_prof_attune_bombardier__offer.mp3,Audio,AUDIO,,,PENDING,,,,,,,FOUND_NEARBY,,
TEM-000760,public/audio/voice/tinker_gizzel/quest__q_prof_workorder_toolworks__offer.mp3,Audio,AUDIO,,,PENDING,,,,,,,FOUND_NEARBY,,
TEM-000761,public/audio/voice/quartermaster_bree/greeting__quartermaster_bree.mp3,Audio,AUDIO,,,PENDING,,,,,,,FOUND_NEARBY,,
TEM-000762,public/audio/voice/quartermaster_bree/quest__q_stalker_cloaks__offer.mp3,Audio,AUDIO,,,PENDING,,,,,,,FOUND_NEARBY,,
TEM-000763,public/audio/voice/quartermaster_bree/quest__q_glowing_wax__complete.mp3,Audio,AUDIO,,,PENDING,,,,,,,FOUND_NEARBY,,
TEM-000764,public/audio/voice/quartermaster_bree/quest__q_stalker_cloaks__complete.mp3,Audio,AUDIO,,,PENDING,,,,,,,FOUND_NEARBY,,
TEM-000765,public/audio/voice/quartermaster_bree/quest__q_stalker_pelts__offer.mp3,Audio,AUDIO,,,PENDING,,,,,,,FOUND_NEARBY,,
TEM-000766,public/audio/voice/quartermaster_bree/quest__q_stalker_pelts__complete.mp3,Audio,AUDIO,,,PENDING,,,,,,,FOUND_NEARBY,,
TEM-000767,public/audio/voice/quartermaster_bree/quest__q_glowing_wax__offer.mp3,Audio,AUDIO,,,PENDING,,,,,,,FOUND_NEARBY,,
TEM-000768,public/audio/voice/lampman_cobb/quest__q_ww_bells_of_gallowmere__offer.mp3,Audio,AUDIO,,,PENDING,,,,,,,FOUND_NEARBY,,
TEM-000769,public/audio/voice/lampman_cobb/greeting__lampman_cobb.mp3,Audio,AUDIO,,,PENDING,,,,,,,FOUND_NEARBY,,
TEM-000770,public/audio/voice/pearlmother_isha/quest__q_pr_boars_in_the_gardens__offer.mp3,Audio,AUDIO,,,PENDING,,,,,,,FOUND_NEARBY,,
TEM-000771,public/audio/voice/pearlmother_isha/quest__q_pr_the_man_who_went_in__offer.mp3,Audio,AUDIO,,,PENDING,,,,,,,FOUND_NEARBY,,
TEM-000772,public/audio/voice/pearlmother_isha/quest__q_pr_boars_in_the_gardens__complete.mp3,Audio,AUDIO,,,PENDING,,,,,,,FOUND_NEARBY,,
TEM-000773,public/audio/voice/pearlmother_isha/greeting__pearlmother_isha.mp3,Audio,AUDIO,,,PENDING,,,,,,,FOUND_NEARBY,,
TEM-000774,public/audio/voice/heroic_quartermaster/greeting__heroic_quartermaster.mp3,Audio,AUDIO,,,PENDING,,,,,,,FOUND_NEARBY,,
TEM-000775,public/audio/voice/sexton_marrow/quest__q_ww_walking_mosley_home__offer.mp3,Audio,AUDIO,,,PENDING,,,,,,,FOUND_NEARBY,,
TEM-000776,public/audio/voice/sexton_marrow/quest__q_ww_bells_of_gallowmere__complete.mp3,Audio,AUDIO,,,PENDING,,,,,,,FOUND_NEARBY,,
TEM-000777,public/audio/voice/sexton_marrow/quest__q_ww_the_last_vicar__offer.mp3,Audio,AUDIO,,,PENDING,,,,,,,FOUND_NEARBY,,
TEM-000778,public/audio/voice/sexton_marrow/quest__q_ww_walking_mosley_home__complete.mp3,Audio,AUDIO,,,PENDING,,,,,,,FOUND_NEARBY,,
TEM-000779,public/audio/voice/sexton_marrow/quest__q_ww_silk_in_the_eaves__complete.mp3,Audio,AUDIO,,,PENDING,,,,,,,FOUND_NEARBY,,
TEM-000780,public/audio/voice/sexton_marrow/quest__q_ww_silk_in_the_eaves__offer.mp3,Audio,AUDIO,,,PENDING,,,,,,,FOUND_NEARBY,,
TEM-000781,public/audio/voice/sexton_marrow/greeting__sexton_marrow.mp3,Audio,AUDIO,,,PENDING,,,,,,,FOUND_NEARBY,,
TEM-000782,public/audio/voice/watcher_maren/quest__q_gc_down_the_windway__offer.mp3,Audio,AUDIO,,,PENDING,,,,,,,FOUND_NEARBY,,
TEM-000783,public/audio/voice/watcher_maren/greeting__watcher_maren.mp3,Audio,AUDIO,,,PENDING,,,,,,,FOUND_NEARBY,,
TEM-000784,public/audio/voice/harbormaster_odile/quest__q_gc_wool_off_the_downs__complete.mp3,Audio,AUDIO,,,PENDING,,,,,,,FOUND_NEARBY,,
TEM-000785,public/audio/voice/harbormaster_odile/greeting__harbormaster_odile.mp3,Audio,AUDIO,,,PENDING,,,,,,,FOUND_NEARBY,,
TEM-000786,public/audio/voice/harbormaster_odile/quest__q_gc_scuttlers_in_the_pots__offer.mp3,Audio,AUDIO,,,PENDING,,,,,,,FOUND_NEARBY,,
TEM-000787,public/audio/voice/harbormaster_odile/quest__q_gc_scuttlers_in_the_pots__complete.mp3,Audio,AUDIO,,,PENDING,,,,,,,FOUND_NEARBY,,
TEM-000788,public/audio/voice/harbormaster_odile/quest__q_gc_down_the_windway__complete.mp3,Audio,AUDIO,,,PENDING,,,,,,,FOUND_NEARBY,,
TEM-000789,public/audio/voice/harbormaster_odile/quest__q_gc_keeper_of_the_flame__offer.mp3,Audio,AUDIO,,,PENDING,,,,,,,FOUND_NEARBY,,
TEM-000790,public/audio/voice/harbormaster_odile/quest__q_gc_wool_off_the_downs__offer.mp3,Audio,AUDIO,,,PENDING,,,,,,,FOUND_NEARBY,,
TEM-000791,public/audio/voice/armorer_hode/greeting__armorer_hode.mp3,Audio,AUDIO,,,PENDING,,,,,,,FOUND_NEARBY,,
TEM-000792,public/audio/voice/widow_tansy/quest__q_ww_candles_at_the_bounds__complete.mp3,Audio,AUDIO,,,PENDING,,,,,,,FOUND_NEARBY,,
TEM-000793,public/audio/voice/widow_tansy/quest__q_ww_candles_at_the_bounds__offer.mp3,Audio,AUDIO,,,PENDING,,,,,,,FOUND_NEARBY,,
TEM-000794,public/audio/voice/widow_tansy/quest__q_ww_widows_skeins__offer.mp3,Audio,AUDIO,,,PENDING,,,,,,,FOUND_NEARBY,,
TEM-000795,public/audio/voice/widow_tansy/quest__q_ww_widows_skeins__complete.mp3,Audio,AUDIO,,,PENDING,,,,,,,FOUND_NEARBY,,
TEM-000796,public/audio/voice/widow_tansy/greeting__widow_tansy.mp3,Audio,AUDIO,,,PENDING,,,,,,,FOUND_NEARBY,,
TEM-000797,public/audio/voice/gardener_yew/quest__q_eg_bull_of_the_court__offer.mp3,Audio,AUDIO,,,PENDING,,,,,,,FOUND_NEARBY,,
TEM-000798,public/audio/voice/gardener_yew/greeting__gardener_yew.mp3,Audio,AUDIO,,,PENDING,,,,,,,FOUND_NEARBY,,
TEM-000799,public/audio/voice/gardener_yew/quest__q_eg_bloom_clippings__offer.mp3,Audio,AUDIO,,,PENDING,,,,,,,FOUND_NEARBY,,
TEM-000800,public/audio/voice/gardener_yew/quest__q_eg_four_statues__complete.mp3,Audio,AUDIO,,,PENDING,,,,,,,FOUND_NEARBY,,
TEM-000801,public/audio/voice/gardener_yew/quest__q_eg_four_statues__offer.mp3,Audio,AUDIO,,,PENDING,,,,,,,FOUND_NEARBY,,
TEM-000802,public/audio/voice/gardener_yew/quest__q_eg_who_trims_the_hedges__complete.mp3,Audio,AUDIO,,,PENDING,,,,,,,FOUND_NEARBY,,
TEM-000803,public/audio/voice/gardener_yew/quest__q_eg_bull_of_the_court__complete.mp3,Audio,AUDIO,,,PENDING,,,,,,,FOUND_NEARBY,,
TEM-000804,public/audio/voice/gardener_yew/quest__q_eg_bloom_clippings__complete.mp3,Audio,AUDIO,,,PENDING,,,,,,,FOUND_NEARBY,,
TEM-000805,public/audio/voice/salvage_boss_ryna/quest__q_pr_wreck_line_cargo__offer.mp3,Audio,AUDIO,,,PENDING,,,,,,,FOUND_NEARBY,,
TEM-000806,public/audio/voice/salvage_boss_ryna/quest__q_pr_scuttler_cull__offer.mp3,Audio,AUDIO,,,PENDING,,,,,,,FOUND_NEARBY,,
TEM-000807,public/audio/voice/salvage_boss_ryna/quest__q_pr_down_to_drifthaven__complete.mp3,Audio,AUDIO,,,PENDING,,,,,,,FOUND_NEARBY,,
TEM-000808,public/audio/voice/salvage_boss_ryna/quest__q_pr_wreck_line_cargo__complete.mp3,Audio,AUDIO,,,PENDING,,,,,,,FOUND_NEARBY,,
TEM-000809,public/audio/voice/salvage_boss_ryna/quest__q_pr_the_lost_navigator__offer.mp3,Audio,AUDIO,,,PENDING,,,,,,,FOUND_NEARBY,,
TEM-000810,public/audio/voice/salvage_boss_ryna/quest__q_pr_the_lost_navigator__complete.mp3,Audio,AUDIO,,,PENDING,,,,,,,FOUND_NEARBY,,
TEM-000811,public/audio/voice/salvage_boss_ryna/greeting__salvage_boss_ryna.mp3,Audio,AUDIO,,,PENDING,,,,,,,FOUND_NEARBY,,
TEM-000812,public/audio/voice/salvage_boss_ryna/quest__q_pr_scuttler_cull__complete.mp3,Audio,AUDIO,,,PENDING,,,,,,,FOUND_NEARBY,,
TEM-000813,public/audio/voice/chronicler_edda_hartwell/greeting__chronicler_edda_hartwell.mp3,Audio,AUDIO,,,PENDING,,,,,,,FOUND_NEARBY,,
TEM-000814,public/audio/voice/provisioner_hale/quest__q_grubjaw__complete.mp3,Audio,AUDIO,,,PENDING,,,,,,,FOUND_NEARBY,,
TEM-000815,public/audio/voice/provisioner_hale/greeting__provisioner_hale.mp3,Audio,AUDIO,,,PENDING,,,,,,,FOUND_NEARBY,,
TEM-000816,public/audio/voice/provisioner_hale/quest__q_fen_supplies__offer.mp3,Audio,AUDIO,,,PENDING,,,,,,,FOUND_NEARBY,,
TEM-000817,public/audio/voice/provisioner_hale/quest__q_prowler_pelts__offer.mp3,Audio,AUDIO,,,PENDING,,,,,,,FOUND_NEARBY,,
TEM-000818,public/audio/voice/provisioner_hale/quest__q_the_codfather__complete.mp3,Audio,AUDIO,,,PENDING,,,,,,,FOUND_NEARBY,,
TEM-000819,public/audio/voice/provisioner_hale/quest__q_fen_supplies__complete.mp3,Audio,AUDIO,,,PENDING,,,,,,,FOUND_NEARBY,,
TEM-000820,public/audio/voice/provisioner_hale/quest__q_the_codfather__offer.mp3,Audio,AUDIO,,,PENDING,,,,,,,FOUND_NEARBY,,
TEM-000821,public/audio/voice/provisioner_hale/quest__q_prowler_pelts__complete.mp3,Audio,AUDIO,,,PENDING,,,,,,,FOUND_NEARBY,,
TEM-000822,public/audio/voice/provisioner_hale/quest__q_grubjaw__offer.mp3,Audio,AUDIO,,,PENDING,,,,,,,FOUND_NEARBY,,
TEM-000823,public/audio/voice/nythraxis/yell__what_have_you_done.mp3,Audio,AUDIO,,,PENDING,,,,,,,FOUND_NEARBY,,
TEM-000824,public/audio/voice/nythraxis/yell__another_kingdom_comes_to_challenge_me.mp3,Audio,AUDIO,,,PENDING,,,,,,,FOUND_NEARBY,,
TEM-000825,public/audio/voice/nythraxis/yell__malric.mp3,Audio,AUDIO,,,PENDING,,,,,,,FOUND_NEARBY,,
TEM-000826,public/audio/voice/nythraxis/yell__another_priest.mp3,Audio,AUDIO,,,PENDING,,,,,,,FOUND_NEARBY,,
TEM-000827,public/audio/voice/nythraxis/yell__you_cannot_stop_what_was_promised.mp3,Audio,AUDIO,,,PENDING,,,,,,,FOUND_NEARBY,,
TEM-000828,public/audio/voice/nythraxis/yell__i_will_not_lose_it_again.mp3,Audio,AUDIO,,,PENDING,,,,,,,FOUND_NEARBY,,
TEM-000829,public/audio/voice/nythraxis/yell__you_will_join_the_rest.mp3,Audio,AUDIO,,,PENDING,,,,,,,FOUND_NEARBY,,
TEM-000830,public/audio/voice/nythraxis/yell__rise_once_more.mp3,Audio,AUDIO,,,PENDING,,,,,,,FOUND_NEARBY,,
TEM-000831,public/audio/voice/nythraxis/yell__your_king_commands_it.mp3,Audio,AUDIO,,,PENDING,,,,,,,FOUND_NEARBY,,
TEM-000832,public/audio/voice/nythraxis/yell__witness_true_eternity.mp3,Audio,AUDIO,,,PENDING,,,,,,,FOUND_NEARBY,,
TEM-000833,public/audio/voice/nythraxis/yell__kneel_before_your_king.mp3,Audio,AUDIO,,,PENDING,,,,,,,FOUND_NEARBY,,
TEM-000834,public/audio/voice/nythraxis/yell__your_spirit_belongs_to_me.mp3,Audio,AUDIO,,,PENDING,,,,,,,FOUND_NEARBY,,
TEM-000835,public/audio/voice/nythraxis/yell__i_built_a_kingdom.mp3,Audio,AUDIO,,,PENDING,,,,,,,FOUND_NEARBY,,
TEM-000836,public/audio/voice/fisherman_brandt/quest__q_murlocs__offer.mp3,Audio,AUDIO,,,PENDING,,,,,,,FOUND_NEARBY,,
TEM-000837,public/audio/voice/fisherman_brandt/greeting__fisherman_brandt.mp3,Audio,AUDIO,,,PENDING,,,,,,,FOUND_NEARBY,,
TEM-000838,public/audio/voice/fisherman_brandt/quest__q_murlocs__complete.mp3,Audio,AUDIO,,,PENDING,,,,,,,FOUND_NEARBY,,
TEM-000839,public/audio/voice/fury/greeting__fury.mp3,Audio,AUDIO,,,PENDING,,,,,,,FOUND_NEARBY,,
TEM-000840,public/audio/voice/lamplighter_sorrel/quest__q_nb_road_of_lanterns__offer.mp3,Audio,AUDIO,,,PENDING,,,,,,,FOUND_NEARBY,,
TEM-000841,public/audio/voice/lamplighter_sorrel/greeting__lamplighter_sorrel.mp3,Audio,AUDIO,,,PENDING,,,,,,,FOUND_NEARBY,,
TEM-000842,public/audio/voice/loremother_bryn/quest__q_treant_accord__complete.mp3,Audio,AUDIO,,,PENDING,,,,,,,FOUND_NEARBY,,
TEM-000843,public/audio/voice/loremother_bryn/quest__q_spore_tide__complete.mp3,Audio,AUDIO,,,PENDING,,,,,,,FOUND_NEARBY,,
TEM-000844,public/audio/voice/loremother_bryn/quest__q_wisp_lights__offer.mp3,Audio,AUDIO,,,PENDING,,,,,,,FOUND_NEARBY,,
TEM-000845,public/audio/voice/loremother_bryn/quest__q_spore_tide__offer.mp3,Audio,AUDIO,,,PENDING,,,,,,,FOUND_NEARBY,,
TEM-000846,public/audio/voice/loremother_bryn/quest__q_treant_accord__offer.mp3,Audio,AUDIO,,,PENDING,,,,,,,FOUND_NEARBY,,
TEM-000847,public/audio/voice/loremother_bryn/quest__q_wisp_lights__complete.mp3,Audio,AUDIO,,,PENDING,,,,,,,FOUND_NEARBY,,
TEM-000848,public/audio/voice/loremother_bryn/quest__q_spore_hearts__offer.mp3,Audio,AUDIO,,,PENDING,,,,,,,FOUND_NEARBY,,
TEM-000849,public/audio/voice/loremother_bryn/greeting__loremother_bryn.mp3,Audio,AUDIO,,,PENDING,,,,,,,FOUND_NEARBY,,
TEM-000850,public/audio/voice/loremother_bryn/quest__q_spore_hearts__complete.mp3,Audio,AUDIO,,,PENDING,,,,,,,FOUND_NEARBY,,
TEM-000851,public/audio/voice/mother_sedge/quest__q_wf_croakers_hush__complete.mp3,Audio,AUDIO,,,PENDING,,,,,,,FOUND_NEARBY,,
TEM-000852,public/audio/voice/mother_sedge/quest__q_wf_croakers_hush__offer.mp3,Audio,AUDIO,,,PENDING,,,,,,,FOUND_NEARBY,,
TEM-000853,public/audio/voice/mother_sedge/quest__q_wf_witch_of_willowweep__complete.mp3,Audio,AUDIO,,,PENDING,,,,,,,FOUND_NEARBY,,
TEM-000854,public/audio/voice/mother_sedge/quest__q_wf_wisplight_charms__complete.mp3,Audio,AUDIO,,,PENDING,,,,,,,FOUND_NEARBY,,
TEM-000855,public/audio/voice/mother_sedge/greeting__mother_sedge.mp3,Audio,AUDIO,,,PENDING,,,,,,,FOUND_NEARBY,,
TEM-000856,public/audio/voice/mother_sedge/quest__q_wf_wisplight_charms__offer.mp3,Audio,AUDIO,,,PENDING,,,,,,,FOUND_NEARBY,,
TEM-000857,public/audio/voice/provisioner_fenna/quest__q_grove_menace__complete.mp3,Audio,AUDIO,,,PENDING,,,,,,,FOUND_NEARBY,,
TEM-000858,public/audio/voice/provisioner_fenna/quest__q_gleaming_antlers__complete.mp3,Audio,AUDIO,,,PENDING,,,,,,,FOUND_NEARBY,,
TEM-000859,public/audio/voice/provisioner_fenna/quest__q_hollow_the_huntsman__offer.mp3,Audio,AUDIO,,,PENDING,,,,,,,FOUND_NEARBY,,
TEM-000860,public/audio/voice/provisioner_fenna/quest__q_gleaming_antlers__offer.mp3,Audio,AUDIO,,,PENDING,,,,,,,FOUND_NEARBY,,
TEM-000861,public/audio/voice/provisioner_fenna/quest__q_grove_menace__offer.mp3,Audio,AUDIO,,,PENDING,,,,,,,FOUND_NEARBY,,
TEM-000862,public/audio/voice/provisioner_fenna/greeting__provisioner_fenna.mp3,Audio,AUDIO,,,PENDING,,,,,,,FOUND_NEARBY,,
TEM-000863,public/audio/voice/bursar_fernando/greeting__bursar_fernando.mp3,Audio,AUDIO,,,PENDING,,,,,,,FOUND_NEARBY,,
TEM-000864,public/audio/voice/reeve_ottoline/quest__q_af_goldmelt_road__complete.mp3,Audio,AUDIO,,,PENDING,,,,,,,FOUND_NEARBY,,
TEM-000865,public/audio/voice/reeve_ottoline/quest__q_af_orchard_call__offer.mp3,Audio,AUDIO,,,PENDING,,,,,,,FOUND_NEARBY,,
TEM-000866,public/audio/voice/reeve_ottoline/quest__q_af_foxes_in_the_lamplight__complete.mp3,Audio,AUDIO,,,PENDING,,,,,,,FOUND_NEARBY,,
TEM-000867,public/audio/voice/reeve_ottoline/quest__q_af_foxes_in_the_lamplight__offer.mp3,Audio,AUDIO,,,PENDING,,,,,,,FOUND_NEARBY,,
TEM-000868,public/audio/voice/reeve_ottoline/greeting__reeve_ottoline.mp3,Audio,AUDIO,,,PENDING,,,,,,,FOUND_NEARBY,,
TEM-000869,public/audio/voice/trapper_brosk/quest__q_fv_seeing_wren_home__offer.mp3,Audio,AUDIO,,,PENDING,,,,,,,FOUND_NEARBY,,
TEM-000870,public/audio/voice/trapper_brosk/quest__q_fv_sprung_traps__complete.mp3,Audio,AUDIO,,,PENDING,,,,,,,FOUND_NEARBY,,
TEM-000871,public/audio/voice/trapper_brosk/quest__q_fv_sprung_traps__offer.mp3,Audio,AUDIO,,,PENDING,,,,,,,FOUND_NEARBY,,
TEM-000872,public/audio/voice/trapper_brosk/greeting__trapper_brosk.mp3,Audio,AUDIO,,,PENDING,,,,,,,FOUND_NEARBY,,
TEM-000873,public/audio/voice/trapper_brosk/quest__q_fv_silent_trapline__complete.mp3,Audio,AUDIO,,,PENDING,,,,,,,FOUND_NEARBY,,
TEM-000874,public/audio/voice/astronomer_cassian/greeting__astronomer_cassian.mp3,Audio,AUDIO,,,PENDING,,,,,,,FOUND_NEARBY,,
TEM-000875,public/audio/voice/astronomer_cassian/quest__q_nb_the_barrow_king__offer.mp3,Audio,AUDIO,,,PENDING,,,,,,,FOUND_NEARBY,,
TEM-000876,public/audio/voice/astronomer_cassian/quest__q_nb_charts_of_the_stones__complete.mp3,Audio,AUDIO,,,PENDING,,,,,,,FOUND_NEARBY,,
TEM-000877,public/audio/voice/astronomer_cassian/quest__q_nb_restless_mounds__complete.mp3,Audio,AUDIO,,,PENDING,,,,,,,FOUND_NEARBY,,
TEM-000878,public/audio/voice/astronomer_cassian/quest__q_nb_restless_mounds__offer.mp3,Audio,AUDIO,,,PENDING,,,,,,,FOUND_NEARBY,,
TEM-000879,public/audio/voice/astronomer_cassian/quest__q_nb_charts_of_the_stones__offer.mp3,Audio,AUDIO,,,PENDING,,,,,,,FOUND_NEARBY,,
TEM-000880,public/audio/voice/astronomer_cassian/quest__q_nb_eyes_on_the_vigil__complete.mp3,Audio,AUDIO,,,PENDING,,,,,,,FOUND_NEARBY,,
TEM-000881,public/audio/voice/astronomer_cassian/quest__q_nb_the_barrow_king__complete.mp3,Audio,AUDIO,,,PENDING,,,,,,,FOUND_NEARBY,,
TEM-000882,public/audio/voice/weaver_ottilie/quest__q_prof_amends_outfitter__offer.mp3,Audio,AUDIO,,,PENDING,,,,,,,FOUND_NEARBY,,
TEM-000883,public/audio/voice/weaver_ottilie/quest__q_prof_attune_outfitter__complete.mp3,Audio,AUDIO,,,PENDING,,,,,,,FOUND_NEARBY,,
TEM-000884,public/audio/voice/weaver_ottilie/quest__q_prof_amends_outfitter__complete.mp3,Audio,AUDIO,,,PENDING,,,,,,,FOUND_NEARBY,,
TEM-000885,public/audio/voice/weaver_ottilie/quest__q_prof_attune_outfitter__offer.mp3,Audio,AUDIO,,,PENDING,,,,,,,FOUND_NEARBY,,
TEM-000886,public/audio/voice/weaver_ottilie/quest__q_prof_workorder_loom__complete.mp3,Audio,AUDIO,,,PENDING,,,,,,,FOUND_NEARBY,,
TEM-000887,public/audio/voice/weaver_ottilie/greeting__weaver_ottilie.mp3,Audio,AUDIO,,,PENDING,,,,,,,FOUND_NEARBY,,
TEM-000888,public/audio/voice/weaver_ottilie/quest__q_prof_workorder_loom__offer.mp3,Audio,AUDIO,,,PENDING,,,,,,,FOUND_NEARBY,,
TEM-000889,public/audio/voice/hearthkeeper_maeve/quest__q_fv_winter_pelts__offer.mp3,Audio,AUDIO,,,PENDING,,,,,,,FOUND_NEARBY,,
TEM-000890,public/audio/voice/hearthkeeper_maeve/quest__q_fv_ember_caches__offer.mp3,Audio,AUDIO,,,PENDING,,,,,,,FOUND_NEARBY,,
TEM-000891,public/audio/voice/hearthkeeper_maeve/quest__q_fv_winter_pelts__complete.mp3,Audio,AUDIO,,,PENDING,,,,,,,FOUND_NEARBY,,
TEM-000892,public/audio/voice/hearthkeeper_maeve/quest__q_fv_silent_trapline__offer.mp3,Audio,AUDIO,,,PENDING,,,,,,,FOUND_NEARBY,,
TEM-000893,public/audio/voice/hearthkeeper_maeve/quest__q_fv_ember_caches__complete.mp3,Audio,AUDIO,,,PENDING,,,,,,,FOUND_NEARBY,,
TEM-000894,public/audio/voice/hearthkeeper_maeve/greeting__hearthkeeper_maeve.mp3,Audio,AUDIO,,,PENDING,,,,,,,FOUND_NEARBY,,
TEM-000895,public/audio/voice/riftwatch_ollun/quest__q_fs_stalkers_off_the_light__offer.mp3,Audio,AUDIO,,,PENDING,,,,,,,FOUND_NEARBY,,
TEM-000896,public/audio/voice/riftwatch_ollun/quest__q_fs_stalkers_off_the_light__complete.mp3,Audio,AUDIO,,,PENDING,,,,,,,FOUND_NEARBY,,
TEM-000897,public/audio/voice/riftwatch_ollun/quest__q_fs_song_before_the_break__complete.mp3,Audio,AUDIO,,,PENDING,,,,,,,FOUND_NEARBY,,
TEM-000898,public/audio/voice/riftwatch_ollun/quest__q_fs_the_great_break__offer.mp3,Audio,AUDIO,,,PENDING,,,,,,,FOUND_NEARBY,,
TEM-000899,public/audio/voice/riftwatch_ollun/greeting__riftwatch_ollun.mp3,Audio,AUDIO,,,PENDING,,,,,,,FOUND_NEARBY,,
TEM-000900,public/audio/voice/herbalist_yara/quest__q_widows__complete.mp3,Audio,AUDIO,,,PENDING,,,,,,,FOUND_NEARBY,,
TEM-000901,public/audio/voice/herbalist_yara/quest__q_widows__offer.mp3,Audio,AUDIO,,,PENDING,,,,,,,FOUND_NEARBY,,
TEM-000902,public/audio/voice/herbalist_yara/quest__q_broodmother__complete.mp3,Audio,AUDIO,,,PENDING,,,,,,,FOUND_NEARBY,,
TEM-000903,public/audio/voice/herbalist_yara/quest__q_broodmother__offer.mp3,Audio,AUDIO,,,PENDING,,,,,,,FOUND_NEARBY,,
TEM-000904,public/audio/voice/herbalist_yara/greeting__herbalist_yara.mp3,Audio,AUDIO,,,PENDING,,,,,,,FOUND_NEARBY,,
TEM-000905,public/audio/voice/castaway_navigator/yell__drifthaven_i_can_smell_the_cookfires_from_here_i_owe_you_my_.mp3,Audio,AUDIO,,,PENDING,,,,,,,FOUND_NEARBY,,
TEM-000906,public/audio/voice/castaway_navigator/yell__you_came_down_the_wreck_line_for_me_then_let_us_go_before_th.mp3,Audio,AUDIO,,,PENDING,,,,,,,FOUND_NEARBY,,
TEM-000907,public/audio/voice/castaway_navigator/yell__no_the_sea_spits_me_back_once_not_twice.mp3,Audio,AUDIO,,,PENDING,,,,,,,FOUND_NEARBY,,
TEM-000908,public/audio/voice/waywatcher_sorrel/quest__q_af_goldmelt_road__offer.mp3,Audio,AUDIO,,,PENDING,,,,,,,FOUND_NEARBY,,
TEM-000909,public/audio/voice/waywatcher_sorrel/greeting__waywatcher_sorrel.mp3,Audio,AUDIO,,,PENDING,,,,,,,FOUND_NEARBY,,
TEM-000910,public/audio/voice/captain_thessaly/quest__q_stalkers_return__complete.mp3,Audio,AUDIO,,,PENDING,,,,,,,FOUND_NEARBY,,
TEM-000911,public/audio/voice/captain_thessaly/quest__q_revenant_vanguard__complete.mp3,Audio,AUDIO,,,PENDING,,,,,,,FOUND_NEARBY,,
TEM-000912,public/audio/voice/captain_thessaly/quest__q_highwatch_summons__complete.mp3,Audio,AUDIO,,,PENDING,,,,,,,FOUND_NEARBY,,
TEM-000913,public/audio/voice/captain_thessaly/quest__q_ogre_bounty__complete.mp3,Audio,AUDIO,,,PENDING,,,,,,,FOUND_NEARBY,,
TEM-000914,public/audio/voice/captain_thessaly/quest__q_old_cragmaw__offer.mp3,Audio,AUDIO,,,PENDING,,,,,,,FOUND_NEARBY,,
TEM-000915,public/audio/voice/captain_thessaly/quest__q_crushers__offer.mp3,Audio,AUDIO,,,PENDING,,,,,,,FOUND_NEARBY,,
TEM-000916,public/audio/voice/captain_thessaly/quest__q_stalkers_return__offer.mp3,Audio,AUDIO,,,PENDING,,,,,,,FOUND_NEARBY,,
TEM-000917,public/audio/voice/captain_thessaly/quest__q_revenant_vanguard__offer.mp3,Audio,AUDIO,,,PENDING,,,,,,,FOUND_NEARBY,,
TEM-000918,public/audio/voice/captain_thessaly/quest__q_ogre_bounty__offer.mp3,Audio,AUDIO,,,PENDING,,,,,,,FOUND_NEARBY,,
TEM-000919,public/audio/voice/captain_thessaly/quest__q_old_cragmaw__complete.mp3,Audio,AUDIO,,,PENDING,,,,,,,FOUND_NEARBY,,
TEM-000920,public/audio/voice/captain_thessaly/quest__q_revenants__complete.mp3,Audio,AUDIO,,,PENDING,,,,,,,FOUND_NEARBY,,
TEM-000921,public/audio/voice/captain_thessaly/quest__q_stalkers__offer.mp3,Audio,AUDIO,,,PENDING,,,,,,,FOUND_NEARBY,,
TEM-000922,public/audio/voice/captain_thessaly/quest__q_crushers__complete.mp3,Audio,AUDIO,,,PENDING,,,,,,,FOUND_NEARBY,,
TEM-000923,public/audio/voice/captain_thessaly/quest__q_drogmar__offer.mp3,Audio,AUDIO,,,PENDING,,,,,,,FOUND_NEARBY,,
TEM-000924,public/audio/voice/captain_thessaly/greeting__captain_thessaly.mp3,Audio,AUDIO,,,PENDING,,,,,,,FOUND_NEARBY,,
TEM-000925,public/audio/voice/captain_thessaly/quest__q_drogmar__complete.mp3,Audio,AUDIO,,,PENDING,,,,,,,FOUND_NEARBY,,
TEM-000926,public/audio/voice/captain_thessaly/quest__q_stalkers__complete.mp3,Audio,AUDIO,,,PENDING,,,,,,,FOUND_NEARBY,,
TEM-000927,public/audio/voice/captain_thessaly/quest__q_revenants__offer.mp3,Audio,AUDIO,,,PENDING,,,,,,,FOUND_NEARBY,,
TEM-000928,public/audio/voice/bursar_aldous_crane/greeting__bursar_aldous_crane.mp3,Audio,AUDIO,,,PENDING,,,,,,,FOUND_NEARBY,,
TEM-000929,public/audio/voice/warden_coalfast/quest__q_fs_hold_the_riftfields__offer.mp3,Audio,AUDIO,,,PENDING,,,,,,,FOUND_NEARBY,,
TEM-000930,public/audio/voice/warden_coalfast/quest__q_fs_the_great_break__complete.mp3,Audio,AUDIO,,,PENDING,,,,,,,FOUND_NEARBY,,
TEM-000931,public/audio/voice/warden_coalfast/greeting__warden_coalfast.mp3,Audio,AUDIO,,,PENDING,,,,,,,FOUND_NEARBY,,
TEM-000932,public/audio/voice/warden_coalfast/quest__q_fs_hold_the_riftfields__complete.mp3,Audio,AUDIO,,,PENDING,,,,,,,FOUND_NEARBY,,
TEM-000933,public/audio/voice/warden_coalfast/quest__q_fs_song_before_the_break__offer.mp3,Audio,AUDIO,,,PENDING,,,,,,,FOUND_NEARBY,,
TEM-000934,public/audio/voice/warden_coalfast/quest__q_fs_bell_at_the_landing__complete.mp3,Audio,AUDIO,,,PENDING,,,,,,,FOUND_NEARBY,,
TEM-000935,public/audio/voice/quartermaster_sela/quest__q_dk_trolls_on_the_road__offer.mp3,Audio,AUDIO,,,PENDING,,,,,,,FOUND_NEARBY,,
TEM-000936,public/audio/voice/quartermaster_sela/quest__q_dk_scorched_stores__complete.mp3,Audio,AUDIO,,,PENDING,,,,,,,FOUND_NEARBY,,
TEM-000937,public/audio/voice/quartermaster_sela/greeting__quartermaster_sela.mp3,Audio,AUDIO,,,PENDING,,,,,,,FOUND_NEARBY,,
TEM-000938,public/audio/voice/quartermaster_sela/quest__q_dk_scorched_stores__offer.mp3,Audio,AUDIO,,,PENDING,,,,,,,FOUND_NEARBY,,
TEM-000939,public/audio/voice/quartermaster_sela/quest__q_dk_trolls_on_the_road__complete.mp3,Audio,AUDIO,,,PENDING,,,,,,,FOUND_NEARBY,,
TEM-000940,public/audio/voice/quartermaster_edda/greeting__quartermaster_edda.mp3,Audio,AUDIO,,,PENDING,,,,,,,FOUND_NEARBY,,
TEM-000941,public/audio/voice/quartermaster_edda/quest__q_fs_steel_for_the_redoubt__complete.mp3,Audio,AUDIO,,,PENDING,,,,,,,FOUND_NEARBY,,
TEM-000942,public/audio/voice/quartermaster_edda/quest__q_fs_steel_for_the_redoubt__offer.mp3,Audio,AUDIO,,,PENDING,,,,,,,FOUND_NEARBY,,
TEM-000943,public/audio/voice/keeper_bram/quest__q_gc_keeper_of_the_flame__complete.mp3,Audio,AUDIO,,,PENDING,,,,,,,FOUND_NEARBY,,
TEM-000944,public/audio/voice/keeper_bram/quest__q_gc_wind_against_the_wick__offer.mp3,Audio,AUDIO,,,PENDING,,,,,,,FOUND_NEARBY,,
TEM-000945,public/audio/voice/keeper_bram/quest__q_gc_wind_against_the_wick__complete.mp3,Audio,AUDIO,,,PENDING,,,,,,,FOUND_NEARBY,,
TEM-000946,public/audio/voice/keeper_bram/greeting__keeper_bram.mp3,Audio,AUDIO,,,PENDING,,,,,,,FOUND_NEARBY,,
TEM-000947,public/audio/voice/keeper_bram/quest__q_gc_lanterns_on_the_shear__complete.mp3,Audio,AUDIO,,,PENDING,,,,,,,FOUND_NEARBY,,
TEM-000948,public/audio/voice/keeper_bram/quest__q_gc_lanterns_on_the_shear__offer.mp3,Audio,AUDIO,,,PENDING,,,,,,,FOUND_NEARBY,,
TEM-000949,public/audio/voice/keeper_bram/quest__q_gc_the_far_shore__offer.mp3,Audio,AUDIO,,,PENDING,,,,,,,FOUND_NEARBY,,
TEM-000950,public/audio/voice/trader_wilkes/greeting__trader_wilkes.mp3,Audio,AUDIO,,,PENDING,,,,,,,FOUND_NEARBY,,
TEM-000951,public/audio/voice/trader_wilkes/quest__q_boars__complete.mp3,Audio,AUDIO,,,PENDING,,,,,,,FOUND_NEARBY,,
TEM-000952,public/audio/voice/trader_wilkes/quest__q_supplies__complete.mp3,Audio,AUDIO,,,PENDING,,,,,,,FOUND_NEARBY,,
TEM-000953,public/audio/voice/trader_wilkes/quest__q_supplies__offer.mp3,Audio,AUDIO,,,PENDING,,,,,,,FOUND_NEARBY,,
TEM-000954,public/audio/voice/trader_wilkes/quest__q_boars__offer.mp3,Audio,AUDIO,,,PENDING,,,,,,,FOUND_NEARBY,,
TEM-000955,public/audio/voice/gatecaptain_brannoc/quest__q_dk_banners_over_the_dunes__complete.mp3,Audio,AUDIO,,,PENDING,,,,,,,FOUND_NEARBY,,
TEM-000956,public/audio/voice/gatecaptain_brannoc/quest__q_dk_watcher_at_the_wargate__offer.mp3,Audio,AUDIO,,,PENDING,,,,,,,FOUND_NEARBY,,
TEM-000957,public/audio/voice/gatecaptain_brannoc/quest__q_dk_ash_on_the_wind__complete.mp3,Audio,AUDIO,,,PENDING,,,,,,,FOUND_NEARBY,,
TEM-000958,public/audio/voice/gatecaptain_brannoc/greeting__gatecaptain_brannoc.mp3,Audio,AUDIO,,,PENDING,,,,,,,FOUND_NEARBY,,
TEM-000959,public/audio/voice/gatecaptain_brannoc/quest__q_dk_matriarch_of_the_maw__complete.mp3,Audio,AUDIO,,,PENDING,,,,,,,FOUND_NEARBY,,
TEM-000960,public/audio/voice/gatecaptain_brannoc/quest__q_dk_banners_over_the_dunes__offer.mp3,Audio,AUDIO,,,PENDING,,,,,,,FOUND_NEARBY,,
TEM-000961,public/audio/voice/gatecaptain_brannoc/quest__q_dk_ash_on_the_wind__offer.mp3,Audio,AUDIO,,,PENDING,,,,,,,FOUND_NEARBY,,
TEM-000962,public/audio/voice/strandwatcher_pell/quest__q_pr_down_to_drifthaven__offer.mp3,Audio,AUDIO,,,PENDING,,,,,,,FOUND_NEARBY,,
TEM-000963,public/audio/voice/strandwatcher_pell/greeting__strandwatcher_pell.mp3,Audio,AUDIO,,,PENDING,,,,,,,FOUND_NEARBY,,
TEM-000964,public/audio/voice/scout_maren/quest__q_olen__complete.mp3,Audio,AUDIO,,,PENDING,,,,,,,FOUND_NEARBY,,
TEM-000965,public/audio/voice/scout_maren/greeting__scout_maren.mp3,Audio,AUDIO,,,PENDING,,,,,,,FOUND_NEARBY,,
TEM-000966,public/audio/voice/scout_maren/quest__q_ogre_totems__complete.mp3,Audio,AUDIO,,,PENDING,,,,,,,FOUND_NEARBY,,
TEM-000967,public/audio/voice/scout_maren/quest__q_korgath__offer.mp3,Audio,AUDIO,,,PENDING,,,,,,,FOUND_NEARBY,,
TEM-000968,public/audio/voice/scout_maren/quest__q_olen__offer.mp3,Audio,AUDIO,,,PENDING,,,,,,,FOUND_NEARBY,,
TEM-000969,public/audio/voice/scout_maren/greeting__scout_maren_highwatch.mp3,Audio,AUDIO,,,PENDING,,,,,,,FOUND_NEARBY,,
TEM-000970,public/audio/voice/scout_maren/quest__q_korgath__complete.mp3,Audio,AUDIO,,,PENDING,,,,,,,FOUND_NEARBY,,
TEM-000971,public/audio/voice/scout_maren/quest__q_ogre_edges__offer.mp3,Audio,AUDIO,,,PENDING,,,,,,,FOUND_NEARBY,,
TEM-000972,public/audio/voice/scout_maren/quest__q_troll_fetishes__complete.mp3,Audio,AUDIO,,,PENDING,,,,,,,FOUND_NEARBY,,
TEM-000973,public/audio/voice/scout_maren/quest__q_ogre_edges__complete.mp3,Audio,AUDIO,,,PENDING,,,,,,,FOUND_NEARBY,,
TEM-000974,public/audio/voice/scout_maren/quest__q_cult_camp__offer.mp3,Audio,AUDIO,,,PENDING,,,,,,,FOUND_NEARBY,,
TEM-000975,public/audio/voice/scout_maren/quest__q_ogre_totems__offer.mp3,Audio,AUDIO,,,PENDING,,,,,,,FOUND_NEARBY,,
TEM-000976,public/audio/voice/scout_maren/quest__q_cult_camp__complete.mp3,Audio,AUDIO,,,PENDING,,,,,,,FOUND_NEARBY,,
TEM-000977,public/audio/voice/scout_maren/quest__q_troll_fetishes__offer.mp3,Audio,AUDIO,,,PENDING,,,,,,,FOUND_NEARBY,,
TEM-000978,public/audio/voice/apothecary_lin/quest__q_spiders__offer.mp3,Audio,AUDIO,,,PENDING,,,,,,,FOUND_NEARBY,,
TEM-000979,public/audio/voice/apothecary_lin/greeting__apothecary_lin.mp3,Audio,AUDIO,,,PENDING,,,,,,,FOUND_NEARBY,,
TEM-000980,public/audio/voice/apothecary_lin/quest__q_spiders__complete.mp3,Audio,AUDIO,,,PENDING,,,,,,,FOUND_NEARBY,,
TEM-000981,public/audio/voice/spirit_healer/greeting__spirit_healer.mp3,Audio,AUDIO,,,PENDING,,,,,,,FOUND_NEARBY,,
TEM-000982,public/audio/voice/chronicler_saul/greeting__chronicler_saul.mp3,Audio,AUDIO,,,PENDING,,,,,,,FOUND_NEARBY,,
TEM-000983,public/audio/voice/loremaster_caddis/quest__q_elementals__offer.mp3,Audio,AUDIO,,,PENDING,,,,,,,FOUND_NEARBY,,
TEM-000984,public/audio/voice/loremaster_caddis/quest__q_kobold_tunnels__offer.mp3,Audio,AUDIO,,,PENDING,,,,,,,FOUND_NEARBY,,
TEM-000985,public/audio/voice/loremaster_caddis/quest__q_elementals__complete.mp3,Audio,AUDIO,,,PENDING,,,,,,,FOUND_NEARBY,,
TEM-000986,public/audio/voice/loremaster_caddis/quest__q_kazzix__complete.mp3,Audio,AUDIO,,,PENDING,,,,,,,FOUND_NEARBY,,
TEM-000987,public/audio/voice/loremaster_caddis/quest__q_kobold_tunnels__complete.mp3,Audio,AUDIO,,,PENDING,,,,,,,FOUND_NEARBY,,
TEM-000988,public/audio/voice/loremaster_caddis/quest__q_kazzix__offer.mp3,Audio,AUDIO,,,PENDING,,,,,,,FOUND_NEARBY,,
TEM-000989,public/audio/voice/loremaster_caddis/quest__q_shard_cores__offer.mp3,Audio,AUDIO,,,PENDING,,,,,,,FOUND_NEARBY,,
TEM-000990,public/audio/voice/loremaster_caddis/greeting__loremaster_caddis.mp3,Audio,AUDIO,,,PENDING,,,,,,,FOUND_NEARBY,,
TEM-000991,public/audio/voice/loremaster_caddis/quest__q_shard_cores__complete.mp3,Audio,AUDIO,,,PENDING,,,,,,,FOUND_NEARBY,,
TEM-000992,public/audio/voice/tanner_hesk/quest__q_prof_workorder_tannery__offer.mp3,Audio,AUDIO,,,PENDING,,,,,,,FOUND_NEARBY,,
TEM-000993,public/audio/voice/tanner_hesk/greeting__tanner_hesk.mp3,Audio,AUDIO,,,PENDING,,,,,,,FOUND_NEARBY,,
TEM-000994,public/audio/voice/tanner_hesk/quest__q_prof_workorder_tannery__complete.mp3,Audio,AUDIO,,,PENDING,,,,,,,FOUND_NEARBY,,
TEM-000995,public/audio/voice/scout_einna/quest__q_fv_snowline_report__offer.mp3,Audio,AUDIO,,,PENDING,,,,,,,FOUND_NEARBY,,
TEM-000996,public/audio/voice/scout_einna/greeting__scout_einna.mp3,Audio,AUDIO,,,PENDING,,,,,,,FOUND_NEARBY,,
TEM-000997,public/audio/voice/apprentice_wren/yell__the_lights_we_made_it_we_truly_made_it_thank_you_friend_i_ca.mp3,Audio,AUDIO,,,PENDING,,,,,,,FOUND_NEARBY,,
TEM-000998,public/audio/voice/apprentice_wren/yell__you_ll_walk_with_me_stay_close_please_the_wolves_have_been_c.mp3,Audio,AUDIO,,,PENDING,,,,,,,FOUND_NEARBY,,
TEM-000999,public/audio/voice/apprentice_wren/yell__no_i_m_sorry_brosk_i_couldn_t_make_it.mp3,Audio,AUDIO,,,PENDING,,,,,,,FOUND_NEARBY,,
TEM-001000,public/audio/voice/the_merchant/greeting__the_merchant.mp3,Audio,AUDIO,,,PENDING,,,,,,,FOUND_NEARBY,,
TEM-001001,public/audio/voice/orchardist_pomeline/quest__q_af_amber_from_the_herd__complete.mp3,Audio,AUDIO,,,PENDING,,,,,,,FOUND_NEARBY,,
TEM-001002,public/audio/voice/orchardist_pomeline/greeting__orchardist_pomeline.mp3,Audio,AUDIO,,,PENDING,,,,,,,FOUND_NEARBY,,
TEM-001003,public/audio/voice/orchardist_pomeline/quest__q_af_sprites_and_spigots__complete.mp3,Audio,AUDIO,,,PENDING,,,,,,,FOUND_NEARBY,,
TEM-001004,public/audio/voice/orchardist_pomeline/quest__q_af_orchard_call__complete.mp3,Audio,AUDIO,,,PENDING,,,,,,,FOUND_NEARBY,,
TEM-001005,public/audio/voice/orchardist_pomeline/quest__q_af_sprites_and_spigots__offer.mp3,Audio,AUDIO,,,PENDING,,,,,,,FOUND_NEARBY,,
TEM-001006,public/audio/voice/orchardist_pomeline/quest__q_af_amber_from_the_herd__offer.mp3,Audio,AUDIO,,,PENDING,,,,,,,FOUND_NEARBY,,
TEM-001007,public/audio/voice/warden_fenwick/quest__q_deepfen_purge__offer.mp3,Audio,AUDIO,,,PENDING,,,,,,,FOUND_NEARBY,,
TEM-001008,public/audio/voice/warden_fenwick/quest__q_trolls__offer.mp3,Audio,AUDIO,,,PENDING,,,,,,,FOUND_NEARBY,,
TEM-001009,public/audio/voice/warden_fenwick/quest__q_deacon__complete.mp3,Audio,AUDIO,,,PENDING,,,,,,,FOUND_NEARBY,,
TEM-001010,public/audio/voice/warden_fenwick/quest__q_deepfen__offer.mp3,Audio,AUDIO,,,PENDING,,,,,,,FOUND_NEARBY,,
TEM-001011,public/audio/voice/warden_fenwick/quest__q_prowlers__complete.mp3,Audio,AUDIO,,,PENDING,,,,,,,FOUND_NEARBY,,
TEM-001012,public/audio/voice/warden_fenwick/quest__q_deepfen_purge__complete.mp3,Audio,AUDIO,,,PENDING,,,,,,,FOUND_NEARBY,,
TEM-001013,public/audio/voice/warden_fenwick/quest__q_prowlers__offer.mp3,Audio,AUDIO,,,PENDING,,,,,,,FOUND_NEARBY,,
TEM-001014,public/audio/voice/warden_fenwick/quest__q_trolls__complete.mp3,Audio,AUDIO,,,PENDING,,,,,,,FOUND_NEARBY,,
TEM-001015,public/audio/voice/warden_fenwick/quest__q_deepfen__complete.mp3,Audio,AUDIO,,,PENDING,,,,,,,FOUND_NEARBY,,
TEM-001016,public/audio/voice/warden_fenwick/greeting__warden_fenwick.mp3,Audio,AUDIO,,,PENDING,,,,,,,FOUND_NEARBY,,
TEM-001017,public/audio/voice/warden_fenwick/quest__q_fenbridge_muster__complete.mp3,Audio,AUDIO,,,PENDING,,,,,,,FOUND_NEARBY,,
TEM-001018,public/audio/voice/warden_fenwick/quest__q_deacon__offer.mp3,Audio,AUDIO,,,PENDING,,,,,,,FOUND_NEARBY,,
TEM-001019,public/audio/voice/wickmother_sorrel/quest__q_eg_gnomes_in_the_green__offer.mp3,Audio,AUDIO,,,PENDING,,,,,,,FOUND_NEARBY,,
TEM-001020,public/audio/voice/wickmother_sorrel/greeting__wickmother_sorrel.mp3,Audio,AUDIO,,,PENDING,,,,,,,FOUND_NEARBY,,
TEM-001021,public/audio/voice/wickmother_sorrel/quest__q_eg_gnomes_in_the_green__complete.mp3,Audio,AUDIO,,,PENDING,,,,,,,FOUND_NEARBY,,
TEM-001022,public/audio/voice/wickmother_sorrel/quest__q_eg_stolen_shears__offer.mp3,Audio,AUDIO,,,PENDING,,,,,,,FOUND_NEARBY,,
TEM-001023,public/audio/voice/wickmother_sorrel/quest__q_eg_stolen_shears__complete.mp3,Audio,AUDIO,,,PENDING,,,,,,,FOUND_NEARBY,,
TEM-001024,public/audio/voice/netter_maris/quest__q_wf_eels_for_the_smokehouse__offer.mp3,Audio,AUDIO,,,PENDING,,,,,,,FOUND_NEARBY,,
TEM-001025,public/audio/voice/netter_maris/quest__q_wf_eels_for_the_smokehouse__complete.mp3,Audio,AUDIO,,,PENDING,,,,,,,FOUND_NEARBY,,
TEM-001026,public/audio/voice/netter_maris/quest__q_wf_toll_and_tangle__complete.mp3,Audio,AUDIO,,,PENDING,,,,,,,FOUND_NEARBY,,
TEM-001027,public/audio/voice/netter_maris/greeting__netter_maris.mp3,Audio,AUDIO,,,PENDING,,,,,,,FOUND_NEARBY,,
TEM-001028,public/audio/voice/netter_maris/quest__q_wf_toll_and_tangle__offer.mp3,Audio,AUDIO,,,PENDING,,,,,,,FOUND_NEARBY,,
TEM-001029,public/audio/voice/keeper_saelwyn/greeting__keeper_saelwyn.mp3,Audio,AUDIO,,,PENDING,,,,,,,FOUND_NEARBY,,
TEM-001030,public/audio/voice/keeper_saelwyn/quest__q_calming_the_deep__offer.mp3,Audio,AUDIO,,,PENDING,,,,,,,FOUND_NEARBY,,
TEM-001031,public/audio/voice/keeper_saelwyn/quest__q_seal_restored__complete.mp3,Audio,AUDIO,,,PENDING,,,,,,,FOUND_NEARBY,,
TEM-001032,public/audio/voice/keeper_saelwyn/quest__q_sunken_court__complete.mp3,Audio,AUDIO,,,PENDING,,,,,,,FOUND_NEARBY,,
TEM-001033,public/audio/voice/keeper_saelwyn/quest__q_veil_thinned__offer.mp3,Audio,AUDIO,,,PENDING,,,,,,,FOUND_NEARBY,,
TEM-001034,public/audio/voice/keeper_saelwyn/quest__q_seal_restored__offer.mp3,Audio,AUDIO,,,PENDING,,,,,,,FOUND_NEARBY,,
TEM-001035,public/audio/voice/keeper_saelwyn/quest__q_waking_warden__complete.mp3,Audio,AUDIO,,,PENDING,,,,,,,FOUND_NEARBY,,
TEM-001036,public/audio/voice/keeper_saelwyn/quest__q_waking_warden__offer.mp3,Audio,AUDIO,,,PENDING,,,,,,,FOUND_NEARBY,,
TEM-001037,public/audio/voice/keeper_saelwyn/quest__q_sunken_court__offer.mp3,Audio,AUDIO,,,PENDING,,,,,,,FOUND_NEARBY,,
TEM-001038,public/audio/voice/keeper_saelwyn/quest__q_calming_the_deep__complete.mp3,Audio,AUDIO,,,PENDING,,,,,,,FOUND_NEARBY,,
TEM-001039,public/audio/voice/keeper_saelwyn/quest__q_veil_thinned__complete.mp3,Audio,AUDIO,,,PENDING,,,,,,,FOUND_NEARBY,,
TEM-001040,public/audio/voice/card_master/greeting__card_master.mp3,Audio,AUDIO,,,PENDING,,,,,,,FOUND_NEARBY,,
TEM-001041,public/audio/voice/huntsman_deral/greeting__huntsman_deral.mp3,Audio,AUDIO,,,PENDING,,,,,,,FOUND_NEARBY,,
TEM-001042,public/audio/voice/huntsman_deral/quest__q_hollow_the_huntsman__complete.mp3,Audio,AUDIO,,,PENDING,,,,,,,FOUND_NEARBY,,
TEM-001043,public/audio/voice/huntsman_deral/quest__q_hollow_first_of_the_herd__complete.mp3,Audio,AUDIO,,,PENDING,,,,,,,FOUND_NEARBY,,
TEM-001044,public/audio/voice/huntsman_deral/quest__q_hollow_first_of_the_herd__offer.mp3,Audio,AUDIO,,,PENDING,,,,,,,FOUND_NEARBY,,
TEM-001045,public/audio/voice/huntsman_deral/quest__q_hollow_old_marrowshell__complete.mp3,Audio,AUDIO,,,PENDING,,,,,,,FOUND_NEARBY,,
TEM-001046,public/audio/voice/huntsman_deral/quest__q_hollow_old_marrowshell__offer.mp3,Audio,AUDIO,,,PENDING,,,,,,,FOUND_NEARBY,,
TEM-001047,public/audio/voice/bellkeeper_tam/quest__q_fs_the_three_bells__offer.mp3,Audio,AUDIO,,,PENDING,,,,,,,FOUND_NEARBY,,
TEM-001048,public/audio/voice/bellkeeper_tam/greeting__bellkeeper_tam.mp3,Audio,AUDIO,,,PENDING,,,,,,,FOUND_NEARBY,,
TEM-001049,public/audio/voice/bellkeeper_tam/quest__q_fs_the_three_bells__complete.mp3,Audio,AUDIO,,,PENDING,,,,,,,FOUND_NEARBY,,
TEM-001050,public/audio/voice/bellkeeper_tam/quest__q_fs_bell_at_the_landing__offer.mp3,Audio,AUDIO,,,PENDING,,,,,,,FOUND_NEARBY,,
TEM-001051,public/audio/voice/gatewarden_pell/greeting__gatewarden_pell.mp3,Audio,AUDIO,,,PENDING,,,,,,,FOUND_NEARBY,,
TEM-001052,public/audio/voice/gatewarden_pell/quest__q_eg_gate_report__offer.mp3,Audio,AUDIO,,,PENDING,,,,,,,FOUND_NEARBY,,
TEM-001053,public/audio/voice/chronicler_osric_fenn/greeting__chronicler_osric_fenn.mp3,Audio,AUDIO,,,PENDING,,,,,,,FOUND_NEARBY,,
TEM-001054,public/audio/voice/marshal_redbrook/greeting__marshal_redbrook.mp3,Audio,AUDIO,,,PENDING,,,,,,,FOUND_NEARBY,,
TEM-001055,public/audio/voice/marshal_redbrook/quest__q_bandits__offer.mp3,Audio,AUDIO,,,PENDING,,,,,,,FOUND_NEARBY,,
TEM-001056,public/audio/voice/marshal_redbrook/quest__q_mogger__offer.mp3,Audio,AUDIO,,,PENDING,,,,,,,FOUND_NEARBY,,
TEM-001057,public/audio/voice/marshal_redbrook/quest__q_wolves__complete.mp3,Audio,AUDIO,,,PENDING,,,,,,,FOUND_NEARBY,,
TEM-001058,public/audio/voice/marshal_redbrook/quest__q_greyjaw__complete.mp3,Audio,AUDIO,,,PENDING,,,,,,,FOUND_NEARBY,,
TEM-001059,public/audio/voice/marshal_redbrook/quest__q_bandits__complete.mp3,Audio,AUDIO,,,PENDING,,,,,,,FOUND_NEARBY,,
TEM-001060,public/audio/voice/marshal_redbrook/quest__q_ringleader__offer.mp3,Audio,AUDIO,,,PENDING,,,,,,,FOUND_NEARBY,,
TEM-001061,public/audio/voice/marshal_redbrook/quest__q_mogger__complete.mp3,Audio,AUDIO,,,PENDING,,,,,,,FOUND_NEARBY,,
TEM-001062,public/audio/voice/marshal_redbrook/quest__q_wolves__offer.mp3,Audio,AUDIO,,,PENDING,,,,,,,FOUND_NEARBY,,
TEM-001063,public/audio/voice/marshal_redbrook/quest__q_ringleader__complete.mp3,Audio,AUDIO,,,PENDING,,,,,,,FOUND_NEARBY,,
TEM-001064,public/audio/voice/marshal_redbrook/quest__q_greyjaw__offer.mp3,Audio,AUDIO,,,PENDING,,,,,,,FOUND_NEARBY,,
TEM-001065,public/audio/voice/smith_haldren/quest__q_prof_hobby_switch__offer.mp3,Audio,AUDIO,,,PENDING,,,,,,,FOUND_NEARBY,,
TEM-001066,public/audio/voice/smith_haldren/quest__q_prof_hobby_switch__complete.mp3,Audio,AUDIO,,,PENDING,,,,,,,FOUND_NEARBY,,
TEM-001067,public/audio/voice/smith_haldren/greeting__smith_haldren.mp3,Audio,AUDIO,,,PENDING,,,,,,,FOUND_NEARBY,,
TEM-001068,public/audio/voice/lira_dewsong/quest__q_nb_eyes_on_the_vigil__offer.mp3,Audio,AUDIO,,,PENDING,,,,,,,FOUND_NEARBY,,
TEM-001069,public/audio/voice/lira_dewsong/quest__q_nb_night_gardens__complete.mp3,Audio,AUDIO,,,PENDING,,,,,,,FOUND_NEARBY,,
TEM-001070,public/audio/voice/lira_dewsong/quest__q_nb_striders_in_the_dark__complete.mp3,Audio,AUDIO,,,PENDING,,,,,,,FOUND_NEARBY,,
TEM-001071,public/audio/voice/lira_dewsong/greeting__lira_dewsong.mp3,Audio,AUDIO,,,PENDING,,,,,,,FOUND_NEARBY,,
TEM-001072,public/audio/voice/lira_dewsong/quest__q_nb_night_gardens__offer.mp3,Audio,AUDIO,,,PENDING,,,,,,,FOUND_NEARBY,,
TEM-001073,public/audio/voice/lira_dewsong/quest__q_nb_striders_in_the_dark__offer.mp3,Audio,AUDIO,,,PENDING,,,,,,,FOUND_NEARBY,,
TEM-001074,public/audio/voice/lira_dewsong/quest__q_nb_road_of_lanterns__complete.mp3,Audio,AUDIO,,,PENDING,,,,,,,FOUND_NEARBY,,
TEM-001075,public/audio/voice/scout_yerrin/quest__q_dk_matriarch_of_the_maw__offer.mp3,Audio,AUDIO,,,PENDING,,,,,,,FOUND_NEARBY,,
TEM-001076,public/audio/voice/scout_yerrin/quest__q_dk_scales_of_the_maw__offer.mp3,Audio,AUDIO,,,PENDING,,,,,,,FOUND_NEARBY,,
TEM-001077,public/audio/voice/scout_yerrin/quest__q_dk_marrow_and_ash__offer.mp3,Audio,AUDIO,,,PENDING,,,,,,,FOUND_NEARBY,,
TEM-001078,public/audio/voice/scout_yerrin/quest__q_dk_scales_of_the_maw__complete.mp3,Audio,AUDIO,,,PENDING,,,,,,,FOUND_NEARBY,,
TEM-001079,public/audio/voice/scout_yerrin/quest__q_dk_watcher_at_the_wargate__complete.mp3,Audio,AUDIO,,,PENDING,,,,,,,FOUND_NEARBY,,
TEM-001080,public/audio/voice/scout_yerrin/greeting__scout_yerrin.mp3,Audio,AUDIO,,,PENDING,,,,,,,FOUND_NEARBY,,
TEM-001081,public/audio/voice/scout_yerrin/quest__q_dk_marrow_and_ash__complete.mp3,Audio,AUDIO,,,PENDING,,,,,,,FOUND_NEARBY,,
TEM-001082,public/audio/voice/fisher_bram/yell__nell_sent_you_then_she_is_alive_oh_thank_the_tide_stay_close.mp3,Audio,AUDIO,,,PENDING,,,,,,,FOUND_NEARBY,,
TEM-001083,public/audio/voice/fisher_bram/yell__nell_i_am_sorry_love_i_nearly_made_it_home.mp3,Audio,AUDIO,,,PENDING,,,,,,,FOUND_NEARBY,,
TEM-001084,public/audio/voice/fisher_bram/yell__gullhaven_i_can_see_our_roof_from_here_go_on_ahead_friend_i_.mp3,Audio,AUDIO,,,PENDING,,,,,,,FOUND_NEARBY,,
TEM-001085,public/audio/voice/hermit_okku/quest__q_pr_idol_guardian__offer.mp3,Audio,AUDIO,,,PENDING,,,,,,,FOUND_NEARBY,,
TEM-001086,public/audio/voice/hermit_okku/quest__q_pr_the_man_who_went_in__complete.mp3,Audio,AUDIO,,,PENDING,,,,,,,FOUND_NEARBY,,
TEM-001087,public/audio/voice/hermit_okku/greeting__hermit_okku.mp3,Audio,AUDIO,,,PENDING,,,,,,,FOUND_NEARBY,,
TEM-001088,public/audio/voice/hermit_okku/quest__q_pr_idol_guardian__complete.mp3,Audio,AUDIO,,,PENDING,,,,,,,FOUND_NEARBY,,
TEM-001089,public/audio/voice/hermit_okku/quest__q_pr_what_the_drums_guard__offer.mp3,Audio,AUDIO,,,PENDING,,,,,,,FOUND_NEARBY,,
TEM-001090,public/audio/voice/hermit_okku/quest__q_pr_what_the_drums_guard__complete.mp3,Audio,AUDIO,,,PENDING,,,,,,,FOUND_NEARBY,,
TEM-001091,public/audio/voice/hermit_okku/quest__q_pr_canopy_silk__complete.mp3,Audio,AUDIO,,,PENDING,,,,,,,FOUND_NEARBY,,
TEM-001092,public/audio/voice/hermit_okku/quest__q_pr_canopy_silk__offer.mp3,Audio,AUDIO,,,PENDING,,,,,,,FOUND_NEARBY,,
TEM-001093,public/audio/voice/archivist_tullo/quest__q_shards_of_starfall__offer.mp3,Audio,AUDIO,,,PENDING,,,,,,,FOUND_NEARBY,,
TEM-001094,public/audio/voice/archivist_tullo/quest__q_monument_tour__complete.mp3,Audio,AUDIO,,,PENDING,,,,,,,FOUND_NEARBY,,
TEM-001095,public/audio/voice/archivist_tullo/quest__q_monument_tour__offer.mp3,Audio,AUDIO,,,PENDING,,,,,,,FOUND_NEARBY,,
TEM-001096,public/audio/voice/archivist_tullo/quest__q_wardens_echoes__offer.mp3,Audio,AUDIO,,,PENDING,,,,,,,FOUND_NEARBY,,
TEM-001097,public/audio/voice/archivist_tullo/quest__q_wardens_echoes__complete.mp3,Audio,AUDIO,,,PENDING,,,,,,,FOUND_NEARBY,,
TEM-001098,public/audio/voice/archivist_tullo/quest__q_shards_of_starfall__complete.mp3,Audio,AUDIO,,,PENDING,,,,,,,FOUND_NEARBY,,
TEM-001099,public/audio/voice/archivist_tullo/greeting__archivist_tullo.mp3,Audio,AUDIO,,,PENDING,,,,,,,FOUND_NEARBY,,
TEM-001100,public/audio/voice/bridgewright_alden/quest__q_wf_mind_the_moorings__complete.mp3,Audio,AUDIO,,,PENDING,,,,,,,FOUND_NEARBY,,
TEM-001101,public/audio/voice/bridgewright_alden/quest__q_wf_rope_chewers__complete.mp3,Audio,AUDIO,,,PENDING,,,,,,,FOUND_NEARBY,,
TEM-001102,public/audio/voice/bridgewright_alden/quest__q_wf_across_the_fenway__complete.mp3,Audio,AUDIO,,,PENDING,,,,,,,FOUND_NEARBY,,
TEM-001103,public/audio/voice/bridgewright_alden/greeting__bridgewright_alden.mp3,Audio,AUDIO,,,PENDING,,,,,,,FOUND_NEARBY,,
TEM-001104,public/audio/voice/bridgewright_alden/quest__q_wf_mind_the_moorings__offer.mp3,Audio,AUDIO,,,PENDING,,,,,,,FOUND_NEARBY,,
TEM-001105,public/audio/voice/bridgewright_alden/quest__q_wf_witch_of_willowweep__offer.mp3,Audio,AUDIO,,,PENDING,,,,,,,FOUND_NEARBY,,
TEM-001106,public/audio/voice/bridgewright_alden/quest__q_wf_rope_chewers__offer.mp3,Audio,AUDIO,,,PENDING,,,,,,,FOUND_NEARBY,,
TEM-001107,public/audio/voice/gravedigger_mosley/yell__you_ll_walk_with_me_bless_you_keep_between_me_and_the_trees_.mp3,Audio,AUDIO,,,PENDING,,,,,,,FOUND_NEARBY,,
TEM-001108,public/audio/voice/gravedigger_mosley/yell__the_lanterns_i_can_hear_the_bells_the_proper_bells_i_am_neve.mp3,Audio,AUDIO,,,PENDING,,,,,,,FOUND_NEARBY,,
TEM-001109,public/audio/voice/gravedigger_mosley/yell__no_not_out_here_do_not_let_them_plant_me_where_the_candles_c.mp3,Audio,AUDIO,,,PENDING,,,,,,,FOUND_NEARBY,,
TEM-001110,public/audio/voice/alchemist_verane/quest__q_prof_workorder_apothecary__complete.mp3,Audio,AUDIO,,,PENDING,,,,,,,FOUND_NEARBY,,
TEM-001111,public/audio/voice/alchemist_verane/quest__q_prof_workorder_apothecary__offer.mp3,Audio,AUDIO,,,PENDING,,,,,,,FOUND_NEARBY,,
TEM-001112,public/audio/voice/alchemist_verane/greeting__alchemist_verane.mp3,Audio,AUDIO,,,PENDING,,,,,,,FOUND_NEARBY,,
TEM-001113,public/audio/voice/bursar_petra_vell/greeting__bursar_petra_vell.mp3,Audio,AUDIO,,,PENDING,,,,,,,FOUND_NEARBY,,
TEM-001114,public/audio/voice/fisher_nell/quest__q_fs_bram_come_home__offer.mp3,Audio,AUDIO,,,PENDING,,,,,,,FOUND_NEARBY,,
TEM-001115,public/audio/voice/fisher_nell/quest__q_fs_bram_come_home__complete.mp3,Audio,AUDIO,,,PENDING,,,,,,,FOUND_NEARBY,,
TEM-001116,public/audio/voice/fisher_nell/greeting__fisher_nell.mp3,Audio,AUDIO,,,PENDING,,,,,,,FOUND_NEARBY,,
TEM-001117,public/audio/voice/aurorist_veyla/greeting__aurorist_veyla.mp3,Audio,AUDIO,,,PENDING,,,,,,,FOUND_NEARBY,,
TEM-001118,public/audio/voice/aurorist_veyla/quest__q_fv_seeing_wren_home__complete.mp3,Audio,AUDIO,,,PENDING,,,,,,,FOUND_NEARBY,,
TEM-001119,public/audio/voice/aurorist_veyla/quest__q_fv_rime_unbound__offer.mp3,Audio,AUDIO,,,PENDING,,,,,,,FOUND_NEARBY,,
TEM-001120,public/audio/voice/aurorist_veyla/quest__q_fv_rime_unbound__complete.mp3,Audio,AUDIO,,,PENDING,,,,,,,FOUND_NEARBY,,
TEM-001121,public/audio/voice/aurorist_veyla/quest__q_fv_aurora_motes__offer.mp3,Audio,AUDIO,,,PENDING,,,,,,,FOUND_NEARBY,,
TEM-001122,public/audio/voice/aurorist_veyla/quest__q_fv_lights_over_steps__complete.mp3,Audio,AUDIO,,,PENDING,,,,,,,FOUND_NEARBY,,
TEM-001123,public/audio/voice/aurorist_veyla/quest__q_fv_aurora_motes__complete.mp3,Audio,AUDIO,,,PENDING,,,,,,,FOUND_NEARBY,,
TEM-001124,public/audio/voice/mender_saul/greeting__mender_saul.mp3,Audio,AUDIO,,,PENDING,,,,,,,FOUND_NEARBY,,
TEM-001125,public/audio/voice/mender_saul/quest__q_fs_moss_and_mending__complete.mp3,Audio,AUDIO,,,PENDING,,,,,,,FOUND_NEARBY,,
TEM-001126,public/audio/voice/mender_saul/quest__q_fs_moss_and_mending__offer.mp3,Audio,AUDIO,,,PENDING,,,,,,,FOUND_NEARBY,,
TEM-001127,public/audio/voice/weaver_amelle/quest__q_nb_wool_by_moonlight__complete.mp3,Audio,AUDIO,,,PENDING,,,,,,,FOUND_NEARBY,,
TEM-001128,public/audio/voice/weaver_amelle/quest__q_nb_wool_by_moonlight__offer.mp3,Audio,AUDIO,,,PENDING,,,,,,,FOUND_NEARBY,,
TEM-001129,public/audio/voice/weaver_amelle/greeting__weaver_amelle.mp3,Audio,AUDIO,,,PENDING,,,,,,,FOUND_NEARBY,,
TEM-001130,public/audio/voice/wardsmith_orun/greeting__wardsmith_orun.mp3,Audio,AUDIO,,,PENDING,,,,,,,FOUND_NEARBY,,
TEM-001131,public/audio/voice/groundskeeper_bram/greeting__groundskeeper_bram.mp3,Audio,AUDIO,,,PENDING,,,,,,,FOUND_NEARBY,,
TEM-001132,public/audio/voice/brother_aldric/quest__q_gravecallers_trail__offer.mp3,Audio,AUDIO,,,PENDING,,,,,,,FOUND_NEARBY,,
TEM-001133,public/audio/voice/brother_aldric/greeting__brother_aldric_highwatch.mp3,Audio,AUDIO,,,PENDING,,,,,,,FOUND_NEARBY,,
TEM-001134,public/audio/voice/brother_aldric/quest__q_velkhar__offer.mp3,Audio,AUDIO,,,PENDING,,,,,,,FOUND_NEARBY,,
TEM-001135,public/audio/voice/brother_aldric/quest__q_silence_the_call__complete.mp3,Audio,AUDIO,,,PENDING,,,,,,,FOUND_NEARBY,,
TEM-001136,public/audio/voice/brother_aldric/quest__q_summoners__complete.mp3,Audio,AUDIO,,,PENDING,,,,,,,FOUND_NEARBY,,
TEM-001137,public/audio/voice/brother_aldric/quest__q_hollow__offer.mp3,Audio,AUDIO,,,PENDING,,,,,,,FOUND_NEARBY,,
TEM-001138,public/audio/voice/brother_aldric/quest__q_nythraxis_bound_guardian__offer.mp3,Audio,AUDIO,,,PENDING,,,,,,,FOUND_NEARBY,,
TEM-001139,public/audio/voice/brother_aldric/quest__q_nythraxis_graves__complete.mp3,Audio,AUDIO,,,PENDING,,,,,,,FOUND_NEARBY,,
TEM-001140,public/audio/voice/brother_aldric/quest__q_voice_below__offer.mp3,Audio,AUDIO,,,PENDING,,,,,,,FOUND_NEARBY,,
TEM-001141,public/audio/voice/brother_aldric/yell__yet_you_still_cling_to_it.mp3,Audio,AUDIO,,,PENDING,,,,,,,FOUND_NEARBY,,
TEM-001142,public/audio/voice/brother_aldric/quest__q_rite__offer.mp3,Audio,AUDIO,,,PENDING,,,,,,,FOUND_NEARBY,,
TEM-001143,public/audio/voice/brother_aldric/greeting__brother_aldric.mp3,Audio,AUDIO,,,PENDING,,,,,,,FOUND_NEARBY,,
TEM-001144,public/audio/voice/brother_aldric/quest__q_nythraxis_scourges_end__offer.mp3,Audio,AUDIO,,,PENDING,,,,,,,FOUND_NEARBY,,
TEM-001145,public/audio/voice/brother_aldric/quest__q_nythraxis_sealed_crypt__offer.mp3,Audio,AUDIO,,,PENDING,,,,,,,FOUND_NEARBY,,
TEM-001146,public/audio/voice/brother_aldric/yell__fail_and_we_all_perish.mp3,Audio,AUDIO,,,PENDING,,,,,,,FOUND_NEARBY,,
TEM-001147,public/audio/voice/brother_aldric/quest__q_names_of_the_dead__offer.mp3,Audio,AUDIO,,,PENDING,,,,,,,FOUND_NEARBY,,
TEM-001148,public/audio/voice/brother_aldric/quest__q_sexton__complete.mp3,Audio,AUDIO,,,PENDING,,,,,,,FOUND_NEARBY,,
TEM-001149,public/audio/voice/brother_aldric/quest__q_rite__complete.mp3,Audio,AUDIO,,,PENDING,,,,,,,FOUND_NEARBY,,
TEM-001150,public/audio/voice/brother_aldric/quest__q_gravewyrm__offer.mp3,Audio,AUDIO,,,PENDING,,,,,,,FOUND_NEARBY,,
TEM-001151,public/audio/voice/brother_aldric/quest__q_breaking_the_seal__complete.mp3,Audio,AUDIO,,,PENDING,,,,,,,FOUND_NEARBY,,
TEM-001152,public/audio/voice/brother_aldric/quest__q_drowned_censers__complete.mp3,Audio,AUDIO,,,PENDING,,,,,,,FOUND_NEARBY,,
TEM-001153,public/audio/voice/brother_aldric/quest__q_cult_orders__offer.mp3,Audio,AUDIO,,,PENDING,,,,,,,FOUND_NEARBY,,
TEM-001154,public/audio/voice/brother_aldric/quest__q_bones__complete.mp3,Audio,AUDIO,,,PENDING,,,,,,,FOUND_NEARBY,,
TEM-001155,public/audio/voice/brother_aldric/quest__q_zealots__offer.mp3,Audio,AUDIO,,,PENDING,,,,,,,FOUND_NEARBY,,
TEM-001156,public/audio/voice/brother_aldric/quest__q_idols__offer.mp3,Audio,AUDIO,,,PENDING,,,,,,,FOUND_NEARBY,,
TEM-001157,public/audio/voice/brother_aldric/quest__q_gravewyrm__complete.mp3,Audio,AUDIO,,,PENDING,,,,,,,FOUND_NEARBY,,
TEM-001158,public/audio/voice/brother_aldric/quest__q_bastion_door__offer.mp3,Audio,AUDIO,,,PENDING,,,,,,,FOUND_NEARBY,,
TEM-001159,public/audio/voice/brother_aldric/quest__q_cult_orders__complete.mp3,Audio,AUDIO,,,PENDING,,,,,,,FOUND_NEARBY,,
TEM-001160,public/audio/voice/brother_aldric/quest__q_necromancers__offer.mp3,Audio,AUDIO,,,PENDING,,,,,,,FOUND_NEARBY,,
TEM-001161,public/audio/voice/brother_aldric/quest__q_nythraxis_restless_dead__offer.mp3,Audio,AUDIO,,,PENDING,,,,,,,FOUND_NEARBY,,
TEM-001162,public/audio/voice/brother_aldric/quest__q_velkhar__complete.mp3,Audio,AUDIO,,,PENDING,,,,,,,FOUND_NEARBY,,
TEM-001163,public/audio/voice/brother_aldric/quest__q_sanctum_gate__complete.mp3,Audio,AUDIO,,,PENDING,,,,,,,FOUND_NEARBY,,
TEM-001164,public/audio/voice/brother_aldric/quest__q_necromancers__complete.mp3,Audio,AUDIO,,,PENDING,,,,,,,FOUND_NEARBY,,
TEM-001165,public/audio/voice/brother_aldric/greeting__brother_aldric_fen.mp3,Audio,AUDIO,,,PENDING,,,,,,,FOUND_NEARBY,,
TEM-001166,public/audio/voice/brother_aldric/yell__the_wardstones_still_bind_his_soul.mp3,Audio,AUDIO,,,PENDING,,,,,,,FOUND_NEARBY,,
TEM-001167,public/audio/voice/brother_aldric/quest__q_drowned__complete.mp3,Audio,AUDIO,,,PENDING,,,,,,,FOUND_NEARBY,,
TEM-001168,public/audio/voice/brother_aldric/quest__q_aldrics_fallen_star__complete.mp3,Audio,AUDIO,,,PENDING,,,,,,,FOUND_NEARBY,,
TEM-001169,public/audio/voice/brother_aldric/quest__q_names_of_the_dead__complete.mp3,Audio,AUDIO,,,PENDING,,,,,,,FOUND_NEARBY,,
TEM-001170,public/audio/voice/brother_aldric/quest__q_nythraxis_graves__offer.mp3,Audio,AUDIO,,,PENDING,,,,,,,FOUND_NEARBY,,
TEM-001171,public/audio/voice/brother_aldric/quest__q_highwatch_summons__offer.mp3,Audio,AUDIO,,,PENDING,,,,,,,FOUND_NEARBY,,
TEM-001172,public/audio/voice/brother_aldric/quest__q_wyrm_sigils__offer.mp3,Audio,AUDIO,,,PENDING,,,,,,,FOUND_NEARBY,,
TEM-001173,public/audio/voice/brother_aldric/yell__when_the_time_comes_do_not_ignore_them.mp3,Audio,AUDIO,,,PENDING,,,,,,,FOUND_NEARBY,,
TEM-001174,public/audio/voice/brother_aldric/quest__q_gravecallers_trail__complete.mp3,Audio,AUDIO,,,PENDING,,,,,,,FOUND_NEARBY,,
TEM-001175,public/audio/voice/brother_aldric/greeting__brother_aldric_raid.mp3,Audio,AUDIO,,,PENDING,,,,,,,FOUND_NEARBY,,
TEM-001176,public/audio/voice/brother_aldric/quest__q_summoners__offer.mp3,Audio,AUDIO,,,PENDING,,,,,,,FOUND_NEARBY,,
TEM-001177,public/audio/voice/brother_aldric/yell__your_kingdom_is_gone_nythraxis.mp3,Audio,AUDIO,,,PENDING,,,,,,,FOUND_NEARBY,,
TEM-001178,public/audio/voice/brother_aldric/quest__q_silence_the_call__offer.mp3,Audio,AUDIO,,,PENDING,,,,,,,FOUND_NEARBY,,
TEM-001179,public/audio/voice/brother_aldric/quest__q_nythraxis_bound_guardian__complete.mp3,Audio,AUDIO,,,PENDING,,,,,,,FOUND_NEARBY,,
TEM-001180,public/audio/voice/brother_aldric/quest__q_hollow__complete.mp3,Audio,AUDIO,,,PENDING,,,,,,,FOUND_NEARBY,,
TEM-001181,public/audio/voice/brother_aldric/quest__q_whispers__offer.mp3,Audio,AUDIO,,,PENDING,,,,,,,FOUND_NEARBY,,
TEM-001182,public/audio/voice/brother_aldric/quest__q_fenbridge_muster__offer.mp3,Audio,AUDIO,,,PENDING,,,,,,,FOUND_NEARBY,,
TEM-001183,public/audio/voice/brother_aldric/quest__q_nythraxis_sealed_crypt__complete.mp3,Audio,AUDIO,,,PENDING,,,,,,,FOUND_NEARBY,,
TEM-001184,public/audio/voice/brother_aldric/quest__q_idols__complete.mp3,Audio,AUDIO,,,PENDING,,,,,,,FOUND_NEARBY,,
TEM-001185,public/audio/voice/brother_aldric/quest__q_no_rest__complete.mp3,Audio,AUDIO,,,PENDING,,,,,,,FOUND_NEARBY,,
TEM-001186,public/audio/voice/brother_aldric/quest__q_zealots__complete.mp3,Audio,AUDIO,,,PENDING,,,,,,,FOUND_NEARBY,,
TEM-001187,public/audio/voice/brother_aldric/quest__q_wyrm_sigils__complete.mp3,Audio,AUDIO,,,PENDING,,,,,,,FOUND_NEARBY,,
TEM-001188,public/audio/voice/brother_aldric/quest__q_drowned_censers__offer.mp3,Audio,AUDIO,,,PENDING,,,,,,,FOUND_NEARBY,,
TEM-001189,public/audio/voice/brother_aldric/yell__champions_listen_carefully.mp3,Audio,AUDIO,,,PENDING,,,,,,,FOUND_NEARBY,,
TEM-001190,public/audio/voice/brother_aldric/quest__q_mistcaller__offer.mp3,Audio,AUDIO,,,PENDING,,,,,,,FOUND_NEARBY,,
TEM-001191,public/audio/voice/brother_aldric/quest__q_whispers__complete.mp3,Audio,AUDIO,,,PENDING,,,,,,,FOUND_NEARBY,,
TEM-001192,public/audio/voice/brother_aldric/quest__q_aldrics_fallen_star__offer.mp3,Audio,AUDIO,,,PENDING,,,,,,,FOUND_NEARBY,,
TEM-001193,public/audio/voice/brother_aldric/quest__q_no_rest__offer.mp3,Audio,AUDIO,,,PENDING,,,,,,,FOUND_NEARBY,,
TEM-001194,public/audio/voice/brother_aldric/quest__q_bastion_door__complete.mp3,Audio,AUDIO,,,PENDING,,,,,,,FOUND_NEARBY,,
TEM-001195,public/audio/voice/brother_aldric/quest__q_voice_below__complete.mp3,Audio,AUDIO,,,PENDING,,,,,,,FOUND_NEARBY,,
TEM-001196,public/audio/voice/brother_aldric/quest__q_sanctum_gate__offer.mp3,Audio,AUDIO,,,PENDING,,,,,,,FOUND_NEARBY,,
TEM-001197,public/audio/voice/brother_aldric/quest__q_nythraxis_scourges_end__complete.mp3,Audio,AUDIO,,,PENDING,,,,,,,FOUND_NEARBY,,
TEM-001198,public/audio/voice/brother_aldric/quest__q_mistcaller__complete.mp3,Audio,AUDIO,,,PENDING,,,,,,,FOUND_NEARBY,,
TEM-001199,public/audio/voice/brother_aldric/quest__q_drowned__offer.mp3,Audio,AUDIO,,,PENDING,,,,,,,FOUND_NEARBY,,
TEM-001200,public/audio/voice/brother_aldric/quest__q_nythraxis_restless_dead__complete.mp3,Audio,AUDIO,,,PENDING,,,,,,,FOUND_NEARBY,,
TEM-001201,public/audio/voice/brother_aldric/quest__q_sexton__offer.mp3,Audio,AUDIO,,,PENDING,,,,,,,FOUND_NEARBY,,
TEM-001202,public/audio/voice/brother_aldric/quest__q_breaking_the_seal__offer.mp3,Audio,AUDIO,,,PENDING,,,,,,,FOUND_NEARBY,,
TEM-001203,public/audio/voice/brother_aldric/quest__q_bones__offer.mp3,Audio,AUDIO,,,PENDING,,,,,,,FOUND_NEARBY,,
TEM-001204,public/audio/voice/brother_halven/greeting__brother_halven.mp3,Audio,AUDIO,,,PENDING,,,,,,,FOUND_NEARBY,,
TEM-001205,public/audio/voice/brother_halven/greeting__brother_halven_marsh.mp3,Audio,AUDIO,,,PENDING,,,,,,,FOUND_NEARBY,,
TEM-001206,public/audio/voice/tidewatcher_ondrel/quest__q_drowned_choir__offer.mp3,Audio,AUDIO,,,PENDING,,,,,,,FOUND_NEARBY,,
TEM-001207,public/audio/voice/tidewatcher_ondrel/quest__q_palecoil__offer.mp3,Audio,AUDIO,,,PENDING,,,,,,,FOUND_NEARBY,,
TEM-001208,public/audio/voice/tidewatcher_ondrel/quest__q_drowned_moon__complete.mp3,Audio,AUDIO,,,PENDING,,,,,,,FOUND_NEARBY,,
TEM-001209,public/audio/voice/tidewatcher_ondrel/greeting__tidewatcher_ondrel.mp3,Audio,AUDIO,,,PENDING,,,,,,,FOUND_NEARBY,,
TEM-001210,public/audio/voice/tidewatcher_ondrel/quest__q_glimmermere_light__complete.mp3,Audio,AUDIO,,,PENDING,,,,,,,FOUND_NEARBY,,
TEM-001211,public/audio/voice/tidewatcher_ondrel/quest__q_silence_the_choir__complete.mp3,Audio,AUDIO,,,PENDING,,,,,,,FOUND_NEARBY,,
TEM-001212,public/audio/voice/tidewatcher_ondrel/quest__q_tarn_waders__complete.mp3,Audio,AUDIO,,,PENDING,,,,,,,FOUND_NEARBY,,
TEM-001213,public/audio/voice/tidewatcher_ondrel/quest__q_silence_the_choir__offer.mp3,Audio,AUDIO,,,PENDING,,,,,,,FOUND_NEARBY,,
TEM-001214,public/audio/voice/tidewatcher_ondrel/quest__q_palecoil__complete.mp3,Audio,AUDIO,,,PENDING,,,,,,,FOUND_NEARBY,,
TEM-001215,public/audio/voice/tidewatcher_ondrel/quest__q_tarn_waders__offer.mp3,Audio,AUDIO,,,PENDING,,,,,,,FOUND_NEARBY,,
TEM-001216,public/audio/voice/tidewatcher_ondrel/quest__q_glimmermere_light__offer.mp3,Audio,AUDIO,,,PENDING,,,,,,,FOUND_NEARBY,,
TEM-001217,public/audio/voice/tidewatcher_ondrel/quest__q_drowned_choir__complete.mp3,Audio,AUDIO,,,PENDING,,,,,,,FOUND_NEARBY,,
TEM-001218,public/audio/voice/tidewatcher_ondrel/quest__q_drowned_moon__offer.mp3,Audio,AUDIO,,,PENDING,,,,,,,FOUND_NEARBY,,
TEM-001219,public/audio/voice/forgemistress_darva/quest__q_prof_amends_smith__offer.mp3,Audio,AUDIO,,,PENDING,,,,,,,FOUND_NEARBY,,
TEM-001220,public/audio/voice/forgemistress_darva/quest__q_prof_attune_smith__offer.mp3,Audio,AUDIO,,,PENDING,,,,,,,FOUND_NEARBY,,
TEM-001221,public/audio/voice/forgemistress_darva/greeting__forgemistress_darva.mp3,Audio,AUDIO,,,PENDING,,,,,,,FOUND_NEARBY,,
TEM-001222,public/audio/voice/forgemistress_darva/quest__q_prof_attune_smith__complete.mp3,Audio,AUDIO,,,PENDING,,,,,,,FOUND_NEARBY,,
TEM-001223,public/audio/voice/forgemistress_darva/quest__q_prof_amends_smith__complete.mp3,Audio,AUDIO,,,PENDING,,,,,,,FOUND_NEARBY,,
TEM-001224,public/audio/voice/forgemistress_darva/quest__q_prof_workorder_forge__offer.mp3,Audio,AUDIO,,,PENDING,,,,,,,FOUND_NEARBY,,
TEM-001225,public/audio/voice/forgemistress_darva/quest__q_prof_workorder_forge__complete.mp3,Audio,AUDIO,,,PENDING,,,,,,,FOUND_NEARBY,,
TEM-001226,public/audio/voice/auctioneer_voss/greeting__auctioneer_voss.mp3,Audio,AUDIO,,,PENDING,,,,,,,FOUND_NEARBY,,
TEM-001227,public/audio/voice/salvager_edda/quest__q_gc_the_wreck_warden__offer.mp3,Audio,AUDIO,,,PENDING,,,,,,,FOUND_NEARBY,,
TEM-001228,public/audio/voice/salvager_edda/greeting__salvager_edda.mp3,Audio,AUDIO,,,PENDING,,,,,,,FOUND_NEARBY,,
TEM-001229,public/audio/voice/salvager_edda/quest__q_gc_dead_mens_cargo__offer.mp3,Audio,AUDIO,,,PENDING,,,,,,,FOUND_NEARBY,,
TEM-001230,public/audio/voice/salvager_edda/quest__q_gc_the_far_shore__complete.mp3,Audio,AUDIO,,,PENDING,,,,,,,FOUND_NEARBY,,
TEM-001231,public/audio/voice/salvager_edda/quest__q_gc_the_wreck_warden__complete.mp3,Audio,AUDIO,,,PENDING,,,,,,,FOUND_NEARBY,,
TEM-001232,public/audio/voice/salvager_edda/quest__q_gc_dead_mens_cargo__complete.mp3,Audio,AUDIO,,,PENDING,,,,,,,FOUND_NEARBY,,
TEM-001233,public/claudium/icons/stack_single_512.webp,Claudium,IMAGE_TEXTURE,,,PENDING,,,,,,,FOUND_NEARBY,,
TEM-001234,public/claudium/icons/icon_history_256.webp,Claudium,IMAGE_TEXTURE,,,PENDING,,,,,,,FOUND_NEARBY,,
TEM-001235,public/claudium/icons/stack_small_512.webp,Claudium,IMAGE_TEXTURE,,,PENDING,,,,,,,FOUND_NEARBY,,
TEM-001236,public/claudium/icons/claudium_coin_128.webp,Claudium,IMAGE_TEXTURE,,,PENDING,,,,,,,FOUND_NEARBY,,
TEM-001237,public/claudium/icons/claudium_coin_256.webp,Claudium,IMAGE_TEXTURE,,,PENDING,,,,,,,FOUND_NEARBY,,
TEM-001238,public/claudium/icons/icon_store_64.webp,Claudium,IMAGE_TEXTURE,,,PENDING,,,,,,,FOUND_NEARBY,,
TEM-001239,public/claudium/icons/stack_large_512.webp,Claudium,IMAGE_TEXTURE,,,PENDING,,,,,,,FOUND_NEARBY,,
TEM-001240,public/claudium/icons/stack_single_256.webp,Claudium,IMAGE_TEXTURE,,,PENDING,,,,,,,FOUND_NEARBY,,
TEM-001241,public/claudium/icons/icon_buy.webp,Claudium,IMAGE_TEXTURE,,,PENDING,,,,,,,FOUND_NEARBY,,
TEM-001242,public/claudium/icons/icon_buy_512.webp,Claudium,IMAGE_TEXTURE,,,PENDING,,,,,,,FOUND_NEARBY,,
TEM-001243,public/claudium/icons/stack_large_256.webp,Claudium,IMAGE_TEXTURE,,,PENDING,,,,,,,FOUND_NEARBY,,
TEM-001244,public/claudium/icons/icon_store_128.webp,Claudium,IMAGE_TEXTURE,,,PENDING,,,,,,,FOUND_NEARBY,,
TEM-001245,public/claudium/icons/stack_small_128.webp,Claudium,IMAGE_TEXTURE,,,PENDING,,,,,,,FOUND_NEARBY,,
TEM-001246,public/claudium/icons/icon_wallet_128.webp,Claudium,IMAGE_TEXTURE,,,PENDING,,,,,,,FOUND_NEARBY,,
TEM-001247,public/claudium/icons/icon_wallet_256.webp,Claudium,IMAGE_TEXTURE,,,PENDING,,,,,,,FOUND_NEARBY,,
TEM-001248,public/claudium/icons/icon_history.webp,Claudium,IMAGE_TEXTURE,,,PENDING,,,,,,,FOUND_NEARBY,,
TEM-001249,public/claudium/icons/icon_buy_256.webp,Claudium,IMAGE_TEXTURE,,,PENDING,,,,,,,FOUND_NEARBY,,
TEM-001250,public/claudium/icons/stack_single_128.webp,Claudium,IMAGE_TEXTURE,,,PENDING,,,,,,,FOUND_NEARBY,,
TEM-001251,public/claudium/icons/icon_history_128.webp,Claudium,IMAGE_TEXTURE,,,PENDING,,,,,,,FOUND_NEARBY,,
TEM-001252,public/claudium/icons/icon_wallet_512.webp,Claudium,IMAGE_TEXTURE,,,PENDING,,,,,,,FOUND_NEARBY,,
TEM-001253,public/claudium/icons/stack_large.webp,Claudium,IMAGE_TEXTURE,,,PENDING,,,,,,,FOUND_NEARBY,,
TEM-001254,public/claudium/icons/icon_history_64.webp,Claudium,IMAGE_TEXTURE,,,PENDING,,,,,,,FOUND_NEARBY,,
TEM-001255,public/claudium/icons/stack_small.webp,Claudium,IMAGE_TEXTURE,,,PENDING,,,,,,,FOUND_NEARBY,,
TEM-001256,public/claudium/icons/usdc-icon.webp,Claudium,IMAGE_TEXTURE,,,PENDING,,,,,,,FOUND_NEARBY,,
TEM-001257,public/claudium/icons/claudium_coin_512.webp,Claudium,IMAGE_TEXTURE,,,PENDING,,,,,,,FOUND_NEARBY,,
TEM-001258,public/claudium/icons/claudium_coin.webp,Claudium,IMAGE_TEXTURE,,,PENDING,,,,,,,FOUND_NEARBY,,
TEM-001259,public/claudium/icons/icon_store_256.webp,Claudium,IMAGE_TEXTURE,,,PENDING,,,,,,,FOUND_NEARBY,,
TEM-001260,public/claudium/icons/claudium_coin_64.webp,Claudium,IMAGE_TEXTURE,,,PENDING,,,,,,,FOUND_NEARBY,,
TEM-001261,public/claudium/icons/icon_store_512.webp,Claudium,IMAGE_TEXTURE,,,PENDING,,,,,,,FOUND_NEARBY,,
TEM-001262,public/claudium/icons/icon_wallet.webp,Claudium,IMAGE_TEXTURE,,,PENDING,,,,,,,FOUND_NEARBY,,
TEM-001263,public/claudium/icons/stack_large_128.webp,Claudium,IMAGE_TEXTURE,,,PENDING,,,,,,,FOUND_NEARBY,,
TEM-001264,public/claudium/icons/claudium_coin_master.png,Claudium,IMAGE_TEXTURE,,,PENDING,,,,,,,FOUND_NEARBY,,
TEM-001265,public/claudium/icons/icon_wallet_64.webp,Claudium,IMAGE_TEXTURE,,,PENDING,,,,,,,FOUND_NEARBY,,
TEM-001266,public/claudium/icons/icon_history_512.webp,Claudium,IMAGE_TEXTURE,,,PENDING,,,,,,,FOUND_NEARBY,,
TEM-001267,public/claudium/icons/icon_store.webp,Claudium,IMAGE_TEXTURE,,,PENDING,,,,,,,FOUND_NEARBY,,
TEM-001268,public/claudium/icons/icon_buy_64.webp,Claudium,IMAGE_TEXTURE,,,PENDING,,,,,,,FOUND_NEARBY,,
TEM-001269,public/claudium/icons/icon_buy_128.webp,Claudium,IMAGE_TEXTURE,,,PENDING,,,,,,,FOUND_NEARBY,,
TEM-001270,public/claudium/icons/solana-icon.webp,Claudium,IMAGE_TEXTURE,,,PENDING,,,,,,,FOUND_NEARBY,,
TEM-001271,public/claudium/icons/stack_single.webp,Claudium,IMAGE_TEXTURE,,,PENDING,,,,,,,FOUND_NEARBY,,
TEM-001272,public/claudium/icons/stack_small_256.webp,Claudium,IMAGE_TEXTURE,,,PENDING,,,,,,,FOUND_NEARBY,,
TEM-001273,public/textures/structures/RustCoarse01_AmbientOcclusion.jpg,Textures,IMAGE_TEXTURE,,,PENDING,,,,,,,FOUND_NEARBY,,
TEM-001274,public/textures/structures/RustCoarse01_NormalGL.jpg,Textures,IMAGE_TEXTURE,,,PENDING,,,,,,,FOUND_NEARBY,,
TEM-001275,public/textures/structures/Bark012_Displacement.jpg,Textures,IMAGE_TEXTURE,,,PENDING,,,,,,,FOUND_NEARBY,,
TEM-001276,public/textures/structures/Metal013_Metalness.jpg,Textures,IMAGE_TEXTURE,,,PENDING,,,,,,,FOUND_NEARBY,,
TEM-001277,public/textures/structures/Plaster007_Roughness.jpg,Textures,IMAGE_TEXTURE,,,PENDING,,,,,,,FOUND_NEARBY,,
TEM-001278,public/textures/structures/Bark012_NormalGL.jpg,Textures,IMAGE_TEXTURE,,,PENDING,,,,,,,FOUND_NEARBY,,
TEM-001279,public/textures/structures/Bricks076A_NormalGL.jpg,Textures,IMAGE_TEXTURE,,,PENDING,,,,,,,FOUND_NEARBY,,
TEM-001280,public/textures/structures/Fabric030_Roughness.jpg,Textures,IMAGE_TEXTURE,,,PENDING,,,,,,,FOUND_NEARBY,,
TEM-001281,public/textures/structures/Bark012_AmbientOcclusion.jpg,Textures,IMAGE_TEXTURE,,,PENDING,,,,,,,FOUND_NEARBY,,
TEM-001282,public/textures/structures/Bricks076B_NormalGL.jpg,Textures,IMAGE_TEXTURE,,,PENDING,,,,,,,FOUND_NEARBY,,
TEM-001283,public/textures/structures/Bark012_Roughness.jpg,Textures,IMAGE_TEXTURE,,,PENDING,,,,,,,FOUND_NEARBY,,
TEM-001284,public/textures/structures/Bricks076B_Displacement.jpg,Textures,IMAGE_TEXTURE,,,PENDING,,,,,,,FOUND_NEARBY,,
TEM-001285,public/textures/structures/Fabric030_AmbientOcclusion.jpg,Textures,IMAGE_TEXTURE,,,PENDING,,,,,,,FOUND_NEARBY,,
TEM-001286,public/textures/structures/MedievalWood_Roughness.jpg,Textures,IMAGE_TEXTURE,,,PENDING,,,,,,,FOUND_NEARBY,,
TEM-001287,public/textures/structures/Bricks076A_AmbientOcclusion.jpg,Textures,IMAGE_TEXTURE,,,PENDING,,,,,,,FOUND_NEARBY,,
TEM-001288,public/textures/structures/Bricks076B_Roughness.jpg,Textures,IMAGE_TEXTURE,,,PENDING,,,,,,,FOUND_NEARBY,,
TEM-001289,public/textures/structures/RustCoarse01_Displacement.jpg,Textures,IMAGE_TEXTURE,,,PENDING,,,,,,,FOUND_NEARBY,,
TEM-001290,public/textures/structures/Plaster007_Displacement.jpg,Textures,IMAGE_TEXTURE,,,PENDING,,,,,,,FOUND_NEARBY,,
TEM-001291,public/textures/structures/Bricks076B_Color.jpg,Textures,IMAGE_TEXTURE,,,PENDING,,,,,,,FOUND_NEARBY,,
TEM-001292,public/textures/structures/Plaster007_AmbientOcclusion.jpg,Textures,IMAGE_TEXTURE,,,PENDING,,,,,,,FOUND_NEARBY,,
TEM-001293,public/textures/structures/Fabric030_Displacement.jpg,Textures,IMAGE_TEXTURE,,,PENDING,,,,,,,FOUND_NEARBY,,
TEM-001294,public/textures/structures/Plaster007_Color.jpg,Textures,IMAGE_TEXTURE,,,PENDING,,,,,,,FOUND_NEARBY,,
TEM-001295,public/textures/structures/MedievalWood_AmbientOcclusion.jpg,Textures,IMAGE_TEXTURE,,,PENDING,,,,,,,FOUND_NEARBY,,
TEM-001296,public/textures/structures/Metal013_NormalGL.jpg,Textures,IMAGE_TEXTURE,,,PENDING,,,,,,,FOUND_NEARBY,,
TEM-001297,public/textures/structures/MedievalWood_Color.jpg,Textures,IMAGE_TEXTURE,,,PENDING,,,,,,,FOUND_NEARBY,,
TEM-001298,public/textures/structures/Metal013_Displacement.jpg,Textures,IMAGE_TEXTURE,,,PENDING,,,,,,,FOUND_NEARBY,,
TEM-001299,public/textures/structures/Bricks076A_Roughness.jpg,Textures,IMAGE_TEXTURE,,,PENDING,,,,,,,FOUND_NEARBY,,
TEM-001300,public/textures/structures/Metal013_Roughness.jpg,Textures,IMAGE_TEXTURE,,,PENDING,,,,,,,FOUND_NEARBY,,
TEM-001301,public/textures/structures/Bricks076B_AmbientOcclusion.jpg,Textures,IMAGE_TEXTURE,,,PENDING,,,,,,,FOUND_NEARBY,,
TEM-001302,public/textures/structures/MedievalWood_NormalGL.jpg,Textures,IMAGE_TEXTURE,,,PENDING,,,,,,,FOUND_NEARBY,,
TEM-001303,public/textures/structures/Plaster007_NormalGL.jpg,Textures,IMAGE_TEXTURE,,,PENDING,,,,,,,FOUND_NEARBY,,
TEM-001304,public/textures/structures/Bricks076A_Displacement.jpg,Textures,IMAGE_TEXTURE,,,PENDING,,,,,,,FOUND_NEARBY,,
TEM-001305,public/textures/structures/Fabric030_NormalGL.jpg,Textures,IMAGE_TEXTURE,,,PENDING,,,,,,,FOUND_NEARBY,,
TEM-001306,public/textures/structures/Bricks076A_Color.jpg,Textures,IMAGE_TEXTURE,,,PENDING,,,,,,,FOUND_NEARBY,,
TEM-001307,public/textures/structures/MedievalWood_Displacement.jpg,Textures,IMAGE_TEXTURE,,,PENDING,,,,,,,FOUND_NEARBY,,
TEM-001308,public/textures/structures/RustCoarse01_Roughness.jpg,Textures,IMAGE_TEXTURE,,,PENDING,,,,,,,FOUND_NEARBY,,
TEM-001309,public/textures/foliage/Moss002_AmbientOcclusion.jpg,Textures,IMAGE_TEXTURE,,,PENDING,,,,,,,FOUND_NEARBY,,
TEM-001310,public/textures/foliage/Moss002_NormalGL.jpg,Textures,IMAGE_TEXTURE,,,PENDING,,,,,,,FOUND_NEARBY,,
TEM-001311,public/textures/terrain/Ground023_Color.jpg,Textures,IMAGE_TEXTURE,,,PENDING,,,,,,,FOUND_NEARBY,,
TEM-001312,public/textures/terrain/GroundAO_Packed.png,Textures,IMAGE_TEXTURE,,,PENDING,,,,,,,FOUND_NEARBY,,
TEM-001313,public/textures/terrain/Snow010A_Roughness.jpg,Textures,IMAGE_TEXTURE,,,PENDING,,,,,,,FOUND_NEARBY,,
TEM-001314,public/textures/terrain/Rock051_NormalGL.jpg,Textures,IMAGE_TEXTURE,,,PENDING,,,,,,,FOUND_NEARBY,,
TEM-001315,public/textures/terrain/Snow010A_AmbientOcclusion.jpg,Textures,IMAGE_TEXTURE,,,PENDING,,,,,,,FOUND_NEARBY,,
TEM-001316,public/textures/terrain/Ground080_AmbientOcclusion.jpg,Textures,IMAGE_TEXTURE,,,PENDING,,,,,,,FOUND_NEARBY,,
TEM-001317,public/textures/terrain/Rock060_Displacement.jpg,Textures,IMAGE_TEXTURE,,,PENDING,,,,,,,FOUND_NEARBY,,
TEM-001318,public/textures/terrain/Rock051_AmbientOcclusion.jpg,Textures,IMAGE_TEXTURE,,,PENDING,,,,,,,FOUND_NEARBY,,
TEM-001319,public/textures/terrain/Rock026_NormalGL.jpg,Textures,IMAGE_TEXTURE,,,PENDING,,,,,,,FOUND_NEARBY,,
TEM-001320,public/textures/terrain/Rock029_NormalGL.jpg,Textures,IMAGE_TEXTURE,,,PENDING,,,,,,,FOUND_NEARBY,,
TEM-001321,public/textures/terrain/Ground095A_NormalGL.jpg,Textures,IMAGE_TEXTURE,,,PENDING,,,,,,,FOUND_NEARBY,,
TEM-001322,public/textures/terrain/Gravel024_NormalGL.jpg,Textures,IMAGE_TEXTURE,,,PENDING,,,,,,,FOUND_NEARBY,,
TEM-001323,public/textures/terrain/Ground080_NormalGL.jpg,Textures,IMAGE_TEXTURE,,,PENDING,,,,,,,FOUND_NEARBY,,
TEM-001324,public/textures/terrain/Rock051_Color.jpg,Textures,IMAGE_TEXTURE,,,PENDING,,,,,,,FOUND_NEARBY,,
TEM-001325,public/textures/terrain/Rock035_NormalGL.jpg,Textures,IMAGE_TEXTURE,,,PENDING,,,,,,,FOUND_NEARBY,,
TEM-001326,public/textures/terrain/Rock060_NormalGL.jpg,Textures,IMAGE_TEXTURE,,,PENDING,,,,,,,FOUND_NEARBY,,
TEM-001327,public/textures/terrain/Grass001_Roughness.jpg,Textures,IMAGE_TEXTURE,,,PENDING,,,,,,,FOUND_NEARBY,,
TEM-001328,public/textures/terrain/Ground054_NormalGL.jpg,Textures,IMAGE_TEXTURE,,,PENDING,,,,,,,FOUND_NEARBY,,
TEM-001329,public/textures/terrain/Ground071_NormalGL.jpg,Textures,IMAGE_TEXTURE,,,PENDING,,,,,,,FOUND_NEARBY,,
TEM-001330,public/textures/terrain/Snow010A_NormalGL.jpg,Textures,IMAGE_TEXTURE,,,PENDING,,,,,,,FOUND_NEARBY,,
TEM-001331,public/textures/terrain/PavingStones046_NormalGL.jpg,Textures,IMAGE_TEXTURE,,,PENDING,,,,,,,FOUND_NEARBY,,
TEM-001332,public/textures/terrain/Rock060_AmbientOcclusion.jpg,Textures,IMAGE_TEXTURE,,,PENDING,,,,,,,FOUND_NEARBY,,
TEM-001333,public/textures/terrain/PavingStones046_Roughness.jpg,Textures,IMAGE_TEXTURE,,,PENDING,,,,,,,FOUND_NEARBY,,
TEM-001334,public/textures/terrain/Rock026_Roughness.jpg,Textures,IMAGE_TEXTURE,,,PENDING,,,,,,,FOUND_NEARBY,,
TEM-001335,public/textures/terrain/Ground054_Color.jpg,Textures,IMAGE_TEXTURE,,,PENDING,,,,,,,FOUND_NEARBY,,
TEM-001336,public/textures/terrain/Rock060_Color.jpg,Textures,IMAGE_TEXTURE,,,PENDING,,,,,,,FOUND_NEARBY,,
TEM-001337,public/textures/terrain/Ground093A_NormalGL.jpg,Textures,IMAGE_TEXTURE,,,PENDING,,,,,,,FOUND_NEARBY,,
TEM-001338,public/textures/terrain/Grass001_NormalGL.jpg,Textures,IMAGE_TEXTURE,,,PENDING,,,,,,,FOUND_NEARBY,,
TEM-001339,public/textures/terrain/Ground023_NormalGL.jpg,Textures,IMAGE_TEXTURE,,,PENDING,,,,,,,FOUND_NEARBY,,
TEM-001340,public/textures/terrain/Ground093A_Color.jpg,Textures,IMAGE_TEXTURE,,,PENDING,,,,,,,FOUND_NEARBY,,
TEM-001341,public/textures/terrain/PavingStones046_Color.jpg,Textures,IMAGE_TEXTURE,,,PENDING,,,,,,,FOUND_NEARBY,,
TEM-001342,public/textures/terrain/Lava004_NormalGL.jpg,Textures,IMAGE_TEXTURE,,,PENDING,,,,,,,FOUND_NEARBY,,
TEM-001343,public/textures/terrain/Rock026_AmbientOcclusion.jpg,Textures,IMAGE_TEXTURE,,,PENDING,,,,,,,FOUND_NEARBY,,
TEM-001344,public/textures/terrain/Grass001_AmbientOcclusion.jpg,Textures,IMAGE_TEXTURE,,,PENDING,,,,,,,FOUND_NEARBY,,
TEM-001345,public/textures/terrain/Ground071_Color.jpg,Textures,IMAGE_TEXTURE,,,PENDING,,,,,,,FOUND_NEARBY,,
TEM-001346,public/textures/terrain/Rock029_Color.jpg,Textures,IMAGE_TEXTURE,,,PENDING,,,,,,,FOUND_NEARBY,,
TEM-001347,public/textures/terrain/Rock026_Displacement.jpg,Textures,IMAGE_TEXTURE,,,PENDING,,,,,,,FOUND_NEARBY,,
TEM-001348,public/textures/terrain/Grass001_Color.jpg,Textures,IMAGE_TEXTURE,,,PENDING,,,,,,,FOUND_NEARBY,,
TEM-001349,public/textures/terrain/Ground095A_Color.jpg,Textures,IMAGE_TEXTURE,,,PENDING,,,,,,,FOUND_NEARBY,,
TEM-001350,public/textures/terrain/Gravel024_Color.jpg,Textures,IMAGE_TEXTURE,,,PENDING,,,,,,,FOUND_NEARBY,,
TEM-001351,public/textures/terrain/Ground071_AmbientOcclusion.jpg,Textures,IMAGE_TEXTURE,,,PENDING,,,,,,,FOUND_NEARBY,,
TEM-001352,public/textures/terrain/Rock026_Color.jpg,Textures,IMAGE_TEXTURE,,,PENDING,,,,,,,FOUND_NEARBY,,
TEM-001353,public/textures/terrain/Ground023_Roughness.jpg,Textures,IMAGE_TEXTURE,,,PENDING,,,,,,,FOUND_NEARBY,,
TEM-001354,public/textures/terrain/Ground071_Roughness.jpg,Textures,IMAGE_TEXTURE,,,PENDING,,,,,,,FOUND_NEARBY,,
TEM-001355,public/textures/terrain/Ground080_Color.jpg,Textures,IMAGE_TEXTURE,,,PENDING,,,,,,,FOUND_NEARBY,,
TEM-001356,public/textures/terrain/Rock035_Color.jpg,Textures,IMAGE_TEXTURE,,,PENDING,,,,,,,FOUND_NEARBY,,
TEM-001357,public/textures/terrain/Rock051_Roughness.jpg,Textures,IMAGE_TEXTURE,,,PENDING,,,,,,,FOUND_NEARBY,,
TEM-001358,public/textures/terrain/PavingStones046_AmbientOcclusion.jpg,Textures,IMAGE_TEXTURE,,,PENDING,,,,,,,FOUND_NEARBY,,
TEM-001359,public/textures/terrain/Ground023_AmbientOcclusion.jpg,Textures,IMAGE_TEXTURE,,,PENDING,,,,,,,FOUND_NEARBY,,
TEM-001360,public/textures/terrain/Lava004_Color.jpg,Textures,IMAGE_TEXTURE,,,PENDING,,,,,,,FOUND_NEARBY,,
TEM-001361,public/textures/terrain/Ground080_Roughness.jpg,Textures,IMAGE_TEXTURE,,,PENDING,,,,,,,FOUND_NEARBY,,
TEM-001362,public/textures/terrain/Snow010A_Color.jpg,Textures,IMAGE_TEXTURE,,,PENDING,,,,,,,FOUND_NEARBY,,
TEM-001363,public/textures/terrain/Rock060_Roughness.jpg,Textures,IMAGE_TEXTURE,,,PENDING,,,,,,,FOUND_NEARBY,,
TEM-001364,public/textures/water/waternormals.jpg,Textures,IMAGE_TEXTURE,,,PENDING,,,,,,,FOUND_NEARBY,,
TEM-001365,public/textures/water/water_1_normal.jpg,Textures,IMAGE_TEXTURE,,,PENDING,,,,,,,FOUND_NEARBY,,
TEM-001366,public/textures/water/water_2_normal.jpg,Textures,IMAGE_TEXTURE,,,PENDING,,,,,,,FOUND_NEARBY,,
TEM-001367,public/textures/skins/ranger/alt_suit_chrome.png,Textures,IMAGE_TEXTURE,,,PENDING,,,,,,,FOUND_NEARBY,,
TEM-001368,public/textures/skins/ranger/base.png,Textures,IMAGE_TEXTURE,,,PENDING,,,,,,,FOUND_NEARBY,,
TEM-001369,public/textures/skins/ranger/alt_c.png,Textures,IMAGE_TEXTURE,,,PENDING,,,,,,,FOUND_NEARBY,,
TEM-001370,public/textures/skins/ranger/alt_suit_prismatic.png,Textures,IMAGE_TEXTURE,,,PENDING,,,,,,,FOUND_NEARBY,,
TEM-001371,public/textures/skins/ranger/alt_a.png,Textures,IMAGE_TEXTURE,,,PENDING,,,,,,,FOUND_NEARBY,,
TEM-001372,public/textures/skins/ranger/alt_b.png,Textures,IMAGE_TEXTURE,,,PENDING,,,,,,,FOUND_NEARBY,,
TEM-001373,public/textures/skins/paladin/alt_suit_chrome.png,Textures,IMAGE_TEXTURE,,,PENDING,,,,,,,FOUND_NEARBY,,
TEM-001374,public/textures/skins/paladin/base.png,Textures,IMAGE_TEXTURE,,,PENDING,,,,,,,FOUND_NEARBY,,
TEM-001375,public/textures/skins/paladin/alt_suit_prismatic.png,Textures,IMAGE_TEXTURE,,,PENDING,,,,,,,FOUND_NEARBY,,
TEM-001376,public/textures/skins/paladin/alt_a.png,Textures,IMAGE_TEXTURE,,,PENDING,,,,,,,FOUND_NEARBY,,
TEM-001377,public/textures/skins/druid/alt_suit_chrome.png,Textures,IMAGE_TEXTURE,,,PENDING,,,,,,,FOUND_NEARBY,,
TEM-001378,public/textures/skins/druid/base.png,Textures,IMAGE_TEXTURE,,,PENDING,,,,,,,FOUND_NEARBY,,
TEM-001379,public/textures/skins/druid/alt_c.png,Textures,IMAGE_TEXTURE,,,PENDING,,,,,,,FOUND_NEARBY,,
TEM-001380,public/textures/skins/druid/alt_suit_prismatic.png,Textures,IMAGE_TEXTURE,,,PENDING,,,,,,,FOUND_NEARBY,,
TEM-001381,public/textures/skins/druid/alt_a.png,Textures,IMAGE_TEXTURE,,,PENDING,,,,,,,FOUND_NEARBY,,
TEM-001382,public/textures/skins/druid/alt_b.png,Textures,IMAGE_TEXTURE,,,PENDING,,,,,,,FOUND_NEARBY,,
TEM-001383,public/textures/skins/mage/alt_suit_chrome.png,Textures,IMAGE_TEXTURE,,,PENDING,,,,,,,FOUND_NEARBY,,
TEM-001384,public/textures/skins/mage/base.png,Textures,IMAGE_TEXTURE,,,PENDING,,,,,,,FOUND_NEARBY,,
TEM-001385,public/textures/skins/mage/alt_c.png,Textures,IMAGE_TEXTURE,,,PENDING,,,,,,,FOUND_NEARBY,,
TEM-001386,public/textures/skins/mage/alt_suit_prismatic.png,Textures,IMAGE_TEXTURE,,,PENDING,,,,,,,FOUND_NEARBY,,
TEM-001387,public/textures/skins/mage/alt_a.png,Textures,IMAGE_TEXTURE,,,PENDING,,,,,,,FOUND_NEARBY,,
TEM-001388,public/textures/skins/mage/alt_b.png,Textures,IMAGE_TEXTURE,,,PENDING,,,,,,,FOUND_NEARBY,,
TEM-001389,public/textures/skins/rogue/alt_suit_chrome.png,Textures,IMAGE_TEXTURE,,,PENDING,,,,,,,FOUND_NEARBY,,
TEM-001390,public/textures/skins/rogue/fernando.png,Textures,IMAGE_TEXTURE,,,PENDING,,,,,,,FOUND_NEARBY,,
TEM-001391,public/textures/skins/rogue/base.png,Textures,IMAGE_TEXTURE,,,PENDING,,,,,,,FOUND_NEARBY,,
TEM-001392,public/textures/skins/rogue/alt_c.png,Textures,IMAGE_TEXTURE,,,PENDING,,,,,,,FOUND_NEARBY,,
TEM-001393,public/textures/skins/rogue/alt_suit_prismatic.png,Textures,IMAGE_TEXTURE,,,PENDING,,,,,,,FOUND_NEARBY,,
TEM-001394,public/textures/skins/rogue/alt_a.png,Textures,IMAGE_TEXTURE,,,PENDING,,,,,,,FOUND_NEARBY,,
TEM-001395,public/textures/skins/rogue/alt_b.png,Textures,IMAGE_TEXTURE,,,PENDING,,,,,,,FOUND_NEARBY,,
TEM-001396,public/textures/skins/barbarian/alt_suit_chrome.png,Textures,IMAGE_TEXTURE,,,PENDING,,,,,,,FOUND_NEARBY,,
TEM-001397,public/textures/skins/barbarian/base.png,Textures,IMAGE_TEXTURE,,,PENDING,,,,,,,FOUND_NEARBY,,
TEM-001398,public/textures/skins/barbarian/alt_c.png,Textures,IMAGE_TEXTURE,,,PENDING,,,,,,,FOUND_NEARBY,,
TEM-001399,public/textures/skins/barbarian/alt_suit_prismatic.png,Textures,IMAGE_TEXTURE,,,PENDING,,,,,,,FOUND_NEARBY,,
TEM-001400,public/textures/skins/barbarian/alt_a.png,Textures,IMAGE_TEXTURE,,,PENDING,,,,,,,FOUND_NEARBY,,
TEM-001401,public/textures/skins/barbarian/alt_b.png,Textures,IMAGE_TEXTURE,,,PENDING,,,,,,,FOUND_NEARBY,,
TEM-001402,public/textures/skins/knight/alt_suit_chrome.png,Textures,IMAGE_TEXTURE,,,PENDING,,,,,,,FOUND_NEARBY,,
TEM-001403,public/textures/skins/knight/base.png,Textures,IMAGE_TEXTURE,,,PENDING,,,,,,,FOUND_NEARBY,,
TEM-001404,public/textures/skins/knight/alt_c.png,Textures,IMAGE_TEXTURE,,,PENDING,,,,,,,FOUND_NEARBY,,
TEM-001405,public/textures/skins/knight/alt_suit_prismatic.png,Textures,IMAGE_TEXTURE,,,PENDING,,,,,,,FOUND_NEARBY,,
TEM-001406,public/textures/skins/knight/alt_a.png,Textures,IMAGE_TEXTURE,,,PENDING,,,,,,,FOUND_NEARBY,,
TEM-001407,public/textures/skins/knight/alt_b.png,Textures,IMAGE_TEXTURE,,,PENDING,,,,,,,FOUND_NEARBY,,
TEM-001408,public/models/props/fen_lilies.glb,Models,MODEL_3D,,,PENDING,,,,,,,FOUND_NEARBY,,
TEM-001409,public/models/props/mushroom_giant_purple.glb,Models,MODEL_3D,,,PENDING,,,,,,,FOUND_NEARBY,,
TEM-001410,public/models/props/willow_tree.glb,Models,MODEL_3D,,,PENDING,,,,,,,FOUND_NEARBY,,
TEM-001411,public/models/props/fenbridge_palisade_wing.glb,Models,MODEL_3D,,,PENDING,,,,,,,FOUND_NEARBY,,
TEM-001412,public/models/props/eastbrook_market_stall.glb,Models,MODEL_3D,,,PENDING,,,,,,,FOUND_NEARBY,,
TEM-001413,public/models/props/fenbridge_gate_arch.glb,Models,MODEL_3D,,,PENDING,,,,,,,FOUND_NEARBY,,
TEM-001414,public/models/props/lava_river_b.glb,Models,MODEL_3D,,,PENDING,,,,,,,FOUND_NEARBY,,
TEM-001415,public/models/props/rock_large_f.glb,Models,MODEL_3D,,,PENDING,,,,,,,FOUND_NEARBY,,
TEM-001416,public/models/props/star_heart_crystal.glb,Models,MODEL_3D,,,PENDING,,,,,,,FOUND_NEARBY,,
TEM-001417,public/models/props/garden_iron_gate.glb,Models,MODEL_3D,,,PENDING,,,,,,,FOUND_NEARBY,,
TEM-001418,public/models/props/wildheart_canopy_platform.glb,Models,MODEL_3D,,,PENDING,,,,,,,FOUND_NEARBY,,
TEM-001419,public/models/props/kmed_tavern_hollow.glb,Models,MODEL_3D,,,PENDING,,,,,,,FOUND_NEARBY,,
TEM-001420,public/models/props/eastbrook_bank.glb,Models,MODEL_3D,,,PENDING,,,,,,,FOUND_NEARBY,,
TEM-001421,public/models/props/obsidian_fang.glb,Models,MODEL_3D,,,PENDING,,,,,,,FOUND_NEARBY,,
TEM-001422,public/models/props/house_1.glb,Models,MODEL_3D,,,PENDING,,,,,,,FOUND_NEARBY,,
TEM-001423,public/models/props/statue_head.glb,Models,MODEL_3D,,,PENDING,,,,,,,FOUND_NEARBY,,
TEM-001424,public/models/props/fenbridge_mirelight_cistern.glb,Models,MODEL_3D,,,PENDING,,,,,,,FOUND_NEARBY,,
TEM-001425,public/models/props/rift_portal.glb,Models,MODEL_3D,,,PENDING,,,,,,,FOUND_NEARBY,,
TEM-001426,public/models/props/crystal_amethyst_cluster.glb,Models,MODEL_3D,,,PENDING,,,,,,,FOUND_NEARBY,,
TEM-001427,public/models/props/fenbridge_muster_board.glb,Models,MODEL_3D,,,PENDING,,,,,,,FOUND_NEARBY,,
TEM-001428,public/models/props/dungeon_door_arch.glb,Models,MODEL_3D,,,PENDING,,,,,,,FOUND_NEARBY,,
TEM-001429,public/models/props/hell_forge.glb,Models,MODEL_3D,,,PENDING,,,,,,,FOUND_NEARBY,,
TEM-001430,public/models/props/lava_pool.glb,Models,MODEL_3D,,,PENDING,,,,,,,FOUND_NEARBY,,
TEM-001431,public/models/props/delve_rite_shrine_bell.glb,Models,MODEL_3D,,,PENDING,,,,,,,FOUND_NEARBY,,
TEM-001432,public/models/props/marsh_dead_tree.glb,Models,MODEL_3D,,,PENDING,,,,,,,FOUND_NEARBY,,
TEM-001433,public/models/props/tent_small.glb,Models,MODEL_3D,,,PENDING,,,,,,,FOUND_NEARBY,,
TEM-001434,public/models/props/inscription_lectern.glb,Models,MODEL_3D,,,PENDING,,,,,,,FOUND_NEARBY,,
TEM-001435,public/models/props/mushroom_tan.glb,Models,MODEL_3D,,,PENDING,,,,,,,FOUND_NEARBY,,
TEM-001436,public/models/props/rock_tall_a.glb,Models,MODEL_3D,,,PENDING,,,,,,,FOUND_NEARBY,,
TEM-001437,public/models/props/leatherworking_rack.glb,Models,MODEL_3D,,,PENDING,,,,,,,FOUND_NEARBY,,
TEM-001438,public/models/props/well.glb,Models,MODEL_3D,,,PENDING,,,,,,,FOUND_NEARBY,,
TEM-001439,public/models/props/delve_rite_shrine_candle.glb,Models,MODEL_3D,,,PENDING,,,,,,,FOUND_NEARBY,,
TEM-001440,public/models/props/hollow_gate_crystal.glb,Models,MODEL_3D,,,PENDING,,,,,,,FOUND_NEARBY,,
TEM-001441,public/models/props/farmcrate_apple.glb,Models,MODEL_3D,,,PENDING,,,,,,,FOUND_NEARBY,,
TEM-001442,public/models/props/eastbrook_wall_wing.glb,Models,MODEL_3D,,,PENDING,,,,,,,FOUND_NEARBY,,
TEM-001443,public/models/props/column.glb,Models,MODEL_3D,,,PENDING,,,,,,,FOUND_NEARBY,,
TEM-001444,public/models/props/wildheart_mask_totem.glb,Models,MODEL_3D,,,PENDING,,,,,,,FOUND_NEARBY,,
TEM-001445,public/models/props/fenbridge_crooked_reed_inn.glb,Models,MODEL_3D,,,PENDING,,,,,,,FOUND_NEARBY,,
TEM-001446,public/models/props/fenbridge_boardwalk.glb,Models,MODEL_3D,,,PENDING,,,,,,,FOUND_NEARBY,,
TEM-001447,public/models/props/crate_wooden.glb,Models,MODEL_3D,,,PENDING,,,,,,,FOUND_NEARBY,,
TEM-001448,public/models/props/barrel.glb,Models,MODEL_3D,,,PENDING,,,,,,,FOUND_NEARBY,,
TEM-001449,public/models/props/wildheart_giant_fern.glb,Models,MODEL_3D,,,PENDING,,,,,,,FOUND_NEARBY,,
TEM-001450,public/models/props/eastbrook_grand_armoury.glb,Models,MODEL_3D,,,PENDING,,,,,,,FOUND_NEARBY,,
TEM-001451,public/models/props/kmed_church_hollow.glb,Models,MODEL_3D,,,PENDING,,,,,,,FOUND_NEARBY,,
TEM-001452,public/models/props/fallen_coconuts.glb,Models,MODEL_3D,,,PENDING,,,,,,,FOUND_NEARBY,,
TEM-001453,public/models/props/mining_ore_cart.glb,Models,MODEL_3D,,,PENDING,,,,,,,FOUND_NEARBY,,
TEM-001454,public/models/props/delve_rite_shrine_reed.glb,Models,MODEL_3D,,,PENDING,,,,,,,FOUND_NEARBY,,
TEM-001455,public/models/props/fen_mushrooms.glb,Models,MODEL_3D,,,PENDING,,,,,,,FOUND_NEARBY,,
TEM-001456,public/models/props/reeds.glb,Models,MODEL_3D,,,PENDING,,,,,,,FOUND_NEARBY,,
TEM-001457,public/models/props/kmed_home_B_hollow.glb,Models,MODEL_3D,,,PENDING,,,,,,,FOUND_NEARBY,,
TEM-001458,public/models/props/yumi_torch_handle.glb,Models,MODEL_3D,,,PENDING,,,,,,,FOUND_NEARBY,,
TEM-001459,public/models/props/fenbridge_warden_gatehouse.glb,Models,MODEL_3D,,,PENDING,,,,,,,FOUND_NEARBY,,
TEM-001460,public/models/props/leafy_fox_statue.glb,Models,MODEL_3D,,,PENDING,,,,,,,FOUND_NEARBY,,
TEM-001461,public/models/props/destructible_wall.glb,Models,MODEL_3D,,,PENDING,,,,,,,FOUND_NEARBY,,
TEM-001462,public/models/props/lava_terrace.glb,Models,MODEL_3D,,,PENDING,,,,,,,FOUND_NEARBY,,
TEM-001463,public/models/props/mushroom_red.glb,Models,MODEL_3D,,,PENDING,,,,,,,FOUND_NEARBY,,
TEM-001464,public/models/props/jump_oxer.glb,Models,MODEL_3D,,,PENDING,,,,,,,FOUND_NEARBY,,
TEM-001465,public/models/props/jump_vertical.glb,Models,MODEL_3D,,,PENDING,,,,,,,FOUND_NEARBY,,
TEM-001466,public/models/props/marsh_reed_cluster.glb,Models,MODEL_3D,,,PENDING,,,,,,,FOUND_NEARBY,,
TEM-001467,public/models/props/ember_lily.glb,Models,MODEL_3D,,,PENDING,,,,,,,FOUND_NEARBY,,
TEM-001468,public/models/props/mailbox_pillar.glb,Models,MODEL_3D,,,PENDING,,,,,,,FOUND_NEARBY,,
TEM-001469,public/models/props/bone_throne.glb,Models,MODEL_3D,,,PENDING,,,,,,,FOUND_NEARBY,,
TEM-001470,public/models/props/pixie_mushroom_house.glb,Models,MODEL_3D,,,PENDING,,,,,,,FOUND_NEARBY,,
TEM-001471,public/models/props/stag_shrine.glb,Models,MODEL_3D,,,PENDING,,,,,,,FOUND_NEARBY,,
TEM-001472,public/models/props/fenbridge_provision_stall.glb,Models,MODEL_3D,,,PENDING,,,,,,,FOUND_NEARBY,,
TEM-001473,public/models/props/rock_tall_h.glb,Models,MODEL_3D,,,PENDING,,,,,,,FOUND_NEARBY,,
TEM-001474,public/models/props/lava_river_a.glb,Models,MODEL_3D,,,PENDING,,,,,,,FOUND_NEARBY,,
TEM-001475,public/models/props/house_3.glb,Models,MODEL_3D,,,PENDING,,,,,,,FOUND_NEARBY,,
TEM-001476,public/models/props/gravestone_cross.glb,Models,MODEL_3D,,,PENDING,,,,,,,FOUND_NEARBY,,
TEM-001477,public/models/props/weapon_stand.glb,Models,MODEL_3D,,,PENDING,,,,,,,FOUND_NEARBY,,
TEM-001478,public/models/props/dragon_hoard.glb,Models,MODEL_3D,,,PENDING,,,,,,,FOUND_NEARBY,,
TEM-001479,public/models/props/gravestone_round.glb,Models,MODEL_3D,,,PENDING,,,,,,,FOUND_NEARBY,,
TEM-001480,public/models/props/marsh_sluice_post.glb,Models,MODEL_3D,,,PENDING,,,,,,,FOUND_NEARBY,,
TEM-001481,public/models/props/dragon_eggs.glb,Models,MODEL_3D,,,PENDING,,,,,,,FOUND_NEARBY,,
TEM-001482,public/models/props/delve_pressure_plate.glb,Models,MODEL_3D,,,PENDING,,,,,,,FOUND_NEARBY,,
TEM-001483,public/models/props/infernal_altar.glb,Models,MODEL_3D,,,PENDING,,,,,,,FOUND_NEARBY,,
TEM-001484,public/models/props/hollow_gate_tree.glb,Models,MODEL_3D,,,PENDING,,,,,,,FOUND_NEARBY,,
TEM-001485,public/models/props/marsh_corpse_candle.glb,Models,MODEL_3D,,,PENDING,,,,,,,FOUND_NEARBY,,
TEM-001486,public/models/props/rock_large_d.glb,Models,MODEL_3D,,,PENDING,,,,,,,FOUND_NEARBY,,
TEM-001487,public/models/props/bonfire.glb,Models,MODEL_3D,,,PENDING,,,,,,,FOUND_NEARBY,,
TEM-001488,public/models/props/ship_monument.glb,Models,MODEL_3D,,,PENDING,,,,,,,FOUND_NEARBY,,
TEM-001489,public/models/props/kmed_market_hollow.glb,Models,MODEL_3D,,,PENDING,,,,,,,FOUND_NEARBY,,
TEM-001490,public/models/props/marsh_shrine_fragment.glb,Models,MODEL_3D,,,PENDING,,,,,,,FOUND_NEARBY,,
TEM-001491,public/models/props/rift_rune.glb,Models,MODEL_3D,,,PENDING,,,,,,,FOUND_NEARBY,,
TEM-001492,public/models/props/engineering_workbench.glb,Models,MODEL_3D,,,PENDING,,,,,,,FOUND_NEARBY,,
TEM-001493,public/models/props/banker_chest.glb,Models,MODEL_3D,,,PENDING,,,,,,,FOUND_NEARBY,,
TEM-001494,public/models/props/crystal_mound_cave.glb,Models,MODEL_3D,,,PENDING,,,,,,,FOUND_NEARBY,,
TEM-001495,public/models/props/hanging_cage.glb,Models,MODEL_3D,,,PENDING,,,,,,,FOUND_NEARBY,,
TEM-001496,public/models/props/lava_river_end.glb,Models,MODEL_3D,,,PENDING,,,,,,,FOUND_NEARBY,,
TEM-001497,public/models/props/infernal_brazier.glb,Models,MODEL_3D,,,PENDING,,,,,,,FOUND_NEARBY,,
TEM-001498,public/models/props/garden_iron_pillar.glb,Models,MODEL_3D,,,PENDING,,,,,,,FOUND_NEARBY,,
TEM-001499,public/models/props/marsh_root_wall.glb,Models,MODEL_3D,,,PENDING,,,,,,,FOUND_NEARBY,,
TEM-001500,public/models/props/eastbrook_noticeboard.glb,Models,MODEL_3D,,,PENDING,,,,,,,FOUND_NEARBY,,
TEM-001501,public/models/props/garden_iron_fence.glb,Models,MODEL_3D,,,PENDING,,,,,,,FOUND_NEARBY,,
TEM-001502,public/models/props/slag_cauldron.glb,Models,MODEL_3D,,,PENDING,,,,,,,FOUND_NEARBY,,
TEM-001503,public/models/props/eastbrook_toolworks.glb,Models,MODEL_3D,,,PENDING,,,,,,,FOUND_NEARBY,,
TEM-001504,public/models/props/course_arch.glb,Models,MODEL_3D,,,PENDING,,,,,,,FOUND_NEARBY,,
TEM-001505,public/models/props/timber_pillar.glb,Models,MODEL_3D,,,PENDING,,,,,,,FOUND_NEARBY,,
TEM-001506,public/models/props/cart.glb,Models,MODEL_3D,,,PENDING,,,,,,,FOUND_NEARBY,,
TEM-001507,public/models/props/bell_tower.glb,Models,MODEL_3D,,,PENDING,,,,,,,FOUND_NEARBY,,
TEM-001508,public/models/props/alchemy_cauldron.glb,Models,MODEL_3D,,,PENDING,,,,,,,FOUND_NEARBY,,
TEM-001509,public/models/props/fenbridge_lantern_chapel.glb,Models,MODEL_3D,,,PENDING,,,,,,,FOUND_NEARBY,,
TEM-001510,public/models/props/rift_flame.glb,Models,MODEL_3D,,,PENDING,,,,,,,FOUND_NEARBY,,
TEM-001511,public/models/props/delve_rite_shrine_skull.glb,Models,MODEL_3D,,,PENDING,,,,,,,FOUND_NEARBY,,
TEM-001512,public/models/props/wildheart_jaguar_gate.glb,Models,MODEL_3D,,,PENDING,,,,,,,FOUND_NEARBY,,
TEM-001513,public/models/props/fen_log.glb,Models,MODEL_3D,,,PENDING,,,,,,,FOUND_NEARBY,,
TEM-001514,public/models/props/wildheart_jungle_canopy_tree.glb,Models,MODEL_3D,,,PENDING,,,,,,,FOUND_NEARBY,,
TEM-001515,public/models/props/lava_river_c.glb,Models,MODEL_3D,,,PENDING,,,,,,,FOUND_NEARBY,,
TEM-001516,public/models/props/garden_arch.glb,Models,MODEL_3D,,,PENDING,,,,,,,FOUND_NEARBY,,
TEM-001517,public/models/props/fenbridge_hesk_tannery.glb,Models,MODEL_3D,,,PENDING,,,,,,,FOUND_NEARBY,,
TEM-001518,public/models/props/flower_bed_round.glb,Models,MODEL_3D,,,PENDING,,,,,,,FOUND_NEARBY,,
TEM-001519,public/models/props/fenbridge_moonwort_apothecary.glb,Models,MODEL_3D,,,PENDING,,,,,,,FOUND_NEARBY,,
TEM-001520,public/models/props/eastbrook_inn.glb,Models,MODEL_3D,,,PENDING,,,,,,,FOUND_NEARBY,,
TEM-001521,public/models/props/column_broken.glb,Models,MODEL_3D,,,PENDING,,,,,,,FOUND_NEARBY,,
TEM-001522,public/models/props/eastbrook_chapel.glb,Models,MODEL_3D,,,PENDING,,,,,,,FOUND_NEARBY,,
TEM-001523,public/models/props/lantern_wall.glb,Models,MODEL_3D,,,PENDING,,,,,,,FOUND_NEARBY,,
TEM-001524,public/models/props/delve_module_exit.glb,Models,MODEL_3D,,,PENDING,,,,,,,FOUND_NEARBY,,
TEM-001525,public/models/props/blacksmith.glb,Models,MODEL_3D,,,PENDING,,,,,,,FOUND_NEARBY,,
TEM-001526,public/models/props/dock_platform.glb,Models,MODEL_3D,,,PENDING,,,,,,,FOUND_NEARBY,,
TEM-001527,public/models/props/wildheart_beast_den.glb,Models,MODEL_3D,,,PENDING,,,,,,,FOUND_NEARBY,,
TEM-001528,public/models/props/house_2.glb,Models,MODEL_3D,,,PENDING,,,,,,,FOUND_NEARBY,,
TEM-001529,public/models/props/rowboat.glb,Models,MODEL_3D,,,PENDING,,,,,,,FOUND_NEARBY,,
TEM-001530,public/models/props/anvil.glb,Models,MODEL_3D,,,PENDING,,,,,,,FOUND_NEARBY,,
TEM-001531,public/models/props/delve_surface_exit.glb,Models,MODEL_3D,,,PENDING,,,,,,,FOUND_NEARBY,,
TEM-001532,public/models/props/jewelcrafting_bench.glb,Models,MODEL_3D,,,PENDING,,,,,,,FOUND_NEARBY,,
TEM-001533,public/models/props/flower_bed_square_b.glb,Models,MODEL_3D,,,PENDING,,,,,,,FOUND_NEARBY,,
TEM-001534,public/models/props/herbalism_drying_rack.glb,Models,MODEL_3D,,,PENDING,,,,,,,FOUND_NEARBY,,
TEM-001535,public/models/props/fenbridge_gilded_strongbox.glb,Models,MODEL_3D,,,PENDING,,,,,,,FOUND_NEARBY,,
TEM-001536,public/models/props/mushroom_glow_cluster.glb,Models,MODEL_3D,,,PENDING,,,,,,,FOUND_NEARBY,,
TEM-001537,public/models/props/tailoring_loom.glb,Models,MODEL_3D,,,PENDING,,,,,,,FOUND_NEARBY,,
TEM-001538,public/models/props/market_stand_2.glb,Models,MODEL_3D,,,PENDING,,,,,,,FOUND_NEARBY,,
TEM-001539,public/models/props/bone_pile.glb,Models,MODEL_3D,,,PENDING,,,,,,,FOUND_NEARBY,,
TEM-001540,public/models/props/golden_horse_statue.glb,Models,MODEL_3D,,,PENDING,,,,,,,FOUND_NEARBY,,
TEM-001541,public/models/props/fence.glb,Models,MODEL_3D,,,PENDING,,,,,,,FOUND_NEARBY,,
TEM-001542,public/models/props/flower_glow.glb,Models,MODEL_3D,,,PENDING,,,,,,,FOUND_NEARBY,,
TEM-001543,public/models/props/marsh_bell_gallows.glb,Models,MODEL_3D,,,PENDING,,,,,,,FOUND_NEARBY,,
TEM-001544,public/models/props/shrub_flowering.glb,Models,MODEL_3D,,,PENDING,,,,,,,FOUND_NEARBY,,
TEM-001545,public/models/props/eastbrook_smithy.glb,Models,MODEL_3D,,,PENDING,,,,,,,FOUND_NEARBY,,
TEM-001546,public/models/props/gravestone_decorative.glb,Models,MODEL_3D,,,PENDING,,,,,,,FOUND_NEARBY,,
TEM-001547,public/models/props/fenbridge_scout_lodge.glb,Models,MODEL_3D,,,PENDING,,,,,,,FOUND_NEARBY,,
TEM-001548,public/models/props/fen_reeds.glb,Models,MODEL_3D,,,PENDING,,,,,,,FOUND_NEARBY,,
TEM-001549,public/models/props/cooking_spit.glb,Models,MODEL_3D,,,PENDING,,,,,,,FOUND_NEARBY,,
TEM-001550,public/models/props/wildheart_ritual_pyramid.glb,Models,MODEL_3D,,,PENDING,,,,,,,FOUND_NEARBY,,
TEM-001551,public/models/props/eastbrook_civic_well_beacon.glb,Models,MODEL_3D,,,PENDING,,,,,,,FOUND_NEARBY,,
TEM-001552,public/models/props/gravestone_bevel.glb,Models,MODEL_3D,,,PENDING,,,,,,,FOUND_NEARBY,,
TEM-001553,public/models/props/statue_block.glb,Models,MODEL_3D,,,PENDING,,,,,,,FOUND_NEARBY,,
TEM-001554,public/models/props/market_stand_1.glb,Models,MODEL_3D,,,PENDING,,,,,,,FOUND_NEARBY,,
TEM-001555,public/models/props/demon_idol.glb,Models,MODEL_3D,,,PENDING,,,,,,,FOUND_NEARBY,,
TEM-001556,public/models/props/marsh_plank_bridge.glb,Models,MODEL_3D,,,PENDING,,,,,,,FOUND_NEARBY,,
TEM-001557,public/models/props/wildheart_rope_bridge.glb,Models,MODEL_3D,,,PENDING,,,,,,,FOUND_NEARBY,,
TEM-001558,public/models/props/cracked_grave.glb,Models,MODEL_3D,,,PENDING,,,,,,,FOUND_NEARBY,,
TEM-001559,public/models/props/flower_bed_square_a.glb,Models,MODEL_3D,,,PENDING,,,,,,,FOUND_NEARBY,,
TEM-001560,public/models/props/enchanting_altar.glb,Models,MODEL_3D,,,PENDING,,,,,,,FOUND_NEARBY,,
TEM-001561,public/models/props/kmed_blacksmith_hollow.glb,Models,MODEL_3D,,,PENDING,,,,,,,FOUND_NEARBY,,
TEM-001562,public/models/props/kmed_home_A_hollow.glb,Models,MODEL_3D,,,PENDING,,,,,,,FOUND_NEARBY,,
TEM-001563,public/models/props/eastbrook_weaving_workshop.glb,Models,MODEL_3D,,,PENDING,,,,,,,FOUND_NEARBY,,
TEM-001564,public/models/props/ore_rocks.glb,Models,MODEL_3D,,,PENDING,,,,,,,FOUND_NEARBY,,
TEM-001565,public/models/props/wildheart_limestone_cliff.glb,Models,MODEL_3D,,,PENDING,,,,,,,FOUND_NEARBY,,
TEM-001566,public/models/props/wildheart_ancestor_ruin.glb,Models,MODEL_3D,,,PENDING,,,,,,,FOUND_NEARBY,,
TEM-001567,public/models/props/fallback_crate.glb,Models,MODEL_3D,,,PENDING,,,,,,,FOUND_NEARBY,,
TEM-001568,public/models/props/infernal_statue.glb,Models,MODEL_3D,,,PENDING,,,,,,,FOUND_NEARBY,,
TEM-001569,public/models/props/tent_open.glb,Models,MODEL_3D,,,PENDING,,,,,,,FOUND_NEARBY,,
TEM-001570,public/models/props/yumi_brazier_stand.glb,Models,MODEL_3D,,,PENDING,,,,,,,FOUND_NEARBY,,
TEM-001571,public/models/props/maze_hedge_wall.glb,Models,MODEL_3D,,,PENDING,,,,,,,FOUND_NEARBY,,
TEM-001572,public/models/props/inn.glb,Models,MODEL_3D,,,PENDING,,,,,,,FOUND_NEARBY,,
TEM-001573,public/models/props/maze_hedge_arch.glb,Models,MODEL_3D,,,PENDING,,,,,,,FOUND_NEARBY,,
TEM-001574,public/models/dungeon/bookcase_single_decorateda.glb,Models,MODEL_3D,,,PENDING,,,,,,,FOUND_NEARBY,,
TEM-001575,public/models/dungeon/wall_window_open.glb,Models,MODEL_3D,,,PENDING,,,,,,,FOUND_NEARBY,,
TEM-001576,public/models/dungeon/fence_broken.glb,Models,MODEL_3D,,,PENDING,,,,,,,FOUND_NEARBY,,
TEM-001577,public/models/dungeon/stool_round.glb,Models,MODEL_3D,,,PENDING,,,,,,,FOUND_NEARBY,,
TEM-001578,public/models/dungeon/chest_mimic.glb,Models,MODEL_3D,,,PENDING,,,,,,,FOUND_NEARBY,,
TEM-001579,public/models/dungeon/floor_foundation_front_and_back.glb,Models,MODEL_3D,,,PENDING,,,,,,,FOUND_NEARBY,,
TEM-001580,public/models/dungeon/bucket.glb,Models,MODEL_3D,,,PENDING,,,,,,,FOUND_NEARBY,,
TEM-001581,public/models/dungeon/pumpkin_yellow_jackolantern.glb,Models,MODEL_3D,,,PENDING,,,,,,,FOUND_NEARBY,,
TEM-001582,public/models/dungeon/bar_straight_a_short.glb,Models,MODEL_3D,,,PENDING,,,,,,,FOUND_NEARBY,,
TEM-001583,public/models/dungeon/banner_patterna_red.glb,Models,MODEL_3D,,,PENDING,,,,,,,FOUND_NEARBY,,
TEM-001584,public/models/dungeon/banner_thin_red.glb,Models,MODEL_3D,,,PENDING,,,,,,,FOUND_NEARBY,,
TEM-001585,public/models/dungeon/delve_entrance_2.glb,Models,MODEL_3D,,,PENDING,,,,,,,FOUND_NEARBY,,
TEM-001586,public/models/dungeon/floor_foundation_corner.glb,Models,MODEL_3D,,,PENDING,,,,,,,FOUND_NEARBY,,
TEM-001587,public/models/dungeon/keyring_hanging.glb,Models,MODEL_3D,,,PENDING,,,,,,,FOUND_NEARBY,,
TEM-001588,public/models/dungeon/wagon_hay.glb,Models,MODEL_3D,,,PENDING,,,,,,,FOUND_NEARBY,,
TEM-001589,public/models/dungeon/torch_mounted.glb,Models,MODEL_3D,,,PENDING,,,,,,,FOUND_NEARBY,,
TEM-001590,public/models/dungeon/delve_entrance_2_base_color.png,Models,IMAGE_TEXTURE,,,PENDING,,,,,,,FOUND_NEARBY,,
TEM-001591,public/models/dungeon/banner_patternb_white.glb,Models,MODEL_3D,,,PENDING,,,,,,,FOUND_NEARBY,,
TEM-001592,public/models/dungeon/bone_c.glb,Models,MODEL_3D,,,PENDING,,,,,,,FOUND_NEARBY,,
TEM-001593,public/models/dungeon/banner_thin_yellow.glb,Models,MODEL_3D,,,PENDING,,,,,,,FOUND_NEARBY,,
TEM-001594,public/models/dungeon/fence_pillar_broken.glb,Models,MODEL_3D,,,PENDING,,,,,,,FOUND_NEARBY,,
TEM-001595,public/models/dungeon/candy_blue_a.glb,Models,MODEL_3D,,,PENDING,,,,,,,FOUND_NEARBY,,
TEM-001596,public/models/dungeon/tractor.glb,Models,MODEL_3D,,,PENDING,,,,,,,FOUND_NEARBY,,
TEM-001597,public/models/dungeon/plate_food_a.glb,Models,MODEL_3D,,,PENDING,,,,,,,FOUND_NEARBY,,
TEM-001598,public/models/dungeon/scaffold_pillar_wall_torch.glb,Models,MODEL_3D,,,PENDING,,,,,,,FOUND_NEARBY,,
TEM-001599,public/models/dungeon/bed_frame.glb,Models,MODEL_3D,,,PENDING,,,,,,,FOUND_NEARBY,,
TEM-001600,public/models/dungeon/coin.glb,Models,MODEL_3D,,,PENDING,,,,,,,FOUND_NEARBY,,
TEM-001601,public/models/dungeon/stairs_wood.glb,Models,MODEL_3D,,,PENDING,,,,,,,FOUND_NEARBY,,
TEM-001602,public/models/dungeon/barrier.glb,Models,MODEL_3D,,,PENDING,,,,,,,FOUND_NEARBY,,
TEM-001603,public/models/dungeon/stairs_long_modular_left.glb,Models,MODEL_3D,,,PENDING,,,,,,,FOUND_NEARBY,,
TEM-001604,public/models/dungeon/banner_patterna_yellow.glb,Models,MODEL_3D,,,PENDING,,,,,,,FOUND_NEARBY,,
TEM-001605,public/models/dungeon/keg.glb,Models,MODEL_3D,,,PENDING,,,,,,,FOUND_NEARBY,,
TEM-001606,public/models/dungeon/shrine.glb,Models,MODEL_3D,,,PENDING,,,,,,,FOUND_NEARBY,,
TEM-001607,public/models/dungeon/shelf_small_candles.glb,Models,MODEL_3D,,,PENDING,,,,,,,FOUND_NEARBY,,
TEM-001608,public/models/dungeon/sword_shield_broken.glb,Models,MODEL_3D,,,PENDING,,,,,,,FOUND_NEARBY,,
TEM-001609,public/models/dungeon/post.glb,Models,MODEL_3D,,,PENDING,,,,,,,FOUND_NEARBY,,
TEM-001610,public/models/dungeon/floor_dirt_large_rocky.glb,Models,MODEL_3D,,,PENDING,,,,,,,FOUND_NEARBY,,
TEM-001611,public/models/dungeon/banner_shield_yellow.glb,Models,MODEL_3D,,,PENDING,,,,,,,FOUND_NEARBY,,
TEM-001612,public/models/dungeon/fence_pillar.glb,Models,MODEL_3D,,,PENDING,,,,,,,FOUND_NEARBY,,
TEM-001613,public/models/dungeon/wall_archedwindow_gated.glb,Models,MODEL_3D,,,PENDING,,,,,,,FOUND_NEARBY,,
TEM-001614,public/models/dungeon/trunk_small_a.glb,Models,MODEL_3D,,,PENDING,,,,,,,FOUND_NEARBY,,
TEM-001615,public/models/dungeon/floor_tile_small_broken_B.glb,Models,MODEL_3D,,,PENDING,,,,,,,FOUND_NEARBY,,
TEM-001616,public/models/dungeon/scaffold_frame_large.glb,Models,MODEL_3D,,,PENDING,,,,,,,FOUND_NEARBY,,
TEM-001617,public/models/dungeon/banner_shield_red.glb,Models,MODEL_3D,,,PENDING,,,,,,,FOUND_NEARBY,,
TEM-001618,public/models/dungeon/crate_small.glb,Models,MODEL_3D,,,PENDING,,,,,,,FOUND_NEARBY,,
TEM-001619,public/models/dungeon/arch.glb,Models,MODEL_3D,,,PENDING,,,,,,,FOUND_NEARBY,,
TEM-001620,public/models/dungeon/floor_tile_big_grate_open.glb,Models,MODEL_3D,,,PENDING,,,,,,,FOUND_NEARBY,,
TEM-001621,public/models/dungeon/bed_decorated.glb,Models,MODEL_3D,,,PENDING,,,,,,,FOUND_NEARBY,,
TEM-001622,public/models/dungeon/wall_window_open_scaffold.glb,Models,MODEL_3D,,,PENDING,,,,,,,FOUND_NEARBY,,
TEM-001623,public/models/dungeon/wooden_gate_halloween.glb,Models,MODEL_3D,,,PENDING,,,,,,,FOUND_NEARBY,,
TEM-001624,public/models/dungeon/banner_patternC_green.glb,Models,MODEL_3D,,,PENDING,,,,,,,FOUND_NEARBY,,
TEM-001625,public/models/dungeon/floor_tile_extralarge_grates_open.glb,Models,MODEL_3D,,,PENDING,,,,,,,FOUND_NEARBY,,
TEM-001626,public/models/dungeon/pumpkin_orange_jackolantern.glb,Models,MODEL_3D,,,PENDING,,,,,,,FOUND_NEARBY,,
TEM-001627,public/models/dungeon/shelves_decorated.glb,Models,MODEL_3D,,,PENDING,,,,,,,FOUND_NEARBY,,
TEM-001628,public/models/dungeon/table_small_decorated_a.glb,Models,MODEL_3D,,,PENDING,,,,,,,FOUND_NEARBY,,
TEM-001629,public/models/dungeon/floor_dirt_small_corner.glb,Models,MODEL_3D,,,PENDING,,,,,,,FOUND_NEARBY,,
TEM-001630,public/models/dungeon/table_small_decorated_c.glb,Models,MODEL_3D,,,PENDING,,,,,,,FOUND_NEARBY,,
TEM-001631,public/models/dungeon/key_gold.glb,Models,MODEL_3D,,,PENDING,,,,,,,FOUND_NEARBY,,
TEM-001632,public/models/dungeon/trunk_medium_a.glb,Models,MODEL_3D,,,PENDING,,,,,,,FOUND_NEARBY,,
TEM-001633,public/models/dungeon/bed_a_double.glb,Models,MODEL_3D,,,PENDING,,,,,,,FOUND_NEARBY,,
TEM-001634,public/models/dungeon/pickaxe.glb,Models,MODEL_3D,,,PENDING,,,,,,,FOUND_NEARBY,,
TEM-001635,public/models/dungeon/scaffold_beam_wall.glb,Models,MODEL_3D,,,PENDING,,,,,,,FOUND_NEARBY,,
TEM-001636,public/models/dungeon/keyring.glb,Models,MODEL_3D,,,PENDING,,,,,,,FOUND_NEARBY,,
TEM-001637,public/models/dungeon/floor_dirt_small_c.glb,Models,MODEL_3D,,,PENDING,,,,,,,FOUND_NEARBY,,
TEM-001638,public/models/dungeon/plaque_candles.glb,Models,MODEL_3D,,,PENDING,,,,,,,FOUND_NEARBY,,
TEM-001639,public/models/dungeon/bookcase_double.glb,Models,MODEL_3D,,,PENDING,,,,,,,FOUND_NEARBY,,
TEM-001640,public/models/dungeon/barrel_small_stack.glb,Models,MODEL_3D,,,PENDING,,,,,,,FOUND_NEARBY,,
TEM-001641,public/models/dungeon/ceiling_tile.glb,Models,MODEL_3D,,,PENDING,,,,,,,FOUND_NEARBY,,
TEM-001642,public/models/dungeon/wall_corner_small.glb,Models,MODEL_3D,,,PENDING,,,,,,,FOUND_NEARBY,,
TEM-001643,public/models/dungeon/bottle_b_brown.glb,Models,MODEL_3D,,,PENDING,,,,,,,FOUND_NEARBY,,
TEM-001644,public/models/dungeon/wall_open_scaffold.glb,Models,MODEL_3D,,,PENDING,,,,,,,FOUND_NEARBY,,
TEM-001645,public/models/dungeon/lollipop_orange.glb,Models,MODEL_3D,,,PENDING,,,,,,,FOUND_NEARBY,,
TEM-001646,public/models/dungeon/barrel_large.glb,Models,MODEL_3D,,,PENDING,,,,,,,FOUND_NEARBY,,
TEM-001647,public/models/dungeon/bottle_b_green.glb,Models,MODEL_3D,,,PENDING,,,,,,,FOUND_NEARBY,,
TEM-001648,public/models/dungeon/wall_window_closed.glb,Models,MODEL_3D,,,PENDING,,,,,,,FOUND_NEARBY,,
TEM-001649,public/models/dungeon/floor_dirt_small_b.glb,Models,MODEL_3D,,,PENDING,,,,,,,FOUND_NEARBY,,
TEM-001650,public/models/dungeon/wall_inset_shelves_decoratedb.glb,Models,MODEL_3D,,,PENDING,,,,,,,FOUND_NEARBY,,
TEM-001651,public/models/dungeon/scaffold_pillar_wall_cross.glb,Models,MODEL_3D,,,PENDING,,,,,,,FOUND_NEARBY,,
TEM-001652,public/models/dungeon/lollipop_purple.glb,Models,MODEL_3D,,,PENDING,,,,,,,FOUND_NEARBY,,
TEM-001653,public/models/dungeon/bottle_c_brown.glb,Models,MODEL_3D,,,PENDING,,,,,,,FOUND_NEARBY,,
TEM-001654,public/models/dungeon/wall_shelves.glb,Models,MODEL_3D,,,PENDING,,,,,,,FOUND_NEARBY,,
TEM-001655,public/models/dungeon/coffin_decorated.glb,Models,MODEL_3D,,,PENDING,,,,,,,FOUND_NEARBY,,
TEM-001656,public/models/dungeon/chest.glb,Models,MODEL_3D,,,PENDING,,,,,,,FOUND_NEARBY,,
TEM-001657,public/models/dungeon/coin_stack_small.glb,Models,MODEL_3D,,,PENDING,,,,,,,FOUND_NEARBY,,
TEM-001658,public/models/dungeon/chest_gold.glb,Models,MODEL_3D,,,PENDING,,,,,,,FOUND_NEARBY,,
TEM-001659,public/models/dungeon/table_medium_broken.glb,Models,MODEL_3D,,,PENDING,,,,,,,FOUND_NEARBY,,
TEM-001660,public/models/dungeon/floor_dirt_grave.glb,Models,MODEL_3D,,,PENDING,,,,,,,FOUND_NEARBY,,
TEM-001661,public/models/dungeon/candy_green_b.glb,Models,MODEL_3D,,,PENDING,,,,,,,FOUND_NEARBY,,
TEM-001662,public/models/dungeon/banner_patterna_brown.glb,Models,MODEL_3D,,,PENDING,,,,,,,FOUND_NEARBY,,
TEM-001663,public/models/dungeon/bed_b_single.glb,Models,MODEL_3D,,,PENDING,,,,,,,FOUND_NEARBY,,
TEM-001664,public/models/dungeon/wall_doorway.glb,Models,MODEL_3D,,,PENDING,,,,,,,FOUND_NEARBY,,
TEM-001665,public/models/dungeon/banner_shield_green.glb,Models,MODEL_3D,,,PENDING,,,,,,,FOUND_NEARBY,,
TEM-001666,public/models/dungeon/pumpkin_orange.glb,Models,MODEL_3D,,,PENDING,,,,,,,FOUND_NEARBY,,
TEM-001667,public/models/dungeon/banner_patternb_green.glb,Models,MODEL_3D,,,PENDING,,,,,,,FOUND_NEARBY,,
TEM-001668,public/models/dungeon/wall_archedwindow_gated_scaffold.glb,Models,MODEL_3D,,,PENDING,,,,,,,FOUND_NEARBY,,
TEM-001669,public/models/dungeon/table_round_medium.glb,Models,MODEL_3D,,,PENDING,,,,,,,FOUND_NEARBY,,
TEM-001670,public/models/dungeon/bar_innercorner.glb,Models,MODEL_3D,,,PENDING,,,,,,,FOUND_NEARBY,,
TEM-001671,public/models/dungeon/banner_yellow.glb,Models,MODEL_3D,,,PENDING,,,,,,,FOUND_NEARBY,,
TEM-001672,public/models/dungeon/floor_tile_small_decorated.glb,Models,MODEL_3D,,,PENDING,,,,,,,FOUND_NEARBY,,
TEM-001673,public/models/dungeon/table_long_decorated_a.glb,Models,MODEL_3D,,,PENDING,,,,,,,FOUND_NEARBY,,
TEM-001674,public/models/dungeon/column.glb,Models,MODEL_3D,,,PENDING,,,,,,,FOUND_NEARBY,,
TEM-001675,public/models/dungeon/fence_seperate.glb,Models,MODEL_3D,,,PENDING,,,,,,,FOUND_NEARBY,,
TEM-001676,public/models/dungeon/banner_patternb_blue.glb,Models,MODEL_3D,,,PENDING,,,,,,,FOUND_NEARBY,,
TEM-001677,public/models/dungeon/banner_green.glb,Models,MODEL_3D,,,PENDING,,,,,,,FOUND_NEARBY,,
TEM-001678,public/models/dungeon/wall_inset_shelves_broken.glb,Models,MODEL_3D,,,PENDING,,,,,,,FOUND_NEARBY,,
TEM-001679,public/models/dungeon/fence_gate.glb,Models,MODEL_3D,,,PENDING,,,,,,,FOUND_NEARBY,,
TEM-001680,public/models/dungeon/banner_patternb_brown.glb,Models,MODEL_3D,,,PENDING,,,,,,,FOUND_NEARBY,,
TEM-001681,public/models/dungeon/bookcase_double_decorateda.glb,Models,MODEL_3D,,,PENDING,,,,,,,FOUND_NEARBY,,
TEM-001682,public/models/dungeon/path_d.glb,Models,MODEL_3D,,,PENDING,,,,,,,FOUND_NEARBY,,
TEM-001683,public/models/dungeon/table_small.glb,Models,MODEL_3D,,,PENDING,,,,,,,FOUND_NEARBY,,
TEM-001684,public/models/dungeon/key.glb,Models,MODEL_3D,,,PENDING,,,,,,,FOUND_NEARBY,,
TEM-001685,public/models/dungeon/path_c.glb,Models,MODEL_3D,,,PENDING,,,,,,,FOUND_NEARBY,,
TEM-001686,public/models/dungeon/bartop_b_medium.glb,Models,MODEL_3D,,,PENDING,,,,,,,FOUND_NEARBY,,
TEM-001687,public/models/dungeon/gravestone.glb,Models,MODEL_3D,,,PENDING,,,,,,,FOUND_NEARBY,,
TEM-001688,public/models/dungeon/stairs_walled.glb,Models,MODEL_3D,,,PENDING,,,,,,,FOUND_NEARBY,,
TEM-001689,public/models/dungeon/pumpkin_yellow.glb,Models,MODEL_3D,,,PENDING,,,,,,,FOUND_NEARBY,,
TEM-001690,public/models/dungeon/path_a.glb,Models,MODEL_3D,,,PENDING,,,,,,,FOUND_NEARBY,,
TEM-001691,public/models/dungeon/plate_small.glb,Models,MODEL_3D,,,PENDING,,,,,,,FOUND_NEARBY,,
TEM-001692,public/models/dungeon/candy_blue_b.glb,Models,MODEL_3D,,,PENDING,,,,,,,FOUND_NEARBY,,
TEM-001693,public/models/dungeon/floor_wood_small.glb,Models,MODEL_3D,,,PENDING,,,,,,,FOUND_NEARBY,,
TEM-001694,public/models/dungeon/grave_a.glb,Models,MODEL_3D,,,PENDING,,,,,,,FOUND_NEARBY,,
TEM-001695,public/models/dungeon/wall_archedwindow_open.glb,Models,MODEL_3D,,,PENDING,,,,,,,FOUND_NEARBY,,
TEM-001696,public/models/dungeon/keg_decorated.glb,Models,MODEL_3D,,,PENDING,,,,,,,FOUND_NEARBY,,
TEM-001697,public/models/dungeon/scaffold_beam_corner.glb,Models,MODEL_3D,,,PENDING,,,,,,,FOUND_NEARBY,,
TEM-001698,public/models/dungeon/banner_triple_brown.glb,Models,MODEL_3D,,,PENDING,,,,,,,FOUND_NEARBY,,
TEM-001699,public/models/dungeon/bucket_pickaxes.glb,Models,MODEL_3D,,,PENDING,,,,,,,FOUND_NEARBY,,
TEM-001700,public/models/dungeon/banner_white.glb,Models,MODEL_3D,,,PENDING,,,,,,,FOUND_NEARBY,,
TEM-001701,public/models/dungeon/bookcase_single.glb,Models,MODEL_3D,,,PENDING,,,,,,,FOUND_NEARBY,,
TEM-001702,public/models/dungeon/table_round_small.glb,Models,MODEL_3D,,,PENDING,,,,,,,FOUND_NEARBY,,
TEM-001703,public/models/dungeon/barrier_half.glb,Models,MODEL_3D,,,PENDING,,,,,,,FOUND_NEARBY,,
TEM-001704,public/models/dungeon/bartop_b_small.glb,Models,MODEL_3D,,,PENDING,,,,,,,FOUND_NEARBY,,
TEM-001705,public/models/dungeon/fence_seperate_broken.glb,Models,MODEL_3D,,,PENDING,,,,,,,FOUND_NEARBY,,
TEM-001706,public/models/dungeon/plate_food_b.glb,Models,MODEL_3D,,,PENDING,,,,,,,FOUND_NEARBY,,
TEM-001707,public/models/dungeon/banner_thin_green.glb,Models,MODEL_3D,,,PENDING,,,,,,,FOUND_NEARBY,,
TEM-001708,public/models/dungeon/sign_left.glb,Models,MODEL_3D,,,PENDING,,,,,,,FOUND_NEARBY,,
TEM-001709,public/models/dungeon/rocks_small.glb,Models,MODEL_3D,,,PENDING,,,,,,,FOUND_NEARBY,,
TEM-001710,public/models/dungeon/skull.glb,Models,MODEL_3D,,,PENDING,,,,,,,FOUND_NEARBY,,
TEM-001711,public/models/dungeon/candycorn.glb,Models,MODEL_3D,,,PENDING,,,,,,,FOUND_NEARBY,,
TEM-001712,public/models/dungeon/lantern_standing.glb,Models,MODEL_3D,,,PENDING,,,,,,,FOUND_NEARBY,,
TEM-001713,public/models/dungeon/wall_crossing.glb,Models,MODEL_3D,,,PENDING,,,,,,,FOUND_NEARBY,,
TEM-001714,public/models/dungeon/box_small.glb,Models,MODEL_3D,,,PENDING,,,,,,,FOUND_NEARBY,,
TEM-001715,public/models/dungeon/pillar_decorated.glb,Models,MODEL_3D,,,PENDING,,,,,,,FOUND_NEARBY,,
TEM-001716,public/models/dungeon/wall_scaffold.glb,Models,MODEL_3D,,,PENDING,,,,,,,FOUND_NEARBY,,
TEM-001717,public/models/dungeon/box_small_decorated.glb,Models,MODEL_3D,,,PENDING,,,,,,,FOUND_NEARBY,,
TEM-001718,public/models/dungeon/table_medium_tablecloth_decorated_b.glb,Models,MODEL_3D,,,PENDING,,,,,,,FOUND_NEARBY,,
TEM-001719,public/models/dungeon/floor_dirt_small_weeds.glb,Models,MODEL_3D,,,PENDING,,,,,,,FOUND_NEARBY,,
TEM-001720,public/models/dungeon/banner_thin_blue.glb,Models,MODEL_3D,,,PENDING,,,,,,,FOUND_NEARBY,,
TEM-001721,public/models/dungeon/banner_triple_green.glb,Models,MODEL_3D,,,PENDING,,,,,,,FOUND_NEARBY,,
TEM-001722,public/models/dungeon/floor_tile_small_weeds_B.glb,Models,MODEL_3D,,,PENDING,,,,,,,FOUND_NEARBY,,
TEM-001723,public/models/dungeon/trunk_large_c.glb,Models,MODEL_3D,,,PENDING,,,,,,,FOUND_NEARBY,,
TEM-001724,public/models/dungeon/bookcase_single_decoratedb.glb,Models,MODEL_3D,,,PENDING,,,,,,,FOUND_NEARBY,,
TEM-001725,public/models/dungeon/stairs_wall_right.glb,Models,MODEL_3D,,,PENDING,,,,,,,FOUND_NEARBY,,
TEM-001726,public/models/dungeon/stairs_wide.glb,Models,MODEL_3D,,,PENDING,,,,,,,FOUND_NEARBY,,
TEM-001727,public/models/dungeon/floor_tile_grate.glb,Models,MODEL_3D,,,PENDING,,,,,,,FOUND_NEARBY,,
TEM-001728,public/models/dungeon/floor_tile_small_weeds_A.glb,Models,MODEL_3D,,,PENDING,,,,,,,FOUND_NEARBY,,
TEM-001729,public/models/dungeon/plate.glb,Models,MODEL_3D,,,PENDING,,,,,,,FOUND_NEARBY,,
TEM-001730,public/models/dungeon/crypt.glb,Models,MODEL_3D,,,PENDING,,,,,,,FOUND_NEARBY,,
TEM-001731,public/models/dungeon/rubble_large.glb,Models,MODEL_3D,,,PENDING,,,,,,,FOUND_NEARBY,,
TEM-001732,public/models/dungeon/table_medium_decorated_b.glb,Models,MODEL_3D,,,PENDING,,,,,,,FOUND_NEARBY,,
TEM-001733,public/models/dungeon/crates_stacked.glb,Models,MODEL_3D,,,PENDING,,,,,,,FOUND_NEARBY,,
TEM-001734,public/models/dungeon/wall_corner.glb,Models,MODEL_3D,,,PENDING,,,,,,,FOUND_NEARBY,,
TEM-001735,public/models/dungeon/candy_brown_b.glb,Models,MODEL_3D,,,PENDING,,,,,,,FOUND_NEARBY,,
TEM-001736,public/models/dungeon/floor_wood_small_dark.glb,Models,MODEL_3D,,,PENDING,,,,,,,FOUND_NEARBY,,
TEM-001737,public/models/dungeon/book_grey.glb,Models,MODEL_3D,,,PENDING,,,,,,,FOUND_NEARBY,,
TEM-001738,public/models/dungeon/stairs_long.glb,Models,MODEL_3D,,,PENDING,,,,,,,FOUND_NEARBY,,
TEM-001739,public/models/dungeon/bone_B.glb,Models,MODEL_3D,,,PENDING,,,,,,,FOUND_NEARBY,,
TEM-001740,public/models/dungeon/shelves.glb,Models,MODEL_3D,,,PENDING,,,,,,,FOUND_NEARBY,,
TEM-001741,public/models/dungeon/trunk_medium_b.glb,Models,MODEL_3D,,,PENDING,,,,,,,FOUND_NEARBY,,
TEM-001742,public/models/dungeon/banner_patternc_yellow.glb,Models,MODEL_3D,,,PENDING,,,,,,,FOUND_NEARBY,,
TEM-001743,public/models/dungeon/table_long_decorated_c.glb,Models,MODEL_3D,,,PENDING,,,,,,,FOUND_NEARBY,,
TEM-001744,public/models/dungeon/candy_orange_c.glb,Models,MODEL_3D,,,PENDING,,,,,,,FOUND_NEARBY,,
TEM-001745,public/models/dungeon/banner_shield_white.glb,Models,MODEL_3D,,,PENDING,,,,,,,FOUND_NEARBY,,
TEM-001746,public/models/dungeon/floor_dirt_small_d.glb,Models,MODEL_3D,,,PENDING,,,,,,,FOUND_NEARBY,,
TEM-001747,public/models/dungeon/crate_large_decorated.glb,Models,MODEL_3D,,,PENDING,,,,,,,FOUND_NEARBY,,
TEM-001748,public/models/dungeon/bed_a_stacked.glb,Models,MODEL_3D,,,PENDING,,,,,,,FOUND_NEARBY,,
TEM-001749,public/models/dungeon/stairs_narrow.glb,Models,MODEL_3D,,,PENDING,,,,,,,FOUND_NEARBY,,
TEM-001750,public/models/dungeon/wall_arched.glb,Models,MODEL_3D,,,PENDING,,,,,,,FOUND_NEARBY,,
TEM-001751,public/models/dungeon/floor_wood_large_dark.glb,Models,MODEL_3D,,,PENDING,,,,,,,FOUND_NEARBY,,
TEM-001752,public/models/dungeon/candle.glb,Models,MODEL_3D,,,PENDING,,,,,,,FOUND_NEARBY,,
TEM-001753,public/models/dungeon/arch_gate.glb,Models,MODEL_3D,,,PENDING,,,,,,,FOUND_NEARBY,,
TEM-001754,public/models/dungeon/tree_pine_yellow_medium.glb,Models,MODEL_3D,,,PENDING,,,,,,,FOUND_NEARBY,,
TEM-001755,public/models/dungeon/candy_green_c.glb,Models,MODEL_3D,,,PENDING,,,,,,,FOUND_NEARBY,,
TEM-001756,public/models/dungeon/stairs_modular_center.glb,Models,MODEL_3D,,,PENDING,,,,,,,FOUND_NEARBY,,
TEM-001757,public/models/dungeon/sign_right.glb,Models,MODEL_3D,,,PENDING,,,,,,,FOUND_NEARBY,,
TEM-001758,public/models/dungeon/path_b.glb,Models,MODEL_3D,,,PENDING,,,,,,,FOUND_NEARBY,,
TEM-001759,public/models/dungeon/wall_cracked.glb,Models,MODEL_3D,,,PENDING,,,,,,,FOUND_NEARBY,,
TEM-001760,public/models/dungeon/chair.glb,Models,MODEL_3D,,,PENDING,,,,,,,FOUND_NEARBY,,
TEM-001761,public/models/dungeon/floor_foundation_diagonal_corner.glb,Models,MODEL_3D,,,PENDING,,,,,,,FOUND_NEARBY,,
TEM-001762,public/models/dungeon/bartop_a_small.glb,Models,MODEL_3D,,,PENDING,,,,,,,FOUND_NEARBY,,
TEM-001763,public/models/dungeon/banner_patternb_red.glb,Models,MODEL_3D,,,PENDING,,,,,,,FOUND_NEARBY,,
TEM-001764,public/models/dungeon/chest_large_gold.glb,Models,MODEL_3D,,,PENDING,,,,,,,FOUND_NEARBY,,
TEM-001765,public/models/dungeon/bartop_a_large.glb,Models,MODEL_3D,,,PENDING,,,,,,,FOUND_NEARBY,,
TEM-001766,public/models/dungeon/floor_wood_large.glb,Models,MODEL_3D,,,PENDING,,,,,,,FOUND_NEARBY,,
TEM-001767,public/models/dungeon/coin_stack_large.glb,Models,MODEL_3D,,,PENDING,,,,,,,FOUND_NEARBY,,
TEM-001768,public/models/dungeon/tree_dead_large_decorated.glb,Models,MODEL_3D,,,PENDING,,,,,,,FOUND_NEARBY,,
TEM-001769,public/models/dungeon/rocks.glb,Models,MODEL_3D,,,PENDING,,,,,,,FOUND_NEARBY,,
TEM-001770,public/models/dungeon/bartop_b_large.glb,Models,MODEL_3D,,,PENDING,,,,,,,FOUND_NEARBY,,
TEM-001771,public/models/dungeon/banner_thin_brown.glb,Models,MODEL_3D,,,PENDING,,,,,,,FOUND_NEARBY,,
TEM-001772,public/models/dungeon/banner_patternc_blue.glb,Models,MODEL_3D,,,PENDING,,,,,,,FOUND_NEARBY,,
TEM-001773,public/models/dungeon/bar_straight_c_short.glb,Models,MODEL_3D,,,PENDING,,,,,,,FOUND_NEARBY,,
TEM-001774,public/models/dungeon/candy_bucket_b_decorated.glb,Models,MODEL_3D,,,PENDING,,,,,,,FOUND_NEARBY,,
TEM-001775,public/models/dungeon/wall_endcap.glb,Models,MODEL_3D,,,PENDING,,,,,,,FOUND_NEARBY,,
TEM-001776,public/models/dungeon/table_medium.glb,Models,MODEL_3D,,,PENDING,,,,,,,FOUND_NEARBY,,
TEM-001777,public/models/dungeon/candy_bucket_a_decorated.glb,Models,MODEL_3D,,,PENDING,,,,,,,FOUND_NEARBY,,
TEM-001778,public/models/dungeon/lollipop_blue.glb,Models,MODEL_3D,,,PENDING,,,,,,,FOUND_NEARBY,,
TEM-001779,public/models/dungeon/banner_patterna_white.glb,Models,MODEL_3D,,,PENDING,,,,,,,FOUND_NEARBY,,
TEM-001780,public/models/dungeon/candy_orange_a.glb,Models,MODEL_3D,,,PENDING,,,,,,,FOUND_NEARBY,,
TEM-001781,public/models/dungeon/book_tan.glb,Models,MODEL_3D,,,PENDING,,,,,,,FOUND_NEARBY,,
TEM-001782,public/models/dungeon/scaffold_frame_small.glb,Models,MODEL_3D,,,PENDING,,,,,,,FOUND_NEARBY,,
TEM-001783,public/models/dungeon/bone_A.glb,Models,MODEL_3D,,,PENDING,,,,,,,FOUND_NEARBY,,
TEM-001784,public/models/dungeon/grave_a_destroyed.glb,Models,MODEL_3D,,,PENDING,,,,,,,FOUND_NEARBY,,
TEM-001785,public/models/dungeon/tree_pine_yellow_small.glb,Models,MODEL_3D,,,PENDING,,,,,,,FOUND_NEARBY,,
TEM-001786,public/models/dungeon/candle_thin_lit.glb,Models,MODEL_3D,,,PENDING,,,,,,,FOUND_NEARBY,,
TEM-001787,public/models/dungeon/table_long_tablecloth.glb,Models,MODEL_3D,,,PENDING,,,,,,,FOUND_NEARBY,,
TEM-001788,public/models/dungeon/bartop_a_medium.glb,Models,MODEL_3D,,,PENDING,,,,,,,FOUND_NEARBY,,
TEM-001789,public/models/dungeon/rocks_gold.glb,Models,MODEL_3D,,,PENDING,,,,,,,FOUND_NEARBY,,
TEM-001790,public/models/dungeon/scaffold_pillars_connected.glb,Models,MODEL_3D,,,PENDING,,,,,,,FOUND_NEARBY,,
TEM-001791,public/models/dungeon/scaffold_pillars_connected_torch.glb,Models,MODEL_3D,,,PENDING,,,,,,,FOUND_NEARBY,,
TEM-001792,public/models/dungeon/skull_candle.glb,Models,MODEL_3D,,,PENDING,,,,,,,FOUND_NEARBY,,
TEM-001793,public/models/dungeon/candle_melted.glb,Models,MODEL_3D,,,PENDING,,,,,,,FOUND_NEARBY,,
TEM-001794,public/models/dungeon/crate_large.glb,Models,MODEL_3D,,,PENDING,,,,,,,FOUND_NEARBY,,
TEM-001795,public/models/dungeon/candy_pink_b.glb,Models,MODEL_3D,,,PENDING,,,,,,,FOUND_NEARBY,,
TEM-001796,public/models/dungeon/maze_tall.glb,Models,MODEL_3D,,,PENDING,,,,,,,FOUND_NEARBY,,
TEM-001797,public/models/dungeon/chest_large.glb,Models,MODEL_3D,,,PENDING,,,,,,,FOUND_NEARBY,,
TEM-001798,public/models/dungeon/stairs_wall_left.glb,Models,MODEL_3D,,,PENDING,,,,,,,FOUND_NEARBY,,
TEM-001799,public/models/dungeon/banner_triple_blue.glb,Models,MODEL_3D,,,PENDING,,,,,,,FOUND_NEARBY,,
TEM-001800,public/models/dungeon/table_long_decorated_b.glb,Models,MODEL_3D,,,PENDING,,,,,,,FOUND_NEARBY,,
TEM-001801,public/models/dungeon/table_long.glb,Models,MODEL_3D,,,PENDING,,,,,,,FOUND_NEARBY,,
TEM-001802,public/models/dungeon/wall_gated.glb,Models,MODEL_3D,,,PENDING,,,,,,,FOUND_NEARBY,,
TEM-001803,public/models/dungeon/bench.glb,Models,MODEL_3D,,,PENDING,,,,,,,FOUND_NEARBY,,
TEM-001804,public/models/dungeon/candy_brown_a.glb,Models,MODEL_3D,,,PENDING,,,,,,,FOUND_NEARBY,,
TEM-001805,public/models/dungeon/box_stacked.glb,Models,MODEL_3D,,,PENDING,,,,,,,FOUND_NEARBY,,
TEM-001806,public/models/dungeon/stairs_modular_right.glb,Models,MODEL_3D,,,PENDING,,,,,,,FOUND_NEARBY,,
TEM-001807,public/models/dungeon/candle_thin.glb,Models,MODEL_3D,,,PENDING,,,,,,,FOUND_NEARBY,,
TEM-001808,public/models/dungeon/wall_inset_shelves.glb,Models,MODEL_3D,,,PENDING,,,,,,,FOUND_NEARBY,,
TEM-001809,public/models/dungeon/sword_shield.glb,Models,MODEL_3D,,,PENDING,,,,,,,FOUND_NEARBY,,
TEM-001810,public/models/dungeon/wall_inset_candles.glb,Models,MODEL_3D,,,PENDING,,,,,,,FOUND_NEARBY,,
TEM-001811,public/models/dungeon/floor_foundation_allsides.glb,Models,MODEL_3D,,,PENDING,,,,,,,FOUND_NEARBY,,
TEM-001812,public/models/dungeon/floor_foundation_front.glb,Models,MODEL_3D,,,PENDING,,,,,,,FOUND_NEARBY,,
TEM-001813,public/models/dungeon/bar_straight_c.glb,Models,MODEL_3D,,,PENDING,,,,,,,FOUND_NEARBY,,
TEM-001814,public/models/dungeon/floor_tile_small_corner.glb,Models,MODEL_3D,,,PENDING,,,,,,,FOUND_NEARBY,,
TEM-001815,public/models/dungeon/floor_tile_big_spikes.glb,Models,MODEL_3D,,,PENDING,,,,,,,FOUND_NEARBY,,
TEM-001816,public/models/dungeon/banner_patternc_red.glb,Models,MODEL_3D,,,PENDING,,,,,,,FOUND_NEARBY,,
TEM-001817,public/models/dungeon/lollipop_brown.glb,Models,MODEL_3D,,,PENDING,,,,,,,FOUND_NEARBY,,
TEM-001818,public/models/dungeon/grave_B.glb,Models,MODEL_3D,,,PENDING,,,,,,,FOUND_NEARBY,,
TEM-001819,public/models/dungeon/ribcage.glb,Models,MODEL_3D,,,PENDING,,,,,,,FOUND_NEARBY,,
TEM-001820,public/models/dungeon/pumpkin_yellow_small.glb,Models,MODEL_3D,,,PENDING,,,,,,,FOUND_NEARBY,,
TEM-001821,public/models/dungeon/plaque.glb,Models,MODEL_3D,,,PENDING,,,,,,,FOUND_NEARBY,,
TEM-001822,public/models/dungeon/shrine_candles.glb,Models,MODEL_3D,,,PENDING,,,,,,,FOUND_NEARBY,,
TEM-001823,public/models/dungeon/wall_inset_shelves_decorateda.glb,Models,MODEL_3D,,,PENDING,,,,,,,FOUND_NEARBY,,
TEM-001824,public/models/dungeon/candy_green_a.glb,Models,MODEL_3D,,,PENDING,,,,,,,FOUND_NEARBY,,
TEM-001825,public/models/dungeon/floor_dirt_large.glb,Models,MODEL_3D,,,PENDING,,,,,,,FOUND_NEARBY,,
TEM-001826,public/models/dungeon/wagon.glb,Models,MODEL_3D,,,PENDING,,,,,,,FOUND_NEARBY,,
TEM-001827,public/models/dungeon/post_skull.glb,Models,MODEL_3D,,,PENDING,,,,,,,FOUND_NEARBY,,
TEM-001828,public/models/dungeon/coin_stack_medium.glb,Models,MODEL_3D,,,PENDING,,,,,,,FOUND_NEARBY,,
TEM-001829,public/models/dungeon/barrier_colum_half.glb,Models,MODEL_3D,,,PENDING,,,,,,,FOUND_NEARBY,,
TEM-001830,public/models/dungeon/table_long_tablecloth_decorated_a.glb,Models,MODEL_3D,,,PENDING,,,,,,,FOUND_NEARBY,,
TEM-001831,public/models/dungeon/banner_patternc_white.glb,Models,MODEL_3D,,,PENDING,,,,,,,FOUND_NEARBY,,
TEM-001832,public/models/dungeon/trunk_small_b.glb,Models,MODEL_3D,,,PENDING,,,,,,,FOUND_NEARBY,,
TEM-001833,public/models/dungeon/tree_pine_yellow_large.glb,Models,MODEL_3D,,,PENDING,,,,,,,FOUND_NEARBY,,
TEM-001834,public/models/dungeon/floor_dirt_small.glb,Models,MODEL_3D,,,PENDING,,,,,,,FOUND_NEARBY,,
TEM-001835,public/models/dungeon/tree_pine_orange_large.glb,Models,MODEL_3D,,,PENDING,,,,,,,FOUND_NEARBY,,
TEM-001836,public/models/dungeon/floor_tile_grate_open.glb,Models,MODEL_3D,,,PENDING,,,,,,,FOUND_NEARBY,,
TEM-001837,public/models/dungeon/box_large.glb,Models,MODEL_3D,,,PENDING,,,,,,,FOUND_NEARBY,,
TEM-001838,public/models/dungeon/torch_lit.glb,Models,MODEL_3D,,,PENDING,,,,,,,FOUND_NEARBY,,
TEM-001839,public/models/dungeon/bar_outercorner.glb,Models,MODEL_3D,,,PENDING,,,,,,,FOUND_NEARBY,,
TEM-001840,public/models/dungeon/banner_shield_blue.glb,Models,MODEL_3D,,,PENDING,,,,,,,FOUND_NEARBY,,
TEM-001841,public/models/dungeon/maze_short.glb,Models,MODEL_3D,,,PENDING,,,,,,,FOUND_NEARBY,,
TEM-001842,public/models/dungeon/bed_b_double.glb,Models,MODEL_3D,,,PENDING,,,,,,,FOUND_NEARBY,,
TEM-001843,public/models/dungeon/lollipop_green.glb,Models,MODEL_3D,,,PENDING,,,,,,,FOUND_NEARBY,,
TEM-001844,public/models/dungeon/banner_blue.glb,Models,MODEL_3D,,,PENDING,,,,,,,FOUND_NEARBY,,
TEM-001845,public/models/dungeon/trunk_small_c.glb,Models,MODEL_3D,,,PENDING,,,,,,,FOUND_NEARBY,,
TEM-001846,public/models/dungeon/barrier_corner.glb,Models,MODEL_3D,,,PENDING,,,,,,,FOUND_NEARBY,,
TEM-001847,public/models/dungeon/barrel_small.glb,Models,MODEL_3D,,,PENDING,,,,,,,FOUND_NEARBY,,
TEM-001848,public/models/dungeon/wall_tsplit.glb,Models,MODEL_3D,,,PENDING,,,,,,,FOUND_NEARBY,,
TEM-001849,public/models/dungeon/bottle_a_green.glb,Models,MODEL_3D,,,PENDING,,,,,,,FOUND_NEARBY,,
TEM-001850,public/models/dungeon/banner_thin_white.glb,Models,MODEL_3D,,,PENDING,,,,,,,FOUND_NEARBY,,
TEM-001851,public/models/dungeon/scaffold_pillar_corner.glb,Models,MODEL_3D,,,PENDING,,,,,,,FOUND_NEARBY,,
TEM-001852,public/models/dungeon/bookcase_double_decoratedb.glb,Models,MODEL_3D,,,PENDING,,,,,,,FOUND_NEARBY,,
TEM-001853,public/models/dungeon/bottle_a_labeled_brown.glb,Models,MODEL_3D,,,PENDING,,,,,,,FOUND_NEARBY,,
TEM-001854,public/models/dungeon/candle_triple.glb,Models,MODEL_3D,,,PENDING,,,,,,,FOUND_NEARBY,,
TEM-001855,public/models/dungeon/scaffold_pillar_wall.glb,Models,MODEL_3D,,,PENDING,,,,,,,FOUND_NEARBY,,
TEM-001856,public/models/dungeon/banner_patterna_blue.glb,Models,MODEL_3D,,,PENDING,,,,,,,FOUND_NEARBY,,
TEM-001857,public/models/dungeon/candy_orange_b.glb,Models,MODEL_3D,,,PENDING,,,,,,,FOUND_NEARBY,,
TEM-001858,public/models/dungeon/sign_both.glb,Models,MODEL_3D,,,PENDING,,,,,,,FOUND_NEARBY,,
TEM-001859,public/models/dungeon/barrel_large_decorated.glb,Models,MODEL_3D,,,PENDING,,,,,,,FOUND_NEARBY,,
TEM-001860,public/models/dungeon/wall_half_endcap_sloped.glb,Models,MODEL_3D,,,PENDING,,,,,,,FOUND_NEARBY,,
TEM-001861,public/models/dungeon/wall_broken.glb,Models,MODEL_3D,,,PENDING,,,,,,,FOUND_NEARBY,,
TEM-001862,public/models/dungeon/table_small_decorated_b.glb,Models,MODEL_3D,,,PENDING,,,,,,,FOUND_NEARBY,,
TEM-001863,public/models/dungeon/bottle_c_green.glb,Models,MODEL_3D,,,PENDING,,,,,,,FOUND_NEARBY,,
TEM-001864,public/models/dungeon/wall_corner_gated.glb,Models,MODEL_3D,,,PENDING,,,,,,,FOUND_NEARBY,,
TEM-001865,public/models/dungeon/candle_lit.glb,Models,MODEL_3D,,,PENDING,,,,,,,FOUND_NEARBY,,
TEM-001866,public/models/dungeon/floor_tile_large_rocks.glb,Models,MODEL_3D,,,PENDING,,,,,,,FOUND_NEARBY,,
TEM-001867,public/models/dungeon/scarecrow.glb,Models,MODEL_3D,,,PENDING,,,,,,,FOUND_NEARBY,,
TEM-001868,public/models/dungeon/tree_pine_orange_small.glb,Models,MODEL_3D,,,PENDING,,,,,,,FOUND_NEARBY,,
TEM-001869,public/models/dungeon/tree_pine_orange_medium.glb,Models,MODEL_3D,,,PENDING,,,,,,,FOUND_NEARBY,,
TEM-001870,public/models/dungeon/stairs_modular_left.glb,Models,MODEL_3D,,,PENDING,,,,,,,FOUND_NEARBY,,
TEM-001871,public/models/dungeon/wall_inset.glb,Models,MODEL_3D,,,PENDING,,,,,,,FOUND_NEARBY,,
TEM-001872,public/models/dungeon/pumpkin_orange_small.glb,Models,MODEL_3D,,,PENDING,,,,,,,FOUND_NEARBY,,
TEM-001873,public/models/dungeon/bed_a_single.glb,Models,MODEL_3D,,,PENDING,,,,,,,FOUND_NEARBY,,
TEM-001874,public/models/dungeon/haybale.glb,Models,MODEL_3D,,,PENDING,,,,,,,FOUND_NEARBY,,
TEM-001875,public/models/dungeon/torch.glb,Models,MODEL_3D,,,PENDING,,,,,,,FOUND_NEARBY,,
TEM-001876,public/models/dungeon/floor_dirt.glb,Models,MODEL_3D,,,PENDING,,,,,,,FOUND_NEARBY,,
TEM-001877,public/models/dungeon/wooden_gate.glb,Models,MODEL_3D,,,PENDING,,,,,,,FOUND_NEARBY,,
TEM-001878,public/models/dungeon/pickaxe_gold.glb,Models,MODEL_3D,,,PENDING,,,,,,,FOUND_NEARBY,,
TEM-001879,public/models/dungeon/bottle_a_labeled_green.glb,Models,MODEL_3D,,,PENDING,,,,,,,FOUND_NEARBY,,
TEM-001880,public/models/dungeon/book_brown.glb,Models,MODEL_3D,,,PENDING,,,,,,,FOUND_NEARBY,,
TEM-001881,public/models/dungeon/bar_straight_a.glb,Models,MODEL_3D,,,PENDING,,,,,,,FOUND_NEARBY,,
TEM-001882,public/models/dungeon/fence.glb,Models,MODEL_3D,,,PENDING,,,,,,,FOUND_NEARBY,,
TEM-001883,public/models/dungeon/floor_tile_extralarge_grates.glb,Models,MODEL_3D,,,PENDING,,,,,,,FOUND_NEARBY,,
TEM-001884,public/models/dungeon/candy_brown_c.glb,Models,MODEL_3D,,,PENDING,,,,,,,FOUND_NEARBY,,
TEM-001885,public/models/dungeon/wall_doorway_scaffold.glb,Models,MODEL_3D,,,PENDING,,,,,,,FOUND_NEARBY,,
TEM-001886,public/models/dungeon/banner_triple_red.glb,Models,MODEL_3D,,,PENDING,,,,,,,FOUND_NEARBY,,
TEM-001887,public/models/dungeon/pitchfork.glb,Models,MODEL_3D,,,PENDING,,,,,,,FOUND_NEARBY,,
TEM-001888,public/models/dungeon/floor_tile_small_broken_A.glb,Models,MODEL_3D,,,PENDING,,,,,,,FOUND_NEARBY,,
TEM-001889,public/models/dungeon/floor_tile_big_grate.glb,Models,MODEL_3D,,,PENDING,,,,,,,FOUND_NEARBY,,
TEM-001890,public/models/dungeon/gravemarker_A.glb,Models,MODEL_3D,,,PENDING,,,,,,,FOUND_NEARBY,,
TEM-001891,public/models/dungeon/tree_dead_large.glb,Models,MODEL_3D,,,PENDING,,,,,,,FOUND_NEARBY,,
TEM-001892,public/models/dungeon/wall_half_endcap.glb,Models,MODEL_3D,,,PENDING,,,,,,,FOUND_NEARBY,,
TEM-001893,public/models/dungeon/wall_doorway_tsplit.glb,Models,MODEL_3D,,,PENDING,,,,,,,FOUND_NEARBY,,
TEM-001894,public/models/dungeon/stairs.glb,Models,MODEL_3D,,,PENDING,,,,,,,FOUND_NEARBY,,
TEM-001895,public/models/dungeon/lantern_hanging.glb,Models,MODEL_3D,,,PENDING,,,,,,,FOUND_NEARBY,,
TEM-001896,public/models/dungeon/candy_bucket_a.glb,Models,MODEL_3D,,,PENDING,,,,,,,FOUND_NEARBY,,
TEM-001897,public/models/dungeon/banner_red.glb,Models,MODEL_3D,,,PENDING,,,,,,,FOUND_NEARBY,,
TEM-001898,public/models/dungeon/barrier_column.glb,Models,MODEL_3D,,,PENDING,,,,,,,FOUND_NEARBY,,
TEM-001899,public/models/dungeon/rocks_decorated.glb,Models,MODEL_3D,,,PENDING,,,,,,,FOUND_NEARBY,,
TEM-001900,public/models/dungeon/bed_floor.glb,Models,MODEL_3D,,,PENDING,,,,,,,FOUND_NEARBY,,
TEM-001901,public/models/dungeon/banner_patternc_brown.glb,Models,MODEL_3D,,,PENDING,,,,,,,FOUND_NEARBY,,
TEM-001902,public/models/dungeon/tree_dead_small.glb,Models,MODEL_3D,,,PENDING,,,,,,,FOUND_NEARBY,,
TEM-001903,public/models/dungeon/shelf_large.glb,Models,MODEL_3D,,,PENDING,,,,,,,FOUND_NEARBY,,
TEM-001904,public/models/dungeon/wall.glb,Models,MODEL_3D,,,PENDING,,,,,,,FOUND_NEARBY,,
TEM-001905,public/models/dungeon/floor_tile_large.glb,Models,MODEL_3D,,,PENDING,,,,,,,FOUND_NEARBY,,
TEM-001906,public/models/dungeon/rubble_half.glb,Models,MODEL_3D,,,PENDING,,,,,,,FOUND_NEARBY,,
TEM-001907,public/models/dungeon/stairs_long_modular_right.glb,Models,MODEL_3D,,,PENDING,,,,,,,FOUND_NEARBY,,
TEM-001908,public/models/dungeon/plate_stack.glb,Models,MODEL_3D,,,PENDING,,,,,,,FOUND_NEARBY,,
TEM-001909,public/models/dungeon/bar_straight_b.glb,Models,MODEL_3D,,,PENDING,,,,,,,FOUND_NEARBY,,
TEM-001910,public/models/dungeon/wall_doorway_sides.glb,Models,MODEL_3D,,,PENDING,,,,,,,FOUND_NEARBY,,
TEM-001911,public/models/dungeon/scaffold_pillar_wall_cross_top.glb,Models,MODEL_3D,,,PENDING,,,,,,,FOUND_NEARBY,,
TEM-001912,public/models/dungeon/table_round_large.glb,Models,MODEL_3D,,,PENDING,,,,,,,FOUND_NEARBY,,
TEM-001913,public/models/dungeon/wall_tsplit_sloped.glb,Models,MODEL_3D,,,PENDING,,,,,,,FOUND_NEARBY,,
TEM-001914,public/models/dungeon/table_medium_decorated_a.glb,Models,MODEL_3D,,,PENDING,,,,,,,FOUND_NEARBY,,
TEM-001915,public/models/dungeon/table_medium_tablecloth.glb,Models,MODEL_3D,,,PENDING,,,,,,,FOUND_NEARBY,,
TEM-001916,public/models/dungeon/floor_dirt_small_a.glb,Models,MODEL_3D,,,PENDING,,,,,,,FOUND_NEARBY,,
TEM-001917,public/models/dungeon/banner_patternb_yellow.glb,Models,MODEL_3D,,,PENDING,,,,,,,FOUND_NEARBY,,
TEM-001918,public/models/dungeon/candy_pink_a.glb,Models,MODEL_3D,,,PENDING,,,,,,,FOUND_NEARBY,,
TEM-001919,public/models/dungeon/wall_half.glb,Models,MODEL_3D,,,PENDING,,,,,,,FOUND_NEARBY,,
TEM-001920,public/models/dungeon/scaffold_beams_connected.glb,Models,MODEL_3D,,,PENDING,,,,,,,FOUND_NEARBY,,
TEM-001921,public/models/dungeon/candy_purple_b.glb,Models,MODEL_3D,,,PENDING,,,,,,,FOUND_NEARBY,,
TEM-001922,public/models/dungeon/wall_sloped.glb,Models,MODEL_3D,,,PENDING,,,,,,,FOUND_NEARBY,,
TEM-001923,public/models/dungeon/banner_patterna_green.glb,Models,MODEL_3D,,,PENDING,,,,,,,FOUND_NEARBY,,
TEM-001924,public/models/dungeon/banner_triple_yellow.glb,Models,MODEL_3D,,,PENDING,,,,,,,FOUND_NEARBY,,
TEM-001925,public/models/dungeon/pillar.glb,Models,MODEL_3D,,,PENDING,,,,,,,FOUND_NEARBY,,
TEM-001926,public/models/dungeon/candy_bucket_b.glb,Models,MODEL_3D,,,PENDING,,,,,,,FOUND_NEARBY,,
TEM-001927,public/models/dungeon/gravemarker_b.glb,Models,MODEL_3D,,,PENDING,,,,,,,FOUND_NEARBY,,
TEM-001928,public/models/dungeon/wall_corner_scaffold.glb,Models,MODEL_3D,,,PENDING,,,,,,,FOUND_NEARBY,,
TEM-001929,public/models/dungeon/lollipop_pink.glb,Models,MODEL_3D,,,PENDING,,,,,,,FOUND_NEARBY,,
TEM-001930,public/models/dungeon/bar_straight_b_short.glb,Models,MODEL_3D,,,PENDING,,,,,,,FOUND_NEARBY,,
TEM-001931,public/models/dungeon/banner_triple_white.glb,Models,MODEL_3D,,,PENDING,,,,,,,FOUND_NEARBY,,
TEM-001932,public/models/dungeon/candy_purple_a.glb,Models,MODEL_3D,,,PENDING,,,,,,,FOUND_NEARBY,,
TEM-001933,public/models/dungeon/table_long_broken.glb,Models,MODEL_3D,,,PENDING,,,,,,,FOUND_NEARBY,,
TEM-001934,public/models/dungeon/floor_tile_small.glb,Models,MODEL_3D,,,PENDING,,,,,,,FOUND_NEARBY,,
TEM-001935,public/models/dungeon/floor_foundation_front_and_sides.glb,Models,MODEL_3D,,,PENDING,,,,,,,FOUND_NEARBY,,
TEM-001936,public/models/dungeon/bench_decorated.glb,Models,MODEL_3D,,,PENDING,,,,,,,FOUND_NEARBY,,
TEM-001937,public/models/dungeon/tree_dead_medium.glb,Models,MODEL_3D,,,PENDING,,,,,,,FOUND_NEARBY,,
TEM-001938,public/models/dungeon/post_lantern.glb,Models,MODEL_3D,,,PENDING,,,,,,,FOUND_NEARBY,,
TEM-001939,public/models/dungeon/bottle_a_brown.glb,Models,MODEL_3D,,,PENDING,,,,,,,FOUND_NEARBY,,
TEM-001940,public/models/dungeon/stool.glb,Models,MODEL_3D,,,PENDING,,,,,,,FOUND_NEARBY,,
TEM-001941,public/models/dungeon/trunk_large_A.glb,Models,MODEL_3D,,,PENDING,,,,,,,FOUND_NEARBY,,
TEM-001942,public/models/dungeon/stairs_wood_decorated.glb,Models,MODEL_3D,,,PENDING,,,,,,,FOUND_NEARBY,,
TEM-001943,public/models/dungeon/trunk_medium_c.glb,Models,MODEL_3D,,,PENDING,,,,,,,FOUND_NEARBY,,
TEM-001944,public/models/dungeon/trunk_large_b.glb,Models,MODEL_3D,,,PENDING,,,,,,,FOUND_NEARBY,,
TEM-001945,public/models/dungeon/wall_pillar.glb,Models,MODEL_3D,,,PENDING,,,,,,,FOUND_NEARBY,,
TEM-001946,public/models/dungeon/wall_window_closed_scaffold.glb,Models,MODEL_3D,,,PENDING,,,,,,,FOUND_NEARBY,,
TEM-001947,public/models/dungeon/stairs_long_modular_center.glb,Models,MODEL_3D,,,PENDING,,,,,,,FOUND_NEARBY,,
TEM-001948,public/models/dungeon/banner_brown.glb,Models,MODEL_3D,,,PENDING,,,,,,,FOUND_NEARBY,,
TEM-001949,public/models/dungeon/coffin.glb,Models,MODEL_3D,,,PENDING,,,,,,,FOUND_NEARBY,,
TEM-001950,public/models/dungeon/shelf_small.glb,Models,MODEL_3D,,,PENDING,,,,,,,FOUND_NEARBY,,
TEM-001951,public/models/dungeon/sword_shield_gold.glb,Models,MODEL_3D,,,PENDING,,,,,,,FOUND_NEARBY,,
TEM-001952,public/models/dungeon/shelf_small_books.glb,Models,MODEL_3D,,,PENDING,,,,,,,FOUND_NEARBY,,
TEM-001953,public/models/dungeon/banner_shield_brown.glb,Models,MODEL_3D,,,PENDING,,,,,,,FOUND_NEARBY,,
TEM-001954,public/models/mounts/terrorspark_groundshaker.glb,Models,MODEL_3D,,,PENDING,,,,,,,FOUND_NEARBY,,
TEM-001955,public/models/mounts/drakemaw_raptor.glb,Models,MODEL_3D,,,PENDING,,,,,,,FOUND_NEARBY,,
TEM-001956,public/models/mounts/valorsteed.glb,Models,MODEL_3D,,,PENDING,,,,,,,FOUND_NEARBY,,
TEM-001957,public/models/mounts/aether_hover_cycle.glb,Models,MODEL_3D,,,PENDING,,,,,,,FOUND_NEARBY,,
TEM-001958,public/models/mounts/shadowjump_toad.glb,Models,MODEL_3D,,,PENDING,,,,,,,FOUND_NEARBY,,
TEM-001959,public/models/mounts/grag_bear.glb,Models,MODEL_3D,,,PENDING,,,,,,,FOUND_NEARBY,,
TEM-001960,public/models/mounts/stormfeather_griffin.glb,Models,MODEL_3D,,,PENDING,,,,,,,FOUND_NEARBY,,
TEM-001961,public/models/mounts/stalkglider_snail.glb,Models,MODEL_3D,,,PENDING,,,,,,,FOUND_NEARBY,,
TEM-001962,public/models/mounts/thunderstrut_gobbler.glb,Models,MODEL_3D,,,PENDING,,,,,,,FOUND_NEARBY,,
TEM-001963,public/models/creatures/bear_form.glb,Models,MODEL_3D,,,PENDING,,,,,,,FOUND_NEARBY,,
TEM-001964,public/models/creatures/tolling_bell.glb,Models,MODEL_3D,,,PENDING,,,,,,,FOUND_NEARBY,,
TEM-001965,public/models/creatures/glubevolved.glb,Models,MODEL_3D,,,PENDING,,,,,,,FOUND_NEARBY,,
TEM-001966,public/models/creatures/wildheart_beastmaster.glb,Models,MODEL_3D,,,PENDING,,,,,,,FOUND_NEARBY,,
TEM-001967,public/models/creatures/spider_egg_sac.glb,Models,MODEL_3D,,,PENDING,,,,,,,FOUND_NEARBY,,
TEM-001968,public/models/creatures/greyjaw.glb,Models,MODEL_3D,,,PENDING,,,,,,,FOUND_NEARBY,,
TEM-001969,public/models/creatures/stone_cantor.glb,Models,MODEL_3D,,,PENDING,,,,,,,FOUND_NEARBY,,
TEM-001970,public/models/creatures/orcenemy.glb,Models,MODEL_3D,,,PENDING,,,,,,,FOUND_NEARBY,,
TEM-001971,public/models/creatures/mushroom_pixie.glb,Models,MODEL_3D,,,PENDING,,,,,,,FOUND_NEARBY,,
TEM-001972,public/models/creatures/wildheart_high_priest.glb,Models,MODEL_3D,,,PENDING,,,,,,,FOUND_NEARBY,,
TEM-001973,public/models/creatures/glimmerwisp.glb,Models,MODEL_3D,,,PENDING,,,,,,,FOUND_NEARBY,,
TEM-001974,public/models/creatures/dragonkin_elite.glb,Models,MODEL_3D,,,PENDING,,,,,,,FOUND_NEARBY,,
TEM-001975,public/models/creatures/goblin.glb,Models,MODEL_3D,,,PENDING,,,,,,,FOUND_NEARBY,,
TEM-001976,public/models/creatures/chicken_cow.glb,Models,MODEL_3D,,,PENDING,,,,,,,FOUND_NEARBY,,
TEM-001977,public/models/creatures/leaping_fish.glb,Models,MODEL_3D,,,PENDING,,,,,,,FOUND_NEARBY,,
TEM-001978,public/models/creatures/wildheart_ravager.glb,Models,MODEL_3D,,,PENDING,,,,,,,FOUND_NEARBY,,
TEM-001979,public/models/creatures/bull.glb,Models,MODEL_3D,,,PENDING,,,,,,,FOUND_NEARBY,,
TEM-001980,public/models/creatures/wildheart_hexcaller.glb,Models,MODEL_3D,,,PENDING,,,,,,,FOUND_NEARBY,,
TEM-001981,public/models/creatures/dragonevolved.glb,Models,MODEL_3D,,,PENDING,,,,,,,FOUND_NEARBY,,
TEM-001982,public/models/creatures/ghost.glb,Models,MODEL_3D,,,PENDING,,,,,,,FOUND_NEARBY,,
TEM-001983,public/models/creatures/yetialt.glb,Models,MODEL_3D,,,PENDING,,,,,,,FOUND_NEARBY,,
TEM-001984,public/models/creatures/golelingevolved.glb,Models,MODEL_3D,,,PENDING,,,,,,,FOUND_NEARBY,,
TEM-001985,public/models/creatures/wild_boar.glb,Models,MODEL_3D,,,PENDING,,,,,,,FOUND_NEARBY,,
TEM-001986,public/models/creatures/veiled_doe.glb,Models,MODEL_3D,,,PENDING,,,,,,,FOUND_NEARBY,,
TEM-001987,public/models/creatures/wildheart_stalker.glb,Models,MODEL_3D,,,PENDING,,,,,,,FOUND_NEARBY,,
TEM-001988,public/models/creatures/giant.glb,Models,MODEL_3D,,,PENDING,,,,,,,FOUND_NEARBY,,
TEM-001989,public/models/creatures/aurelhorn.glb,Models,MODEL_3D,,,PENDING,,,,,,,FOUND_NEARBY,,
TEM-001990,public/models/creatures/grubjaw.glb,Models,MODEL_3D,,,PENDING,,,,,,,FOUND_NEARBY,,
TEM-001991,public/models/creatures/wolf.glb,Models,MODEL_3D,,,PENDING,,,,,,,FOUND_NEARBY,,
TEM-001992,public/models/creatures/alpaca.glb,Models,MODEL_3D,,,PENDING,,,,,,,FOUND_NEARBY,,
TEM-001993,public/models/creatures/fox.glb,Models,MODEL_3D,,,PENDING,,,,,,,FOUND_NEARBY,,
TEM-001994,public/models/creatures/dragon_egg.glb,Models,MODEL_3D,,,PENDING,,,,,,,FOUND_NEARBY,,
TEM-001995,public/models/creatures/demon.glb,Models,MODEL_3D,,,PENDING,,,,,,,FOUND_NEARBY,,
TEM-001996,public/models/creatures/water_elemental.glb,Models,MODEL_3D,,,PENDING,,,,,,,FOUND_NEARBY,,
TEM-001997,public/models/creatures/wolf_basic.glb,Models,MODEL_3D,,,PENDING,,,,,,,FOUND_NEARBY,,
TEM-001998,public/models/creatures/duskwisp.glb,Models,MODEL_3D,,,PENDING,,,,,,,FOUND_NEARBY,,
TEM-001999,public/models/creatures/demonalt.glb,Models,MODEL_3D,,,PENDING,,,,,,,FOUND_NEARBY,,
TEM-002000,public/models/creatures/dragonkin_mob.glb,Models,MODEL_3D,,,PENDING,,,,,,,FOUND_NEARBY,,
TEM-002001,public/models/creatures/crabenemy.glb,Models,MODEL_3D,,,PENDING,,,,,,,FOUND_NEARBY,,
TEM-002002,public/models/creatures/yumi_cat.glb,Models,MODEL_3D,,,PENDING,,,,,,,FOUND_NEARBY,,
TEM-002003,public/models/creatures/gleamstag.glb,Models,MODEL_3D,,,PENDING,,,,,,,FOUND_NEARBY,,
TEM-002004,public/models/creatures/frog.glb,Models,MODEL_3D,,,PENDING,,,,,,,FOUND_NEARBY,,
TEM-002005,public/models/creatures/dragonkin_baby.glb,Models,MODEL_3D,,,PENDING,,,,,,,FOUND_NEARBY,,
TEM-002006,public/models/creatures/training_dummy.glb,Models,MODEL_3D,,,PENDING,,,,,,,FOUND_NEARBY,,
TEM-002007,public/models/creatures/tribal.glb,Models,MODEL_3D,,,PENDING,,,,,,,FOUND_NEARBY,,
TEM-002008,public/models/creatures/veiled_stag.glb,Models,MODEL_3D,,,PENDING,,,,,,,FOUND_NEARBY,,
TEM-002009,public/models/creatures/spider.glb,Models,MODEL_3D,,,PENDING,,,,,,,FOUND_NEARBY,,
TEM-002010,public/models/creatures/velociraptor.glb,Models,MODEL_3D,,,PENDING,,,,,,,FOUND_NEARBY,,
TEM-002011,public/models/creatures/orc.glb,Models,MODEL_3D,,,PENDING,,,,,,,FOUND_NEARBY,,
TEM-002012,public/models/creatures/stag.glb,Models,MODEL_3D,,,PENDING,,,,,,,FOUND_NEARBY,,
TEM-002013,public/models/creatures/yeti.glb,Models,MODEL_3D,,,PENDING,,,,,,,FOUND_NEARBY,,
TEM-002014,public/models/resources/stone_bricks_stack_medium.glb,Models,MODEL_3D,,,PENDING,,,,,,,FOUND_NEARBY,,
TEM-002015,public/models/resources/gem_small.glb,Models,MODEL_3D,,,PENDING,,,,,,,FOUND_NEARBY,,
TEM-002016,public/models/resources/food_basket_b_empty.glb,Models,MODEL_3D,,,PENDING,,,,,,,FOUND_NEARBY,,
TEM-002017,public/models/resources/food_crate_large_empty.glb,Models,MODEL_3D,,,PENDING,,,,,,,FOUND_NEARBY,,
TEM-002018,public/models/resources/containers_box_large_dirty.glb,Models,MODEL_3D,,,PENDING,,,,,,,FOUND_NEARBY,,
TEM-002019,public/models/resources/food_barrel_empty.glb,Models,MODEL_3D,,,PENDING,,,,,,,FOUND_NEARBY,,
TEM-002020,public/models/resources/gems_pile_large.glb,Models,MODEL_3D,,,PENDING,,,,,,,FOUND_NEARBY,,
TEM-002021,public/models/resources/pallet_plastic_grey.glb,Models,MODEL_3D,,,PENDING,,,,,,,FOUND_NEARBY,,
TEM-002022,public/models/resources/wood_planks_stack_large.glb,Models,MODEL_3D,,,PENDING,,,,,,,FOUND_NEARBY,,
TEM-002023,public/models/resources/copper_bars_stack_medium.glb,Models,MODEL_3D,,,PENDING,,,,,,,FOUND_NEARBY,,
TEM-002024,public/models/resources/money_bills_stack_small.glb,Models,MODEL_3D,,,PENDING,,,,,,,FOUND_NEARBY,,
TEM-002025,public/models/resources/gems_pile_small.glb,Models,MODEL_3D,,,PENDING,,,,,,,FOUND_NEARBY,,
TEM-002026,public/models/resources/fuel_b_barrel.glb,Models,MODEL_3D,,,PENDING,,,,,,,FOUND_NEARBY,,
TEM-002027,public/models/resources/gold_nugget_large.glb,Models,MODEL_3D,,,PENDING,,,,,,,FOUND_NEARBY,,
TEM-002028,public/models/resources/money_pile_large.glb,Models,MODEL_3D,,,PENDING,,,,,,,FOUND_NEARBY,,
TEM-002029,public/models/resources/fuel_c_barrel_dirty.glb,Models,MODEL_3D,,,PENDING,,,,,,,FOUND_NEARBY,,
TEM-002030,public/models/resources/stone_chunks_large.glb,Models,MODEL_3D,,,PENDING,,,,,,,FOUND_NEARBY,,
TEM-002031,public/models/resources/copper_bar.glb,Models,MODEL_3D,,,PENDING,,,,,,,FOUND_NEARBY,,
TEM-002032,public/models/resources/iron_nugget_large.glb,Models,MODEL_3D,,,PENDING,,,,,,,FOUND_NEARBY,,
TEM-002033,public/models/resources/stone_brick.glb,Models,MODEL_3D,,,PENDING,,,,,,,FOUND_NEARBY,,
TEM-002034,public/models/resources/wood_plank_c.glb,Models,MODEL_3D,,,PENDING,,,,,,,FOUND_NEARBY,,
TEM-002035,public/models/resources/food_crate_large_apples.glb,Models,MODEL_3D,,,PENDING,,,,,,,FOUND_NEARBY,,
TEM-002036,public/models/resources/textiles_stack_large_colored.glb,Models,MODEL_3D,,,PENDING,,,,,,,FOUND_NEARBY,,
TEM-002037,public/models/resources/gold_bars_stack_small.glb,Models,MODEL_3D,,,PENDING,,,,,,,FOUND_NEARBY,,
TEM-002038,public/models/resources/wood_planks_stack_small.glb,Models,MODEL_3D,,,PENDING,,,,,,,FOUND_NEARBY,,
TEM-002039,public/models/resources/fuel_c_barrel.glb,Models,MODEL_3D,,,PENDING,,,,,,,FOUND_NEARBY,,
TEM-002040,public/models/resources/containers_pile_medium.glb,Models,MODEL_3D,,,PENDING,,,,,,,FOUND_NEARBY,,
TEM-002041,public/models/resources/pallet_plastic_blue.glb,Models,MODEL_3D,,,PENDING,,,,,,,FOUND_NEARBY,,
TEM-002042,public/models/resources/stone_chunks_small.glb,Models,MODEL_3D,,,PENDING,,,,,,,FOUND_NEARBY,,
TEM-002043,public/models/resources/copper_nugget_medium.glb,Models,MODEL_3D,,,PENDING,,,,,,,FOUND_NEARBY,,
TEM-002044,public/models/resources/wood_log_b.glb,Models,MODEL_3D,,,PENDING,,,,,,,FOUND_NEARBY,,
TEM-002045,public/models/resources/fuel_c_jerrycan.glb,Models,MODEL_3D,,,PENDING,,,,,,,FOUND_NEARBY,,
TEM-002046,public/models/resources/food_flour.glb,Models,MODEL_3D,,,PENDING,,,,,,,FOUND_NEARBY,,
TEM-002047,public/models/resources/parts_pile_large.glb,Models,MODEL_3D,,,PENDING,,,,,,,FOUND_NEARBY,,
TEM-002048,public/models/resources/iron_nugget_medium.glb,Models,MODEL_3D,,,PENDING,,,,,,,FOUND_NEARBY,,
TEM-002049,public/models/resources/containers_box_small.glb,Models,MODEL_3D,,,PENDING,,,,,,,FOUND_NEARBY,,
TEM-002050,public/models/resources/food_apple_red.glb,Models,MODEL_3D,,,PENDING,,,,,,,FOUND_NEARBY,,
TEM-002051,public/models/resources/money_bills_stack_large.glb,Models,MODEL_3D,,,PENDING,,,,,,,FOUND_NEARBY,,
TEM-002052,public/models/resources/iron_bars_stack_small.glb,Models,MODEL_3D,,,PENDING,,,,,,,FOUND_NEARBY,,
TEM-002053,public/models/resources/gem_large.glb,Models,MODEL_3D,,,PENDING,,,,,,,FOUND_NEARBY,,
TEM-002054,public/models/resources/stone_bricks_stack_small.glb,Models,MODEL_3D,,,PENDING,,,,,,,FOUND_NEARBY,,
TEM-002055,public/models/resources/gold_bar.glb,Models,MODEL_3D,,,PENDING,,,,,,,FOUND_NEARBY,,
TEM-002056,public/models/resources/gold_nugget_small.glb,Models,MODEL_3D,,,PENDING,,,,,,,FOUND_NEARBY,,
TEM-002057,public/models/resources/containers_box_large.glb,Models,MODEL_3D,,,PENDING,,,,,,,FOUND_NEARBY,,
TEM-002058,public/models/resources/gems_sack.glb,Models,MODEL_3D,,,PENDING,,,,,,,FOUND_NEARBY,,
TEM-002059,public/models/resources/wood_log_a.glb,Models,MODEL_3D,,,PENDING,,,,,,,FOUND_NEARBY,,
TEM-002060,public/models/resources/food_cheese.glb,Models,MODEL_3D,,,PENDING,,,,,,,FOUND_NEARBY,,
TEM-002061,public/models/resources/gold_bars_stack_medium.glb,Models,MODEL_3D,,,PENDING,,,,,,,FOUND_NEARBY,,
TEM-002062,public/models/resources/wood_plank_b.glb,Models,MODEL_3D,,,PENDING,,,,,,,FOUND_NEARBY,,
TEM-002063,public/models/resources/food_berry_orange.glb,Models,MODEL_3D,,,PENDING,,,,,,,FOUND_NEARBY,,
TEM-002064,public/models/resources/gather_ore_vein.glb,Models,MODEL_3D,,,PENDING,,,,,,,FOUND_NEARBY,,
TEM-002065,public/models/resources/fuel_c_barrels.glb,Models,MODEL_3D,,,PENDING,,,,,,,FOUND_NEARBY,,
TEM-002066,public/models/resources/wood_planks_stack_medium.glb,Models,MODEL_3D,,,PENDING,,,,,,,FOUND_NEARBY,,
TEM-002067,public/models/resources/food_apple_green.glb,Models,MODEL_3D,,,PENDING,,,,,,,FOUND_NEARBY,,
TEM-002068,public/models/resources/silver_nugget_large.glb,Models,MODEL_3D,,,PENDING,,,,,,,FOUND_NEARBY,,
TEM-002069,public/models/resources/iron_nuggets.glb,Models,MODEL_3D,,,PENDING,,,,,,,FOUND_NEARBY,,
TEM-002070,public/models/resources/wood_plank_a.glb,Models,MODEL_3D,,,PENDING,,,,,,,FOUND_NEARBY,,
TEM-002071,public/models/resources/copper_bars.glb,Models,MODEL_3D,,,PENDING,,,,,,,FOUND_NEARBY,,
TEM-002072,public/models/resources/parts_pile_medium.glb,Models,MODEL_3D,,,PENDING,,,,,,,FOUND_NEARBY,,
TEM-002073,public/models/resources/silver_bars.glb,Models,MODEL_3D,,,PENDING,,,,,,,FOUND_NEARBY,,
TEM-002074,public/models/resources/silver_nugget_small.glb,Models,MODEL_3D,,,PENDING,,,,,,,FOUND_NEARBY,,
TEM-002075,public/models/resources/iron_bars.glb,Models,MODEL_3D,,,PENDING,,,,,,,FOUND_NEARBY,,
TEM-002076,public/models/resources/containers_crate_medium_wood.glb,Models,MODEL_3D,,,PENDING,,,,,,,FOUND_NEARBY,,
TEM-002077,public/models/resources/copper_nuggets.glb,Models,MODEL_3D,,,PENDING,,,,,,,FOUND_NEARBY,,
TEM-002078,public/models/resources/textiles_b.glb,Models,MODEL_3D,,,PENDING,,,,,,,FOUND_NEARBY,,
TEM-002079,public/models/resources/food_pile_medium.glb,Models,MODEL_3D,,,PENDING,,,,,,,FOUND_NEARBY,,
TEM-002080,public/models/resources/food_crate_small_empty.glb,Models,MODEL_3D,,,PENDING,,,,,,,FOUND_NEARBY,,
TEM-002081,public/models/resources/containers_pile_small.glb,Models,MODEL_3D,,,PENDING,,,,,,,FOUND_NEARBY,,
TEM-002082,public/models/resources/money_coins_stack_single.glb,Models,MODEL_3D,,,PENDING,,,,,,,FOUND_NEARBY,,
TEM-002083,public/models/resources/money_pile_small.glb,Models,MODEL_3D,,,PENDING,,,,,,,FOUND_NEARBY,,
TEM-002084,public/models/resources/food_barrel_fish.glb,Models,MODEL_3D,,,PENDING,,,,,,,FOUND_NEARBY,,
TEM-002085,public/models/resources/silver_bars_stack_small.glb,Models,MODEL_3D,,,PENDING,,,,,,,FOUND_NEARBY,,
TEM-002086,public/models/resources/textiles_a.glb,Models,MODEL_3D,,,PENDING,,,,,,,FOUND_NEARBY,,
TEM-002087,public/models/resources/containers_crate_large.glb,Models,MODEL_3D,,,PENDING,,,,,,,FOUND_NEARBY,,
TEM-002088,public/models/resources/fuel_a_barrel_dirty.glb,Models,MODEL_3D,,,PENDING,,,,,,,FOUND_NEARBY,,
TEM-002089,public/models/resources/fuel_a_barrel.glb,Models,MODEL_3D,,,PENDING,,,,,,,FOUND_NEARBY,,
TEM-002090,public/models/resources/containers_crate_small_green.glb,Models,MODEL_3D,,,PENDING,,,,,,,FOUND_NEARBY,,
TEM-002091,public/models/resources/textiles_stack_small.glb,Models,MODEL_3D,,,PENDING,,,,,,,FOUND_NEARBY,,
TEM-002092,public/models/resources/copper_nugget_small.glb,Models,MODEL_3D,,,PENDING,,,,,,,FOUND_NEARBY,,
TEM-002093,public/models/resources/money_bills_stack_medium.glb,Models,MODEL_3D,,,PENDING,,,,,,,FOUND_NEARBY,,
TEM-002094,public/models/resources/copper_nugget_large.glb,Models,MODEL_3D,,,PENDING,,,,,,,FOUND_NEARBY,,
TEM-002095,public/models/resources/copper_bars_stack_small.glb,Models,MODEL_3D,,,PENDING,,,,,,,FOUND_NEARBY,,
TEM-002096,public/models/resources/gather_wood_pile.glb,Models,MODEL_3D,,,PENDING,,,,,,,FOUND_NEARBY,,
TEM-002097,public/models/resources/fuel_b_jerrycan.glb,Models,MODEL_3D,,,PENDING,,,,,,,FOUND_NEARBY,,
TEM-002098,public/models/resources/fuel_b_barrel_dirty.glb,Models,MODEL_3D,,,PENDING,,,,,,,FOUND_NEARBY,,
TEM-002099,public/models/resources/gems_chest_empty.glb,Models,MODEL_3D,,,PENDING,,,,,,,FOUND_NEARBY,,
TEM-002100,public/models/resources/gems_chest.glb,Models,MODEL_3D,,,PENDING,,,,,,,FOUND_NEARBY,,
TEM-002101,public/models/resources/parts_pile_small.glb,Models,MODEL_3D,,,PENDING,,,,,,,FOUND_NEARBY,,
TEM-002102,public/models/resources/gold_bars_stack_large.glb,Models,MODEL_3D,,,PENDING,,,,,,,FOUND_NEARBY,,
TEM-002103,public/models/resources/containers_box_medium.glb,Models,MODEL_3D,,,PENDING,,,,,,,FOUND_NEARBY,,
TEM-002104,public/models/resources/silver_nuggets.glb,Models,MODEL_3D,,,PENDING,,,,,,,FOUND_NEARBY,,
TEM-002105,public/models/resources/fuel_a_jerrycan.glb,Models,MODEL_3D,,,PENDING,,,,,,,FOUND_NEARBY,,
TEM-002106,public/models/resources/gather_herb_cluster.glb,Models,MODEL_3D,,,PENDING,,,,,,,FOUND_NEARBY,,
TEM-002107,public/models/resources/money_single.glb,Models,MODEL_3D,,,PENDING,,,,,,,FOUND_NEARBY,,
TEM-002108,public/models/resources/gold_nuggets.glb,Models,MODEL_3D,,,PENDING,,,,,,,FOUND_NEARBY,,
TEM-002109,public/models/resources/gold_bars.glb,Models,MODEL_3D,,,PENDING,,,,,,,FOUND_NEARBY,,
TEM-002110,public/models/resources/gold_nugget_medium.glb,Models,MODEL_3D,,,PENDING,,,,,,,FOUND_NEARBY,,
TEM-002111,public/models/resources/money_coins_stack_large.glb,Models,MODEL_3D,,,PENDING,,,,,,,FOUND_NEARBY,,
TEM-002112,public/models/resources/food_basket_a_empty.glb,Models,MODEL_3D,,,PENDING,,,,,,,FOUND_NEARBY,,
TEM-002113,public/models/resources/pallet_wood_covered_b.glb,Models,MODEL_3D,,,PENDING,,,,,,,FOUND_NEARBY,,
TEM-002114,public/models/resources/iron_bars_stack_medium.glb,Models,MODEL_3D,,,PENDING,,,,,,,FOUND_NEARBY,,
TEM-002115,public/models/resources/silver_nugget_medium.glb,Models,MODEL_3D,,,PENDING,,,,,,,FOUND_NEARBY,,
TEM-002116,public/models/resources/money_coins_stack_small.glb,Models,MODEL_3D,,,PENDING,,,,,,,FOUND_NEARBY,,
TEM-002117,public/models/resources/containers_pile_large.glb,Models,MODEL_3D,,,PENDING,,,,,,,FOUND_NEARBY,,
TEM-002118,public/models/resources/iron_nugget_small.glb,Models,MODEL_3D,,,PENDING,,,,,,,FOUND_NEARBY,,
TEM-002119,public/models/resources/money_coins_stack_medium.glb,Models,MODEL_3D,,,PENDING,,,,,,,FOUND_NEARBY,,
TEM-002120,public/models/resources/containers_crate_medium_tan.glb,Models,MODEL_3D,,,PENDING,,,,,,,FOUND_NEARBY,,
TEM-002121,public/models/resources/food_basket_a_berries.glb,Models,MODEL_3D,,,PENDING,,,,,,,FOUND_NEARBY,,
TEM-002122,public/models/resources/containers_crate_medium_grey.glb,Models,MODEL_3D,,,PENDING,,,,,,,FOUND_NEARBY,,
TEM-002123,public/models/resources/pallet_wood.glb,Models,MODEL_3D,,,PENDING,,,,,,,FOUND_NEARBY,,
TEM-002124,public/models/resources/textiles_stack_large.glb,Models,MODEL_3D,,,PENDING,,,,,,,FOUND_NEARBY,,
TEM-002125,public/models/resources/silver_bar.glb,Models,MODEL_3D,,,PENDING,,,,,,,FOUND_NEARBY,,
TEM-002126,public/models/resources/money_bill_arched.glb,Models,MODEL_3D,,,PENDING,,,,,,,FOUND_NEARBY,,
TEM-002127,public/models/resources/pallet_plastic_orange.glb,Models,MODEL_3D,,,PENDING,,,,,,,FOUND_NEARBY,,
TEM-002128,public/models/resources/money_pile_medium.glb,Models,MODEL_3D,,,PENDING,,,,,,,FOUND_NEARBY,,
TEM-002129,public/models/resources/food_pile_small.glb,Models,MODEL_3D,,,PENDING,,,,,,,FOUND_NEARBY,,
TEM-002130,public/models/resources/fuel_a_barrels.glb,Models,MODEL_3D,,,PENDING,,,,,,,FOUND_NEARBY,,
TEM-002131,public/models/resources/copper_bars_stack_large.glb,Models,MODEL_3D,,,PENDING,,,,,,,FOUND_NEARBY,,
TEM-002132,public/models/resources/food_pile_large.glb,Models,MODEL_3D,,,PENDING,,,,,,,FOUND_NEARBY,,
TEM-002133,public/models/resources/iron_bar.glb,Models,MODEL_3D,,,PENDING,,,,,,,FOUND_NEARBY,,
TEM-002134,public/models/resources/pallet_wood_covered_a.glb,Models,MODEL_3D,,,PENDING,,,,,,,FOUND_NEARBY,,
TEM-002135,public/models/resources/food_berry_blue.glb,Models,MODEL_3D,,,PENDING,,,,,,,FOUND_NEARBY,,
TEM-002136,public/models/resources/silver_bars_stack_medium.glb,Models,MODEL_3D,,,PENDING,,,,,,,FOUND_NEARBY,,
TEM-002137,public/models/resources/gem_medium.glb,Models,MODEL_3D,,,PENDING,,,,,,,FOUND_NEARBY,,
TEM-002138,public/models/resources/stone_bricks_stack_large.glb,Models,MODEL_3D,,,PENDING,,,,,,,FOUND_NEARBY,,
TEM-002139,public/models/resources/food_basket_b_berries.glb,Models,MODEL_3D,,,PENDING,,,,,,,FOUND_NEARBY,,
TEM-002140,public/models/resources/wood_log_stack.glb,Models,MODEL_3D,,,PENDING,,,,,,,FOUND_NEARBY,,
TEM-002141,public/models/resources/food_crate_small_berries.glb,Models,MODEL_3D,,,PENDING,,,,,,,FOUND_NEARBY,,
TEM-002142,public/models/resources/textiles_c.glb,Models,MODEL_3D,,,PENDING,,,,,,,FOUND_NEARBY,,
TEM-002143,public/models/resources/silver_bars_stack_large.glb,Models,MODEL_3D,,,PENDING,,,,,,,FOUND_NEARBY,,
TEM-002144,public/models/resources/containers_crate_small_grey.glb,Models,MODEL_3D,,,PENDING,,,,,,,FOUND_NEARBY,,
TEM-002145,public/models/resources/iron_bars_stack_large.glb,Models,MODEL_3D,,,PENDING,,,,,,,FOUND_NEARBY,,
TEM-002146,public/models/resources/money_bill.glb,Models,MODEL_3D,,,PENDING,,,,,,,FOUND_NEARBY,,
TEM-002147,public/models/resources/parts_cog.glb,Models,MODEL_3D,,,PENDING,,,,,,,FOUND_NEARBY,,
TEM-002148,public/models/resources/fuel_b_barrels.glb,Models,MODEL_3D,,,PENDING,,,,,,,FOUND_NEARBY,,
TEM-002149,public/models/foliage/rock_2.glb,Models,MODEL_3D,,,PENDING,,,,,,,FOUND_NEARBY,,
TEM-002150,public/models/foliage/twisted_2.glb,Models,MODEL_3D,,,PENDING,,,,,,,FOUND_NEARBY,,
TEM-002151,public/models/foliage/dead_1.glb,Models,MODEL_3D,,,PENDING,,,,,,,FOUND_NEARBY,,
TEM-002152,public/models/foliage/bush.glb,Models,MODEL_3D,,,PENDING,,,,,,,FOUND_NEARBY,,
TEM-002153,public/models/foliage/rock_1.glb,Models,MODEL_3D,,,PENDING,,,,,,,FOUND_NEARBY,,
TEM-002154,public/models/foliage/fern.glb,Models,MODEL_3D,,,PENDING,,,,,,,FOUND_NEARBY,,
TEM-002155,public/models/foliage/pine_2.glb,Models,MODEL_3D,,,PENDING,,,,,,,FOUND_NEARBY,,
TEM-002156,public/models/foliage/pine_1.glb,Models,MODEL_3D,,,PENDING,,,,,,,FOUND_NEARBY,,
TEM-002157,public/models/foliage/oak_4.glb,Models,MODEL_3D,,,PENDING,,,,,,,FOUND_NEARBY,,
TEM-002158,public/models/foliage/oak_5.glb,Models,MODEL_3D,,,PENDING,,,,,,,FOUND_NEARBY,,
TEM-002159,public/models/foliage/mushroom.glb,Models,MODEL_3D,,,PENDING,,,,,,,FOUND_NEARBY,,
TEM-002160,public/models/foliage/twisted_1.glb,Models,MODEL_3D,,,PENDING,,,,,,,FOUND_NEARBY,,
TEM-002161,public/models/foliage/dead_3.glb,Models,MODEL_3D,,,PENDING,,,,,,,FOUND_NEARBY,,
TEM-002162,public/models/foliage/dead_2.glb,Models,MODEL_3D,,,PENDING,,,,,,,FOUND_NEARBY,,
TEM-002163,public/models/foliage/pine_4.glb,Models,MODEL_3D,,,PENDING,,,,,,,FOUND_NEARBY,,
TEM-002164,public/models/foliage/rock_3.glb,Models,MODEL_3D,,,PENDING,,,,,,,FOUND_NEARBY,,
TEM-002165,public/models/foliage/oak_1.glb,Models,MODEL_3D,,,PENDING,,,,,,,FOUND_NEARBY,,
TEM-002166,public/models/foliage/oak_2.glb,Models,MODEL_3D,,,PENDING,,,,,,,FOUND_NEARBY,,
TEM-002167,public/models/foliage/twisted_3.glb,Models,MODEL_3D,,,PENDING,,,,,,,FOUND_NEARBY,,
TEM-002168,public/models/foliage/bush_flowers.glb,Models,MODEL_3D,,,PENDING,,,,,,,FOUND_NEARBY,,
TEM-002169,public/models/foliage/oak_3.glb,Models,MODEL_3D,,,PENDING,,,,,,,FOUND_NEARBY,,
TEM-002170,public/models/foliage/pine_3.glb,Models,MODEL_3D,,,PENDING,,,,,,,FOUND_NEARBY,,
TEM-002171,public/models/foliage/pine_5.glb,Models,MODEL_3D,,,PENDING,,,,,,,FOUND_NEARBY,,
TEM-002172,public/models/weapons/wand.glb,Models,MODEL_3D,,,PENDING,,,,,,,FOUND_NEARBY,,
TEM-002173,public/models/weapons/skeleton_axe.glb,Models,MODEL_3D,,,PENDING,,,,,,,FOUND_NEARBY,,
TEM-002174,public/models/weapons/adv_axe_1handed.glb,Models,MODEL_3D,,,PENDING,,,,,,,FOUND_NEARBY,,
TEM-002175,public/models/weapons/frostbite.glb,Models,MODEL_3D,,,PENDING,,,,,,,FOUND_NEARBY,,
TEM-002176,public/models/weapons/sword_f.glb,Models,MODEL_3D,,,PENDING,,,,,,,FOUND_NEARBY,,
TEM-002177,public/models/weapons/cinderlatch.glb,Models,MODEL_3D,,,PENDING,,,,,,,FOUND_NEARBY,,
TEM-002178,public/models/weapons/adv_staff.glb,Models,MODEL_3D,,,PENDING,,,,,,,FOUND_NEARBY,,
TEM-002179,public/models/weapons/redskull_dagger.glb,Models,MODEL_3D,,,PENDING,,,,,,,FOUND_NEARBY,,
TEM-002180,public/models/weapons/spear_a.glb,Models,MODEL_3D,,,PENDING,,,,,,,FOUND_NEARBY,,
TEM-002181,public/models/weapons/hammer_c.glb,Models,MODEL_3D,,,PENDING,,,,,,,FOUND_NEARBY,,
TEM-002182,public/models/weapons/adv_dagger.glb,Models,MODEL_3D,,,PENDING,,,,,,,FOUND_NEARBY,,
TEM-002183,public/models/weapons/winterbite.glb,Models,MODEL_3D,,,PENDING,,,,,,,FOUND_NEARBY,,
TEM-002184,public/models/weapons/peeled_birch_wand.glb,Models,MODEL_3D,,,PENDING,,,,,,,FOUND_NEARBY,,
TEM-002185,public/models/weapons/adv_sword_1handed.glb,Models,MODEL_3D,,,PENDING,,,,,,,FOUND_NEARBY,,
TEM-002186,public/models/weapons/emberfang_sword.glb,Models,MODEL_3D,,,PENDING,,,,,,,FOUND_NEARBY,,
TEM-002187,public/models/weapons/staff_a.glb,Models,MODEL_3D,,,PENDING,,,,,,,FOUND_NEARBY,,
TEM-002188,public/models/weapons/spellbook_open.glb,Models,MODEL_3D,,,PENDING,,,,,,,FOUND_NEARBY,,
TEM-002189,public/models/weapons/crossbow_2handed.glb,Models,MODEL_3D,,,PENDING,,,,,,,FOUND_NEARBY,,
TEM-002190,public/models/weapons/axe_2handed.glb,Models,MODEL_3D,,,PENDING,,,,,,,FOUND_NEARBY,,
TEM-002191,public/models/weapons/staff.glb,Models,MODEL_3D,,,PENDING,,,,,,,FOUND_NEARBY,,
TEM-002192,public/models/weapons/solheim_last_light_of_the_dawn.glb,Models,MODEL_3D,,,PENDING,,,,,,,FOUND_NEARBY,,
TEM-002193,public/models/weapons/adv_sword_2handed_color.glb,Models,MODEL_3D,,,PENDING,,,,,,,FOUND_NEARBY,,
TEM-002194,public/models/weapons/axe_d.glb,Models,MODEL_3D,,,PENDING,,,,,,,FOUND_NEARBY,,
TEM-002195,public/models/weapons/staff_b.glb,Models,MODEL_3D,,,PENDING,,,,,,,FOUND_NEARBY,,
TEM-002196,public/models/weapons/sword_1handed.glb,Models,MODEL_3D,,,PENDING,,,,,,,FOUND_NEARBY,,
TEM-002197,public/models/weapons/emberwish_mote_of_the_dying_sun.glb,Models,MODEL_3D,,,PENDING,,,,,,,FOUND_NEARBY,,
TEM-002198,public/models/weapons/purple_sword.glb,Models,MODEL_3D,,,PENDING,,,,,,,FOUND_NEARBY,,
TEM-002199,public/models/weapons/purple_staff.glb,Models,MODEL_3D,,,PENDING,,,,,,,FOUND_NEARBY,,
TEM-002200,public/models/weapons/axe_b.glb,Models,MODEL_3D,,,PENDING,,,,,,,FOUND_NEARBY,,
TEM-002201,public/models/weapons/sword_2handed.glb,Models,MODEL_3D,,,PENDING,,,,,,,FOUND_NEARBY,,
TEM-002202,public/models/weapons/purple_axe.glb,Models,MODEL_3D,,,PENDING,,,,,,,FOUND_NEARBY,,
TEM-002203,public/models/weapons/skeleton_blade.glb,Models,MODEL_3D,,,PENDING,,,,,,,FOUND_NEARBY,,
TEM-002204,public/models/weapons/ashspark_shiv.glb,Models,MODEL_3D,,,PENDING,,,,,,,FOUND_NEARBY,,
TEM-002205,public/models/weapons/astravyr_fang_of_the_fallen_star.glb,Models,MODEL_3D,,,PENDING,,,,,,,FOUND_NEARBY,,
TEM-002206,public/models/weapons/crossbow_1handed.glb,Models,MODEL_3D,,,PENDING,,,,,,,FOUND_NEARBY,,
TEM-002207,public/models/weapons/halberd.glb,Models,MODEL_3D,,,PENDING,,,,,,,FOUND_NEARBY,,
TEM-002208,public/models/weapons/staff_c.glb,Models,MODEL_3D,,,PENDING,,,,,,,FOUND_NEARBY,,
TEM-002209,public/models/weapons/hammer_b.glb,Models,MODEL_3D,,,PENDING,,,,,,,FOUND_NEARBY,,
TEM-002210,public/models/weapons/iron_field_hammer.glb,Models,MODEL_3D,,,PENDING,,,,,,,FOUND_NEARBY,,
TEM-002211,public/models/weapons/dagger_c.glb,Models,MODEL_3D,,,PENDING,,,,,,,FOUND_NEARBY,,
TEM-002212,public/models/weapons/skeleton_staff.glb,Models,MODEL_3D,,,PENDING,,,,,,,FOUND_NEARBY,,
TEM-002213,public/models/weapons/adv_wand.glb,Models,MODEL_3D,,,PENDING,,,,,,,FOUND_NEARBY,,
TEM-002214,public/models/weapons/sword_b.glb,Models,MODEL_3D,,,PENDING,,,,,,,FOUND_NEARBY,,
TEM-002215,public/models/weapons/hammer_a.glb,Models,MODEL_3D,,,PENDING,,,,,,,FOUND_NEARBY,,
TEM-002216,public/models/weapons/scythe.glb,Models,MODEL_3D,,,PENDING,,,,,,,FOUND_NEARBY,,
TEM-002217,public/models/weapons/cinderbrand.glb,Models,MODEL_3D,,,PENDING,,,,,,,FOUND_NEARBY,,
TEM-002218,public/models/weapons/rimecrusher.glb,Models,MODEL_3D,,,PENDING,,,,,,,FOUND_NEARBY,,
TEM-002219,public/models/weapons/redskull_wand.glb,Models,MODEL_3D,,,PENDING,,,,,,,FOUND_NEARBY,,
TEM-002220,public/models/weapons/dagger.glb,Models,MODEL_3D,,,PENDING,,,,,,,FOUND_NEARBY,,
TEM-002221,public/models/weapons/axe_c.glb,Models,MODEL_3D,,,PENDING,,,,,,,FOUND_NEARBY,,
TEM-002222,public/models/weapons/sword_c.glb,Models,MODEL_3D,,,PENDING,,,,,,,FOUND_NEARBY,,
TEM-002223,public/models/weapons/forgeheart_stave.glb,Models,MODEL_3D,,,PENDING,,,,,,,FOUND_NEARBY,,
TEM-002224,public/models/weapons/sword_e.glb,Models,MODEL_3D,,,PENDING,,,,,,,FOUND_NEARBY,,
TEM-002225,public/models/weapons/emberbite.glb,Models,MODEL_3D,,,PENDING,,,,,,,FOUND_NEARBY,,
TEM-002226,public/models/weapons/adv_druid_staff.glb,Models,MODEL_3D,,,PENDING,,,,,,,FOUND_NEARBY,,
TEM-002227,public/models/weapons/redskull_hammer.glb,Models,MODEL_3D,,,PENDING,,,,,,,FOUND_NEARBY,,
TEM-002228,public/models/weapons/purple_wand.glb,Models,MODEL_3D,,,PENDING,,,,,,,FOUND_NEARBY,,
TEM-002229,public/models/weapons/shield_square.glb,Models,MODEL_3D,,,PENDING,,,,,,,FOUND_NEARBY,,
TEM-002230,public/models/weapons/hammer_d.glb,Models,MODEL_3D,,,PENDING,,,,,,,FOUND_NEARBY,,
TEM-002231,public/models/weapons/knotted_oak_stave.glb,Models,MODEL_3D,,,PENDING,,,,,,,FOUND_NEARBY,,
TEM-002232,public/models/weapons/rude_awakening_sword.glb,Models,MODEL_3D,,,PENDING,,,,,,,FOUND_NEARBY,,
TEM-002233,public/models/weapons/tempered_flanged_mace.glb,Models,MODEL_3D,,,PENDING,,,,,,,FOUND_NEARBY,,
TEM-002234,public/models/weapons/brasscap_hatchet.glb,Models,MODEL_3D,,,PENDING,,,,,,,FOUND_NEARBY,,
TEM-002235,public/models/weapons/hoarfrost_vigil.glb,Models,MODEL_3D,,,PENDING,,,,,,,FOUND_NEARBY,,
TEM-002236,public/models/weapons/purple_dagger.glb,Models,MODEL_3D,,,PENDING,,,,,,,FOUND_NEARBY,,
TEM-002237,public/models/weapons/cosmarch_spire_of_the_endless_void.glb,Models,MODEL_3D,,,PENDING,,,,,,,FOUND_NEARBY,,
TEM-002238,public/models/weapons/sword_d.glb,Models,MODEL_3D,,,PENDING,,,,,,,FOUND_NEARBY,,
TEM-002239,public/models/weapons/shield_badge.glb,Models,MODEL_3D,,,PENDING,,,,,,,FOUND_NEARBY,,
TEM-002240,public/models/weapons/glaciersplit.glb,Models,MODEL_3D,,,PENDING,,,,,,,FOUND_NEARBY,,
TEM-002241,public/models/weapons/dagger_a.glb,Models,MODEL_3D,,,PENDING,,,,,,,FOUND_NEARBY,,
TEM-002242,public/models/weapons/brasscrown_walking_staff.glb,Models,MODEL_3D,,,PENDING,,,,,,,FOUND_NEARBY,,
TEM-002243,public/models/weapons/meteorlatch_the_sky_s_last_judgment.glb,Models,MODEL_3D,,,PENDING,,,,,,,FOUND_NEARBY,,
TEM-002244,public/models/weapons/encore_the_second_falling_star.glb,Models,MODEL_3D,,,PENDING,,,,,,,FOUND_NEARBY,,
TEM-002245,public/models/weapons/smoulderfall.glb,Models,MODEL_3D,,,PENDING,,,,,,,FOUND_NEARBY,,
TEM-002246,public/models/weapons/shard_of_everwinter.glb,Models,MODEL_3D,,,PENDING,,,,,,,FOUND_NEARBY,,
TEM-002247,public/models/weapons/redskull_staff.glb,Models,MODEL_3D,,,PENDING,,,,,,,FOUND_NEARBY,,
TEM-002248,public/models/weapons/guildmark_arming_sword.glb,Models,MODEL_3D,,,PENDING,,,,,,,FOUND_NEARBY,,
TEM-002249,public/models/weapons/emberwrought_wand.glb,Models,MODEL_3D,,,PENDING,,,,,,,FOUND_NEARBY,,
TEM-002250,public/models/weapons/lacquered_rod.glb,Models,MODEL_3D,,,PENDING,,,,,,,FOUND_NEARBY,,
TEM-002251,public/models/weapons/redskull_sword.glb,Models,MODEL_3D,,,PENDING,,,,,,,FOUND_NEARBY,,
TEM-002252,public/models/weapons/skeleton_crossbow.glb,Models,MODEL_3D,,,PENDING,,,,,,,FOUND_NEARBY,,
TEM-002253,public/models/weapons/sword_g.glb,Models,MODEL_3D,,,PENDING,,,,,,,FOUND_NEARBY,,
TEM-002254,public/models/weapons/wand_a.glb,Models,MODEL_3D,,,PENDING,,,,,,,FOUND_NEARBY,,
TEM-002255,public/models/weapons/axe_1handed.glb,Models,MODEL_3D,,,PENDING,,,,,,,FOUND_NEARBY,,
TEM-002256,public/models/weapons/notched_woodaxe.glb,Models,MODEL_3D,,,PENDING,,,,,,,FOUND_NEARBY,,
TEM-002257,public/models/weapons/adv_sword_2handed.glb,Models,MODEL_3D,,,PENDING,,,,,,,FOUND_NEARBY,,
TEM-002258,public/models/weapons/ice_fang.glb,Models,MODEL_3D,,,PENDING,,,,,,,FOUND_NEARBY,,
TEM-002259,public/models/weapons/wrought_iron_longsword.glb,Models,MODEL_3D,,,PENDING,,,,,,,FOUND_NEARBY,,
TEM-002260,public/models/weapons/skyrender_the_firmament_s_wound.glb,Models,MODEL_3D,,,PENDING,,,,,,,FOUND_NEARBY,,
TEM-002261,public/models/weapons/fletcher_s_guild_bow.glb,Models,MODEL_3D,,,PENDING,,,,,,,FOUND_NEARBY,,
TEM-002262,public/models/weapons/staff_d.glb,Models,MODEL_3D,,,PENDING,,,,,,,FOUND_NEARBY,,
TEM-002263,public/models/weapons/adv_axe_2handed.glb,Models,MODEL_3D,,,PENDING,,,,,,,FOUND_NEARBY,,
TEM-002264,public/models/weapons/sword_a.glb,Models,MODEL_3D,,,PENDING,,,,,,,FOUND_NEARBY,,
TEM-002265,public/models/weapons/skeleton_shield_large_a.glb,Models,MODEL_3D,,,PENDING,,,,,,,FOUND_NEARBY,,
TEM-002266,public/models/weapons/axe_a.glb,Models,MODEL_3D,,,PENDING,,,,,,,FOUND_NEARBY,,
TEM-002267,public/models/weapons/shield_round.glb,Models,MODEL_3D,,,PENDING,,,,,,,FOUND_NEARBY,,
TEM-002268,public/models/weapons/quiver.glb,Models,MODEL_3D,,,PENDING,,,,,,,FOUND_NEARBY,,
TEM-002269,public/models/weapons/simple_farmhand_crossbow.glb,Models,MODEL_3D,,,PENDING,,,,,,,FOUND_NEARBY,,
TEM-002270,public/models/weapons/whittler_s_knife.glb,Models,MODEL_3D,,,PENDING,,,,,,,FOUND_NEARBY,,
TEM-002271,public/models/weapons/guildmark_dirk.glb,Models,MODEL_3D,,,PENDING,,,,,,,FOUND_NEARBY,,
TEM-002272,public/models/weapons/wand_b.glb,Models,MODEL_3D,,,PENDING,,,,,,,FOUND_NEARBY,,
TEM-002273,public/models/weapons/dagger_b.glb,Models,MODEL_3D,,,PENDING,,,,,,,FOUND_NEARBY,,
TEM-002274,public/models/weapons/starfall_judgment_of_the_heavens.glb,Models,MODEL_3D,,,PENDING,,,,,,,FOUND_NEARBY,,
TEM-002275,public/models/quest/weathered_ledger_page.glb,Models,MODEL_3D,,,PENDING,,,,,,,FOUND_NEARBY,,
TEM-002276,public/models/quest/ogre_war_totem.glb,Models,MODEL_3D,,,PENDING,,,,,,,FOUND_NEARBY,,
TEM-002277,public/models/quest/gravecaller_sigil.glb,Models,MODEL_3D,,,PENDING,,,,,,,FOUND_NEARBY,,
TEM-002278,public/models/quest/sanctum_key_shard.glb,Models,MODEL_3D,,,PENDING,,,,,,,FOUND_NEARBY,,
TEM-002279,public/models/quest/lost_caravan_goods.glb,Models,MODEL_3D,,,PENDING,,,,,,,FOUND_NEARBY,,
TEM-002280,public/models/quest/crypt_ritual_circle.glb,Models,MODEL_3D,,,PENDING,,,,,,,FOUND_NEARBY,,
TEM-002281,public/models/quest/bastion_ward_stone.glb,Models,MODEL_3D,,,PENDING,,,,,,,FOUND_NEARBY,,
TEM-002282,public/models/quest/morthen_grimoire.glb,Models,MODEL_3D,,,PENDING,,,,,,,FOUND_NEARBY,,
TEM-002283,public/models/quest/supply_crate.glb,Models,MODEL_3D,,,PENDING,,,,,,,FOUND_NEARBY,,
TEM-002284,public/models/quest/gravewyrm_sigil.glb,Models,MODEL_3D,,,PENDING,,,,,,,FOUND_NEARBY,,
TEM-002285,public/models/quest/fenbridge_muster_order.glb,Models,MODEL_3D,,,PENDING,,,,,,,FOUND_NEARBY,,
TEM-002286,public/models/quest/rusted_censer.glb,Models,MODEL_3D,,,PENDING,,,,,,,FOUND_NEARBY,,
TEM-002287,public/models/tools/screwdriver_b_long.glb,Models,MODEL_3D,,,PENDING,,,,,,,FOUND_NEARBY,,
TEM-002288,public/models/tools/fishing_tacklebox_empty.glb,Models,MODEL_3D,,,PENDING,,,,,,,FOUND_NEARBY,,
TEM-002289,public/models/tools/rope_bundle_b.glb,Models,MODEL_3D,,,PENDING,,,,,,,FOUND_NEARBY,,
TEM-002290,public/models/tools/screwdriver_a_short_color.glb,Models,MODEL_3D,,,PENDING,,,,,,,FOUND_NEARBY,,
TEM-002291,public/models/tools/chisel.glb,Models,MODEL_3D,,,PENDING,,,,,,,FOUND_NEARBY,,
TEM-002292,public/models/tools/file.glb,Models,MODEL_3D,,,PENDING,,,,,,,FOUND_NEARBY,,
TEM-002293,public/models/tools/fishing_floater.glb,Models,MODEL_3D,,,PENDING,,,,,,,FOUND_NEARBY,,
TEM-002294,public/models/tools/lockpick_c.glb,Models,MODEL_3D,,,PENDING,,,,,,,FOUND_NEARBY,,
TEM-002295,public/models/tools/hammer.glb,Models,MODEL_3D,,,PENDING,,,,,,,FOUND_NEARBY,,
TEM-002296,public/models/tools/screwdriver_b_short.glb,Models,MODEL_3D,,,PENDING,,,,,,,FOUND_NEARBY,,
TEM-002297,public/models/tools/pickaxe.glb,Models,MODEL_3D,,,PENDING,,,,,,,FOUND_NEARBY,,
TEM-002298,public/models/tools/journal_closed.glb,Models,MODEL_3D,,,PENDING,,,,,,,FOUND_NEARBY,,
TEM-002299,public/models/tools/screwdriver_b_short_color.glb,Models,MODEL_3D,,,PENDING,,,,,,,FOUND_NEARBY,,
TEM-002300,public/models/tools/handdrill.glb,Models,MODEL_3D,,,PENDING,,,,,,,FOUND_NEARBY,,
TEM-002301,public/models/tools/saw.glb,Models,MODEL_3D,,,PENDING,,,,,,,FOUND_NEARBY,,
TEM-002302,public/models/tools/key_b.glb,Models,MODEL_3D,,,PENDING,,,,,,,FOUND_NEARBY,,
TEM-002303,public/models/tools/pencil_a_short.glb,Models,MODEL_3D,,,PENDING,,,,,,,FOUND_NEARBY,,
TEM-002304,public/models/tools/torch_burnt.glb,Models,MODEL_3D,,,PENDING,,,,,,,FOUND_NEARBY,,
TEM-002305,public/models/tools/trowel.glb,Models,MODEL_3D,,,PENDING,,,,,,,FOUND_NEARBY,,
TEM-002306,public/models/tools/fishing_rod_base.glb,Models,MODEL_3D,,,PENDING,,,,,,,FOUND_NEARBY,,
TEM-002307,public/models/tools/screwdriver_a_short.glb,Models,MODEL_3D,,,PENDING,,,,,,,FOUND_NEARBY,,
TEM-002308,public/models/tools/map_rolled.glb,Models,MODEL_3D,,,PENDING,,,,,,,FOUND_NEARBY,,
TEM-002309,public/models/tools/handplane.glb,Models,MODEL_3D,,,PENDING,,,,,,,FOUND_NEARBY,,
TEM-002310,public/models/tools/compass_base.glb,Models,MODEL_3D,,,PENDING,,,,,,,FOUND_NEARBY,,
TEM-002311,public/models/tools/lockpick_a_old.glb,Models,MODEL_3D,,,PENDING,,,,,,,FOUND_NEARBY,,
TEM-002312,public/models/tools/screw_b.glb,Models,MODEL_3D,,,PENDING,,,,,,,FOUND_NEARBY,,
TEM-002313,public/models/tools/map_empty.glb,Models,MODEL_3D,,,PENDING,,,,,,,FOUND_NEARBY,,
TEM-002314,public/models/tools/drafting_compass.glb,Models,MODEL_3D,,,PENDING,,,,,,,FOUND_NEARBY,,
TEM-002315,public/models/tools/pencil_b_long.glb,Models,MODEL_3D,,,PENDING,,,,,,,FOUND_NEARBY,,
TEM-002316,public/models/tools/lockpick_set.glb,Models,MODEL_3D,,,PENDING,,,,,,,FOUND_NEARBY,,
TEM-002317,public/models/tools/magnifying_glass.glb,Models,MODEL_3D,,,PENDING,,,,,,,FOUND_NEARBY,,
TEM-002318,public/models/tools/screwdriver_a_long_color.glb,Models,MODEL_3D,,,PENDING,,,,,,,FOUND_NEARBY,,
TEM-002319,public/models/tools/fishing_rod.glb,Models,MODEL_3D,,,PENDING,,,,,,,FOUND_NEARBY,,
TEM-002320,public/models/tools/lock_a.glb,Models,MODEL_3D,,,PENDING,,,,,,,FOUND_NEARBY,,
TEM-002321,public/models/tools/key_a.glb,Models,MODEL_3D,,,PENDING,,,,,,,FOUND_NEARBY,,
TEM-002322,public/models/tools/lockpick_d.glb,Models,MODEL_3D,,,PENDING,,,,,,,FOUND_NEARBY,,
TEM-002323,public/models/tools/key_c.glb,Models,MODEL_3D,,,PENDING,,,,,,,FOUND_NEARBY,,
TEM-002324,public/models/tools/nail.glb,Models,MODEL_3D,,,PENDING,,,,,,,FOUND_NEARBY,,
TEM-002325,public/models/tools/blueprint.glb,Models,MODEL_3D,,,PENDING,,,,,,,FOUND_NEARBY,,
TEM-002326,public/models/tools/axe.glb,Models,MODEL_3D,,,PENDING,,,,,,,FOUND_NEARBY,,
TEM-002327,public/models/tools/wrench_b.glb,Models,MODEL_3D,,,PENDING,,,,,,,FOUND_NEARBY,,
TEM-002328,public/models/tools/grindstone.glb,Models,MODEL_3D,,,PENDING,,,,,,,FOUND_NEARBY,,
TEM-002329,public/models/tools/bucket_metal.glb,Models,MODEL_3D,,,PENDING,,,,,,,FOUND_NEARBY,,
TEM-002330,public/models/tools/wrench_a.glb,Models,MODEL_3D,,,PENDING,,,,,,,FOUND_NEARBY,,
TEM-002331,public/models/tools/screwdriver_a_long.glb,Models,MODEL_3D,,,PENDING,,,,,,,FOUND_NEARBY,,
TEM-002332,public/models/tools/lantern.glb,Models,MODEL_3D,,,PENDING,,,,,,,FOUND_NEARBY,,
TEM-002333,public/models/tools/pencil_b_short.glb,Models,MODEL_3D,,,PENDING,,,,,,,FOUND_NEARBY,,
TEM-002334,public/models/tools/anvil.glb,Models,MODEL_3D,,,PENDING,,,,,,,FOUND_NEARBY,,
TEM-002335,public/models/tools/journal_open.glb,Models,MODEL_3D,,,PENDING,,,,,,,FOUND_NEARBY,,
TEM-002336,public/models/tools/lockpick_b.glb,Models,MODEL_3D,,,PENDING,,,,,,,FOUND_NEARBY,,
TEM-002337,public/models/tools/torch.glb,Models,MODEL_3D,,,PENDING,,,,,,,FOUND_NEARBY,,
TEM-002338,public/models/tools/map.glb,Models,MODEL_3D,,,PENDING,,,,,,,FOUND_NEARBY,,
TEM-002339,public/models/tools/rope_bundle_a.glb,Models,MODEL_3D,,,PENDING,,,,,,,FOUND_NEARBY,,
TEM-002340,public/models/tools/fishing_worm.glb,Models,MODEL_3D,,,PENDING,,,,,,,FOUND_NEARBY,,
TEM-002341,public/models/tools/pencil_a_long.glb,Models,MODEL_3D,,,PENDING,,,,,,,FOUND_NEARBY,,
TEM-002342,public/models/tools/scissors.glb,Models,MODEL_3D,,,PENDING,,,,,,,FOUND_NEARBY,,
TEM-002343,public/models/tools/mallet.glb,Models,MODEL_3D,,,PENDING,,,,,,,FOUND_NEARBY,,
TEM-002344,public/models/tools/screwdriver_b_long_color.glb,Models,MODEL_3D,,,PENDING,,,,,,,FOUND_NEARBY,,
TEM-002345,public/models/tools/fishing_hook_b.glb,Models,MODEL_3D,,,PENDING,,,,,,,FOUND_NEARBY,,
TEM-002346,public/models/tools/lock_c.glb,Models,MODEL_3D,,,PENDING,,,,,,,FOUND_NEARBY,,
TEM-002347,public/models/tools/tongs.glb,Models,MODEL_3D,,,PENDING,,,,,,,FOUND_NEARBY,,
TEM-002348,public/models/tools/lockpick_a.glb,Models,MODEL_3D,,,PENDING,,,,,,,FOUND_NEARBY,,
TEM-002349,public/models/tools/fishing_hook_a.glb,Models,MODEL_3D,,,PENDING,,,,,,,FOUND_NEARBY,,
TEM-002350,public/models/tools/screw_a.glb,Models,MODEL_3D,,,PENDING,,,,,,,FOUND_NEARBY,,
TEM-002351,public/models/tools/knife.glb,Models,MODEL_3D,,,PENDING,,,,,,,FOUND_NEARBY,,
TEM-002352,public/models/tools/blueprint_stacked.glb,Models,MODEL_3D,,,PENDING,,,,,,,FOUND_NEARBY,,
TEM-002353,public/models/tools/shovel.glb,Models,MODEL_3D,,,PENDING,,,,,,,FOUND_NEARBY,,
TEM-002354,public/models/tools/lock_b.glb,Models,MODEL_3D,,,PENDING,,,,,,,FOUND_NEARBY,,
TEM-002355,public/models/tools/fishing_tacklebox.glb,Models,MODEL_3D,,,PENDING,,,,,,,FOUND_NEARBY,,
TEM-002356,public/models/biome/desert_tree.glb,Models,MODEL_3D,,,PENDING,,,,,,,FOUND_NEARBY,,
TEM-002357,public/models/biome/beach_rocks_2.glb,Models,MODEL_3D,,,PENDING,,,,,,,FOUND_NEARBY,,
TEM-002358,public/models/biome/dungeon_statue_horse.glb,Models,MODEL_3D,,,PENDING,,,,,,,FOUND_NEARBY,,
TEM-002359,public/models/biome/kcas_banner_red_shield.glb,Models,MODEL_3D,,,PENDING,,,,,,,FOUND_NEARBY,,
TEM-002360,public/models/biome/sea_whale.glb,Models,MODEL_3D,,,PENDING,,,,,,,FOUND_NEARBY,,
TEM-002361,public/models/biome/beach_dock.glb,Models,MODEL_3D,,,PENDING,,,,,,,FOUND_NEARBY,,
TEM-002362,public/models/biome/sea_boat_sail_a.glb,Models,MODEL_3D,,,PENDING,,,,,,,FOUND_NEARBY,,
TEM-002363,public/models/biome/kcas_wall_doorway.glb,Models,MODEL_3D,,,PENDING,,,,,,,FOUND_NEARBY,,
TEM-002364,public/models/biome/hexr_blacksmith.glb,Models,MODEL_3D,,,PENDING,,,,,,,FOUND_NEARBY,,
TEM-002365,public/models/biome/kcas_wall_half.glb,Models,MODEL_3D,,,PENDING,,,,,,,FOUND_NEARBY,,
TEM-002366,public/models/biome/dungeon_pillar_stone.glb,Models,MODEL_3D,,,PENDING,,,,,,,FOUND_NEARBY,,
TEM-002367,public/models/biome/camp_bedroll_packed.glb,Models,MODEL_3D,,,PENDING,,,,,,,FOUND_NEARBY,,
TEM-002368,public/models/biome/hex_bridge.glb,Models,MODEL_3D,,,PENDING,,,,,,,FOUND_NEARBY,,
TEM-002369,public/models/biome/city_wagon.glb,Models,MODEL_3D,,,PENDING,,,,,,,FOUND_NEARBY,,
TEM-002370,public/models/biome/hex_castle.glb,Models,MODEL_3D,,,PENDING,,,,,,,FOUND_NEARBY,,
TEM-002371,public/models/biome/cave_rocks_b.glb,Models,MODEL_3D,,,PENDING,,,,,,,FOUND_NEARBY,,
TEM-002372,public/models/biome/dungeon_gate.glb,Models,MODEL_3D,,,PENDING,,,,,,,FOUND_NEARBY,,
TEM-002373,public/models/biome/cave_rail_ramp.glb,Models,MODEL_3D,,,PENDING,,,,,,,FOUND_NEARBY,,
TEM-002374,public/models/biome/hex_boat.glb,Models,MODEL_3D,,,PENDING,,,,,,,FOUND_NEARBY,,
TEM-002375,public/models/biome/kcas_banner_red_a.glb,Models,MODEL_3D,,,PENDING,,,,,,,FOUND_NEARBY,,
TEM-002376,public/models/biome/city_fence_ornament.glb,Models,MODEL_3D,,,PENDING,,,,,,,FOUND_NEARBY,,
TEM-002377,public/models/biome/hex_boatrack.glb,Models,MODEL_3D,,,PENDING,,,,,,,FOUND_NEARBY,,
TEM-002378,public/models/biome/hex_wheelbarrow.glb,Models,MODEL_3D,,,PENDING,,,,,,,FOUND_NEARBY,,
TEM-002379,public/models/biome/hex_tower_cannon.glb,Models,MODEL_3D,,,PENDING,,,,,,,FOUND_NEARBY,,
TEM-002380,public/models/biome/beach_rocks_1.glb,Models,MODEL_3D,,,PENDING,,,,,,,FOUND_NEARBY,,
TEM-002381,public/models/biome/hex_lumber.glb,Models,MODEL_3D,,,PENDING,,,,,,,FOUND_NEARBY,,
TEM-002382,public/models/biome/hexr_watchtower.glb,Models,MODEL_3D,,,PENDING,,,,,,,FOUND_NEARBY,,
TEM-002383,public/models/biome/city_fence_metal.glb,Models,MODEL_3D,,,PENDING,,,,,,,FOUND_NEARBY,,
TEM-002384,public/models/biome/sea_dolphin.glb,Models,MODEL_3D,,,PENDING,,,,,,,FOUND_NEARBY,,
TEM-002385,public/models/biome/desert_rock_formation_1.glb,Models,MODEL_3D,,,PENDING,,,,,,,FOUND_NEARBY,,
TEM-002386,public/models/biome/hexb_windmill.glb,Models,MODEL_3D,,,PENDING,,,,,,,FOUND_NEARBY,,
TEM-002387,public/models/biome/hexb_home_b.glb,Models,MODEL_3D,,,PENDING,,,,,,,FOUND_NEARBY,,
TEM-002388,public/models/biome/hexr_home_b.glb,Models,MODEL_3D,,,PENDING,,,,,,,FOUND_NEARBY,,
TEM-002389,public/models/biome/hex_tile_water.glb,Models,MODEL_3D,,,PENDING,,,,,,,FOUND_NEARBY,,
TEM-002390,public/models/biome/kcas_bench.glb,Models,MODEL_3D,,,PENDING,,,,,,,FOUND_NEARBY,,
TEM-002391,public/models/biome/dungeon_banner.glb,Models,MODEL_3D,,,PENDING,,,,,,,FOUND_NEARBY,,
TEM-002392,public/models/biome/hex_barrel.glb,Models,MODEL_3D,,,PENDING,,,,,,,FOUND_NEARBY,,
TEM-002393,public/models/biome/camp_fishing_stand.glb,Models,MODEL_3D,,,PENDING,,,,,,,FOUND_NEARBY,,
TEM-002394,public/models/biome/dungeon_gate_bars.glb,Models,MODEL_3D,,,PENDING,,,,,,,FOUND_NEARBY,,
TEM-002395,public/models/biome/hexr_tower_catapult.glb,Models,MODEL_3D,,,PENDING,,,,,,,FOUND_NEARBY,,
TEM-002396,public/models/biome/hexr_townhall.glb,Models,MODEL_3D,,,PENDING,,,,,,,FOUND_NEARBY,,
TEM-002397,public/models/biome/hex_ship_blue.glb,Models,MODEL_3D,,,PENDING,,,,,,,FOUND_NEARBY,,
TEM-002398,public/models/biome/hex_home_a.glb,Models,MODEL_3D,,,PENDING,,,,,,,FOUND_NEARBY,,
TEM-002399,public/models/biome/hex_barracks.glb,Models,MODEL_3D,,,PENDING,,,,,,,FOUND_NEARBY,,
TEM-002400,public/models/biome/sea_rowboat_large.glb,Models,MODEL_3D,,,PENDING,,,,,,,FOUND_NEARBY,,
TEM-002401,public/models/biome/cave_cart_a.glb,Models,MODEL_3D,,,PENDING,,,,,,,FOUND_NEARBY,,
TEM-002402,public/models/biome/sea_blue_tang.glb,Models,MODEL_3D,,,PENDING,,,,,,,FOUND_NEARBY,,
TEM-002403,public/models/biome/kcas_column.glb,Models,MODEL_3D,,,PENDING,,,,,,,FOUND_NEARBY,,
TEM-002404,public/models/biome/kcas_wall_pillar.glb,Models,MODEL_3D,,,PENDING,,,,,,,FOUND_NEARBY,,
TEM-002405,public/models/biome/hex_anchor.glb,Models,MODEL_3D,,,PENDING,,,,,,,FOUND_NEARBY,,
TEM-002406,public/models/biome/cave_ladder.glb,Models,MODEL_3D,,,PENDING,,,,,,,FOUND_NEARBY,,
TEM-002407,public/models/biome/desert_cactus_tall_1.glb,Models,MODEL_3D,,,PENDING,,,,,,,FOUND_NEARBY,,
TEM-002408,public/models/biome/kcas_barrier_corner.glb,Models,MODEL_3D,,,PENDING,,,,,,,FOUND_NEARBY,,
TEM-002409,public/models/biome/cave_pillar.glb,Models,MODEL_3D,,,PENDING,,,,,,,FOUND_NEARBY,,
TEM-002410,public/models/biome/dungeon_wall_stone.glb,Models,MODEL_3D,,,PENDING,,,,,,,FOUND_NEARBY,,
TEM-002411,public/models/biome/kcas_keg.glb,Models,MODEL_3D,,,PENDING,,,,,,,FOUND_NEARBY,,
TEM-002412,public/models/biome/hex_ship_red.glb,Models,MODEL_3D,,,PENDING,,,,,,,FOUND_NEARBY,,
TEM-002413,public/models/biome/hexb_market.glb,Models,MODEL_3D,,,PENDING,,,,,,,FOUND_NEARBY,,
TEM-002414,public/models/biome/hex_well.glb,Models,MODEL_3D,,,PENDING,,,,,,,FOUND_NEARBY,,
TEM-002415,public/models/biome/cave_mine_entrance.glb,Models,MODEL_3D,,,PENDING,,,,,,,FOUND_NEARBY,,
TEM-002416,public/models/biome/desert_cactus_tall_2.glb,Models,MODEL_3D,,,PENDING,,,,,,,FOUND_NEARBY,,
TEM-002417,public/models/biome/hexb_stables.glb,Models,MODEL_3D,,,PENDING,,,,,,,FOUND_NEARBY,,
TEM-002418,public/models/biome/hex_tower.glb,Models,MODEL_3D,,,PENDING,,,,,,,FOUND_NEARBY,,
TEM-002419,public/models/biome/beach_cannon.glb,Models,MODEL_3D,,,PENDING,,,,,,,FOUND_NEARBY,,
TEM-002420,public/models/biome/kcas_banner_red_triple.glb,Models,MODEL_3D,,,PENDING,,,,,,,FOUND_NEARBY,,
TEM-002421,public/models/biome/dungeon_column_small.glb,Models,MODEL_3D,,,PENDING,,,,,,,FOUND_NEARBY,,
TEM-002422,public/models/biome/beach_palm_1.glb,Models,MODEL_3D,,,PENDING,,,,,,,FOUND_NEARBY,,
TEM-002423,public/models/biome/hexr_tower_base.glb,Models,MODEL_3D,,,PENDING,,,,,,,FOUND_NEARBY,,
TEM-002424,public/models/biome/kcas_barrier.glb,Models,MODEL_3D,,,PENDING,,,,,,,FOUND_NEARBY,,
TEM-002425,public/models/biome/beach_dock_broken.glb,Models,MODEL_3D,,,PENDING,,,,,,,FOUND_NEARBY,,
TEM-002426,public/models/biome/beach_ship.glb,Models,MODEL_3D,,,PENDING,,,,,,,FOUND_NEARBY,,
TEM-002427,public/models/biome/kcas_torch.glb,Models,MODEL_3D,,,PENDING,,,,,,,FOUND_NEARBY,,
TEM-002428,public/models/biome/camp_fire_pit.glb,Models,MODEL_3D,,,PENDING,,,,,,,FOUND_NEARBY,,
TEM-002429,public/models/biome/kcas_wall_window.glb,Models,MODEL_3D,,,PENDING,,,,,,,FOUND_NEARBY,,
TEM-002430,public/models/biome/hex_sack.glb,Models,MODEL_3D,,,PENDING,,,,,,,FOUND_NEARBY,,
TEM-002431,public/models/biome/kcas_floor_large.glb,Models,MODEL_3D,,,PENDING,,,,,,,FOUND_NEARBY,,
TEM-002432,public/models/biome/dungeon_arch_door.glb,Models,MODEL_3D,,,PENDING,,,,,,,FOUND_NEARBY,,
TEM-002433,public/models/biome/dungeon_corridor.glb,Models,MODEL_3D,,,PENDING,,,,,,,FOUND_NEARBY,,
TEM-002434,public/models/biome/city_stairs.glb,Models,MODEL_3D,,,PENDING,,,,,,,FOUND_NEARBY,,
TEM-002435,public/models/biome/hex_blacksmith.glb,Models,MODEL_3D,,,PENDING,,,,,,,FOUND_NEARBY,,
TEM-002436,public/models/biome/hex_tavern.glb,Models,MODEL_3D,,,PENDING,,,,,,,FOUND_NEARBY,,
TEM-002437,public/models/biome/beach_rock_sand_b.glb,Models,MODEL_3D,,,PENDING,,,,,,,FOUND_NEARBY,,
TEM-002438,public/models/biome/hexr_tavern.glb,Models,MODEL_3D,,,PENDING,,,,,,,FOUND_NEARBY,,
TEM-002439,public/models/biome/beach_bone.glb,Models,MODEL_3D,,,PENDING,,,,,,,FOUND_NEARBY,,
TEM-002440,public/models/biome/beach_palm_3.glb,Models,MODEL_3D,,,PENDING,,,,,,,FOUND_NEARBY,,
TEM-002441,public/models/biome/kcas_table_long.glb,Models,MODEL_3D,,,PENDING,,,,,,,FOUND_NEARBY,,
TEM-002442,public/models/biome/dungeon_corridor_cross.glb,Models,MODEL_3D,,,PENDING,,,,,,,FOUND_NEARBY,,
TEM-002443,public/models/biome/desert_boulder_2.glb,Models,MODEL_3D,,,PENDING,,,,,,,FOUND_NEARBY,,
TEM-002444,public/models/biome/beach_chest.glb,Models,MODEL_3D,,,PENDING,,,,,,,FOUND_NEARBY,,
TEM-002445,public/models/biome/kcas_wall_corner.glb,Models,MODEL_3D,,,PENDING,,,,,,,FOUND_NEARBY,,
TEM-002446,public/models/biome/hexr_market.glb,Models,MODEL_3D,,,PENDING,,,,,,,FOUND_NEARBY,,
TEM-002447,public/models/biome/dungeon_room_small.glb,Models,MODEL_3D,,,PENDING,,,,,,,FOUND_NEARBY,,
TEM-002448,public/models/biome/kcas_floor_weeds.glb,Models,MODEL_3D,,,PENDING,,,,,,,FOUND_NEARBY,,
TEM-002449,public/models/biome/kcas_foundation.glb,Models,MODEL_3D,,,PENDING,,,,,,,FOUND_NEARBY,,
TEM-002450,public/models/biome/kcas_wall_cracked.glb,Models,MODEL_3D,,,PENDING,,,,,,,FOUND_NEARBY,,
TEM-002451,public/models/biome/camp_bedroll.glb,Models,MODEL_3D,,,PENDING,,,,,,,FOUND_NEARBY,,
TEM-002452,public/models/biome/hex_target.glb,Models,MODEL_3D,,,PENDING,,,,,,,FOUND_NEARBY,,
TEM-002453,public/models/biome/sea_swordfish.glb,Models,MODEL_3D,,,PENDING,,,,,,,FOUND_NEARBY,,
TEM-002454,public/models/biome/kcas_barrier_half.glb,Models,MODEL_3D,,,PENDING,,,,,,,FOUND_NEARBY,,
TEM-002455,public/models/biome/sea_clownfish.glb,Models,MODEL_3D,,,PENDING,,,,,,,FOUND_NEARBY,,
TEM-002456,public/models/biome/cave_post.glb,Models,MODEL_3D,,,PENDING,,,,,,,FOUND_NEARBY,,
TEM-002457,public/models/biome/dungeon_corridor_end.glb,Models,MODEL_3D,,,PENDING,,,,,,,FOUND_NEARBY,,
TEM-002458,public/models/biome/hex_market.glb,Models,MODEL_3D,,,PENDING,,,,,,,FOUND_NEARBY,,
TEM-002459,public/models/biome/hexb_townhall.glb,Models,MODEL_3D,,,PENDING,,,,,,,FOUND_NEARBY,,
TEM-002460,public/models/biome/hex_haybale.glb,Models,MODEL_3D,,,PENDING,,,,,,,FOUND_NEARBY,,
TEM-002461,public/models/biome/camp_tent_canvas.glb,Models,MODEL_3D,,,PENDING,,,,,,,FOUND_NEARBY,,
TEM-002462,public/models/biome/hex_cannon.glb,Models,MODEL_3D,,,PENDING,,,,,,,FOUND_NEARBY,,
TEM-002463,public/models/biome/hexr_home_a.glb,Models,MODEL_3D,,,PENDING,,,,,,,FOUND_NEARBY,,
TEM-002464,public/models/biome/kcas_barrel.glb,Models,MODEL_3D,,,PENDING,,,,,,,FOUND_NEARBY,,
TEM-002465,public/models/biome/cave_entrance.glb,Models,MODEL_3D,,,PENDING,,,,,,,FOUND_NEARBY,,
TEM-002466,public/models/biome/desert_mesa_1.glb,Models,MODEL_3D,,,PENDING,,,,,,,FOUND_NEARBY,,
TEM-002467,public/models/biome/beach_barrel.glb,Models,MODEL_3D,,,PENDING,,,,,,,FOUND_NEARBY,,
TEM-002468,public/models/biome/kcas_torch_mounted.glb,Models,MODEL_3D,,,PENDING,,,,,,,FOUND_NEARBY,,
TEM-002469,public/models/biome/dungeon_stairs.glb,Models,MODEL_3D,,,PENDING,,,,,,,FOUND_NEARBY,,
TEM-002470,public/models/biome/sea_buoy_flag.glb,Models,MODEL_3D,,,PENDING,,,,,,,FOUND_NEARBY,,
TEM-002471,public/models/biome/hexr_stables.glb,Models,MODEL_3D,,,PENDING,,,,,,,FOUND_NEARBY,,
TEM-002472,public/models/biome/city_arch.glb,Models,MODEL_3D,,,PENDING,,,,,,,FOUND_NEARBY,,
TEM-002473,public/models/biome/hex_flag.glb,Models,MODEL_3D,,,PENDING,,,,,,,FOUND_NEARBY,,
TEM-002474,public/models/biome/desert_rock_formation_2.glb,Models,MODEL_3D,,,PENDING,,,,,,,FOUND_NEARBY,,
TEM-002475,public/models/biome/cave_stairs.glb,Models,MODEL_3D,,,PENDING,,,,,,,FOUND_NEARBY,,
TEM-002476,public/models/biome/hexr_barracks.glb,Models,MODEL_3D,,,PENDING,,,,,,,FOUND_NEARBY,,
TEM-002477,public/models/biome/sea_shark.glb,Models,MODEL_3D,,,PENDING,,,,,,,FOUND_NEARBY,,
TEM-002478,public/models/biome/camp_tent.glb,Models,MODEL_3D,,,PENDING,,,,,,,FOUND_NEARBY,,
TEM-002479,public/models/biome/beach_house.glb,Models,MODEL_3D,,,PENDING,,,,,,,FOUND_NEARBY,,
TEM-002480,public/models/biome/dungeon_wood_structure.glb,Models,MODEL_3D,,,PENDING,,,,,,,FOUND_NEARBY,,
TEM-002481,public/models/biome/kcas_wall_gated.glb,Models,MODEL_3D,,,PENDING,,,,,,,FOUND_NEARBY,,
TEM-002482,public/models/biome/hexr_windmill.glb,Models,MODEL_3D,,,PENDING,,,,,,,FOUND_NEARBY,,
TEM-002483,public/models/biome/kcas_stairs_walled.glb,Models,MODEL_3D,,,PENDING,,,,,,,FOUND_NEARBY,,
TEM-002484,public/models/biome/beach_palm_2.glb,Models,MODEL_3D,,,PENDING,,,,,,,FOUND_NEARBY,,
TEM-002485,public/models/biome/dungeon_trap.glb,Models,MODEL_3D,,,PENDING,,,,,,,FOUND_NEARBY,,
TEM-002486,public/models/biome/city_crate.glb,Models,MODEL_3D,,,PENDING,,,,,,,FOUND_NEARBY,,
TEM-002487,public/models/biome/hex_crate_big.glb,Models,MODEL_3D,,,PENDING,,,,,,,FOUND_NEARBY,,
TEM-002488,public/models/biome/beach_anchor.glb,Models,MODEL_3D,,,PENDING,,,,,,,FOUND_NEARBY,,
TEM-002489,public/models/biome/hex_church.glb,Models,MODEL_3D,,,PENDING,,,,,,,FOUND_NEARBY,,
TEM-002490,public/models/biome/dungeon_cobweb.glb,Models,MODEL_3D,,,PENDING,,,,,,,FOUND_NEARBY,,
TEM-002491,public/models/biome/kcas_wall_broken.glb,Models,MODEL_3D,,,PENDING,,,,,,,FOUND_NEARBY,,
TEM-002492,public/models/biome/desert_boulder_1.glb,Models,MODEL_3D,,,PENDING,,,,,,,FOUND_NEARBY,,
TEM-002493,public/models/biome/desert_mesa_2.glb,Models,MODEL_3D,,,PENDING,,,,,,,FOUND_NEARBY,,
TEM-002494,public/models/biome/dungeon_coins.glb,Models,MODEL_3D,,,PENDING,,,,,,,FOUND_NEARBY,,
TEM-002495,public/models/biome/camp_signpost.glb,Models,MODEL_3D,,,PENDING,,,,,,,FOUND_NEARBY,,
TEM-002496,public/models/biome/dungeon_wood_support.glb,Models,MODEL_3D,,,PENDING,,,,,,,FOUND_NEARBY,,
TEM-002497,public/models/biome/kcas_chest_gold.glb,Models,MODEL_3D,,,PENDING,,,,,,,FOUND_NEARBY,,
TEM-002498,public/models/biome/kcas_rubble_large.glb,Models,MODEL_3D,,,PENDING,,,,,,,FOUND_NEARBY,,
TEM-002499,public/models/biome/beach_rock_sand_a.glb,Models,MODEL_3D,,,PENDING,,,,,,,FOUND_NEARBY,,
TEM-002500,public/models/biome/dungeon_arch_stone.glb,Models,MODEL_3D,,,PENDING,,,,,,,FOUND_NEARBY,,
TEM-002501,public/models/biome/dungeon_banner_wall.glb,Models,MODEL_3D,,,PENDING,,,,,,,FOUND_NEARBY,,
TEM-002502,public/models/biome/desert_rock_formation_3.glb,Models,MODEL_3D,,,PENDING,,,,,,,FOUND_NEARBY,,
TEM-002503,public/models/biome/dungeon_trap_door.glb,Models,MODEL_3D,,,PENDING,,,,,,,FOUND_NEARBY,,
TEM-002504,public/models/biome/kcas_rocks.glb,Models,MODEL_3D,,,PENDING,,,,,,,FOUND_NEARBY,,
TEM-002505,public/models/biome/hex_watchtower.glb,Models,MODEL_3D,,,PENDING,,,,,,,FOUND_NEARBY,,
TEM-002506,public/models/biome/hex_windmill.glb,Models,MODEL_3D,,,PENDING,,,,,,,FOUND_NEARBY,,
TEM-002507,public/models/biome/hexb_tower_base.glb,Models,MODEL_3D,,,PENDING,,,,,,,FOUND_NEARBY,,
TEM-002508,public/models/biome/sea_manta_ray.glb,Models,MODEL_3D,,,PENDING,,,,,,,FOUND_NEARBY,,
TEM-002509,public/models/biome/sea_boat_sail_b.glb,Models,MODEL_3D,,,PENDING,,,,,,,FOUND_NEARBY,,
TEM-002510,public/models/biome/sea_boat_fishing.glb,Models,MODEL_3D,,,PENDING,,,,,,,FOUND_NEARBY,,
TEM-002511,public/models/biome/cave_rocks_a.glb,Models,MODEL_3D,,,PENDING,,,,,,,FOUND_NEARBY,,
TEM-002512,public/models/biome/hex_home_b.glb,Models,MODEL_3D,,,PENDING,,,,,,,FOUND_NEARBY,,
TEM-002513,public/models/biome/hex_weaponrack.glb,Models,MODEL_3D,,,PENDING,,,,,,,FOUND_NEARBY,,
TEM-002514,public/models/biome/hexr_tower_a.glb,Models,MODEL_3D,,,PENDING,,,,,,,FOUND_NEARBY,,
TEM-002515,public/models/biome/hex_ship_green.glb,Models,MODEL_3D,,,PENDING,,,,,,,FOUND_NEARBY,,
TEM-002516,public/models/biome/hexb_tower_b.glb,Models,MODEL_3D,,,PENDING,,,,,,,FOUND_NEARBY,,
TEM-002517,public/models/biome/beach_rock_sand_c.glb,Models,MODEL_3D,,,PENDING,,,,,,,FOUND_NEARBY,,
TEM-002518,public/models/biome/hex_tile_road.glb,Models,MODEL_3D,,,PENDING,,,,,,,FOUND_NEARBY,,
TEM-002519,public/models/biome/sea_puffer.glb,Models,MODEL_3D,,,PENDING,,,,,,,FOUND_NEARBY,,
TEM-002520,public/models/biome/kcas_bookcase.glb,Models,MODEL_3D,,,PENDING,,,,,,,FOUND_NEARBY,,
TEM-002521,public/models/biome/hexb_tavern.glb,Models,MODEL_3D,,,PENDING,,,,,,,FOUND_NEARBY,,
TEM-002522,public/models/biome/hex_cannonballs.glb,Models,MODEL_3D,,,PENDING,,,,,,,FOUND_NEARBY,,
TEM-002523,public/models/biome/desert_cactus_flat.glb,Models,MODEL_3D,,,PENDING,,,,,,,FOUND_NEARBY,,
TEM-002524,public/models/biome/cave_cart_b.glb,Models,MODEL_3D,,,PENDING,,,,,,,FOUND_NEARBY,,
TEM-002525,public/models/biome/sea_koi.glb,Models,MODEL_3D,,,PENDING,,,,,,,FOUND_NEARBY,,
TEM-002526,public/models/biome/hex_flag_red.glb,Models,MODEL_3D,,,PENDING,,,,,,,FOUND_NEARBY,,
TEM-002527,public/models/biome/kcas_rubble_half.glb,Models,MODEL_3D,,,PENDING,,,,,,,FOUND_NEARBY,,
TEM-002528,public/models/biome/hexb_docks.glb,Models,MODEL_3D,,,PENDING,,,,,,,FOUND_NEARBY,,
TEM-002529,public/models/biome/hexn_palisade.glb,Models,MODEL_3D,,,PENDING,,,,,,,FOUND_NEARBY,,
TEM-002530,public/models/biome/hexb_home_a.glb,Models,MODEL_3D,,,PENDING,,,,,,,FOUND_NEARBY,,
TEM-002531,public/models/biome/hex_tile_grass.glb,Models,MODEL_3D,,,PENDING,,,,,,,FOUND_NEARBY,,
TEM-002532,public/models/biome/city_fence_wood.glb,Models,MODEL_3D,,,PENDING,,,,,,,FOUND_NEARBY,,
TEM-002533,public/models/biome/sea_anglerfish.glb,Models,MODEL_3D,,,PENDING,,,,,,,FOUND_NEARBY,,
TEM-002534,public/models/biome/hexr_castle.glb,Models,MODEL_3D,,,PENDING,,,,,,,FOUND_NEARBY,,
TEM-002535,public/models/biome/sea_buoy.glb,Models,MODEL_3D,,,PENDING,,,,,,,FOUND_NEARBY,,
TEM-002536,public/models/biome/dungeon_floor_tile.glb,Models,MODEL_3D,,,PENDING,,,,,,,FOUND_NEARBY,,
TEM-002537,public/models/biome/hex_trough.glb,Models,MODEL_3D,,,PENDING,,,,,,,FOUND_NEARBY,,
TEM-002538,public/models/biome/city_vine_2.glb,Models,MODEL_3D,,,PENDING,,,,,,,FOUND_NEARBY,,
TEM-002539,public/models/biome/city_vine_1.glb,Models,MODEL_3D,,,PENDING,,,,,,,FOUND_NEARBY,,
TEM-002540,public/models/biome/hexr_church.glb,Models,MODEL_3D,,,PENDING,,,,,,,FOUND_NEARBY,,
TEM-002541,public/models/biome/hexb_workshop.glb,Models,MODEL_3D,,,PENDING,,,,,,,FOUND_NEARBY,,
TEM-002542,public/models/biome/hex_crate_open.glb,Models,MODEL_3D,,,PENDING,,,,,,,FOUND_NEARBY,,
TEM-002543,public/models/biome/desert_cactus_small.glb,Models,MODEL_3D,,,PENDING,,,,,,,FOUND_NEARBY,,
TEM-002544,public/models/biome/dungeon_gate_door.glb,Models,MODEL_3D,,,PENDING,,,,,,,FOUND_NEARBY,,
TEM-002545,public/models/biome/kcas_wall.glb,Models,MODEL_3D,,,PENDING,,,,,,,FOUND_NEARBY,,
TEM-002546,public/models/biome/dungeon_corridor_corner.glb,Models,MODEL_3D,,,PENDING,,,,,,,FOUND_NEARBY,,
TEM-002547,public/models/biome/hexr_archeryrange.glb,Models,MODEL_3D,,,PENDING,,,,,,,FOUND_NEARBY,,
TEM-002548,public/models/biome/hexn_fence_stone.glb,Models,MODEL_3D,,,PENDING,,,,,,,FOUND_NEARBY,,
TEM-002549,public/models/biome/cave_platform.glb,Models,MODEL_3D,,,PENDING,,,,,,,FOUND_NEARBY,,
TEM-002550,public/models/biome/hex_wall.glb,Models,MODEL_3D,,,PENDING,,,,,,,FOUND_NEARBY,,
TEM-002551,public/models/biome/hexr_tent.glb,Models,MODEL_3D,,,PENDING,,,,,,,FOUND_NEARBY,,
TEM-002552,public/models/biome/beach_chest_gold.glb,Models,MODEL_3D,,,PENDING,,,,,,,FOUND_NEARBY,,
TEM-002553,public/models/biome/hexb_tower_a.glb,Models,MODEL_3D,,,PENDING,,,,,,,FOUND_NEARBY,,
TEM-002554,public/models/biome/cave_rail_corner.glb,Models,MODEL_3D,,,PENDING,,,,,,,FOUND_NEARBY,,
TEM-002555,public/models/biome/kcas_pillar.glb,Models,MODEL_3D,,,PENDING,,,,,,,FOUND_NEARBY,,
TEM-002556,public/models/biome/camp_fire_stand.glb,Models,MODEL_3D,,,PENDING,,,,,,,FOUND_NEARBY,,
TEM-002557,public/models/biome/cave_rail_straight.glb,Models,MODEL_3D,,,PENDING,,,,,,,FOUND_NEARBY,,
TEM-002558,public/models/biome/kcas_stairs_wide.glb,Models,MODEL_3D,,,PENDING,,,,,,,FOUND_NEARBY,,
TEM-002559,public/models/biome/hexb_shipyard.glb,Models,MODEL_3D,,,PENDING,,,,,,,FOUND_NEARBY,,
TEM-002560,public/models/chars/enemies/skeleton_minion.glb,Models,MODEL_3D,,,PENDING,,,,,,,FOUND_NEARBY,,
TEM-002561,public/models/chars/enemies/skeleton_dagger.glb,Models,MODEL_3D,,,PENDING,,,,,,,FOUND_NEARBY,,
TEM-002562,public/models/chars/enemies/skeleton_mage.glb,Models,MODEL_3D,,,PENDING,,,,,,,FOUND_NEARBY,,
TEM-002563,public/models/chars/enemies/skeleton_rogue.glb,Models,MODEL_3D,,,PENDING,,,,,,,FOUND_NEARBY,,
TEM-002564,public/models/chars/enemies/skeleton_warrior.glb,Models,MODEL_3D,,,PENDING,,,,,,,FOUND_NEARBY,,
TEM-002565,public/models/chars/enemies/necromancer.glb,Models,MODEL_3D,,,PENDING,,,,,,,FOUND_NEARBY,,
TEM-002566,public/models/chars/enemies/skeleton_golem.glb,Models,MODEL_3D,,,PENDING,,,,,,,FOUND_NEARBY,,
TEM-002567,public/models/chars/players/bow_anims.glb,Models,MODEL_3D,,,PENDING,,,,,,,FOUND_NEARBY,,
TEM-002568,public/models/chars/players/mage.glb,Models,MODEL_3D,,,PENDING,,,,,,,FOUND_NEARBY,,
TEM-002569,public/models/chars/players/druid.glb,Models,MODEL_3D,,,PENDING,,,,,,,FOUND_NEARBY,,
TEM-002570,public/models/chars/players/mage_classic.glb,Models,MODEL_3D,,,PENDING,,,,,,,FOUND_NEARBY,,
TEM-002571,public/models/chars/players/barbarian.glb,Models,MODEL_3D,,,PENDING,,,,,,,FOUND_NEARBY,,
TEM-002572,public/models/chars/players/rogue_hooded.glb,Models,MODEL_3D,,,PENDING,,,,,,,FOUND_NEARBY,,
TEM-002573,public/models/chars/players/paladin.glb,Models,MODEL_3D,,,PENDING,,,,,,,FOUND_NEARBY,,
TEM-002574,public/models/chars/players/rogue.glb,Models,MODEL_3D,,,PENDING,,,,,,,FOUND_NEARBY,,
TEM-002575,public/models/chars/players/knight.glb,Models,MODEL_3D,,,PENDING,,,,,,,FOUND_NEARBY,,
TEM-002576,public/models/chars/players/ranger.glb,Models,MODEL_3D,,,PENDING,,,,,,,FOUND_NEARBY,,
TEM-002577,public/models/chars/players/Mech/characters/CombatMech.fbx,Models,MODEL_3D,,,PENDING,,,,,,,FOUND_NEARBY,,
TEM-002578,public/models/chars/players/Mech/characters/CombatMech.glb,Models,MODEL_3D,,,PENDING,,,,,,,FOUND_NEARBY,,
TEM-002579,public/models/chars/players/Mech/textures/uncommon/combatmech_orange_steel.png,Models,IMAGE_TEXTURE,,,PENDING,,,,,,,FOUND_NEARBY,,
TEM-002580,public/models/chars/players/Mech/textures/uncommon/combatmech_forest_pink.png,Models,IMAGE_TEXTURE,,,PENDING,,,,,,,FOUND_NEARBY,,
TEM-002581,public/models/chars/players/Mech/textures/uncommon/combatmech_crimson_amber.png,Models,IMAGE_TEXTURE,,,PENDING,,,,,,,FOUND_NEARBY,,
TEM-002582,public/models/chars/players/Mech/textures/uncommon/combatmech_amber_crimson.png,Models,IMAGE_TEXTURE,,,PENDING,,,,,,,FOUND_NEARBY,,
TEM-002583,public/models/chars/players/Mech/textures/uncommon/combatmech_magenta_cyan.png,Models,IMAGE_TEXTURE,,,PENDING,,,,,,,FOUND_NEARBY,,
TEM-002584,public/models/chars/players/Mech/textures/uncommon/combatmech_cyan_magenta.png,Models,IMAGE_TEXTURE,,,PENDING,,,,,,,FOUND_NEARBY,,
TEM-002585,public/models/chars/players/Mech/textures/uncommon/combatmech_pink_forest.png,Models,IMAGE_TEXTURE,,,PENDING,,,,,,,FOUND_NEARBY,,
TEM-002586,public/models/chars/players/Mech/textures/uncommon/combatmech_steel_orange.png,Models,IMAGE_TEXTURE,,,PENDING,,,,,,,FOUND_NEARBY,,
TEM-002587,public/models/chars/players/Mech/textures/rares/combatmech_rare_amethyst_silver.png,Models,IMAGE_TEXTURE,,,PENDING,,,,,,,FOUND_NEARBY,,
TEM-002588,public/models/chars/players/Mech/textures/rares/combatmech_rare_onyx_gold.png,Models,IMAGE_TEXTURE,,,PENDING,,,,,,,FOUND_NEARBY,,
TEM-002589,public/models/chars/players/Mech/textures/rares/combatmech_rare_ivory_copper.png,Models,IMAGE_TEXTURE,,,PENDING,,,,,,,FOUND_NEARBY,,
TEM-002590,public/models/chars/players/Mech/textures/epics/combatmech_epic_vanguard_azure_emis.png,Models,IMAGE_TEXTURE,,,PENDING,,,,,,,FOUND_NEARBY,,
TEM-002591,public/models/chars/players/Mech/textures/epics/combatmech_epic_imperial_crimson.png,Models,IMAGE_TEXTURE,,,PENDING,,,,,,,FOUND_NEARBY,,
TEM-002592,public/models/chars/players/Mech/textures/epics/combatmech_epic_imperial_gold_emis.png,Models,IMAGE_TEXTURE,,,PENDING,,,,,,,FOUND_NEARBY,,
TEM-002593,public/models/chars/players/Mech/textures/epics/combatmech_epic_imperial_gold.png,Models,IMAGE_TEXTURE,,,PENDING,,,,,,,FOUND_NEARBY,,
TEM-002594,public/models/chars/players/Mech/textures/epics/combatmech_epic_vanguard_chrome_emis.png,Models,IMAGE_TEXTURE,,,PENDING,,,,,,,FOUND_NEARBY,,
TEM-002595,public/models/chars/players/Mech/textures/epics/combatmech_epic_vanguard_azure.png,Models,IMAGE_TEXTURE,,,PENDING,,,,,,,FOUND_NEARBY,,
TEM-002596,public/models/chars/players/Mech/textures/epics/combatmech_epic_vanguard_chrome.png,Models,IMAGE_TEXTURE,,,PENDING,,,,,,,FOUND_NEARBY,,
TEM-002597,public/models/chars/players/Mech/textures/epics/combatmech_epic_imperial_crimson_emis.png,Models,IMAGE_TEXTURE,,,PENDING,,,,,,,FOUND_NEARBY,,
TEM-002598,public/ui/emotes/emote-wave.png,Ui,IMAGE_TEXTURE,,,PENDING,,,,,,,FOUND_NEARBY,,
TEM-002599,public/ui/emotes/emote-cry.png,Ui,IMAGE_TEXTURE,,,PENDING,,,,,,,FOUND_NEARBY,,
TEM-002600,public/ui/emotes/emote-kneel.png,Ui,IMAGE_TEXTURE,,,PENDING,,,,,,,FOUND_NEARBY,,
TEM-002601,public/ui/emotes/emote-flex.png,Ui,IMAGE_TEXTURE,,,PENDING,,,,,,,FOUND_NEARBY,,
TEM-002602,public/ui/emotes/emote-roar.png,Ui,IMAGE_TEXTURE,,,PENDING,,,,,,,FOUND_NEARBY,,
TEM-002603,public/ui/emotes/emote-question.png,Ui,IMAGE_TEXTURE,,,PENDING,,,,,,,FOUND_NEARBY,,
TEM-002604,public/ui/emotes/emote-bow.png,Ui,IMAGE_TEXTURE,,,PENDING,,,,,,,FOUND_NEARBY,,
TEM-002605,public/ui/emotes/emote-point.png,Ui,IMAGE_TEXTURE,,,PENDING,,,,,,,FOUND_NEARBY,,
TEM-002606,public/ui/emotes/emote-clap.png,Ui,IMAGE_TEXTURE,,,PENDING,,,,,,,FOUND_NEARBY,,
TEM-002607,public/ui/emotes/emote-laugh.png,Ui,IMAGE_TEXTURE,,,PENDING,,,,,,,FOUND_NEARBY,,
TEM-002608,public/ui/emotes/emote-cheer.png,Ui,IMAGE_TEXTURE,,,PENDING,,,,,,,FOUND_NEARBY,,
TEM-002609,public/ui/emotes/emote-salute.png,Ui,IMAGE_TEXTURE,,,PENDING,,,,,,,FOUND_NEARBY,,
TEM-002610,public/ui/emotes/emote-dance.png,Ui,IMAGE_TEXTURE,,,PENDING,,,,,,,FOUND_NEARBY,,
TEM-002611,public/ui/items/eastbrook_druids_hide.webp,Ui,IMAGE_TEXTURE,,,PENDING,,,,,,,FOUND_NEARBY,,
TEM-002612,public/ui/items/shadowmeld_tunic.webp,Ui,IMAGE_TEXTURE,,,PENDING,,,,,,,FOUND_NEARBY,,
TEM-002613,public/ui/items/eelscale_leggings.webp,Ui,IMAGE_TEXTURE,,,PENDING,,,,,,,FOUND_NEARBY,,
TEM-002614,public/ui/items/furyforged_warhelm.webp,Ui,IMAGE_TEXTURE,,,PENDING,,,,,,,FOUND_NEARBY,,
TEM-002615,public/ui/items/heroic_gravewyrm_sabatons.webp,Ui,IMAGE_TEXTURE,,,PENDING,,,,,,,FOUND_NEARBY,,
TEM-002616,public/ui/items/riftbound_band_of_guile.webp,Ui,IMAGE_TEXTURE,,,PENDING,,,,,,,FOUND_NEARBY,,
TEM-002617,public/ui/items/sunken_reliquary_hood.webp,Ui,IMAGE_TEXTURE,,,PENDING,,,,,,,FOUND_NEARBY,,
TEM-002618,public/ui/items/silvermist_cordial.webp,Ui,IMAGE_TEXTURE,,,PENDING,,,,,,,FOUND_NEARBY,,
TEM-002619,public/ui/items/bonechill_cord.webp,Ui,IMAGE_TEXTURE,,,PENDING,,,,,,,FOUND_NEARBY,,
TEM-002620,public/ui/items/litany_gloves_rog.webp,Ui,IMAGE_TEXTURE,,,PENDING,,,,,,,FOUND_NEARBY,,
TEM-002621,public/ui/items/yumis_keepsake_locket.webp,Ui,IMAGE_TEXTURE,,,PENDING,,,,,,,FOUND_NEARBY,,
TEM-002622,public/ui/items/pink_forest_armor_plate.webp,Ui,IMAGE_TEXTURE,,,PENDING,,,,,,,FOUND_NEARBY,,
TEM-002623,public/ui/items/rift_essence.webp,Ui,IMAGE_TEXTURE,,,PENDING,,,,,,,FOUND_NEARBY,,
TEM-002624,public/ui/items/crimson_amber_armor_plate.webp,Ui,IMAGE_TEXTURE,,,PENDING,,,,,,,FOUND_NEARBY,,
TEM-002625,public/ui/items/roast_mountain_goat.webp,Ui,IMAGE_TEXTURE,,,PENDING,,,,,,,FOUND_NEARBY,,
TEM-002626,public/ui/items/wyrmcult_grand_robe.webp,Ui,IMAGE_TEXTURE,,,PENDING,,,,,,,FOUND_NEARBY,,
TEM-002627,public/ui/items/priests_sigil.webp,Ui,IMAGE_TEXTURE,,,PENDING,,,,,,,FOUND_NEARBY,,
TEM-002628,public/ui/items/reedwoven_trousers.webp,Ui,IMAGE_TEXTURE,,,PENDING,,,,,,,FOUND_NEARBY,,
TEM-002629,public/ui/items/silkbinders_raiment.webp,Ui,IMAGE_TEXTURE,,,PENDING,,,,,,,FOUND_NEARBY,,
TEM-002630,public/ui/items/conjured_water3.webp,Ui,IMAGE_TEXTURE,,,PENDING,,,,,,,FOUND_NEARBY,,
TEM-002631,public/ui/items/weathered_ledger_page.webp,Ui,IMAGE_TEXTURE,,,PENDING,,,,,,,FOUND_NEARBY,,
TEM-002632,public/ui/items/reins_shadowjump_toad.webp,Ui,IMAGE_TEXTURE,,,PENDING,,,,,,,FOUND_NEARBY,,
TEM-002633,public/ui/items/mire_prowler_pelt.webp,Ui,IMAGE_TEXTURE,,,PENDING,,,,,,,FOUND_NEARBY,,
TEM-002634,public/ui/items/cracked_wyrm_scale.webp,Ui,IMAGE_TEXTURE,,,PENDING,,,,,,,FOUND_NEARBY,,
TEM-002635,public/ui/items/deathlords_dread_visage.webp,Ui,IMAGE_TEXTURE,,,PENDING,,,,,,,FOUND_NEARBY,,
TEM-002636,public/ui/items/basin_stalkers_tunic.webp,Ui,IMAGE_TEXTURE,,,PENDING,,,,,,,FOUND_NEARBY,,
TEM-002637,public/ui/items/frostgill_chowder.webp,Ui,IMAGE_TEXTURE,,,PENDING,,,,,,,FOUND_NEARBY,,
TEM-002638,public/ui/items/gravewyrm_claws.webp,Ui,IMAGE_TEXTURE,,,PENDING,,,,,,,FOUND_NEARBY,,
TEM-002639,public/ui/items/heroic_drowned_prayer_leggings.webp,Ui,IMAGE_TEXTURE,,,PENDING,,,,,,,FOUND_NEARBY,,
TEM-002640,public/ui/items/wyrmshadow_talongrips.webp,Ui,IMAGE_TEXTURE,,,PENDING,,,,,,,FOUND_NEARBY,,
TEM-002641,public/ui/items/peakwool_robe.webp,Ui,IMAGE_TEXTURE,,,PENDING,,,,,,,FOUND_NEARBY,,
TEM-002642,public/ui/items/rough_hide.webp,Ui,IMAGE_TEXTURE,,,PENDING,,,,,,,FOUND_NEARBY,,
TEM-002643,public/ui/items/gravewyrm_sigil.webp,Ui,IMAGE_TEXTURE,,,PENDING,,,,,,,FOUND_NEARBY,,
TEM-002644,public/ui/items/minor_mana_potion.webp,Ui,IMAGE_TEXTURE,,,PENDING,,,,,,,FOUND_NEARBY,,
TEM-002645,public/ui/items/goldweave_robe.webp,Ui,IMAGE_TEXTURE,,,PENDING,,,,,,,FOUND_NEARBY,,
TEM-002646,public/ui/items/elderwood_axe.webp,Ui,IMAGE_TEXTURE,,,PENDING,,,,,,,FOUND_NEARBY,,
TEM-002647,public/ui/items/stormcallers_waistguard.webp,Ui,IMAGE_TEXTURE,,,PENDING,,,,,,,FOUND_NEARBY,,
TEM-002648,public/ui/items/necromancers_starshroud.webp,Ui,IMAGE_TEXTURE,,,PENDING,,,,,,,FOUND_NEARBY,,
TEM-002649,public/ui/items/gravewyrm_gauntlets.webp,Ui,IMAGE_TEXTURE,,,PENDING,,,,,,,FOUND_NEARBY,,
TEM-002650,public/ui/items/wolfhide_satchel.webp,Ui,IMAGE_TEXTURE,,,PENDING,,,,,,,FOUND_NEARBY,,
TEM-002651,public/ui/items/heroic_moonshroud_breastplate.webp,Ui,IMAGE_TEXTURE,,,PENDING,,,,,,,FOUND_NEARBY,,
TEM-002652,public/ui/items/evergarden_statue_rubbing.webp,Ui,IMAGE_TEXTURE,,,PENDING,,,,,,,FOUND_NEARBY,,
TEM-002653,public/ui/items/frayed_prayer_beads.webp,Ui,IMAGE_TEXTURE,,,PENDING,,,,,,,FOUND_NEARBY,,
TEM-002654,public/ui/items/bulwark_rusted_pauldrons.webp,Ui,IMAGE_TEXTURE,,,PENDING,,,,,,,FOUND_NEARBY,,
TEM-002655,public/ui/items/sash_of_the_sunken_court.webp,Ui,IMAGE_TEXTURE,,,PENDING,,,,,,,FOUND_NEARBY,,
TEM-002656,public/ui/items/conjured_bread4.webp,Ui,IMAGE_TEXTURE,,,PENDING,,,,,,,FOUND_NEARBY,,
TEM-002657,public/ui/items/goldleaf_sickle.webp,Ui,IMAGE_TEXTURE,,,PENDING,,,,,,,FOUND_NEARBY,,
TEM-002658,public/ui/items/sunbone_ritual_sarong.webp,Ui,IMAGE_TEXTURE,,,PENDING,,,,,,,FOUND_NEARBY,,
TEM-002659,public/ui/items/cragward_pauldrons.webp,Ui,IMAGE_TEXTURE,,,PENDING,,,,,,,FOUND_NEARBY,,
TEM-002660,public/ui/items/stormvotive_hauberk.webp,Ui,IMAGE_TEXTURE,,,PENDING,,,,,,,FOUND_NEARBY,,
TEM-002661,public/ui/items/hearth_ember_cache.webp,Ui,IMAGE_TEXTURE,,,PENDING,,,,,,,FOUND_NEARBY,,
TEM-002662,public/ui/items/elixir_of_the_serpent.webp,Ui,IMAGE_TEXTURE,,,PENDING,,,,,,,FOUND_NEARBY,,
TEM-002663,public/ui/items/heroic_gravewyrm_stalkers_treads.webp,Ui,IMAGE_TEXTURE,,,PENDING,,,,,,,FOUND_NEARBY,,
TEM-002664,public/ui/items/gravewoven_raiment.webp,Ui,IMAGE_TEXTURE,,,PENDING,,,,,,,FOUND_NEARBY,,
TEM-002665,public/ui/items/ashstalker_harness.webp,Ui,IMAGE_TEXTURE,,,PENDING,,,,,,,FOUND_NEARBY,,
TEM-002666,public/ui/items/galecrest_ram_wool.webp,Ui,IMAGE_TEXTURE,,,PENDING,,,,,,,FOUND_NEARBY,,
TEM-002667,public/ui/items/arcanite_mining_pick.webp,Ui,IMAGE_TEXTURE,,,PENDING,,,,,,,FOUND_NEARBY,,
TEM-002668,public/ui/items/ridge_stalker_pelt.webp,Ui,IMAGE_TEXTURE,,,PENDING,,,,,,,FOUND_NEARBY,,
TEM-002669,public/ui/items/fine_goldleaf_herb.webp,Ui,IMAGE_TEXTURE,,,PENDING,,,,,,,FOUND_NEARBY,,
TEM-002670,public/ui/items/sunken_court_mantle.webp,Ui,IMAGE_TEXTURE,,,PENDING,,,,,,,FOUND_NEARBY,,
TEM-002671,public/ui/items/ancient_crypt_door.webp,Ui,IMAGE_TEXTURE,,,PENDING,,,,,,,FOUND_NEARBY,,
TEM-002672,public/ui/items/fenwalker_boots.webp,Ui,IMAGE_TEXTURE,,,PENDING,,,,,,,FOUND_NEARBY,,
TEM-002673,public/ui/items/cantors_drowned_sash.webp,Ui,IMAGE_TEXTURE,,,PENDING,,,,,,,FOUND_NEARBY,,
TEM-002674,public/ui/items/marshstalker_jerkin.webp,Ui,IMAGE_TEXTURE,,,PENDING,,,,,,,FOUND_NEARBY,,
TEM-002675,public/ui/items/conjured_water.webp,Ui,IMAGE_TEXTURE,,,PENDING,,,,,,,FOUND_NEARBY,,
TEM-002676,public/ui/items/gathering_sickle.webp,Ui,IMAGE_TEXTURE,,,PENDING,,,,,,,FOUND_NEARBY,,
TEM-002677,public/ui/items/chunk_of_ore.webp,Ui,IMAGE_TEXTURE,,,PENDING,,,,,,,FOUND_NEARBY,,
TEM-002678,public/ui/items/cryptplate_helm.webp,Ui,IMAGE_TEXTURE,,,PENDING,,,,,,,FOUND_NEARBY,,
TEM-002679,public/ui/items/heroic_ysols_pearl_greaves.webp,Ui,IMAGE_TEXTURE,,,PENDING,,,,,,,FOUND_NEARBY,,
TEM-002680,public/ui/items/lesser_mana_potion.webp,Ui,IMAGE_TEXTURE,,,PENDING,,,,,,,FOUND_NEARBY,,
TEM-002681,public/ui/items/grovewardens_grips.webp,Ui,IMAGE_TEXTURE,,,PENDING,,,,,,,FOUND_NEARBY,,
TEM-002682,public/ui/items/gravepath_treads.webp,Ui,IMAGE_TEXTURE,,,PENDING,,,,,,,FOUND_NEARBY,,
TEM-002683,public/ui/items/soulflame_gloves.webp,Ui,IMAGE_TEXTURE,,,PENDING,,,,,,,FOUND_NEARBY,,
TEM-002684,public/ui/items/eastbrook_ritual_vestments.webp,Ui,IMAGE_TEXTURE,,,PENDING,,,,,,,FOUND_NEARBY,,
TEM-002685,public/ui/items/onyx_gold_armor_plate.webp,Ui,IMAGE_TEXTURE,,,PENDING,,,,,,,FOUND_NEARBY,,
TEM-002686,public/ui/items/fleetblood_band.webp,Ui,IMAGE_TEXTURE,,,PENDING,,,,,,,FOUND_NEARBY,,
TEM-002687,public/ui/items/silvered_carp_supper.webp,Ui,IMAGE_TEXTURE,,,PENDING,,,,,,,FOUND_NEARBY,,
TEM-002688,public/ui/items/cragwalker_boots.webp,Ui,IMAGE_TEXTURE,,,PENDING,,,,,,,FOUND_NEARBY,,
TEM-002689,public/ui/items/gravebound_silk_wraps.webp,Ui,IMAGE_TEXTURE,,,PENDING,,,,,,,FOUND_NEARBY,,
TEM-002690,public/ui/items/windguard_leggings.webp,Ui,IMAGE_TEXTURE,,,PENDING,,,,,,,FOUND_NEARBY,,
TEM-002691,public/ui/items/marsh_mint_tea.webp,Ui,IMAGE_TEXTURE,,,PENDING,,,,,,,FOUND_NEARBY,,
TEM-002692,public/ui/items/broodmother_silk_robe.webp,Ui,IMAGE_TEXTURE,,,PENDING,,,,,,,FOUND_NEARBY,,
TEM-002693,public/ui/items/siltguard_helm.webp,Ui,IMAGE_TEXTURE,,,PENDING,,,,,,,FOUND_NEARBY,,
TEM-002694,public/ui/items/wreck_wardens_mantle.webp,Ui,IMAGE_TEXTURE,,,PENDING,,,,,,,FOUND_NEARBY,,
TEM-002695,public/ui/items/canopy_silk_hank.webp,Ui,IMAGE_TEXTURE,,,PENDING,,,,,,,FOUND_NEARBY,,
TEM-002696,public/ui/items/tangled_weed.webp,Ui,IMAGE_TEXTURE,,,PENDING,,,,,,,FOUND_NEARBY,,
TEM-002697,public/ui/items/heroic_moonshroud_robe.webp,Ui,IMAGE_TEXTURE,,,PENDING,,,,,,,FOUND_NEARBY,,
TEM-002698,public/ui/items/eelskin_tunic.webp,Ui,IMAGE_TEXTURE,,,PENDING,,,,,,,FOUND_NEARBY,,
TEM-002699,public/ui/items/ashstalker_shoulderguards.webp,Ui,IMAGE_TEXTURE,,,PENDING,,,,,,,FOUND_NEARBY,,
TEM-002700,public/ui/items/monarch_crown_helm.webp,Ui,IMAGE_TEXTURE,,,PENDING,,,,,,,FOUND_NEARBY,,
TEM-002701,public/ui/items/ironlink_spaulders.webp,Ui,IMAGE_TEXTURE,,,PENDING,,,,,,,FOUND_NEARBY,,
TEM-002702,public/ui/items/tough_jerky.webp,Ui,IMAGE_TEXTURE,,,PENDING,,,,,,,FOUND_NEARBY,,
TEM-002703,public/ui/items/heroic_eelscale_treads.webp,Ui,IMAGE_TEXTURE,,,PENDING,,,,,,,FOUND_NEARBY,,
TEM-002704,public/ui/items/cult_cipher.webp,Ui,IMAGE_TEXTURE,,,PENDING,,,,,,,FOUND_NEARBY,,
TEM-002705,public/ui/items/heroic_nighttalon_shoulderguards.webp,Ui,IMAGE_TEXTURE,,,PENDING,,,,,,,FOUND_NEARBY,,
TEM-002706,public/ui/items/ogre_toe_ring.webp,Ui,IMAGE_TEXTURE,,,PENDING,,,,,,,FOUND_NEARBY,,
TEM-002707,public/ui/items/nighttalon_grips.webp,Ui,IMAGE_TEXTURE,,,PENDING,,,,,,,FOUND_NEARBY,,
TEM-002708,public/ui/items/thornling_grips.webp,Ui,IMAGE_TEXTURE,,,PENDING,,,,,,,FOUND_NEARBY,,
TEM-002709,public/ui/items/bastion_ward_stone.webp,Ui,IMAGE_TEXTURE,,,PENDING,,,,,,,FOUND_NEARBY,,
TEM-002710,public/ui/items/greyjaw_hide_boots.webp,Ui,IMAGE_TEXTURE,,,PENDING,,,,,,,FOUND_NEARBY,,
TEM-002711,public/ui/items/wanderers_chestguard.webp,Ui,IMAGE_TEXTURE,,,PENDING,,,,,,,FOUND_NEARBY,,
TEM-002712,public/ui/items/bronze_sickle.webp,Ui,IMAGE_TEXTURE,,,PENDING,,,,,,,FOUND_NEARBY,,
TEM-002713,public/ui/items/hearthlined_treads.webp,Ui,IMAGE_TEXTURE,,,PENDING,,,,,,,FOUND_NEARBY,,
TEM-002714,public/ui/items/mantle_of_the_unbroken_shore.webp,Ui,IMAGE_TEXTURE,,,PENDING,,,,,,,FOUND_NEARBY,,
TEM-002715,public/ui/items/blackwater_vanguard_chest.webp,Ui,IMAGE_TEXTURE,,,PENDING,,,,,,,FOUND_NEARBY,,
TEM-002716,public/ui/items/rift_gem_verdant.webp,Ui,IMAGE_TEXTURE,,,PENDING,,,,,,,FOUND_NEARBY,,
TEM-002717,public/ui/items/greyjaw_pelt_cloak.webp,Ui,IMAGE_TEXTURE,,,PENDING,,,,,,,FOUND_NEARBY,,
TEM-002718,public/ui/items/grubjaw_tusk.webp,Ui,IMAGE_TEXTURE,,,PENDING,,,,,,,FOUND_NEARBY,,
TEM-002719,public/ui/items/reins_drakemaw_raptor.webp,Ui,IMAGE_TEXTURE,,,PENDING,,,,,,,FOUND_NEARBY,,
TEM-002720,public/ui/items/anglers_feast_platter.webp,Ui,IMAGE_TEXTURE,,,PENDING,,,,,,,FOUND_NEARBY,,
TEM-002721,public/ui/items/cragmaw_prowlboots.webp,Ui,IMAGE_TEXTURE,,,PENDING,,,,,,,FOUND_NEARBY,,
TEM-002722,public/ui/items/moonshroud_robe.webp,Ui,IMAGE_TEXTURE,,,PENDING,,,,,,,FOUND_NEARBY,,
TEM-002723,public/ui/items/heroic_deathlord_warplate.webp,Ui,IMAGE_TEXTURE,,,PENDING,,,,,,,FOUND_NEARBY,,
TEM-002724,public/ui/items/supply_crate.webp,Ui,IMAGE_TEXTURE,,,PENDING,,,,,,,FOUND_NEARBY,,
TEM-002725,public/ui/items/stalkerhide_jerkin.webp,Ui,IMAGE_TEXTURE,,,PENDING,,,,,,,FOUND_NEARBY,,
TEM-002726,public/ui/items/arcane_dust.webp,Ui,IMAGE_TEXTURE,,,PENDING,,,,,,,FOUND_NEARBY,,
TEM-002727,public/ui/items/storm_core.webp,Ui,IMAGE_TEXTURE,,,PENDING,,,,,,,FOUND_NEARBY,,
TEM-002728,public/ui/items/aurora_mote.webp,Ui,IMAGE_TEXTURE,,,PENDING,,,,,,,FOUND_NEARBY,,
TEM-002729,public/ui/items/tidewatchers_wraps.webp,Ui,IMAGE_TEXTURE,,,PENDING,,,,,,,FOUND_NEARBY,,
TEM-002730,public/ui/items/stormsunder_hood.webp,Ui,IMAGE_TEXTURE,,,PENDING,,,,,,,FOUND_NEARBY,,
TEM-002731,public/ui/items/pristine_silk.webp,Ui,IMAGE_TEXTURE,,,PENDING,,,,,,,FOUND_NEARBY,,
TEM-002732,public/ui/items/silverleaf_herb.webp,Ui,IMAGE_TEXTURE,,,PENDING,,,,,,,FOUND_NEARBY,,
TEM-002733,public/ui/items/ritual_phylactery.webp,Ui,IMAGE_TEXTURE,,,PENDING,,,,,,,FOUND_NEARBY,,
TEM-002734,public/ui/items/amber_hide.webp,Ui,IMAGE_TEXTURE,,,PENDING,,,,,,,FOUND_NEARBY,,
TEM-002735,public/ui/items/heroic_crownforged_warspaulders.webp,Ui,IMAGE_TEXTURE,,,PENDING,,,,,,,FOUND_NEARBY,,
TEM-002736,public/ui/items/thunderward_legguards.webp,Ui,IMAGE_TEXTURE,,,PENDING,,,,,,,FOUND_NEARBY,,
TEM-002737,public/ui/items/caravan_quilted_vest.webp,Ui,IMAGE_TEXTURE,,,PENDING,,,,,,,FOUND_NEARBY,,
TEM-002738,public/ui/items/mudfin_scale.webp,Ui,IMAGE_TEXTURE,,,PENDING,,,,,,,FOUND_NEARBY,,
TEM-002739,public/ui/items/gravewyrm_sabatons.webp,Ui,IMAGE_TEXTURE,,,PENDING,,,,,,,FOUND_NEARBY,,
TEM-002740,public/ui/items/wyrmscale_jerkin.webp,Ui,IMAGE_TEXTURE,,,PENDING,,,,,,,FOUND_NEARBY,,
TEM-002741,public/ui/items/sunpetal_healing_draught.webp,Ui,IMAGE_TEXTURE,,,PENDING,,,,,,,FOUND_NEARBY,,
TEM-002742,public/ui/items/ashwood_smoked_eel.webp,Ui,IMAGE_TEXTURE,,,PENDING,,,,,,,FOUND_NEARBY,,
TEM-002743,public/ui/items/fine_elderwood_log.webp,Ui,IMAGE_TEXTURE,,,PENDING,,,,,,,FOUND_NEARBY,,
TEM-002744,public/ui/items/oiled_boots.webp,Ui,IMAGE_TEXTURE,,,PENDING,,,,,,,FOUND_NEARBY,,
TEM-002745,public/ui/items/starfall_shard.webp,Ui,IMAGE_TEXTURE,,,PENDING,,,,,,,FOUND_NEARBY,,
TEM-002746,public/ui/items/homespun_cloth.webp,Ui,IMAGE_TEXTURE,,,PENDING,,,,,,,FOUND_NEARBY,,
TEM-002747,public/ui/items/litany_shoulder.webp,Ui,IMAGE_TEXTURE,,,PENDING,,,,,,,FOUND_NEARBY,,
TEM-002748,public/ui/items/heroic_boneguard_breastplate.webp,Ui,IMAGE_TEXTURE,,,PENDING,,,,,,,FOUND_NEARBY,,
TEM-002749,public/ui/items/stormcallers_handguards.webp,Ui,IMAGE_TEXTURE,,,PENDING,,,,,,,FOUND_NEARBY,,
TEM-002750,public/ui/items/skullsmasher_warbelt.webp,Ui,IMAGE_TEXTURE,,,PENDING,,,,,,,FOUND_NEARBY,,
TEM-002751,public/ui/items/heroic_drowned_prayer_sandals.webp,Ui,IMAGE_TEXTURE,,,PENDING,,,,,,,FOUND_NEARBY,,
TEM-002752,public/ui/items/wraithfire_orb.webp,Ui,IMAGE_TEXTURE,,,PENDING,,,,,,,FOUND_NEARBY,,
TEM-002753,public/ui/items/plump_fen_eel.webp,Ui,IMAGE_TEXTURE,,,PENDING,,,,,,,FOUND_NEARBY,,
TEM-002754,public/ui/items/cracked_ogre_tusk.webp,Ui,IMAGE_TEXTURE,,,PENDING,,,,,,,FOUND_NEARBY,,
TEM-002755,public/ui/items/wildgrowth_leggings.webp,Ui,IMAGE_TEXTURE,,,PENDING,,,,,,,FOUND_NEARBY,,
TEM-002756,public/ui/items/glowing_wax.webp,Ui,IMAGE_TEXTURE,,,PENDING,,,,,,,FOUND_NEARBY,,
TEM-002757,public/ui/items/barrowshade_mantle.webp,Ui,IMAGE_TEXTURE,,,PENDING,,,,,,,FOUND_NEARBY,,
TEM-002758,public/ui/items/litany_plate_chest.webp,Ui,IMAGE_TEXTURE,,,PENDING,,,,,,,FOUND_NEARBY,,
TEM-002759,public/ui/items/venom_gland.webp,Ui,IMAGE_TEXTURE,,,PENDING,,,,,,,FOUND_NEARBY,,
TEM-002760,public/ui/items/veilcloth_robe.webp,Ui,IMAGE_TEXTURE,,,PENDING,,,,,,,FOUND_NEARBY,,
TEM-002761,public/ui/items/heroic_necromancers_soulsteps.webp,Ui,IMAGE_TEXTURE,,,PENDING,,,,,,,FOUND_NEARBY,,
TEM-002762,public/ui/items/abysswrought_band.webp,Ui,IMAGE_TEXTURE,,,PENDING,,,,,,,FOUND_NEARBY,,
TEM-002763,public/ui/items/shear_storm_lantern.webp,Ui,IMAGE_TEXTURE,,,PENDING,,,,,,,FOUND_NEARBY,,
TEM-002764,public/ui/items/silkspun_satchel.webp,Ui,IMAGE_TEXTURE,,,PENDING,,,,,,,FOUND_NEARBY,,
TEM-002765,public/ui/items/bloodmane_war_legguards.webp,Ui,IMAGE_TEXTURE,,,PENDING,,,,,,,FOUND_NEARBY,,
TEM-002766,public/ui/items/sutils_gambit.webp,Ui,IMAGE_TEXTURE,,,PENDING,,,,,,,FOUND_NEARBY,,
TEM-002767,public/ui/items/wardens_seal.webp,Ui,IMAGE_TEXTURE,,,PENDING,,,,,,,FOUND_NEARBY,,
TEM-002768,public/ui/items/elixir_of_the_bear.webp,Ui,IMAGE_TEXTURE,,,PENDING,,,,,,,FOUND_NEARBY,,
TEM-002769,public/ui/items/bramblehide_jerkin.webp,Ui,IMAGE_TEXTURE,,,PENDING,,,,,,,FOUND_NEARBY,,
TEM-002770,public/ui/items/nightwalk_jerkin.webp,Ui,IMAGE_TEXTURE,,,PENDING,,,,,,,FOUND_NEARBY,,
TEM-002771,public/ui/items/linen_scrap.webp,Ui,IMAGE_TEXTURE,,,PENDING,,,,,,,FOUND_NEARBY,,
TEM-002772,public/ui/items/heroic_wyrmshadow_harness.webp,Ui,IMAGE_TEXTURE,,,PENDING,,,,,,,FOUND_NEARBY,,
TEM-002773,public/ui/items/raw_frostgill_trout.webp,Ui,IMAGE_TEXTURE,,,PENDING,,,,,,,FOUND_NEARBY,,
TEM-002774,public/ui/items/stormbound_crown.webp,Ui,IMAGE_TEXTURE,,,PENDING,,,,,,,FOUND_NEARBY,,
TEM-002775,public/ui/items/sunpetal_mana_draught.webp,Ui,IMAGE_TEXTURE,,,PENDING,,,,,,,FOUND_NEARBY,,
TEM-002776,public/ui/items/monument_overlook.webp,Ui,IMAGE_TEXTURE,,,PENDING,,,,,,,FOUND_NEARBY,,
TEM-002777,public/ui/items/heroic_deathlord_legguards.webp,Ui,IMAGE_TEXTURE,,,PENDING,,,,,,,FOUND_NEARBY,,
TEM-002778,public/ui/items/heroic_necromancers_soulspire_mantle.webp,Ui,IMAGE_TEXTURE,,,PENDING,,,,,,,FOUND_NEARBY,,
TEM-002779,public/ui/items/furyforged_gauntlets.webp,Ui,IMAGE_TEXTURE,,,PENDING,,,,,,,FOUND_NEARBY,,
TEM-002780,public/ui/items/medallion_of_endless_profit.webp,Ui,IMAGE_TEXTURE,,,PENDING,,,,,,,FOUND_NEARBY,,
TEM-002781,public/ui/items/fen_muster_order.webp,Ui,IMAGE_TEXTURE,,,PENDING,,,,,,,FOUND_NEARBY,,
TEM-002782,public/ui/items/boundstone_girdle.webp,Ui,IMAGE_TEXTURE,,,PENDING,,,,,,,FOUND_NEARBY,,
TEM-002783,public/ui/items/eastbrook_wool_trousers.webp,Ui,IMAGE_TEXTURE,,,PENDING,,,,,,,FOUND_NEARBY,,
TEM-002784,public/ui/items/fine_silverleaf_herb.webp,Ui,IMAGE_TEXTURE,,,PENDING,,,,,,,FOUND_NEARBY,,
TEM-002785,public/ui/items/bogiron_nugget.webp,Ui,IMAGE_TEXTURE,,,PENDING,,,,,,,FOUND_NEARBY,,
TEM-002786,public/ui/items/soulflame_mantle.webp,Ui,IMAGE_TEXTURE,,,PENDING,,,,,,,FOUND_NEARBY,,
TEM-002787,public/ui/items/reins_stalkglider_snail.webp,Ui,IMAGE_TEXTURE,,,PENDING,,,,,,,FOUND_NEARBY,,
TEM-002788,public/ui/items/nightweave_tunic.webp,Ui,IMAGE_TEXTURE,,,PENDING,,,,,,,FOUND_NEARBY,,
TEM-002789,public/ui/items/tallow_candle.webp,Ui,IMAGE_TEXTURE,,,PENDING,,,,,,,FOUND_NEARBY,,
TEM-002790,public/ui/items/litany_helm.webp,Ui,IMAGE_TEXTURE,,,PENDING,,,,,,,FOUND_NEARBY,,
TEM-002791,public/ui/items/wyrmcult_orders.webp,Ui,IMAGE_TEXTURE,,,PENDING,,,,,,,FOUND_NEARBY,,
TEM-002792,public/ui/items/conjured_bread3.webp,Ui,IMAGE_TEXTURE,,,PENDING,,,,,,,FOUND_NEARBY,,
TEM-002793,public/ui/items/emberwing_scale.webp,Ui,IMAGE_TEXTURE,,,PENDING,,,,,,,FOUND_NEARBY,,
TEM-002794,public/ui/items/cracked_fetish.webp,Ui,IMAGE_TEXTURE,,,PENDING,,,,,,,FOUND_NEARBY,,
TEM-002795,public/ui/items/raw_bog_eel.webp,Ui,IMAGE_TEXTURE,,,PENDING,,,,,,,FOUND_NEARBY,,
TEM-002796,public/ui/items/cinder_sigil_pendant.webp,Ui,IMAGE_TEXTURE,,,PENDING,,,,,,,FOUND_NEARBY,,
TEM-002797,public/ui/items/outrider_brigandine.webp,Ui,IMAGE_TEXTURE,,,PENDING,,,,,,,FOUND_NEARBY,,
TEM-002798,public/ui/items/raw_stonescale_carp.webp,Ui,IMAGE_TEXTURE,,,PENDING,,,,,,,FOUND_NEARBY,,
TEM-002799,public/ui/items/sunbone_ritual_hauberk.webp,Ui,IMAGE_TEXTURE,,,PENDING,,,,,,,FOUND_NEARBY,,
TEM-002800,public/ui/items/hedgewick_shears.webp,Ui,IMAGE_TEXTURE,,,PENDING,,,,,,,FOUND_NEARBY,,
TEM-002801,public/ui/items/blessed_wax.webp,Ui,IMAGE_TEXTURE,,,PENDING,,,,,,,FOUND_NEARBY,,
TEM-002802,public/ui/items/quilted_trousers.webp,Ui,IMAGE_TEXTURE,,,PENDING,,,,,,,FOUND_NEARBY,,
TEM-002803,public/ui/items/ivory_copper_armor_plate.webp,Ui,IMAGE_TEXTURE,,,PENDING,,,,,,,FOUND_NEARBY,,
TEM-002804,public/ui/items/forest_pink_armor_plate.webp,Ui,IMAGE_TEXTURE,,,PENDING,,,,,,,FOUND_NEARBY,,
TEM-002805,public/ui/items/furyforged_legguards.webp,Ui,IMAGE_TEXTURE,,,PENDING,,,,,,,FOUND_NEARBY,,
TEM-002806,public/ui/items/bandit_bandana.webp,Ui,IMAGE_TEXTURE,,,PENDING,,,,,,,FOUND_NEARBY,,
TEM-002807,public/ui/items/wyrmcult_spellgrips.webp,Ui,IMAGE_TEXTURE,,,PENDING,,,,,,,FOUND_NEARBY,,
TEM-002808,public/ui/items/mere_ferry_lantern.webp,Ui,IMAGE_TEXTURE,,,PENDING,,,,,,,FOUND_NEARBY,,
TEM-002809,public/ui/items/heroic_tidescale_vest.webp,Ui,IMAGE_TEXTURE,,,PENDING,,,,,,,FOUND_NEARBY,,
TEM-002810,public/ui/items/fenmist_robe.webp,Ui,IMAGE_TEXTURE,,,PENDING,,,,,,,FOUND_NEARBY,,
TEM-002811,public/ui/items/trail_leggings.webp,Ui,IMAGE_TEXTURE,,,PENDING,,,,,,,FOUND_NEARBY,,
TEM-002812,public/ui/items/heroic_stormcallers_crown.webp,Ui,IMAGE_TEXTURE,,,PENDING,,,,,,,FOUND_NEARBY,,
TEM-002813,public/ui/items/ironreel_fishing_rod.webp,Ui,IMAGE_TEXTURE,,,PENDING,,,,,,,FOUND_NEARBY,,
TEM-002814,public/ui/items/linen_pouch.webp,Ui,IMAGE_TEXTURE,,,PENDING,,,,,,,FOUND_NEARBY,,
TEM-002815,public/ui/items/gleamstag_charm.webp,Ui,IMAGE_TEXTURE,,,PENDING,,,,,,,FOUND_NEARBY,,
TEM-002816,public/ui/items/amberfall_sap_bucket.webp,Ui,IMAGE_TEXTURE,,,PENDING,,,,,,,FOUND_NEARBY,,
TEM-002817,public/ui/items/zyzzs_deathless_signet.webp,Ui,IMAGE_TEXTURE,,,PENDING,,,,,,,FOUND_NEARBY,,
TEM-002818,public/ui/items/hollow_sealstone.webp,Ui,IMAGE_TEXTURE,,,PENDING,,,,,,,FOUND_NEARBY,,
TEM-002819,public/ui/items/shadow_jerkin.webp,Ui,IMAGE_TEXTURE,,,PENDING,,,,,,,FOUND_NEARBY,,
TEM-002820,public/ui/items/nighttalon_shoulderguards.webp,Ui,IMAGE_TEXTURE,,,PENDING,,,,,,,FOUND_NEARBY,,
TEM-002821,public/ui/items/ironlink_legguards.webp,Ui,IMAGE_TEXTURE,,,PENDING,,,,,,,FOUND_NEARBY,,
TEM-002822,public/ui/items/wardens_oathband.webp,Ui,IMAGE_TEXTURE,,,PENDING,,,,,,,FOUND_NEARBY,,
TEM-002823,public/ui/items/heroic_soulflame_cowl.webp,Ui,IMAGE_TEXTURE,,,PENDING,,,,,,,FOUND_NEARBY,,
TEM-002824,public/ui/items/palecoil_heartscale.webp,Ui,IMAGE_TEXTURE,,,PENDING,,,,,,,FOUND_NEARBY,,
TEM-002825,public/ui/items/goldweave_leggings.webp,Ui,IMAGE_TEXTURE,,,PENDING,,,,,,,FOUND_NEARBY,,
TEM-002826,public/ui/items/simple_fishing_pole.webp,Ui,IMAGE_TEXTURE,,,PENDING,,,,,,,FOUND_NEARBY,,
TEM-002827,public/ui/items/heroic_gravewyrm_gauntlets.webp,Ui,IMAGE_TEXTURE,,,PENDING,,,,,,,FOUND_NEARBY,,
TEM-002828,public/ui/items/soulrend_diadem.webp,Ui,IMAGE_TEXTURE,,,PENDING,,,,,,,FOUND_NEARBY,,
TEM-002829,public/ui/items/tideguard_sabatons.webp,Ui,IMAGE_TEXTURE,,,PENDING,,,,,,,FOUND_NEARBY,,
TEM-002830,public/ui/items/scorched_supply_crate.webp,Ui,IMAGE_TEXTURE,,,PENDING,,,,,,,FOUND_NEARBY,,
TEM-002831,public/ui/items/seal_of_the_nine_oaths.webp,Ui,IMAGE_TEXTURE,,,PENDING,,,,,,,FOUND_NEARBY,,
TEM-002832,public/ui/items/militia_vest.webp,Ui,IMAGE_TEXTURE,,,PENDING,,,,,,,FOUND_NEARBY,,
TEM-002833,public/ui/items/prime_cut.webp,Ui,IMAGE_TEXTURE,,,PENDING,,,,,,,FOUND_NEARBY,,
TEM-002834,public/ui/items/the_codfather.webp,Ui,IMAGE_TEXTURE,,,PENDING,,,,,,,FOUND_NEARBY,,
TEM-002835,public/ui/items/dreamroot_boots.webp,Ui,IMAGE_TEXTURE,,,PENDING,,,,,,,FOUND_NEARBY,,
TEM-002836,public/ui/items/litany_leather_chest.webp,Ui,IMAGE_TEXTURE,,,PENDING,,,,,,,FOUND_NEARBY,,
TEM-002837,public/ui/items/reins_terrorspark_groundshaker.webp,Ui,IMAGE_TEXTURE,,,PENDING,,,,,,,FOUND_NEARBY,,
TEM-002838,public/ui/items/pilgrims_leggings.webp,Ui,IMAGE_TEXTURE,,,PENDING,,,,,,,FOUND_NEARBY,,
TEM-002839,public/ui/items/widowsilk_skein.webp,Ui,IMAGE_TEXTURE,,,PENDING,,,,,,,FOUND_NEARBY,,
TEM-002840,public/ui/items/milepost_boots.webp,Ui,IMAGE_TEXTURE,,,PENDING,,,,,,,FOUND_NEARBY,,
TEM-002841,public/ui/items/mantle_of_the_meredark.webp,Ui,IMAGE_TEXTURE,,,PENDING,,,,,,,FOUND_NEARBY,,
TEM-002842,public/ui/items/raw_mirror_trout.webp,Ui,IMAGE_TEXTURE,,,PENDING,,,,,,,FOUND_NEARBY,,
TEM-002843,public/ui/items/reinforced_pauldrons.webp,Ui,IMAGE_TEXTURE,,,PENDING,,,,,,,FOUND_NEARBY,,
TEM-002844,public/ui/items/artisans_eye.webp,Ui,IMAGE_TEXTURE,,,PENDING,,,,,,,FOUND_NEARBY,,
TEM-002845,public/ui/items/silverstream_fishing_rod.webp,Ui,IMAGE_TEXTURE,,,PENDING,,,,,,,FOUND_NEARBY,,
TEM-002846,public/ui/items/heroic_soulflame_mantle.webp,Ui,IMAGE_TEXTURE,,,PENDING,,,,,,,FOUND_NEARBY,,
TEM-002847,public/ui/items/soulflame_cord.webp,Ui,IMAGE_TEXTURE,,,PENDING,,,,,,,FOUND_NEARBY,,
TEM-002848,public/ui/items/mistveil_grips.webp,Ui,IMAGE_TEXTURE,,,PENDING,,,,,,,FOUND_NEARBY,,
TEM-002849,public/ui/items/cryptbone_pauldrons.webp,Ui,IMAGE_TEXTURE,,,PENDING,,,,,,,FOUND_NEARBY,,
TEM-002850,public/ui/items/sunken_offering_bowl.webp,Ui,IMAGE_TEXTURE,,,PENDING,,,,,,,FOUND_NEARBY,,
TEM-002851,public/ui/items/resonant_links.webp,Ui,IMAGE_TEXTURE,,,PENDING,,,,,,,FOUND_NEARBY,,
TEM-002852,public/ui/items/gravecaller_sigil.webp,Ui,IMAGE_TEXTURE,,,PENDING,,,,,,,FOUND_NEARBY,,
TEM-002853,public/ui/items/heroic_wyrmcult_grand_robe.webp,Ui,IMAGE_TEXTURE,,,PENDING,,,,,,,FOUND_NEARBY,,
TEM-002854,public/ui/items/shroud_of_the_gravewyrm.webp,Ui,IMAGE_TEXTURE,,,PENDING,,,,,,,FOUND_NEARBY,,
TEM-002855,public/ui/items/runed_bone_shard.webp,Ui,IMAGE_TEXTURE,,,PENDING,,,,,,,FOUND_NEARBY,,
TEM-002856,public/ui/items/event_skin_token.webp,Ui,IMAGE_TEXTURE,,,PENDING,,,,,,,FOUND_NEARBY,,
TEM-002857,public/ui/items/swiftfang_talisman.webp,Ui,IMAGE_TEXTURE,,,PENDING,,,,,,,FOUND_NEARBY,,
TEM-002858,public/ui/items/marrowlord_boneboots.webp,Ui,IMAGE_TEXTURE,,,PENDING,,,,,,,FOUND_NEARBY,,
TEM-002859,public/ui/items/crypt_keystone.webp,Ui,IMAGE_TEXTURE,,,PENDING,,,,,,,FOUND_NEARBY,,
TEM-002860,public/ui/items/imperial_crimson_armor_plate.webp,Ui,IMAGE_TEXTURE,,,PENDING,,,,,,,FOUND_NEARBY,,
TEM-002861,public/ui/items/oathbound_greaves.webp,Ui,IMAGE_TEXTURE,,,PENDING,,,,,,,FOUND_NEARBY,,
TEM-002862,public/ui/items/nighttalon_crown.webp,Ui,IMAGE_TEXTURE,,,PENDING,,,,,,,FOUND_NEARBY,,
TEM-002863,public/ui/items/breakscarred_steel.webp,Ui,IMAGE_TEXTURE,,,PENDING,,,,,,,FOUND_NEARBY,,
TEM-002864,public/ui/items/murloc_hut.webp,Ui,IMAGE_TEXTURE,,,PENDING,,,,,,,FOUND_NEARBY,,
TEM-002865,public/ui/items/pristine_venom_gland.webp,Ui,IMAGE_TEXTURE,,,PENDING,,,,,,,FOUND_NEARBY,,
TEM-002866,public/ui/items/riftbound_band_of_might.webp,Ui,IMAGE_TEXTURE,,,PENDING,,,,,,,FOUND_NEARBY,,
TEM-002867,public/ui/items/unbroken_circle.webp,Ui,IMAGE_TEXTURE,,,PENDING,,,,,,,FOUND_NEARBY,,
TEM-002868,public/ui/items/sturdy_belt.webp,Ui,IMAGE_TEXTURE,,,PENDING,,,,,,,FOUND_NEARBY,,
TEM-002869,public/ui/items/reliquary_plate_chest.webp,Ui,IMAGE_TEXTURE,,,PENDING,,,,,,,FOUND_NEARBY,,
TEM-002870,public/ui/items/acolytes_circlet.webp,Ui,IMAGE_TEXTURE,,,PENDING,,,,,,,FOUND_NEARBY,,
TEM-002871,public/ui/items/heroic_gravewyrm_mantle.webp,Ui,IMAGE_TEXTURE,,,PENDING,,,,,,,FOUND_NEARBY,,
TEM-002872,public/ui/items/reliquary_cloth_chest.webp,Ui,IMAGE_TEXTURE,,,PENDING,,,,,,,FOUND_NEARBY,,
TEM-002873,public/ui/items/drowned_prayer_leggings.webp,Ui,IMAGE_TEXTURE,,,PENDING,,,,,,,FOUND_NEARBY,,
TEM-002874,public/ui/items/marrowtread_boots.webp,Ui,IMAGE_TEXTURE,,,PENDING,,,,,,,FOUND_NEARBY,,
TEM-002875,public/ui/items/emberforged_bulwark.webp,Ui,IMAGE_TEXTURE,,,PENDING,,,,,,,FOUND_NEARBY,,
TEM-002876,public/ui/items/nhalias_funeral_wraps.webp,Ui,IMAGE_TEXTURE,,,PENDING,,,,,,,FOUND_NEARBY,,
TEM-002877,public/ui/items/heroic_korgaths_chainwraps.webp,Ui,IMAGE_TEXTURE,,,PENDING,,,,,,,FOUND_NEARBY,,
TEM-002878,public/ui/items/heroic_shadowmeld_tunic.webp,Ui,IMAGE_TEXTURE,,,PENDING,,,,,,,FOUND_NEARBY,,
TEM-002879,public/ui/items/recruit_tunic.webp,Ui,IMAGE_TEXTURE,,,PENDING,,,,,,,FOUND_NEARBY,,
TEM-002880,public/ui/items/vestments_of_the_waking_grove.webp,Ui,IMAGE_TEXTURE,,,PENDING,,,,,,,FOUND_NEARBY,,
TEM-002881,public/ui/items/mistveil_cord.webp,Ui,IMAGE_TEXTURE,,,PENDING,,,,,,,FOUND_NEARBY,,
TEM-002882,public/ui/items/moggers_stomper_boots.webp,Ui,IMAGE_TEXTURE,,,PENDING,,,,,,,FOUND_NEARBY,,
TEM-002883,public/ui/items/reins_aether_hover_cycle.webp,Ui,IMAGE_TEXTURE,,,PENDING,,,,,,,FOUND_NEARBY,,
TEM-002884,public/ui/items/stormbound_waistguard.webp,Ui,IMAGE_TEXTURE,,,PENDING,,,,,,,FOUND_NEARBY,,
TEM-002885,public/ui/items/vanguard_bone.webp,Ui,IMAGE_TEXTURE,,,PENDING,,,,,,,FOUND_NEARBY,,
TEM-002886,public/ui/items/heroic_tideguard_sabatons.webp,Ui,IMAGE_TEXTURE,,,PENDING,,,,,,,FOUND_NEARBY,,
TEM-002887,public/ui/items/baked_bread.webp,Ui,IMAGE_TEXTURE,,,PENDING,,,,,,,FOUND_NEARBY,,
TEM-002888,public/ui/items/reliquary_legs.webp,Ui,IMAGE_TEXTURE,,,PENDING,,,,,,,FOUND_NEARBY,,
TEM-002889,public/ui/items/mossy_handwraps.webp,Ui,IMAGE_TEXTURE,,,PENDING,,,,,,,FOUND_NEARBY,,
TEM-002890,public/ui/items/gallowmere_grave_candle.webp,Ui,IMAGE_TEXTURE,,,PENDING,,,,,,,FOUND_NEARBY,,
TEM-002891,public/ui/items/choirmothers_casque.webp,Ui,IMAGE_TEXTURE,,,PENDING,,,,,,,FOUND_NEARBY,,
TEM-002892,public/ui/items/raw_river_perch.webp,Ui,IMAGE_TEXTURE,,,PENDING,,,,,,,FOUND_NEARBY,,
TEM-002893,public/ui/items/troll_fetish.webp,Ui,IMAGE_TEXTURE,,,PENDING,,,,,,,FOUND_NEARBY,,
TEM-002894,public/ui/items/copper_mining_pick.webp,Ui,IMAGE_TEXTURE,,,PENDING,,,,,,,FOUND_NEARBY,,
TEM-002895,public/ui/items/grave_sir_aldren.webp,Ui,IMAGE_TEXTURE,,,PENDING,,,,,,,FOUND_NEARBY,,
TEM-002896,public/ui/items/kings_signet.webp,Ui,IMAGE_TEXTURE,,,PENDING,,,,,,,FOUND_NEARBY,,
TEM-002897,public/ui/items/gravewoven_bag.webp,Ui,IMAGE_TEXTURE,,,PENDING,,,,,,,FOUND_NEARBY,,
TEM-002898,public/ui/items/cinderweave_mantle.webp,Ui,IMAGE_TEXTURE,,,PENDING,,,,,,,FOUND_NEARBY,,
TEM-002899,public/ui/items/furyforged_warplate.webp,Ui,IMAGE_TEXTURE,,,PENDING,,,,,,,FOUND_NEARBY,,
TEM-002900,public/ui/items/homespun_hood.webp,Ui,IMAGE_TEXTURE,,,PENDING,,,,,,,FOUND_NEARBY,,
TEM-002901,public/ui/items/drownstep_sabatons.webp,Ui,IMAGE_TEXTURE,,,PENDING,,,,,,,FOUND_NEARBY,,
TEM-002902,public/ui/items/gloamfield_nightbloom.webp,Ui,IMAGE_TEXTURE,,,PENDING,,,,,,,FOUND_NEARBY,,
TEM-002903,public/ui/items/tanned_leather_jerkin.webp,Ui,IMAGE_TEXTURE,,,PENDING,,,,,,,FOUND_NEARBY,,
TEM-002904,public/ui/items/heroic_wyrmshadow_talongrips.webp,Ui,IMAGE_TEXTURE,,,PENDING,,,,,,,FOUND_NEARBY,,
TEM-002905,public/ui/items/pearlwake_cargo_crate.webp,Ui,IMAGE_TEXTURE,,,PENDING,,,,,,,FOUND_NEARBY,,
TEM-002906,public/ui/items/knight_commanders_greaves.webp,Ui,IMAGE_TEXTURE,,,PENDING,,,,,,,FOUND_NEARBY,,
TEM-002907,public/ui/items/trollhide_leggings.webp,Ui,IMAGE_TEXTURE,,,PENDING,,,,,,,FOUND_NEARBY,,
TEM-002908,public/ui/items/heroic_tideguard_greaves.webp,Ui,IMAGE_TEXTURE,,,PENDING,,,,,,,FOUND_NEARBY,,
TEM-002909,public/ui/items/fenbark_leggings.webp,Ui,IMAGE_TEXTURE,,,PENDING,,,,,,,FOUND_NEARBY,,
TEM-002910,public/ui/items/stormreel_fishing_rod.webp,Ui,IMAGE_TEXTURE,,,PENDING,,,,,,,FOUND_NEARBY,,
TEM-002911,public/ui/items/greyjaw_fang.webp,Ui,IMAGE_TEXTURE,,,PENDING,,,,,,,FOUND_NEARBY,,
TEM-002912,public/ui/items/rift_gem_azure.webp,Ui,IMAGE_TEXTURE,,,PENDING,,,,,,,FOUND_NEARBY,,
TEM-002913,public/ui/items/spider_leg.webp,Ui,IMAGE_TEXTURE,,,PENDING,,,,,,,FOUND_NEARBY,,
TEM-002914,public/ui/items/ysols_pearl_greaves.webp,Ui,IMAGE_TEXTURE,,,PENDING,,,,,,,FOUND_NEARBY,,
TEM-002915,public/ui/items/furyforged_sabatons.webp,Ui,IMAGE_TEXTURE,,,PENDING,,,,,,,FOUND_NEARBY,,
TEM-002916,public/ui/items/heroic_grovewardens_grips.webp,Ui,IMAGE_TEXTURE,,,PENDING,,,,,,,FOUND_NEARBY,,
TEM-002917,public/ui/items/fenbridge_rye.webp,Ui,IMAGE_TEXTURE,,,PENDING,,,,,,,FOUND_NEARBY,,
TEM-002918,public/ui/items/hunters_game_skewer.webp,Ui,IMAGE_TEXTURE,,,PENDING,,,,,,,FOUND_NEARBY,,
TEM-002919,public/ui/items/fountain_court_mantle.webp,Ui,IMAGE_TEXTURE,,,PENDING,,,,,,,FOUND_NEARBY,,
TEM-002920,public/ui/items/smoked_eel.webp,Ui,IMAGE_TEXTURE,,,PENDING,,,,,,,FOUND_NEARBY,,
TEM-002921,public/ui/items/revenantstep_treads.webp,Ui,IMAGE_TEXTURE,,,PENDING,,,,,,,FOUND_NEARBY,,
TEM-002922,public/ui/items/hedgewick_tool_cart.webp,Ui,IMAGE_TEXTURE,,,PENDING,,,,,,,FOUND_NEARBY,,
TEM-002923,public/ui/items/footpad_jerkin.webp,Ui,IMAGE_TEXTURE,,,PENDING,,,,,,,FOUND_NEARBY,,
TEM-002924,public/ui/items/tanning_agent.webp,Ui,IMAGE_TEXTURE,,,PENDING,,,,,,,FOUND_NEARBY,,
TEM-002925,public/ui/items/drownstep_slippers.webp,Ui,IMAGE_TEXTURE,,,PENDING,,,,,,,FOUND_NEARBY,,
TEM-002926,public/ui/items/pearlward_aegis.webp,Ui,IMAGE_TEXTURE,,,PENDING,,,,,,,FOUND_NEARBY,,
TEM-002927,public/ui/items/silverleaf_sickle.webp,Ui,IMAGE_TEXTURE,,,PENDING,,,,,,,FOUND_NEARBY,,
TEM-002928,public/ui/items/thoriumscale_leggings.webp,Ui,IMAGE_TEXTURE,,,PENDING,,,,,,,FOUND_NEARBY,,
TEM-002929,public/ui/items/wyrmchoir_handwraps.webp,Ui,IMAGE_TEXTURE,,,PENDING,,,,,,,FOUND_NEARBY,,
TEM-002930,public/ui/items/grave_high_priest_malric.webp,Ui,IMAGE_TEXTURE,,,PENDING,,,,,,,FOUND_NEARBY,,
TEM-002931,public/ui/items/ashen_focus_ring.webp,Ui,IMAGE_TEXTURE,,,PENDING,,,,,,,FOUND_NEARBY,,
TEM-002932,public/ui/items/pan_seared_perch.webp,Ui,IMAGE_TEXTURE,,,PENDING,,,,,,,FOUND_NEARBY,,
TEM-002933,public/ui/items/wreckfield_flotsam_crate.webp,Ui,IMAGE_TEXTURE,,,PENDING,,,,,,,FOUND_NEARBY,,
TEM-002934,public/ui/items/frostmane_mantle.webp,Ui,IMAGE_TEXTURE,,,PENDING,,,,,,,FOUND_NEARBY,,
TEM-002935,public/ui/items/mantle_of_the_unhorsed.webp,Ui,IMAGE_TEXTURE,,,PENDING,,,,,,,FOUND_NEARBY,,
TEM-002936,public/ui/items/tideworn_warboots.webp,Ui,IMAGE_TEXTURE,,,PENDING,,,,,,,FOUND_NEARBY,,
TEM-002937,public/ui/items/heroic_wraithfire_orb.webp,Ui,IMAGE_TEXTURE,,,PENDING,,,,,,,FOUND_NEARBY,,
TEM-002938,public/ui/items/revenant_silk_robe.webp,Ui,IMAGE_TEXTURE,,,PENDING,,,,,,,FOUND_NEARBY,,
TEM-002939,public/ui/items/broodmother_carapace.webp,Ui,IMAGE_TEXTURE,,,PENDING,,,,,,,FOUND_NEARBY,,
TEM-002940,public/ui/items/spellbreakers_seal.webp,Ui,IMAGE_TEXTURE,,,PENDING,,,,,,,FOUND_NEARBY,,
TEM-002941,public/ui/items/ridgestalker_treads.webp,Ui,IMAGE_TEXTURE,,,PENDING,,,,,,,FOUND_NEARBY,,
TEM-002942,public/ui/items/wyrmcult_soulsteps.webp,Ui,IMAGE_TEXTURE,,,PENDING,,,,,,,FOUND_NEARBY,,
TEM-002943,public/ui/items/emberwing_cinderscale.webp,Ui,IMAGE_TEXTURE,,,PENDING,,,,,,,FOUND_NEARBY,,
TEM-002944,public/ui/items/wyrmshadow_harness.webp,Ui,IMAGE_TEXTURE,,,PENDING,,,,,,,FOUND_NEARBY,,
TEM-002945,public/ui/items/deacon_reliquary_helm.webp,Ui,IMAGE_TEXTURE,,,PENDING,,,,,,,FOUND_NEARBY,,
TEM-002946,public/ui/items/goldleaf_healing_draught.webp,Ui,IMAGE_TEXTURE,,,PENDING,,,,,,,FOUND_NEARBY,,
TEM-002947,public/ui/items/scourgehide_carapace.webp,Ui,IMAGE_TEXTURE,,,PENDING,,,,,,,FOUND_NEARBY,,
TEM-002948,public/ui/items/outrider_sabatons.webp,Ui,IMAGE_TEXTURE,,,PENDING,,,,,,,FOUND_NEARBY,,
TEM-002949,public/ui/items/ashstalker_waistband.webp,Ui,IMAGE_TEXTURE,,,PENDING,,,,,,,FOUND_NEARBY,,
TEM-002950,public/ui/items/moonshroud_tunic.webp,Ui,IMAGE_TEXTURE,,,PENDING,,,,,,,FOUND_NEARBY,,
TEM-002951,public/ui/items/guardian_core.webp,Ui,IMAGE_TEXTURE,,,PENDING,,,,,,,FOUND_NEARBY,,
TEM-002952,public/ui/items/resonant_timber.webp,Ui,IMAGE_TEXTURE,,,PENDING,,,,,,,FOUND_NEARBY,,
TEM-002953,public/ui/items/copper_ore.webp,Ui,IMAGE_TEXTURE,,,PENDING,,,,,,,FOUND_NEARBY,,
TEM-002954,public/ui/items/stormbound_hauberk.webp,Ui,IMAGE_TEXTURE,,,PENDING,,,,,,,FOUND_NEARBY,,
TEM-002955,public/ui/items/cinderweave_legwraps.webp,Ui,IMAGE_TEXTURE,,,PENDING,,,,,,,FOUND_NEARBY,,
TEM-002956,public/ui/items/raw_marsh_pike.webp,Ui,IMAGE_TEXTURE,,,PENDING,,,,,,,FOUND_NEARBY,,
TEM-002957,public/ui/items/thick_winter_pelt.webp,Ui,IMAGE_TEXTURE,,,PENDING,,,,,,,FOUND_NEARBY,,
TEM-002958,public/ui/items/orchard_sapbinder_grips.webp,Ui,IMAGE_TEXTURE,,,PENDING,,,,,,,FOUND_NEARBY,,
TEM-002959,public/ui/items/fenbridge_hide_boots.webp,Ui,IMAGE_TEXTURE,,,PENDING,,,,,,,FOUND_NEARBY,,
TEM-002960,public/ui/items/gilded_sap_clot.webp,Ui,IMAGE_TEXTURE,,,PENDING,,,,,,,FOUND_NEARBY,,
TEM-002961,public/ui/items/magenta_cyan_armor_plate.webp,Ui,IMAGE_TEXTURE,,,PENDING,,,,,,,FOUND_NEARBY,,
TEM-002962,public/ui/items/hollowbound_legguards.webp,Ui,IMAGE_TEXTURE,,,PENDING,,,,,,,FOUND_NEARBY,,
TEM-002963,public/ui/items/bonewrought_bulwark.webp,Ui,IMAGE_TEXTURE,,,PENDING,,,,,,,FOUND_NEARBY,,
TEM-002964,public/ui/items/reliquary_helm.webp,Ui,IMAGE_TEXTURE,,,PENDING,,,,,,,FOUND_NEARBY,,
TEM-002965,public/ui/items/cinderweave_handwraps.webp,Ui,IMAGE_TEXTURE,,,PENDING,,,,,,,FOUND_NEARBY,,
TEM-002966,public/ui/items/heroic_moonshroud_tunic.webp,Ui,IMAGE_TEXTURE,,,PENDING,,,,,,,FOUND_NEARBY,,
TEM-002967,public/ui/items/waterlogged_idol.webp,Ui,IMAGE_TEXTURE,,,PENDING,,,,,,,FOUND_NEARBY,,
TEM-002968,public/ui/items/tidewrought_fishing_rod.webp,Ui,IMAGE_TEXTURE,,,PENDING,,,,,,,FOUND_NEARBY,,
TEM-002969,public/ui/items/handaxe.webp,Ui,IMAGE_TEXTURE,,,PENDING,,,,,,,FOUND_NEARBY,,
TEM-002970,public/ui/items/lilybed_mantle.webp,Ui,IMAGE_TEXTURE,,,PENDING,,,,,,,FOUND_NEARBY,,
TEM-002971,public/ui/items/thorium_ore.webp,Ui,IMAGE_TEXTURE,,,PENDING,,,,,,,FOUND_NEARBY,,
TEM-002972,public/ui/items/sister_nhalia_choir_plate.webp,Ui,IMAGE_TEXTURE,,,PENDING,,,,,,,FOUND_NEARBY,,
TEM-002973,public/ui/items/eelskin_mudwaders.webp,Ui,IMAGE_TEXTURE,,,PENDING,,,,,,,FOUND_NEARBY,,
TEM-002974,public/ui/items/sunpetal_sickle.webp,Ui,IMAGE_TEXTURE,,,PENDING,,,,,,,FOUND_NEARBY,,
TEM-002975,public/ui/items/roasted_boar.webp,Ui,IMAGE_TEXTURE,,,PENDING,,,,,,,FOUND_NEARBY,,
TEM-002976,public/ui/items/fenbridge_hide_leggings.webp,Ui,IMAGE_TEXTURE,,,PENDING,,,,,,,FOUND_NEARBY,,
TEM-002977,public/ui/items/heroic_necromancers_starshroud.webp,Ui,IMAGE_TEXTURE,,,PENDING,,,,,,,FOUND_NEARBY,,
TEM-002978,public/ui/items/necromancers_soulspire_mantle.webp,Ui,IMAGE_TEXTURE,,,PENDING,,,,,,,FOUND_NEARBY,,
TEM-002979,public/ui/items/mistcallers_duffel.webp,Ui,IMAGE_TEXTURE,,,PENDING,,,,,,,FOUND_NEARBY,,
TEM-002980,public/ui/items/amethyst_silver_armor_plate.webp,Ui,IMAGE_TEXTURE,,,PENDING,,,,,,,FOUND_NEARBY,,
TEM-002981,public/ui/items/healing_potion.webp,Ui,IMAGE_TEXTURE,,,PENDING,,,,,,,FOUND_NEARBY,,
TEM-002982,public/ui/items/mawscale_pauldrons.webp,Ui,IMAGE_TEXTURE,,,PENDING,,,,,,,FOUND_NEARBY,,
TEM-002983,public/ui/items/goldleaf_mana_draught.webp,Ui,IMAGE_TEXTURE,,,PENDING,,,,,,,FOUND_NEARBY,,
TEM-002984,public/ui/items/valespun_robe.webp,Ui,IMAGE_TEXTURE,,,PENDING,,,,,,,FOUND_NEARBY,,
TEM-002985,public/ui/items/vanguard_azure_armor_plate.webp,Ui,IMAGE_TEXTURE,,,PENDING,,,,,,,FOUND_NEARBY,,
TEM-002986,public/ui/items/inert_storm_shard.webp,Ui,IMAGE_TEXTURE,,,PENDING,,,,,,,FOUND_NEARBY,,
TEM-002987,public/ui/items/vanguard_chrome_armor_plate.webp,Ui,IMAGE_TEXTURE,,,PENDING,,,,,,,FOUND_NEARBY,,
TEM-002988,public/ui/items/shadowpulse_handwraps.webp,Ui,IMAGE_TEXTURE,,,PENDING,,,,,,,FOUND_NEARBY,,
TEM-002989,public/ui/items/furyforged_girdle.webp,Ui,IMAGE_TEXTURE,,,PENDING,,,,,,,FOUND_NEARBY,,
TEM-002990,public/ui/items/boundstone_helm.webp,Ui,IMAGE_TEXTURE,,,PENDING,,,,,,,FOUND_NEARBY,,
TEM-002991,public/ui/items/ghostly_essence.webp,Ui,IMAGE_TEXTURE,,,PENDING,,,,,,,FOUND_NEARBY,,
TEM-002992,public/ui/items/unknown_alien_weaponry.webp,Ui,IMAGE_TEXTURE,,,PENDING,,,,,,,FOUND_NEARBY,,
TEM-002993,public/ui/items/reins_stormfeather_griffin.webp,Ui,IMAGE_TEXTURE,,,PENDING,,,,,,,FOUND_NEARBY,,
TEM-002994,public/ui/items/necromancers_legwraps.webp,Ui,IMAGE_TEXTURE,,,PENDING,,,,,,,FOUND_NEARBY,,
TEM-002995,public/ui/items/ashwood_axe.webp,Ui,IMAGE_TEXTURE,,,PENDING,,,,,,,FOUND_NEARBY,,
TEM-002996,public/ui/items/heroic_wyrmshadow_treads.webp,Ui,IMAGE_TEXTURE,,,PENDING,,,,,,,FOUND_NEARBY,,
TEM-002997,public/ui/items/imperial_gold_armor_plate.webp,Ui,IMAGE_TEXTURE,,,PENDING,,,,,,,FOUND_NEARBY,,
TEM-002998,public/ui/items/cinderweave_cowl.webp,Ui,IMAGE_TEXTURE,,,PENDING,,,,,,,FOUND_NEARBY,,
TEM-002999,public/ui/items/embroidered_mantle.webp,Ui,IMAGE_TEXTURE,,,PENDING,,,,,,,FOUND_NEARBY,,
TEM-003000,public/ui/items/sunpetal_herb.webp,Ui,IMAGE_TEXTURE,,,PENDING,,,,,,,FOUND_NEARBY,,
TEM-003001,public/ui/items/cryptbloom_shoulderguards.webp,Ui,IMAGE_TEXTURE,,,PENDING,,,,,,,FOUND_NEARBY,,
TEM-003002,public/ui/items/reedwoven_jerkin.webp,Ui,IMAGE_TEXTURE,,,PENDING,,,,,,,FOUND_NEARBY,,
TEM-003003,public/ui/items/sableweb_cord.webp,Ui,IMAGE_TEXTURE,,,PENDING,,,,,,,FOUND_NEARBY,,
TEM-003004,public/ui/items/kazzix_heartshard.webp,Ui,IMAGE_TEXTURE,,,PENDING,,,,,,,FOUND_NEARBY,,
TEM-003005,public/ui/items/tidehymn_slippers.webp,Ui,IMAGE_TEXTURE,,,PENDING,,,,,,,FOUND_NEARBY,,
TEM-003006,public/ui/items/heroic_stormcallers_spaulders.webp,Ui,IMAGE_TEXTURE,,,PENDING,,,,,,,FOUND_NEARBY,,
TEM-003007,public/ui/items/alien_armor_plate.webp,Ui,IMAGE_TEXTURE,,,PENDING,,,,,,,FOUND_NEARBY,,
TEM-003008,public/ui/items/silverleaf_healing_draught.webp,Ui,IMAGE_TEXTURE,,,PENDING,,,,,,,FOUND_NEARBY,,
TEM-003009,public/ui/items/highwatch_breastplate.webp,Ui,IMAGE_TEXTURE,,,PENDING,,,,,,,FOUND_NEARBY,,
TEM-003010,public/ui/items/tidescale_vest.webp,Ui,IMAGE_TEXTURE,,,PENDING,,,,,,,FOUND_NEARBY,,
TEM-003011,public/ui/items/drowned_offering.webp,Ui,IMAGE_TEXTURE,,,PENDING,,,,,,,FOUND_NEARBY,,
TEM-003012,public/ui/items/cinderwalk_treads.webp,Ui,IMAGE_TEXTURE,,,PENDING,,,,,,,FOUND_NEARBY,,
TEM-003013,public/ui/items/razorwind_torque.webp,Ui,IMAGE_TEXTURE,,,PENDING,,,,,,,FOUND_NEARBY,,
TEM-003014,public/ui/items/stormcallers_spaulders.webp,Ui,IMAGE_TEXTURE,,,PENDING,,,,,,,FOUND_NEARBY,,
TEM-003015,public/ui/items/soulflame_cowl.webp,Ui,IMAGE_TEXTURE,,,PENDING,,,,,,,FOUND_NEARBY,,
TEM-003016,public/ui/items/spore_heart.webp,Ui,IMAGE_TEXTURE,,,PENDING,,,,,,,FOUND_NEARBY,,
TEM-003017,public/ui/items/lunar_choir_leggings.webp,Ui,IMAGE_TEXTURE,,,PENDING,,,,,,,FOUND_NEARBY,,
TEM-003018,public/ui/items/nielas_coldlight_band.webp,Ui,IMAGE_TEXTURE,,,PENDING,,,,,,,FOUND_NEARBY,,
TEM-003019,public/ui/items/thornpeak_wildwraps.webp,Ui,IMAGE_TEXTURE,,,PENDING,,,,,,,FOUND_NEARBY,,
TEM-003020,public/ui/items/choir_blessed_spaulders.webp,Ui,IMAGE_TEXTURE,,,PENDING,,,,,,,FOUND_NEARBY,,
TEM-003021,public/ui/items/cryptbone_greaves.webp,Ui,IMAGE_TEXTURE,,,PENDING,,,,,,,FOUND_NEARBY,,
TEM-003022,public/ui/items/iron_mining_pick.webp,Ui,IMAGE_TEXTURE,,,PENDING,,,,,,,FOUND_NEARBY,,
TEM-003023,public/ui/items/sextons_slippers.webp,Ui,IMAGE_TEXTURE,,,PENDING,,,,,,,FOUND_NEARBY,,
TEM-003024,public/ui/items/sunweave_mantle.webp,Ui,IMAGE_TEXTURE,,,PENDING,,,,,,,FOUND_NEARBY,,
TEM-003025,public/ui/items/shardfang_grips.webp,Ui,IMAGE_TEXTURE,,,PENDING,,,,,,,FOUND_NEARBY,,
TEM-003026,public/ui/items/fenwarden_sabatons.webp,Ui,IMAGE_TEXTURE,,,PENDING,,,,,,,FOUND_NEARBY,,
TEM-003027,public/ui/items/woven_robe.webp,Ui,IMAGE_TEXTURE,,,PENDING,,,,,,,FOUND_NEARBY,,
TEM-003028,public/ui/items/drogmar_warboots.webp,Ui,IMAGE_TEXTURE,,,PENDING,,,,,,,FOUND_NEARBY,,
TEM-003029,public/ui/items/barrow_grave_offering.webp,Ui,IMAGE_TEXTURE,,,PENDING,,,,,,,FOUND_NEARBY,,
TEM-003030,public/ui/items/crownforged_girdle.webp,Ui,IMAGE_TEXTURE,,,PENDING,,,,,,,FOUND_NEARBY,,
TEM-003031,public/ui/items/fine_sunpetal_herb.webp,Ui,IMAGE_TEXTURE,,,PENDING,,,,,,,FOUND_NEARBY,,
TEM-003032,public/ui/items/outrider_legguards.webp,Ui,IMAGE_TEXTURE,,,PENDING,,,,,,,FOUND_NEARBY,,
TEM-003033,public/ui/items/stormcallers_crown.webp,Ui,IMAGE_TEXTURE,,,PENDING,,,,,,,FOUND_NEARBY,,
TEM-003034,public/ui/items/backpack.webp,Ui,IMAGE_TEXTURE,,,PENDING,,,,,,,FOUND_NEARBY,,
TEM-003035,public/ui/items/tideguard_faceguard.webp,Ui,IMAGE_TEXTURE,,,PENDING,,,,,,,FOUND_NEARBY,,
TEM-003036,public/ui/items/marshstrider_boots.webp,Ui,IMAGE_TEXTURE,,,PENDING,,,,,,,FOUND_NEARBY,,
TEM-003037,public/ui/items/deathlord_sabatons.webp,Ui,IMAGE_TEXTURE,,,PENDING,,,,,,,FOUND_NEARBY,,
TEM-003038,public/ui/items/roughspun_gloves.webp,Ui,IMAGE_TEXTURE,,,PENDING,,,,,,,FOUND_NEARBY,,
TEM-003039,public/ui/items/silverthread_slippers.webp,Ui,IMAGE_TEXTURE,,,PENDING,,,,,,,FOUND_NEARBY,,
TEM-003040,public/ui/items/fenbridge_hide_belt.webp,Ui,IMAGE_TEXTURE,,,PENDING,,,,,,,FOUND_NEARBY,,
TEM-003041,public/ui/items/gatherers_cache.webp,Ui,IMAGE_TEXTURE,,,PENDING,,,,,,,FOUND_NEARBY,,
TEM-003042,public/ui/items/ironbark_axe.webp,Ui,IMAGE_TEXTURE,,,PENDING,,,,,,,FOUND_NEARBY,,
TEM-003043,public/ui/items/soggy_boot.webp,Ui,IMAGE_TEXTURE,,,PENDING,,,,,,,FOUND_NEARBY,,
TEM-003044,public/ui/items/bone_fragments.webp,Ui,IMAGE_TEXTURE,,,PENDING,,,,,,,FOUND_NEARBY,,
TEM-003045,public/ui/items/sprung_trap.webp,Ui,IMAGE_TEXTURE,,,PENDING,,,,,,,FOUND_NEARBY,,
TEM-003046,public/ui/items/brightwood_venison.webp,Ui,IMAGE_TEXTURE,,,PENDING,,,,,,,FOUND_NEARBY,,
TEM-003047,public/ui/items/felling_axe.webp,Ui,IMAGE_TEXTURE,,,PENDING,,,,,,,FOUND_NEARBY,,
TEM-003048,public/ui/items/mirebloom_treads.webp,Ui,IMAGE_TEXTURE,,,PENDING,,,,,,,FOUND_NEARBY,,
TEM-003049,public/ui/items/deathless_warguard_legmail.webp,Ui,IMAGE_TEXTURE,,,PENDING,,,,,,,FOUND_NEARBY,,
TEM-003050,public/ui/items/heroic_wyrmcult_soulsteps.webp,Ui,IMAGE_TEXTURE,,,PENDING,,,,,,,FOUND_NEARBY,,
TEM-003051,public/ui/items/stormscale_treads.webp,Ui,IMAGE_TEXTURE,,,PENDING,,,,,,,FOUND_NEARBY,,
TEM-003052,public/ui/items/roadwardens_helm.webp,Ui,IMAGE_TEXTURE,,,PENDING,,,,,,,FOUND_NEARBY,,
TEM-003053,public/ui/items/stormbound_greaves.webp,Ui,IMAGE_TEXTURE,,,PENDING,,,,,,,FOUND_NEARBY,,
TEM-003054,public/ui/items/glacier_melt.webp,Ui,IMAGE_TEXTURE,,,PENDING,,,,,,,FOUND_NEARBY,,
TEM-003055,public/ui/items/selthes_seastriders.webp,Ui,IMAGE_TEXTURE,,,PENDING,,,,,,,FOUND_NEARBY,,
TEM-003056,public/ui/items/duskthorn_mantle.webp,Ui,IMAGE_TEXTURE,,,PENDING,,,,,,,FOUND_NEARBY,,
TEM-003057,public/ui/items/heroic_boundstone_helm.webp,Ui,IMAGE_TEXTURE,,,PENDING,,,,,,,FOUND_NEARBY,,
TEM-003058,public/ui/items/heroic_boundstone_girdle.webp,Ui,IMAGE_TEXTURE,,,PENDING,,,,,,,FOUND_NEARBY,,
TEM-003059,public/ui/items/crownforged_dreadhelm.webp,Ui,IMAGE_TEXTURE,,,PENDING,,,,,,,FOUND_NEARBY,,
TEM-003060,public/ui/items/boar_hide.webp,Ui,IMAGE_TEXTURE,,,PENDING,,,,,,,FOUND_NEARBY,,
TEM-003061,public/ui/items/fenway_mooring_line.webp,Ui,IMAGE_TEXTURE,,,PENDING,,,,,,,FOUND_NEARBY,,
TEM-003062,public/ui/items/duskhide_wraps.webp,Ui,IMAGE_TEXTURE,,,PENDING,,,,,,,FOUND_NEARBY,,
TEM-003063,public/ui/items/voidweave_mantle.webp,Ui,IMAGE_TEXTURE,,,PENDING,,,,,,,FOUND_NEARBY,,
TEM-003064,public/ui/items/arcane_essence.webp,Ui,IMAGE_TEXTURE,,,PENDING,,,,,,,FOUND_NEARBY,,
TEM-003065,public/ui/items/sunbone_oracles_crown.webp,Ui,IMAGE_TEXTURE,,,PENDING,,,,,,,FOUND_NEARBY,,
TEM-003066,public/ui/items/final_oath_medallion.webp,Ui,IMAGE_TEXTURE,,,PENDING,,,,,,,FOUND_NEARBY,,
TEM-003067,public/ui/items/conjured_water2.webp,Ui,IMAGE_TEXTURE,,,PENDING,,,,,,,FOUND_NEARBY,,
TEM-003068,public/ui/items/heart_of_the_rift.webp,Ui,IMAGE_TEXTURE,,,PENDING,,,,,,,FOUND_NEARBY,,
TEM-003069,public/ui/items/restless_skull.webp,Ui,IMAGE_TEXTURE,,,PENDING,,,,,,,FOUND_NEARBY,,
TEM-003070,public/ui/items/webwood_silk.webp,Ui,IMAGE_TEXTURE,,,PENDING,,,,,,,FOUND_NEARBY,,
TEM-003071,public/ui/items/litany_legs.webp,Ui,IMAGE_TEXTURE,,,PENDING,,,,,,,FOUND_NEARBY,,
TEM-003072,public/ui/items/drownstep_treads.webp,Ui,IMAGE_TEXTURE,,,PENDING,,,,,,,FOUND_NEARBY,,
TEM-003073,public/ui/items/gravescale_girdle.webp,Ui,IMAGE_TEXTURE,,,PENDING,,,,,,,FOUND_NEARBY,,
TEM-003074,public/ui/items/conjured_bread2.webp,Ui,IMAGE_TEXTURE,,,PENDING,,,,,,,FOUND_NEARBY,,
TEM-003075,public/ui/items/gleaming_antler.webp,Ui,IMAGE_TEXTURE,,,PENDING,,,,,,,FOUND_NEARBY,,
TEM-003076,public/ui/items/bloodmane_warleggings.webp,Ui,IMAGE_TEXTURE,,,PENDING,,,,,,,FOUND_NEARBY,,
TEM-003077,public/ui/items/mistforged_pauldrons.webp,Ui,IMAGE_TEXTURE,,,PENDING,,,,,,,FOUND_NEARBY,,
TEM-003078,public/ui/items/korgaths_chainwraps.webp,Ui,IMAGE_TEXTURE,,,PENDING,,,,,,,FOUND_NEARBY,,
TEM-003079,public/ui/items/pristine_hide.webp,Ui,IMAGE_TEXTURE,,,PENDING,,,,,,,FOUND_NEARBY,,
TEM-003080,public/ui/items/heroic_bonewrought_bulwark.webp,Ui,IMAGE_TEXTURE,,,PENDING,,,,,,,FOUND_NEARBY,,
TEM-003081,public/ui/items/varric_shadow_cowl.webp,Ui,IMAGE_TEXTURE,,,PENDING,,,,,,,FOUND_NEARBY,,
TEM-003082,public/ui/items/verdant_heart_vestment.webp,Ui,IMAGE_TEXTURE,,,PENDING,,,,,,,FOUND_NEARBY,,
TEM-003083,public/ui/items/heroic_wyrmshadow_legguards.webp,Ui,IMAGE_TEXTURE,,,PENDING,,,,,,,FOUND_NEARBY,,
TEM-003084,public/ui/items/rusted_censer.webp,Ui,IMAGE_TEXTURE,,,PENDING,,,,,,,FOUND_NEARBY,,
TEM-003085,public/ui/items/homespun_mitts.webp,Ui,IMAGE_TEXTURE,,,PENDING,,,,,,,FOUND_NEARBY,,
TEM-003086,public/ui/items/mirejaw_scale_vest.webp,Ui,IMAGE_TEXTURE,,,PENDING,,,,,,,FOUND_NEARBY,,
TEM-003087,public/ui/items/thoriumscale_greathelm.webp,Ui,IMAGE_TEXTURE,,,PENDING,,,,,,,FOUND_NEARBY,,
TEM-003088,public/ui/items/conjured_water4.webp,Ui,IMAGE_TEXTURE,,,PENDING,,,,,,,FOUND_NEARBY,,
TEM-003089,public/ui/items/marshcloth_robe.webp,Ui,IMAGE_TEXTURE,,,PENDING,,,,,,,FOUND_NEARBY,,
TEM-003090,public/ui/items/ashwood_log.webp,Ui,IMAGE_TEXTURE,,,PENDING,,,,,,,FOUND_NEARBY,,
TEM-003091,public/ui/items/soulforged_warplate.webp,Ui,IMAGE_TEXTURE,,,PENDING,,,,,,,FOUND_NEARBY,,
TEM-003092,public/ui/items/herbed_marsh_pike.webp,Ui,IMAGE_TEXTURE,,,PENDING,,,,,,,FOUND_NEARBY,,
TEM-003093,public/ui/items/sunweave_treads.webp,Ui,IMAGE_TEXTURE,,,PENDING,,,,,,,FOUND_NEARBY,,
TEM-003094,public/ui/items/heroic_eelscale_leggings.webp,Ui,IMAGE_TEXTURE,,,PENDING,,,,,,,FOUND_NEARBY,,
TEM-003095,public/ui/items/heroic_wildgrowth_leggings.webp,Ui,IMAGE_TEXTURE,,,PENDING,,,,,,,FOUND_NEARBY,,
TEM-003096,public/ui/items/firebottle.webp,Ui,IMAGE_TEXTURE,,,PENDING,,,,,,,FOUND_NEARBY,,
TEM-003097,public/ui/items/meltwater_flask.webp,Ui,IMAGE_TEXTURE,,,PENDING,,,,,,,FOUND_NEARBY,,
TEM-003098,public/ui/items/sanctum_prowlers_grips.webp,Ui,IMAGE_TEXTURE,,,PENDING,,,,,,,FOUND_NEARBY,,
TEM-003099,public/ui/items/wickspun_treads.webp,Ui,IMAGE_TEXTURE,,,PENDING,,,,,,,FOUND_NEARBY,,
TEM-003100,public/ui/items/nighttalon_waistband.webp,Ui,IMAGE_TEXTURE,,,PENDING,,,,,,,FOUND_NEARBY,,
TEM-003101,public/ui/items/eastbrook_warded_leggings.webp,Ui,IMAGE_TEXTURE,,,PENDING,,,,,,,FOUND_NEARBY,,
TEM-003102,public/ui/items/stag_antler.webp,Ui,IMAGE_TEXTURE,,,PENDING,,,,,,,FOUND_NEARBY,,
TEM-003103,public/ui/items/heroic_selthes_seastriders.webp,Ui,IMAGE_TEXTURE,,,PENDING,,,,,,,FOUND_NEARBY,,
TEM-003104,public/ui/items/highwatch_wallshield.webp,Ui,IMAGE_TEXTURE,,,PENDING,,,,,,,FOUND_NEARBY,,
TEM-003105,public/ui/items/tidebound_spaulders.webp,Ui,IMAGE_TEXTURE,,,PENDING,,,,,,,FOUND_NEARBY,,
TEM-003106,public/ui/items/monument_north.webp,Ui,IMAGE_TEXTURE,,,PENDING,,,,,,,FOUND_NEARBY,,
TEM-003107,public/ui/items/hobnail_boots.webp,Ui,IMAGE_TEXTURE,,,PENDING,,,,,,,FOUND_NEARBY,,
TEM-003108,public/ui/items/trail_hardtack.webp,Ui,IMAGE_TEXTURE,,,PENDING,,,,,,,FOUND_NEARBY,,
TEM-003109,public/ui/items/stormbound_legmail.webp,Ui,IMAGE_TEXTURE,,,PENDING,,,,,,,FOUND_NEARBY,,
TEM-003110,public/ui/items/soft_down.webp,Ui,IMAGE_TEXTURE,,,PENDING,,,,,,,FOUND_NEARBY,,
TEM-003111,public/ui/items/ironbark_log.webp,Ui,IMAGE_TEXTURE,,,PENDING,,,,,,,FOUND_NEARBY,,
TEM-003112,public/ui/items/widow_silk_hood.webp,Ui,IMAGE_TEXTURE,,,PENDING,,,,,,,FOUND_NEARBY,,
TEM-003113,public/ui/items/thorium_mining_pick.webp,Ui,IMAGE_TEXTURE,,,PENDING,,,,,,,FOUND_NEARBY,,
TEM-003114,public/ui/items/emberforge_gauntlets.webp,Ui,IMAGE_TEXTURE,,,PENDING,,,,,,,FOUND_NEARBY,,
TEM-003115,public/ui/items/cragmaw_huntcord.webp,Ui,IMAGE_TEXTURE,,,PENDING,,,,,,,FOUND_NEARBY,,
TEM-003116,public/ui/items/briny_idol.webp,Ui,IMAGE_TEXTURE,,,PENDING,,,,,,,FOUND_NEARBY,,
TEM-003117,public/ui/items/elixir_of_the_boar.webp,Ui,IMAGE_TEXTURE,,,PENDING,,,,,,,FOUND_NEARBY,,
TEM-003118,public/ui/items/saltforged_grips.webp,Ui,IMAGE_TEXTURE,,,PENDING,,,,,,,FOUND_NEARBY,,
TEM-003119,public/ui/items/oath_of_the_round_table.webp,Ui,IMAGE_TEXTURE,,,PENDING,,,,,,,FOUND_NEARBY,,
TEM-003120,public/ui/items/goldleaf_herb.webp,Ui,IMAGE_TEXTURE,,,PENDING,,,,,,,FOUND_NEARBY,,
TEM-003121,public/ui/items/ashstalker_treads.webp,Ui,IMAGE_TEXTURE,,,PENDING,,,,,,,FOUND_NEARBY,,
TEM-003122,public/ui/items/abyssal_loop.webp,Ui,IMAGE_TEXTURE,,,PENDING,,,,,,,FOUND_NEARBY,,
TEM-003123,public/ui/items/moongate_rubbing.webp,Ui,IMAGE_TEXTURE,,,PENDING,,,,,,,FOUND_NEARBY,,
TEM-003124,public/ui/items/fine_thorium_ore.webp,Ui,IMAGE_TEXTURE,,,PENDING,,,,,,,FOUND_NEARBY,,
TEM-003125,public/ui/items/vineclaw_stalking_breeches.webp,Ui,IMAGE_TEXTURE,,,PENDING,,,,,,,FOUND_NEARBY,,
TEM-003126,public/ui/items/minor_healing_potion.webp,Ui,IMAGE_TEXTURE,,,PENDING,,,,,,,FOUND_NEARBY,,
TEM-003127,public/ui/items/reliquary_gloves_rog.webp,Ui,IMAGE_TEXTURE,,,PENDING,,,,,,,FOUND_NEARBY,,
TEM-003128,public/ui/items/monument_court.webp,Ui,IMAGE_TEXTURE,,,PENDING,,,,,,,FOUND_NEARBY,,
TEM-003129,public/ui/items/necromancers_soulsteps.webp,Ui,IMAGE_TEXTURE,,,PENDING,,,,,,,FOUND_NEARBY,,
TEM-003130,public/ui/items/hollowbone_hauberk.webp,Ui,IMAGE_TEXTURE,,,PENDING,,,,,,,FOUND_NEARBY,,
TEM-003131,public/ui/items/lunarward_cinch.webp,Ui,IMAGE_TEXTURE,,,PENDING,,,,,,,FOUND_NEARBY,,
TEM-003132,public/ui/items/shardsong_mantle.webp,Ui,IMAGE_TEXTURE,,,PENDING,,,,,,,FOUND_NEARBY,,
TEM-003133,public/ui/items/bonechill_striders.webp,Ui,IMAGE_TEXTURE,,,PENDING,,,,,,,FOUND_NEARBY,,
TEM-003134,public/ui/items/ashbone_war_brand.webp,Ui,IMAGE_TEXTURE,,,PENDING,,,,,,,FOUND_NEARBY,,
TEM-003135,public/ui/items/elder_bark.webp,Ui,IMAGE_TEXTURE,,,PENDING,,,,,,,FOUND_NEARBY,,
TEM-003136,public/ui/items/elderwood_log.webp,Ui,IMAGE_TEXTURE,,,PENDING,,,,,,,FOUND_NEARBY,,
TEM-003137,public/ui/items/amber_crimson_armor_plate.webp,Ui,IMAGE_TEXTURE,,,PENDING,,,,,,,FOUND_NEARBY,,
TEM-003138,public/ui/items/duskwisp_essence.webp,Ui,IMAGE_TEXTURE,,,PENDING,,,,,,,FOUND_NEARBY,,
TEM-003139,public/ui/items/eelscale_treads.webp,Ui,IMAGE_TEXTURE,,,PENDING,,,,,,,FOUND_NEARBY,,
TEM-003140,public/ui/items/conjured_bread.webp,Ui,IMAGE_TEXTURE,,,PENDING,,,,,,,FOUND_NEARBY,,
TEM-003141,public/ui/items/wayfarers_hood.webp,Ui,IMAGE_TEXTURE,,,PENDING,,,,,,,FOUND_NEARBY,,
TEM-003142,public/ui/items/bonelord_mantle.webp,Ui,IMAGE_TEXTURE,,,PENDING,,,,,,,FOUND_NEARBY,,
TEM-003143,public/ui/items/spring_water.webp,Ui,IMAGE_TEXTURE,,,PENDING,,,,,,,FOUND_NEARBY,,
TEM-003144,public/ui/items/stormbark_mantle.webp,Ui,IMAGE_TEXTURE,,,PENDING,,,,,,,FOUND_NEARBY,,
TEM-003145,public/ui/items/moonbark_vestments.webp,Ui,IMAGE_TEXTURE,,,PENDING,,,,,,,FOUND_NEARBY,,
TEM-003146,public/ui/items/grave_captain_voss.webp,Ui,IMAGE_TEXTURE,,,PENDING,,,,,,,FOUND_NEARBY,,
TEM-003147,public/ui/items/cinderweave_slippers.webp,Ui,IMAGE_TEXTURE,,,PENDING,,,,,,,FOUND_NEARBY,,
TEM-003148,public/ui/items/reins_valorsteed.webp,Ui,IMAGE_TEXTURE,,,PENDING,,,,,,,FOUND_NEARBY,,
TEM-003149,public/ui/items/bristlehide_spaulders.webp,Ui,IMAGE_TEXTURE,,,PENDING,,,,,,,FOUND_NEARBY,,
TEM-003150,public/ui/items/moonfleece_mitts.webp,Ui,IMAGE_TEXTURE,,,PENDING,,,,,,,FOUND_NEARBY,,
TEM-003151,public/ui/items/ogre_war_totem.webp,Ui,IMAGE_TEXTURE,,,PENDING,,,,,,,FOUND_NEARBY,,
TEM-003152,public/ui/items/iron_ore.webp,Ui,IMAGE_TEXTURE,,,PENDING,,,,,,,FOUND_NEARBY,,
TEM-003153,public/ui/items/last_step_signet.webp,Ui,IMAGE_TEXTURE,,,PENDING,,,,,,,FOUND_NEARBY,,
TEM-003154,public/ui/items/mirewarden_jerkin.webp,Ui,IMAGE_TEXTURE,,,PENDING,,,,,,,FOUND_NEARBY,,
TEM-003155,public/ui/items/soggy_moccasin.webp,Ui,IMAGE_TEXTURE,,,PENDING,,,,,,,FOUND_NEARBY,,
TEM-003156,public/ui/items/moonpale_scale.webp,Ui,IMAGE_TEXTURE,,,PENDING,,,,,,,FOUND_NEARBY,,
TEM-003157,public/ui/items/peaksong_helm.webp,Ui,IMAGE_TEXTURE,,,PENDING,,,,,,,FOUND_NEARBY,,
TEM-003158,public/ui/items/crownforged_gauntlets.webp,Ui,IMAGE_TEXTURE,,,PENDING,,,,,,,FOUND_NEARBY,,
TEM-003159,public/ui/items/pactbound_vestments.webp,Ui,IMAGE_TEXTURE,,,PENDING,,,,,,,FOUND_NEARBY,,
TEM-003160,public/ui/items/stormroot_cowl.webp,Ui,IMAGE_TEXTURE,,,PENDING,,,,,,,FOUND_NEARBY,,
TEM-003161,public/ui/items/lost_caravan_goods.webp,Ui,IMAGE_TEXTURE,,,PENDING,,,,,,,FOUND_NEARBY,,
TEM-003162,public/ui/items/gravewyrm_stalkers_treads.webp,Ui,IMAGE_TEXTURE,,,PENDING,,,,,,,FOUND_NEARBY,,
TEM-003163,public/ui/items/siltstep_leggings.webp,Ui,IMAGE_TEXTURE,,,PENDING,,,,,,,FOUND_NEARBY,,
TEM-003164,public/ui/items/chipped_tusk.webp,Ui,IMAGE_TEXTURE,,,PENDING,,,,,,,FOUND_NEARBY,,
TEM-003165,public/ui/items/ashstalker_cowl.webp,Ui,IMAGE_TEXTURE,,,PENDING,,,,,,,FOUND_NEARBY,,
TEM-003166,public/ui/items/emberwing_legguards.webp,Ui,IMAGE_TEXTURE,,,PENDING,,,,,,,FOUND_NEARBY,,
TEM-003167,public/ui/items/arcane_shard.webp,Ui,IMAGE_TEXTURE,,,PENDING,,,,,,,FOUND_NEARBY,,
TEM-003168,public/ui/items/cooking_salt.webp,Ui,IMAGE_TEXTURE,,,PENDING,,,,,,,FOUND_NEARBY,,
TEM-003169,public/ui/items/fine_ashwood_log.webp,Ui,IMAGE_TEXTURE,,,PENDING,,,,,,,FOUND_NEARBY,,
TEM-003170,public/ui/items/fine_copper_ore.webp,Ui,IMAGE_TEXTURE,,,PENDING,,,,,,,FOUND_NEARBY,,
TEM-003171,public/ui/items/riding_training.webp,Ui,IMAGE_TEXTURE,,,PENDING,,,,,,,FOUND_NEARBY,,
TEM-003172,public/ui/items/bridgemere_toll_chest.webp,Ui,IMAGE_TEXTURE,,,PENDING,,,,,,,FOUND_NEARBY,,
TEM-003173,public/ui/items/heroic_deathlords_dread_visage.webp,Ui,IMAGE_TEXTURE,,,PENDING,,,,,,,FOUND_NEARBY,,
TEM-003174,public/ui/items/travelers_knapsack.webp,Ui,IMAGE_TEXTURE,,,PENDING,,,,,,,FOUND_NEARBY,,
TEM-003175,public/ui/items/sanctum_key_shard.webp,Ui,IMAGE_TEXTURE,,,PENDING,,,,,,,FOUND_NEARBY,,
TEM-003176,public/ui/items/deathlord_legguards.webp,Ui,IMAGE_TEXTURE,,,PENDING,,,,,,,FOUND_NEARBY,,
TEM-003177,public/ui/items/captains_crest.webp,Ui,IMAGE_TEXTURE,,,PENDING,,,,,,,FOUND_NEARBY,,
TEM-003178,public/ui/items/wisp_mote.webp,Ui,IMAGE_TEXTURE,,,PENDING,,,,,,,FOUND_NEARBY,,
TEM-003179,public/ui/items/arcanite_bar.webp,Ui,IMAGE_TEXTURE,,,PENDING,,,,,,,FOUND_NEARBY,,
TEM-003180,public/ui/items/gravewalker_softboots.webp,Ui,IMAGE_TEXTURE,,,PENDING,,,,,,,FOUND_NEARBY,,
TEM-003181,public/ui/items/riftbound_band_of_insight.webp,Ui,IMAGE_TEXTURE,,,PENDING,,,,,,,FOUND_NEARBY,,
TEM-003182,public/ui/items/sableweb_slippers.webp,Ui,IMAGE_TEXTURE,,,PENDING,,,,,,,FOUND_NEARBY,,
TEM-003183,public/ui/items/royal_seal.webp,Ui,IMAGE_TEXTURE,,,PENDING,,,,,,,FOUND_NEARBY,,
TEM-003184,public/ui/items/architects_cornerstone.webp,Ui,IMAGE_TEXTURE,,,PENDING,,,,,,,FOUND_NEARBY,,
TEM-003185,public/ui/items/ashstalker_grips.webp,Ui,IMAGE_TEXTURE,,,PENDING,,,,,,,FOUND_NEARBY,,
TEM-003186,public/ui/items/old_cragmaws_pelt.webp,Ui,IMAGE_TEXTURE,,,PENDING,,,,,,,FOUND_NEARBY,,
TEM-003187,public/ui/items/evergarden_bloom_clipping.webp,Ui,IMAGE_TEXTURE,,,PENDING,,,,,,,FOUND_NEARBY,,
TEM-003188,public/ui/items/cinderweave_cord.webp,Ui,IMAGE_TEXTURE,,,PENDING,,,,,,,FOUND_NEARBY,,
TEM-003189,public/ui/items/boneplate_vest.webp,Ui,IMAGE_TEXTURE,,,PENDING,,,,,,,FOUND_NEARBY,,
TEM-003190,public/ui/items/reliquary_shoulder.webp,Ui,IMAGE_TEXTURE,,,PENDING,,,,,,,FOUND_NEARBY,,
TEM-003191,public/ui/items/wardplate_cuirass.webp,Ui,IMAGE_TEXTURE,,,PENDING,,,,,,,FOUND_NEARBY,,
TEM-003192,public/ui/items/thoriumscale_cuirass.webp,Ui,IMAGE_TEXTURE,,,PENDING,,,,,,,FOUND_NEARBY,,
TEM-003193,public/ui/items/litany_cloth_chest.webp,Ui,IMAGE_TEXTURE,,,PENDING,,,,,,,FOUND_NEARBY,,
TEM-003194,public/ui/items/reedstalker_jerkin.webp,Ui,IMAGE_TEXTURE,,,PENDING,,,,,,,FOUND_NEARBY,,
TEM-003195,public/ui/items/last_keep_signet.webp,Ui,IMAGE_TEXTURE,,,PENDING,,,,,,,FOUND_NEARBY,,
TEM-003196,public/ui/items/eastbrook_buckler.webp,Ui,IMAGE_TEXTURE,,,PENDING,,,,,,,FOUND_NEARBY,,
TEM-003197,public/ui/items/reliquary_leather_chest.webp,Ui,IMAGE_TEXTURE,,,PENDING,,,,,,,FOUND_NEARBY,,
TEM-003198,public/ui/items/smithing_flux.webp,Ui,IMAGE_TEXTURE,,,PENDING,,,,,,,FOUND_NEARBY,,
TEM-003199,public/ui/items/heroic_mark.webp,Ui,IMAGE_TEXTURE,,,PENDING,,,,,,,FOUND_NEARBY,,
TEM-003200,public/ui/items/wyrmshadow_treads.webp,Ui,IMAGE_TEXTURE,,,PENDING,,,,,,,FOUND_NEARBY,,
TEM-003201,public/ui/items/iron_vow_band.webp,Ui,IMAGE_TEXTURE,,,PENDING,,,,,,,FOUND_NEARBY,,
TEM-003202,public/ui/items/gullhaven_watchbell.webp,Ui,IMAGE_TEXTURE,,,PENDING,,,,,,,FOUND_NEARBY,,
TEM-003203,public/ui/items/rift_gem_crimson.webp,Ui,IMAGE_TEXTURE,,,PENDING,,,,,,,FOUND_NEARBY,,
TEM-003204,public/ui/items/mithril_mining_pick.webp,Ui,IMAGE_TEXTURE,,,PENDING,,,,,,,FOUND_NEARBY,,
TEM-003205,public/ui/items/verdant_walkers.webp,Ui,IMAGE_TEXTURE,,,PENDING,,,,,,,FOUND_NEARBY,,
TEM-003206,public/ui/items/marshstalker_hood.webp,Ui,IMAGE_TEXTURE,,,PENDING,,,,,,,FOUND_NEARBY,,
TEM-003207,public/ui/items/heroic_verdant_walkers.webp,Ui,IMAGE_TEXTURE,,,PENDING,,,,,,,FOUND_NEARBY,,
TEM-003208,public/ui/items/gravewyrm_mantle.webp,Ui,IMAGE_TEXTURE,,,PENDING,,,,,,,FOUND_NEARBY,,
TEM-003209,public/ui/items/orange_steel_armor_plate.webp,Ui,IMAGE_TEXTURE,,,PENDING,,,,,,,FOUND_NEARBY,,
TEM-003210,public/ui/items/vigil_star_chart.webp,Ui,IMAGE_TEXTURE,,,PENDING,,,,,,,FOUND_NEARBY,,
TEM-003211,public/ui/items/crownforged_warspaulders.webp,Ui,IMAGE_TEXTURE,,,PENDING,,,,,,,FOUND_NEARBY,,
TEM-003212,public/ui/items/wolf_fang.webp,Ui,IMAGE_TEXTURE,,,PENDING,,,,,,,FOUND_NEARBY,,
TEM-003213,public/ui/items/wisplight_globe.webp,Ui,IMAGE_TEXTURE,,,PENDING,,,,,,,FOUND_NEARBY,,
TEM-003214,public/ui/items/cinderweave_raiment.webp,Ui,IMAGE_TEXTURE,,,PENDING,,,,,,,FOUND_NEARBY,,
TEM-003215,public/ui/items/mirewarden_leggings.webp,Ui,IMAGE_TEXTURE,,,PENDING,,,,,,,FOUND_NEARBY,,
TEM-003216,public/ui/items/fine_iron_ore.webp,Ui,IMAGE_TEXTURE,,,PENDING,,,,,,,FOUND_NEARBY,,
TEM-003217,public/ui/items/marshstalker_spaulders.webp,Ui,IMAGE_TEXTURE,,,PENDING,,,,,,,FOUND_NEARBY,,
TEM-003218,public/ui/items/sunken_idol_mantle.webp,Ui,IMAGE_TEXTURE,,,PENDING,,,,,,,FOUND_NEARBY,,
TEM-003219,public/ui/items/marlows_grand_roast.webp,Ui,IMAGE_TEXTURE,,,PENDING,,,,,,,FOUND_NEARBY,,
TEM-003220,public/ui/items/wardweave_cowl.webp,Ui,IMAGE_TEXTURE,,,PENDING,,,,,,,FOUND_NEARBY,,
TEM-003221,public/ui/items/wyrmwatch_warning_banner.webp,Ui,IMAGE_TEXTURE,,,PENDING,,,,,,,FOUND_NEARBY,,
TEM-003222,public/ui/items/steel_orange_armor_plate.webp,Ui,IMAGE_TEXTURE,,,PENDING,,,,,,,FOUND_NEARBY,,
TEM-003223,public/ui/items/deathlord_warplate.webp,Ui,IMAGE_TEXTURE,,,PENDING,,,,,,,FOUND_NEARBY,,
TEM-003224,public/ui/items/wyrmshadow_legguards.webp,Ui,IMAGE_TEXTURE,,,PENDING,,,,,,,FOUND_NEARBY,,
TEM-003225,public/ui/items/stormbound_handguards.webp,Ui,IMAGE_TEXTURE,,,PENDING,,,,,,,FOUND_NEARBY,,
TEM-003226,public/ui/items/bogiron_hauberk.webp,Ui,IMAGE_TEXTURE,,,PENDING,,,,,,,FOUND_NEARBY,,
TEM-003227,public/ui/items/moonshroud_breastplate.webp,Ui,IMAGE_TEXTURE,,,PENDING,,,,,,,FOUND_NEARBY,,
TEM-003228,public/ui/items/spool_of_thread.webp,Ui,IMAGE_TEXTURE,,,PENDING,,,,,,,FOUND_NEARBY,,
TEM-003229,public/ui/items/zense_meridian.webp,Ui,IMAGE_TEXTURE,,,PENDING,,,,,,,FOUND_NEARBY,,
TEM-003230,public/ui/items/morthens_cryptforged_hauberk.webp,Ui,IMAGE_TEXTURE,,,PENDING,,,,,,,FOUND_NEARBY,,
TEM-003231,public/ui/items/wildgrove_cinch.webp,Ui,IMAGE_TEXTURE,,,PENDING,,,,,,,FOUND_NEARBY,,
TEM-003232,public/ui/items/stormshard_leggings.webp,Ui,IMAGE_TEXTURE,,,PENDING,,,,,,,FOUND_NEARBY,,
TEM-003233,public/ui/items/graskbreaker_girdle.webp,Ui,IMAGE_TEXTURE,,,PENDING,,,,,,,FOUND_NEARBY,,
TEM-003234,public/ui/items/morthen_grimoire.webp,Ui,IMAGE_TEXTURE,,,PENDING,,,,,,,FOUND_NEARBY,,
TEM-003235,public/ui/items/goldleaf_game_stew.webp,Ui,IMAGE_TEXTURE,,,PENDING,,,,,,,FOUND_NEARBY,,
TEM-003236,public/ui/items/valefire_lantern.webp,Ui,IMAGE_TEXTURE,,,PENDING,,,,,,,FOUND_NEARBY,,
TEM-003237,public/ui/items/drowned_prayer_sandals.webp,Ui,IMAGE_TEXTURE,,,PENDING,,,,,,,FOUND_NEARBY,,
TEM-003238,public/ui/items/reins_grag_bear.webp,Ui,IMAGE_TEXTURE,,,PENDING,,,,,,,FOUND_NEARBY,,
TEM-003239,public/ui/items/sootscale_mantle.webp,Ui,IMAGE_TEXTURE,,,PENDING,,,,,,,FOUND_NEARBY,,
TEM-003240,public/ui/items/shearkeeper_gloves.webp,Ui,IMAGE_TEXTURE,,,PENDING,,,,,,,FOUND_NEARBY,,
TEM-003241,public/ui/items/pale_pearl.webp,Ui,IMAGE_TEXTURE,,,PENDING,,,,,,,FOUND_NEARBY,,
TEM-003242,public/ui/items/coppermail_sabatons.webp,Ui,IMAGE_TEXTURE,,,PENDING,,,,,,,FOUND_NEARBY,,
TEM-003243,public/ui/items/blessed_embers.webp,Ui,IMAGE_TEXTURE,,,PENDING,,,,,,,FOUND_NEARBY,,
TEM-003244,public/ui/items/widow_venom_sac.webp,Ui,IMAGE_TEXTURE,,,PENDING,,,,,,,FOUND_NEARBY,,
TEM-003245,public/ui/items/mosshide_vest.webp,Ui,IMAGE_TEXTURE,,,PENDING,,,,,,,FOUND_NEARBY,,
TEM-003246,public/ui/items/voidscar_handwraps.webp,Ui,IMAGE_TEXTURE,,,PENDING,,,,,,,FOUND_NEARBY,,
TEM-003247,public/ui/items/heroic_crownforged_dreadhelm.webp,Ui,IMAGE_TEXTURE,,,PENDING,,,,,,,FOUND_NEARBY,,
TEM-003248,public/ui/items/furyforged_warspaulders.webp,Ui,IMAGE_TEXTURE,,,PENDING,,,,,,,FOUND_NEARBY,,
TEM-003249,public/ui/items/mirewarden_treads.webp,Ui,IMAGE_TEXTURE,,,PENDING,,,,,,,FOUND_NEARBY,,
TEM-003250,public/ui/items/acolyte_chain_grips.webp,Ui,IMAGE_TEXTURE,,,PENDING,,,,,,,FOUND_NEARBY,,
TEM-003251,public/ui/items/boneguard_breastplate.webp,Ui,IMAGE_TEXTURE,,,PENDING,,,,,,,FOUND_NEARBY,,
TEM-003252,public/ui/items/game_meat.webp,Ui,IMAGE_TEXTURE,,,PENDING,,,,,,,FOUND_NEARBY,,
TEM-003253,public/ui/items/gravewyrm_scale_hauberk.webp,Ui,IMAGE_TEXTURE,,,PENDING,,,,,,,FOUND_NEARBY,,
TEM-003254,public/ui/items/reins_thunderstrut_gobbler.webp,Ui,IMAGE_TEXTURE,,,PENDING,,,,,,,FOUND_NEARBY,,
TEM-003255,public/ui/items/deepfen_pearl.webp,Ui,IMAGE_TEXTURE,,,PENDING,,,,,,,FOUND_NEARBY,,
TEM-003256,public/ui/items/tideguard_greaves.webp,Ui,IMAGE_TEXTURE,,,PENDING,,,,,,,FOUND_NEARBY,,
TEM-003257,public/ui/items/cryptbone_helm.webp,Ui,IMAGE_TEXTURE,,,PENDING,,,,,,,FOUND_NEARBY,,
TEM-003258,public/ui/items/stormchant_gauntlets.webp,Ui,IMAGE_TEXTURE,,,PENDING,,,,,,,FOUND_NEARBY,,
TEM-003259,public/ui/items/venomfire_elixir.webp,Ui,IMAGE_TEXTURE,,,PENDING,,,,,,,FOUND_NEARBY,,
TEM-003260,public/ui/items/coppermail_gauntlets.webp,Ui,IMAGE_TEXTURE,,,PENDING,,,,,,,FOUND_NEARBY,,
TEM-003261,public/ui/items/tidewoven_trousers.webp,Ui,IMAGE_TEXTURE,,,PENDING,,,,,,,FOUND_NEARBY,,
TEM-003262,public/ui/items/votive_chain_belt.webp,Ui,IMAGE_TEXTURE,,,PENDING,,,,,,,FOUND_NEARBY,,
TEM-003263,public/ui/items/silverleaf_mana_draught.webp,Ui,IMAGE_TEXTURE,,,PENDING,,,,,,,FOUND_NEARBY,,
TEM-003264,public/ui/items/shadowpulse_slippers.webp,Ui,IMAGE_TEXTURE,,,PENDING,,,,,,,FOUND_NEARBY,,
TEM-003265,public/ui/items/crypt_ritual_circle.webp,Ui,IMAGE_TEXTURE,,,PENDING,,,,,,,FOUND_NEARBY,,
TEM-003266,public/ui/items/saltwalker_sandals.webp,Ui,IMAGE_TEXTURE,,,PENDING,,,,,,,FOUND_NEARBY,,
TEM-003267,public/ui/items/glass_vial.webp,Ui,IMAGE_TEXTURE,,,PENDING,,,,,,,FOUND_NEARBY,,
TEM-003268,public/ui/items/glimmerfin_koi.webp,Ui,IMAGE_TEXTURE,,,PENDING,,,,,,,FOUND_NEARBY,,
TEM-003269,public/ui/items/drownedguard_breastplate.webp,Ui,IMAGE_TEXTURE,,,PENDING,,,,,,,FOUND_NEARBY,,
TEM-003270,public/ui/items/cragprowl_belt.webp,Ui,IMAGE_TEXTURE,,,PENDING,,,,,,,FOUND_NEARBY,,
TEM-003271,public/ui/items/marshlight_hauberk.webp,Ui,IMAGE_TEXTURE,,,PENDING,,,,,,,FOUND_NEARBY,,
TEM-003272,public/ui/items/silk_sash.webp,Ui,IMAGE_TEXTURE,,,PENDING,,,,,,,FOUND_NEARBY,,
TEM-003273,public/ui/items/heroic_nighttalon_crown.webp,Ui,IMAGE_TEXTURE,,,PENDING,,,,,,,FOUND_NEARBY,,
TEM-003274,public/ui/items/fine_ironbark_log.webp,Ui,IMAGE_TEXTURE,,,PENDING,,,,,,,FOUND_NEARBY,,
TEM-003275,public/ui/items/resonant_steel.webp,Ui,IMAGE_TEXTURE,,,PENDING,,,,,,,FOUND_NEARBY,,
TEM-003276,public/ui/items/ashstalker_legguards.webp,Ui,IMAGE_TEXTURE,,,PENDING,,,,,,,FOUND_NEARBY,,
TEM-003277,public/ui/items/resonant_hide.webp,Ui,IMAGE_TEXTURE,,,PENDING,,,,,,,FOUND_NEARBY,,
TEM-003278,public/ui/items/riveted_copper_girdle.webp,Ui,IMAGE_TEXTURE,,,PENDING,,,,,,,FOUND_NEARBY,,
TEM-003279,public/ui/items/lesser_healing_potion.webp,Ui,IMAGE_TEXTURE,,,PENDING,,,,,,,FOUND_NEARBY,,
TEM-003280,public/ui/items/silkbound_remains.webp,Ui,IMAGE_TEXTURE,,,PENDING,,,,,,,FOUND_NEARBY,,
TEM-003281,public/ui/items/moonfleece_tuft.webp,Ui,IMAGE_TEXTURE,,,PENDING,,,,,,,FOUND_NEARBY,,
TEM-003282,public/ui/items/highwatch_summons.webp,Ui,IMAGE_TEXTURE,,,PENDING,,,,,,,FOUND_NEARBY,,
TEM-003283,public/ui/items/resonant_thread.webp,Ui,IMAGE_TEXTURE,,,PENDING,,,,,,,FOUND_NEARBY,,
TEM-003284,public/ui/items/spider_silk.webp,Ui,IMAGE_TEXTURE,,,PENDING,,,,,,,FOUND_NEARBY,,
TEM-003285,public/ui/items/cryptstalker_jerkin.webp,Ui,IMAGE_TEXTURE,,,PENDING,,,,,,,FOUND_NEARBY,,
TEM-003286,public/ui/items/cyan_magenta_armor_plate.webp,Ui,IMAGE_TEXTURE,,,PENDING,,,,,,,FOUND_NEARBY,,
TEM-003287,public/ui/items/stormbound_spaulders.webp,Ui,IMAGE_TEXTURE,,,PENDING,,,,,,,FOUND_NEARBY,,
TEM-003288,public/ui/items/apprentice_robe.webp,Ui,IMAGE_TEXTURE,,,PENDING,,,,,,,FOUND_NEARBY,,
TEM-003289,public/ui/items/mana_potion.webp,Ui,IMAGE_TEXTURE,,,PENDING,,,,,,,FOUND_NEARBY,,
TEM-003290,public/ui/items/ironlink_hauberk.webp,Ui,IMAGE_TEXTURE,,,PENDING,,,,,,,FOUND_NEARBY,,
TEM-003291,public/ui/items/eastbrook_chain_vest.webp,Ui,IMAGE_TEXTURE,,,PENDING,,,,,,,FOUND_NEARBY,,
TEM-003292,public/ui/items/farshore_salt_moss.webp,Ui,IMAGE_TEXTURE,,,PENDING,,,,,,,FOUND_NEARBY,,
TEM-003293,public/ui/chrome/social.webp,Ui,IMAGE_TEXTURE,,,PENDING,,,,,,,FOUND_NEARBY,,
TEM-003294,public/ui/chrome/map.webp,Ui,IMAGE_TEXTURE,,,PENDING,,,,,,,FOUND_NEARBY,,
TEM-003295,public/ui/chrome/dfinder.webp,Ui,IMAGE_TEXTURE,,,PENDING,,,,,,,FOUND_NEARBY,,
TEM-003296,public/ui/chrome/emote.webp,Ui,IMAGE_TEXTURE,,,PENDING,,,,,,,FOUND_NEARBY,,
TEM-003297,public/ui/chrome/questlog.webp,Ui,IMAGE_TEXTURE,,,PENDING,,,,,,,FOUND_NEARBY,,
TEM-003298,public/ui/chrome/leaderboard.webp,Ui,IMAGE_TEXTURE,,,PENDING,,,,,,,FOUND_NEARBY,,
TEM-003299,public/ui/chrome/spellbook.webp,Ui,IMAGE_TEXTURE,,,PENDING,,,,,,,FOUND_NEARBY,,
TEM-003300,public/ui/chrome/character.webp,Ui,IMAGE_TEXTURE,,,PENDING,,,,,,,FOUND_NEARBY,,
TEM-003301,public/ui/chrome/cards.webp,Ui,IMAGE_TEXTURE,,,PENDING,,,,,,,FOUND_NEARBY,,
TEM-003302,public/ui/chrome/crafting.webp,Ui,IMAGE_TEXTURE,,,PENDING,,,,,,,FOUND_NEARBY,,
TEM-003303,public/ui/chrome/ball.webp,Ui,IMAGE_TEXTURE,,,PENDING,,,,,,,FOUND_NEARBY,,
TEM-003304,public/ui/chrome/arena.webp,Ui,IMAGE_TEXTURE,,,PENDING,,,,,,,FOUND_NEARBY,,
TEM-003305,public/ui/chrome/donate.webp,Ui,IMAGE_TEXTURE,,,PENDING,,,,,,,FOUND_NEARBY,,
TEM-003306,public/ui/chrome/bags.webp,Ui,IMAGE_TEXTURE,,,PENDING,,,,,,,FOUND_NEARBY,,
TEM-003307,public/ui/chrome/chest.webp,Ui,IMAGE_TEXTURE,,,PENDING,,,,,,,FOUND_NEARBY,,
TEM-003308,public/ui/chrome/professions.webp,Ui,IMAGE_TEXTURE,,,PENDING,,,,,,,FOUND_NEARBY,,
TEM-003309,public/ui/chrome/talents.webp,Ui,IMAGE_TEXTURE,,,PENDING,,,,,,,FOUND_NEARBY,,
TEM-003310,public/ui/chrome/book.webp,Ui,IMAGE_TEXTURE,,,PENDING,,,,,,,FOUND_NEARBY,,
TEM-003311,public/ui/mobs/deepfen_spearjaw.webp,Ui,IMAGE_TEXTURE,,,PENDING,,,,,,,FOUND_NEARBY,,
TEM-003312,public/ui/mobs/rift_venom_weaver.webp,Ui,IMAGE_TEXTURE,,,PENDING,,,,,,,FOUND_NEARBY,,
TEM-003313,public/ui/mobs/wildheart_stalker.webp,Ui,IMAGE_TEXTURE,,,PENDING,,,,,,,FOUND_NEARBY,,
TEM-003314,public/ui/mobs/nightkin_stargazer.webp,Ui,IMAGE_TEXTURE,,,PENDING,,,,,,,FOUND_NEARBY,,
TEM-003315,public/ui/mobs/rift_bonewalker.webp,Ui,IMAGE_TEXTURE,,,PENDING,,,,,,,FOUND_NEARBY,,
TEM-003316,public/ui/mobs/wraithbinder_maldrec.webp,Ui,IMAGE_TEXTURE,,,PENDING,,,,,,,FOUND_NEARBY,,
TEM-003317,public/ui/mobs/hollow_acolyte.webp,Ui,IMAGE_TEXTURE,,,PENDING,,,,,,,FOUND_NEARBY,,
TEM-003318,public/ui/mobs/vision_aldren_warrior.webp,Ui,IMAGE_TEXTURE,,,PENDING,,,,,,,FOUND_NEARBY,,
TEM-003319,public/ui/mobs/pale_choir_acolyte.webp,Ui,IMAGE_TEXTURE,,,PENDING,,,,,,,FOUND_NEARBY,,
TEM-003320,public/ui/mobs/sundered_horror.webp,Ui,IMAGE_TEXTURE,,,PENDING,,,,,,,FOUND_NEARBY,,
TEM-003321,public/ui/mobs/bound_guardian.webp,Ui,IMAGE_TEXTURE,,,PENDING,,,,,,,FOUND_NEARBY,,
TEM-003322,public/ui/mobs/gravecaller_summoner.webp,Ui,IMAGE_TEXTURE,,,PENDING,,,,,,,FOUND_NEARBY,,
TEM-003323,public/ui/mobs/treant_elder.webp,Ui,IMAGE_TEXTURE,,,PENDING,,,,,,,FOUND_NEARBY,,
TEM-003324,public/ui/mobs/mire_prowler.webp,Ui,IMAGE_TEXTURE,,,PENDING,,,,,,,FOUND_NEARBY,,
TEM-003325,public/ui/mobs/veiled_stag.webp,Ui,IMAGE_TEXTURE,,,PENDING,,,,,,,FOUND_NEARBY,,
TEM-003326,public/ui/mobs/mere_lurker.webp,Ui,IMAGE_TEXTURE,,,PENDING,,,,,,,FOUND_NEARBY,,
TEM-003327,public/ui/mobs/brakka_wallbreaker.webp,Ui,IMAGE_TEXTURE,,,PENDING,,,,,,,FOUND_NEARBY,,
TEM-003328,public/ui/mobs/corrupted_sporeling.webp,Ui,IMAGE_TEXTURE,,,PENDING,,,,,,,FOUND_NEARBY,,
TEM-003329,public/ui/mobs/tidebound_acolyte.webp,Ui,IMAGE_TEXTURE,,,PENDING,,,,,,,FOUND_NEARBY,,
TEM-003330,public/ui/mobs/deacon_voss.webp,Ui,IMAGE_TEXTURE,,,PENDING,,,,,,,FOUND_NEARBY,,
TEM-003331,public/ui/mobs/lily_wisp.webp,Ui,IMAGE_TEXTURE,,,PENDING,,,,,,,FOUND_NEARBY,,
TEM-003332,public/ui/mobs/sloomtooth_the_drowned.webp,Ui,IMAGE_TEXTURE,,,PENDING,,,,,,,FOUND_NEARBY,,
TEM-003333,public/ui/mobs/drakemaw_broodlord.webp,Ui,IMAGE_TEXTURE,,,PENDING,,,,,,,FOUND_NEARBY,,
TEM-003334,public/ui/mobs/threnos_first_voice.webp,Ui,IMAGE_TEXTURE,,,PENDING,,,,,,,FOUND_NEARBY,,
TEM-003335,public/ui/mobs/dragonkin_egg.webp,Ui,IMAGE_TEXTURE,,,PENDING,,,,,,,FOUND_NEARBY,,
TEM-003336,public/ui/mobs/riftspawn.webp,Ui,IMAGE_TEXTURE,,,PENDING,,,,,,,FOUND_NEARBY,,
TEM-003337,public/ui/mobs/bonechill_widow.webp,Ui,IMAGE_TEXTURE,,,PENDING,,,,,,,FOUND_NEARBY,,
TEM-003338,public/ui/mobs/ashbone_warcaller.webp,Ui,IMAGE_TEXTURE,,,PENDING,,,,,,,FOUND_NEARBY,,
TEM-003339,public/ui/mobs/choirmother_selthe.webp,Ui,IMAGE_TEXTURE,,,PENDING,,,,,,,FOUND_NEARBY,,
TEM-003340,public/ui/mobs/thunzharr_stormling.webp,Ui,IMAGE_TEXTURE,,,PENDING,,,,,,,FOUND_NEARBY,,
TEM-003341,public/ui/mobs/dune_troll.webp,Ui,IMAGE_TEXTURE,,,PENDING,,,,,,,FOUND_NEARBY,,
TEM-003342,public/ui/mobs/apprentice_wren.webp,Ui,IMAGE_TEXTURE,,,PENDING,,,,,,,FOUND_NEARBY,,
TEM-003343,public/ui/mobs/vale_cup_ball.webp,Ui,IMAGE_TEXTURE,,,PENDING,,,,,,,FOUND_NEARBY,,
TEM-003344,public/ui/mobs/emberkin.webp,Ui,IMAGE_TEXTURE,,,PENDING,,,,,,,FOUND_NEARBY,,
TEM-003345,public/ui/mobs/choir_thrall.webp,Ui,IMAGE_TEXTURE,,,PENDING,,,,,,,FOUND_NEARBY,,
TEM-003346,public/ui/mobs/drowned_warlord.webp,Ui,IMAGE_TEXTURE,,,PENDING,,,,,,,FOUND_NEARBY,,
TEM-003347,public/ui/mobs/idol_guardian.webp,Ui,IMAGE_TEXTURE,,,PENDING,,,,,,,FOUND_NEARBY,,
TEM-003348,public/ui/mobs/dragonkin_broodguard.webp,Ui,IMAGE_TEXTURE,,,PENDING,,,,,,,FOUND_NEARBY,,
TEM-003349,public/ui/mobs/spellhound.webp,Ui,IMAGE_TEXTURE,,,PENDING,,,,,,,FOUND_NEARBY,,
TEM-003350,public/ui/mobs/gravecaller_cultist.webp,Ui,IMAGE_TEXTURE,,,PENDING,,,,,,,FOUND_NEARBY,,
TEM-003351,public/ui/mobs/wraithborn.webp,Ui,IMAGE_TEXTURE,,,PENDING,,,,,,,FOUND_NEARBY,,
TEM-003352,public/ui/mobs/rift_boss_ember.webp,Ui,IMAGE_TEXTURE,,,PENDING,,,,,,,FOUND_NEARBY,,
TEM-003353,public/ui/mobs/shardlord_kazzix.webp,Ui,IMAGE_TEXTURE,,,PENDING,,,,,,,FOUND_NEARBY,,
TEM-003354,public/ui/mobs/harvest_sprite.webp,Ui,IMAGE_TEXTURE,,,PENDING,,,,,,,FOUND_NEARBY,,
TEM-003355,public/ui/mobs/waking_warden.webp,Ui,IMAGE_TEXTURE,,,PENDING,,,,,,,FOUND_NEARBY,,
TEM-003356,public/ui/mobs/stable_horse.webp,Ui,IMAGE_TEXTURE,,,PENDING,,,,,,,FOUND_NEARBY,,
TEM-003357,public/ui/mobs/fen_sprite.webp,Ui,IMAGE_TEXTURE,,,PENDING,,,,,,,FOUND_NEARBY,,
TEM-003358,public/ui/mobs/canopy_weaver.webp,Ui,IMAGE_TEXTURE,,,PENDING,,,,,,,FOUND_NEARBY,,
TEM-003359,public/ui/mobs/grand_necromancer_velkhar.webp,Ui,IMAGE_TEXTURE,,,PENDING,,,,,,,FOUND_NEARBY,,
TEM-003360,public/ui/mobs/korzul_the_gravewyrm.webp,Ui,IMAGE_TEXTURE,,,PENDING,,,,,,,FOUND_NEARBY,,
TEM-003361,public/ui/mobs/varkas_boneguard.webp,Ui,IMAGE_TEXTURE,,,PENDING,,,,,,,FOUND_NEARBY,,
TEM-003362,public/ui/mobs/reedbound_acolyte.webp,Ui,IMAGE_TEXTURE,,,PENDING,,,,,,,FOUND_NEARBY,,
TEM-003363,public/ui/mobs/rift_rime_elemental.webp,Ui,IMAGE_TEXTURE,,,PENDING,,,,,,,FOUND_NEARBY,,
TEM-003364,public/ui/mobs/wreck_thief.webp,Ui,IMAGE_TEXTURE,,,PENDING,,,,,,,FOUND_NEARBY,,
TEM-003365,public/ui/mobs/gravecaller_mender.webp,Ui,IMAGE_TEXTURE,,,PENDING,,,,,,,FOUND_NEARBY,,
TEM-003366,public/ui/mobs/gorrak.webp,Ui,IMAGE_TEXTURE,,,PENDING,,,,,,,FOUND_NEARBY,,
TEM-003367,public/ui/mobs/rift_stone_ogre.webp,Ui,IMAGE_TEXTURE,,,PENDING,,,,,,,FOUND_NEARBY,,
TEM-003368,public/ui/mobs/vale_bandit.webp,Ui,IMAGE_TEXTURE,,,PENDING,,,,,,,FOUND_NEARBY,,
TEM-003369,public/ui/mobs/bog_bloat.webp,Ui,IMAGE_TEXTURE,,,PENDING,,,,,,,FOUND_NEARBY,,
TEM-003370,public/ui/mobs/nythraxis_heroic_rogue_add.webp,Ui,IMAGE_TEXTURE,,,PENDING,,,,,,,FOUND_NEARBY,,
TEM-003371,public/ui/mobs/grave_silt_bulwark.webp,Ui,IMAGE_TEXTURE,,,PENDING,,,,,,,FOUND_NEARBY,,
TEM-003372,public/ui/mobs/widow_hatchling.webp,Ui,IMAGE_TEXTURE,,,PENDING,,,,,,,FOUND_NEARBY,,
TEM-003373,public/ui/mobs/the_wreck_warden.webp,Ui,IMAGE_TEXTURE,,,PENDING,,,,,,,FOUND_NEARBY,,
TEM-003374,public/ui/mobs/mogger.webp,Ui,IMAGE_TEXTURE,,,PENDING,,,,,,,FOUND_NEARBY,,
TEM-003375,public/ui/mobs/rift_thornback.webp,Ui,IMAGE_TEXTURE,,,PENDING,,,,,,,FOUND_NEARBY,,
TEM-003376,public/ui/mobs/sexton_marrow.webp,Ui,IMAGE_TEXTURE,,,PENDING,,,,,,,FOUND_NEARBY,,
TEM-003377,public/ui/mobs/rift_pact_acolyte.webp,Ui,IMAGE_TEXTURE,,,PENDING,,,,,,,FOUND_NEARBY,,
TEM-003378,public/ui/mobs/webwood_spider.webp,Ui,IMAGE_TEXTURE,,,PENDING,,,,,,,FOUND_NEARBY,,
TEM-003379,public/ui/mobs/the_topiary_bull.webp,Ui,IMAGE_TEXTURE,,,PENDING,,,,,,,FOUND_NEARBY,,
TEM-003380,public/ui/mobs/gravenbark_shambler.webp,Ui,IMAGE_TEXTURE,,,PENDING,,,,,,,FOUND_NEARBY,,
TEM-003381,public/ui/mobs/rift_spawnling.webp,Ui,IMAGE_TEXTURE,,,PENDING,,,,,,,FOUND_NEARBY,,
TEM-003382,public/ui/mobs/deathstalker_voss.webp,Ui,IMAGE_TEXTURE,,,PENDING,,,,,,,FOUND_NEARBY,,
TEM-003383,public/ui/mobs/ysolei.webp,Ui,IMAGE_TEXTURE,,,PENDING,,,,,,,FOUND_NEARBY,,
TEM-003384,public/ui/mobs/gloam_fox.webp,Ui,IMAGE_TEXTURE,,,PENDING,,,,,,,FOUND_NEARBY,,
TEM-003385,public/ui/mobs/mirejaw_frenzy.webp,Ui,IMAGE_TEXTURE,,,PENDING,,,,,,,FOUND_NEARBY,,
TEM-003386,public/ui/mobs/snowdrift_wolf.webp,Ui,IMAGE_TEXTURE,,,PENDING,,,,,,,FOUND_NEARBY,,
TEM-003387,public/ui/mobs/ogre_crusher.webp,Ui,IMAGE_TEXTURE,,,PENDING,,,,,,,FOUND_NEARBY,,
TEM-003388,public/ui/mobs/mirefen_broodmother.webp,Ui,IMAGE_TEXTURE,,,PENDING,,,,,,,FOUND_NEARBY,,
TEM-003389,public/ui/mobs/rift_boss_tide.webp,Ui,IMAGE_TEXTURE,,,PENDING,,,,,,,FOUND_NEARBY,,
TEM-003390,public/ui/mobs/vael_the_mistcaller.webp,Ui,IMAGE_TEXTURE,,,PENDING,,,,,,,FOUND_NEARBY,,
TEM-003391,public/ui/mobs/old_greyjaw.webp,Ui,IMAGE_TEXTURE,,,PENDING,,,,,,,FOUND_NEARBY,,
TEM-003392,public/ui/mobs/shoal_scuttler.webp,Ui,IMAGE_TEXTURE,,,PENDING,,,,,,,FOUND_NEARBY,,
TEM-003393,public/ui/mobs/pyre_colossus.webp,Ui,IMAGE_TEXTURE,,,PENDING,,,,,,,FOUND_NEARBY,,
TEM-003394,public/ui/mobs/rift_dread_stalker.webp,Ui,IMAGE_TEXTURE,,,PENDING,,,,,,,FOUND_NEARBY,,
TEM-003395,public/ui/mobs/rift_hellguard.webp,Ui,IMAGE_TEXTURE,,,PENDING,,,,,,,FOUND_NEARBY,,
TEM-003396,public/ui/mobs/veiled_doe.webp,Ui,IMAGE_TEXTURE,,,PENDING,,,,,,,FOUND_NEARBY,,
TEM-003397,public/ui/mobs/moonspawn.webp,Ui,IMAGE_TEXTURE,,,PENDING,,,,,,,FOUND_NEARBY,,
TEM-003398,public/ui/mobs/drowned_votary.webp,Ui,IMAGE_TEXTURE,,,PENDING,,,,,,,FOUND_NEARBY,,
TEM-003399,public/ui/mobs/void_stalker.webp,Ui,IMAGE_TEXTURE,,,PENDING,,,,,,,FOUND_NEARBY,,
TEM-003400,public/ui/mobs/warlock_imp.webp,Ui,IMAGE_TEXTURE,,,PENDING,,,,,,,FOUND_NEARBY,,
TEM-003401,public/ui/mobs/gloam_strider.webp,Ui,IMAGE_TEXTURE,,,PENDING,,,,,,,FOUND_NEARBY,,
TEM-003402,public/ui/mobs/bogtoad.webp,Ui,IMAGE_TEXTURE,,,PENDING,,,,,,,FOUND_NEARBY,,
TEM-003403,public/ui/mobs/rift_storm_caller.webp,Ui,IMAGE_TEXTURE,,,PENDING,,,,,,,FOUND_NEARBY,,
TEM-003404,public/ui/mobs/drowned_thrall.webp,Ui,IMAGE_TEXTURE,,,PENDING,,,,,,,FOUND_NEARBY,,
TEM-003405,public/ui/mobs/fisher_bram.webp,Ui,IMAGE_TEXTURE,,,PENDING,,,,,,,FOUND_NEARBY,,
TEM-003406,public/ui/mobs/ashbone_raider.webp,Ui,IMAGE_TEXTURE,,,PENDING,,,,,,,FOUND_NEARBY,,
TEM-003407,public/ui/mobs/nythraxis_skeleton_warrior.webp,Ui,IMAGE_TEXTURE,,,PENDING,,,,,,,FOUND_NEARBY,,
TEM-003408,public/ui/mobs/wildheart_beastmaster.webp,Ui,IMAGE_TEXTURE,,,PENDING,,,,,,,FOUND_NEARBY,,
TEM-003409,public/ui/mobs/ironvein_sapper.webp,Ui,IMAGE_TEXTURE,,,PENDING,,,,,,,FOUND_NEARBY,,
TEM-003410,public/ui/mobs/moonfleece_grazer.webp,Ui,IMAGE_TEXTURE,,,PENDING,,,,,,,FOUND_NEARBY,,
TEM-003411,public/ui/mobs/rift_tide_thrall.webp,Ui,IMAGE_TEXTURE,,,PENDING,,,,,,,FOUND_NEARBY,,
TEM-003412,public/ui/mobs/ice_wisp.webp,Ui,IMAGE_TEXTURE,,,PENDING,,,,,,,FOUND_NEARBY,,
TEM-003413,public/ui/mobs/deacon_varric.webp,Ui,IMAGE_TEXTURE,,,PENDING,,,,,,,FOUND_NEARBY,,
TEM-003414,public/ui/mobs/barrow_wight.webp,Ui,IMAGE_TEXTURE,,,PENDING,,,,,,,FOUND_NEARBY,,
TEM-003415,public/ui/mobs/gale_wisp.webp,Ui,IMAGE_TEXTURE,,,PENDING,,,,,,,FOUND_NEARBY,,
TEM-003416,public/ui/mobs/rift_marrow_troll.webp,Ui,IMAGE_TEXTURE,,,PENDING,,,,,,,FOUND_NEARBY,,
TEM-003417,public/ui/mobs/yumi_cat.webp,Ui,IMAGE_TEXTURE,,,PENDING,,,,,,,FOUND_NEARBY,,
TEM-003418,public/ui/mobs/breach_wretch.webp,Ui,IMAGE_TEXTURE,,,PENDING,,,,,,,FOUND_NEARBY,,
TEM-003419,public/ui/mobs/boneclad_revenant.webp,Ui,IMAGE_TEXTURE,,,PENDING,,,,,,,FOUND_NEARBY,,
TEM-003420,public/ui/mobs/rift_void_acolyte.webp,Ui,IMAGE_TEXTURE,,,PENDING,,,,,,,FOUND_NEARBY,,
TEM-003421,public/ui/mobs/rime_elemental.webp,Ui,IMAGE_TEXTURE,,,PENDING,,,,,,,FOUND_NEARBY,,
TEM-003422,public/ui/mobs/widowsilk_spinner.webp,Ui,IMAGE_TEXTURE,,,PENDING,,,,,,,FOUND_NEARBY,,
TEM-003423,public/ui/mobs/rift_boss_necro.webp,Ui,IMAGE_TEXTURE,,,PENDING,,,,,,,FOUND_NEARBY,,
TEM-003424,public/ui/mobs/fallen_captain_aldren.webp,Ui,IMAGE_TEXTURE,,,PENDING,,,,,,,FOUND_NEARBY,,
TEM-003425,public/ui/mobs/downs_bandit.webp,Ui,IMAGE_TEXTURE,,,PENDING,,,,,,,FOUND_NEARBY,,
TEM-003426,public/ui/mobs/drowned_dead.webp,Ui,IMAGE_TEXTURE,,,PENDING,,,,,,,FOUND_NEARBY,,
TEM-003427,public/ui/mobs/knight_commander_olen.webp,Ui,IMAGE_TEXTURE,,,PENDING,,,,,,,FOUND_NEARBY,,
TEM-003428,public/ui/mobs/rift_boss_arcane.webp,Ui,IMAGE_TEXTURE,,,PENDING,,,,,,,FOUND_NEARBY,,
TEM-003429,public/ui/mobs/wyrmcult_zealot.webp,Ui,IMAGE_TEXTURE,,,PENDING,,,,,,,FOUND_NEARBY,,
TEM-003430,public/ui/mobs/sethrael_palecoil.webp,Ui,IMAGE_TEXTURE,,,PENDING,,,,,,,FOUND_NEARBY,,
TEM-003431,public/ui/mobs/thornpeak_ogre.webp,Ui,IMAGE_TEXTURE,,,PENDING,,,,,,,FOUND_NEARBY,,
TEM-003432,public/ui/mobs/rift_boss_pitlord.webp,Ui,IMAGE_TEXTURE,,,PENDING,,,,,,,FOUND_NEARBY,,
TEM-003433,public/ui/mobs/aurelhorn.webp,Ui,IMAGE_TEXTURE,,,PENDING,,,,,,,FOUND_NEARBY,,
TEM-003434,public/ui/mobs/sister_nhalia.webp,Ui,IMAGE_TEXTURE,,,PENDING,,,,,,,FOUND_NEARBY,,
TEM-003435,public/ui/mobs/warlock_voidwalker.webp,Ui,IMAGE_TEXTURE,,,PENDING,,,,,,,FOUND_NEARBY,,
TEM-003436,public/ui/mobs/grubjaw.webp,Ui,IMAGE_TEXTURE,,,PENDING,,,,,,,FOUND_NEARBY,,
TEM-003437,public/ui/mobs/ironvein_foreman.webp,Ui,IMAGE_TEXTURE,,,PENDING,,,,,,,FOUND_NEARBY,,
TEM-003438,public/ui/mobs/raised_bonewalker.webp,Ui,IMAGE_TEXTURE,,,PENDING,,,,,,,FOUND_NEARBY,,
TEM-003439,public/ui/mobs/rift_boss_venom.webp,Ui,IMAGE_TEXTURE,,,PENDING,,,,,,,FOUND_NEARBY,,
TEM-003440,public/ui/mobs/barrow_king.webp,Ui,IMAGE_TEXTURE,,,PENDING,,,,,,,FOUND_NEARBY,,
TEM-003441,public/ui/mobs/nythraxis_heroic_priest_add.webp,Ui,IMAGE_TEXTURE,,,PENDING,,,,,,,FOUND_NEARBY,,
TEM-003442,public/ui/mobs/hedge_gnome.webp,Ui,IMAGE_TEXTURE,,,PENDING,,,,,,,FOUND_NEARBY,,
TEM-003443,public/ui/mobs/ancient_guardian.webp,Ui,IMAGE_TEXTURE,,,PENDING,,,,,,,FOUND_NEARBY,,
TEM-003444,public/ui/mobs/reliquary_ledger_wraith.webp,Ui,IMAGE_TEXTURE,,,PENDING,,,,,,,FOUND_NEARBY,,
TEM-003445,public/ui/mobs/reliquary_funeral_ringer.webp,Ui,IMAGE_TEXTURE,,,PENDING,,,,,,,FOUND_NEARBY,,
TEM-003446,public/ui/mobs/cindraleth_maw_matriarch.webp,Ui,IMAGE_TEXTURE,,,PENDING,,,,,,,FOUND_NEARBY,,
TEM-003447,public/ui/mobs/deeprock_kobold.webp,Ui,IMAGE_TEXTURE,,,PENDING,,,,,,,FOUND_NEARBY,,
TEM-003448,public/ui/mobs/moor_ram.webp,Ui,IMAGE_TEXTURE,,,PENDING,,,,,,,FOUND_NEARBY,,
TEM-003449,public/ui/mobs/bastion_revenant.webp,Ui,IMAGE_TEXTURE,,,PENDING,,,,,,,FOUND_NEARBY,,
TEM-003450,public/ui/mobs/thunzharr_waking_peak.webp,Ui,IMAGE_TEXTURE,,,PENDING,,,,,,,FOUND_NEARBY,,
TEM-003451,public/ui/mobs/drowned_deckhand.webp,Ui,IMAGE_TEXTURE,,,PENDING,,,,,,,FOUND_NEARBY,,
TEM-003452,public/ui/mobs/hedge_knight.webp,Ui,IMAGE_TEXTURE,,,PENDING,,,,,,,FOUND_NEARBY,,
TEM-003453,public/ui/mobs/mire_widow.webp,Ui,IMAGE_TEXTURE,,,PENDING,,,,,,,FOUND_NEARBY,,
TEM-003454,public/ui/mobs/warfiend.webp,Ui,IMAGE_TEXTURE,,,PENDING,,,,,,,FOUND_NEARBY,,
TEM-003455,public/ui/mobs/dragonkin_whelp.webp,Ui,IMAGE_TEXTURE,,,PENDING,,,,,,,FOUND_NEARBY,,
TEM-003456,public/ui/mobs/terrace_howler.webp,Ui,IMAGE_TEXTURE,,,PENDING,,,,,,,FOUND_NEARBY,,
TEM-003457,public/ui/mobs/wood_wraith.webp,Ui,IMAGE_TEXTURE,,,PENDING,,,,,,,FOUND_NEARBY,,
TEM-003458,public/ui/mobs/rift_stormscale.webp,Ui,IMAGE_TEXTURE,,,PENDING,,,,,,,FOUND_NEARBY,,
TEM-003459,public/ui/mobs/rift_ember_fiend.webp,Ui,IMAGE_TEXTURE,,,PENDING,,,,,,,FOUND_NEARBY,,
TEM-003460,public/ui/mobs/edda_reedhand.webp,Ui,IMAGE_TEXTURE,,,PENDING,,,,,,,FOUND_NEARBY,,
TEM-003461,public/ui/mobs/orchard_treant.webp,Ui,IMAGE_TEXTURE,,,PENDING,,,,,,,FOUND_NEARBY,,
TEM-003462,public/ui/mobs/rift_boss_ritualist.webp,Ui,IMAGE_TEXTURE,,,PENDING,,,,,,,FOUND_NEARBY,,
TEM-003463,public/ui/mobs/nythraxis_scourge_of_thornpeak.webp,Ui,IMAGE_TEXTURE,,,PENDING,,,,,,,FOUND_NEARBY,,
TEM-003464,public/ui/mobs/mirefen_widowling.webp,Ui,IMAGE_TEXTURE,,,PENDING,,,,,,,FOUND_NEARBY,,
TEM-003465,public/ui/mobs/captain_verlan.webp,Ui,IMAGE_TEXTURE,,,PENDING,,,,,,,FOUND_NEARBY,,
TEM-003466,public/ui/mobs/tide_scuttler.webp,Ui,IMAGE_TEXTURE,,,PENDING,,,,,,,FOUND_NEARBY,,
TEM-003467,public/ui/mobs/sanctum_drakonid.webp,Ui,IMAGE_TEXTURE,,,PENDING,,,,,,,FOUND_NEARBY,,
TEM-003468,public/ui/mobs/sister_nhalia_drowned_canticle.webp,Ui,IMAGE_TEXTURE,,,PENDING,,,,,,,FOUND_NEARBY,,
TEM-003469,public/ui/mobs/wildheart_hexcaller.webp,Ui,IMAGE_TEXTURE,,,PENDING,,,,,,,FOUND_NEARBY,,
TEM-003470,public/ui/mobs/vision_malric_mage.webp,Ui,IMAGE_TEXTURE,,,PENDING,,,,,,,FOUND_NEARBY,,
TEM-003471,public/ui/mobs/deepfen_murloc.webp,Ui,IMAGE_TEXTURE,,,PENDING,,,,,,,FOUND_NEARBY,,
TEM-003472,public/ui/mobs/willow_sprite.webp,Ui,IMAGE_TEXTURE,,,PENDING,,,,,,,FOUND_NEARBY,,
TEM-003473,public/ui/mobs/sporeling_gatherer.webp,Ui,IMAGE_TEXTURE,,,PENDING,,,,,,,FOUND_NEARBY,,
TEM-003474,public/ui/mobs/grix_the_tunnelking.webp,Ui,IMAGE_TEXTURE,,,PENDING,,,,,,,FOUND_NEARBY,,
TEM-003475,public/ui/mobs/duskborn.webp,Ui,IMAGE_TEXTURE,,,PENDING,,,,,,,FOUND_NEARBY,,
TEM-003476,public/ui/mobs/duskwisp.webp,Ui,IMAGE_TEXTURE,,,PENDING,,,,,,,FOUND_NEARBY,,
TEM-003477,public/ui/mobs/the_meredark.webp,Ui,IMAGE_TEXTURE,,,PENDING,,,,,,,FOUND_NEARBY,,
TEM-003478,public/ui/mobs/mirejaw_the_ravenous.webp,Ui,IMAGE_TEXTURE,,,PENDING,,,,,,,FOUND_NEARBY,,
TEM-003479,public/ui/mobs/castaway_navigator.webp,Ui,IMAGE_TEXTURE,,,PENDING,,,,,,,FOUND_NEARBY,,
TEM-003480,public/ui/mobs/drowned_templeguard.webp,Ui,IMAGE_TEXTURE,,,PENDING,,,,,,,FOUND_NEARBY,,
TEM-003481,public/ui/mobs/rift_boneclad.webp,Ui,IMAGE_TEXTURE,,,PENDING,,,,,,,FOUND_NEARBY,,
TEM-003482,public/ui/mobs/frostmane_yeti.webp,Ui,IMAGE_TEXTURE,,,PENDING,,,,,,,FOUND_NEARBY,,
TEM-003483,public/ui/mobs/forest_wolf.webp,Ui,IMAGE_TEXTURE,,,PENDING,,,,,,,FOUND_NEARBY,,
TEM-003484,public/ui/mobs/drowsy_croaker.webp,Ui,IMAGE_TEXTURE,,,PENDING,,,,,,,FOUND_NEARBY,,
TEM-003485,public/ui/mobs/morthen.webp,Ui,IMAGE_TEXTURE,,,PENDING,,,,,,,FOUND_NEARBY,,
TEM-003486,public/ui/mobs/wildheart_high_priest.webp,Ui,IMAGE_TEXTURE,,,PENDING,,,,,,,FOUND_NEARBY,,
TEM-003487,public/ui/mobs/topiary_stag.webp,Ui,IMAGE_TEXTURE,,,PENDING,,,,,,,FOUND_NEARBY,,
TEM-003488,public/ui/mobs/ridge_stalker.webp,Ui,IMAGE_TEXTURE,,,PENDING,,,,,,,FOUND_NEARBY,,
TEM-003489,public/ui/mobs/water_elemental.webp,Ui,IMAGE_TEXTURE,,,PENDING,,,,,,,FOUND_NEARBY,,
TEM-003490,public/ui/mobs/old_marrowshell.webp,Ui,IMAGE_TEXTURE,,,PENDING,,,,,,,FOUND_NEARBY,,
TEM-003491,public/ui/mobs/tolling_bell.webp,Ui,IMAGE_TEXTURE,,,PENDING,,,,,,,FOUND_NEARBY,,
TEM-003492,public/ui/mobs/rift_boss_storm.webp,Ui,IMAGE_TEXTURE,,,PENDING,,,,,,,FOUND_NEARBY,,
TEM-003493,public/ui/mobs/training_dummy.webp,Ui,IMAGE_TEXTURE,,,PENDING,,,,,,,FOUND_NEARBY,,
TEM-003494,public/ui/mobs/korgath_the_bound.webp,Ui,IMAGE_TEXTURE,,,PENDING,,,,,,,FOUND_NEARBY,,
TEM-003495,public/ui/mobs/sanctum_boneguard.webp,Ui,IMAGE_TEXTURE,,,PENDING,,,,,,,FOUND_NEARBY,,
TEM-003496,public/ui/mobs/rift_magma_brute.webp,Ui,IMAGE_TEXTURE,,,PENDING,,,,,,,FOUND_NEARBY,,
TEM-003497,public/ui/mobs/gloomshade.webp,Ui,IMAGE_TEXTURE,,,PENDING,,,,,,,FOUND_NEARBY,,
TEM-003498,public/ui/mobs/mudfin_murloc.webp,Ui,IMAGE_TEXTURE,,,PENDING,,,,,,,FOUND_NEARBY,,
TEM-003499,public/ui/mobs/stormcrag_elemental.webp,Ui,IMAGE_TEXTURE,,,PENDING,,,,,,,FOUND_NEARBY,,
TEM-003500,public/ui/mobs/acolyte_tessa.webp,Ui,IMAGE_TEXTURE,,,PENDING,,,,,,,FOUND_NEARBY,,
TEM-003501,public/ui/mobs/old_cragmaw.webp,Ui,IMAGE_TEXTURE,,,PENDING,,,,,,,FOUND_NEARBY,,
TEM-003502,public/ui/mobs/nythraxis_heroic_warrior_add.webp,Ui,IMAGE_TEXTURE,,,PENDING,,,,,,,FOUND_NEARBY,,
TEM-003503,public/ui/mobs/spider_egg.webp,Ui,IMAGE_TEXTURE,,,PENDING,,,,,,,FOUND_NEARBY,,
TEM-003504,public/ui/mobs/gleamstag.webp,Ui,IMAGE_TEXTURE,,,PENDING,,,,,,,FOUND_NEARBY,,
TEM-003505,public/ui/mobs/rift_deep_lurker.webp,Ui,IMAGE_TEXTURE,,,PENDING,,,,,,,FOUND_NEARBY,,
TEM-003506,public/ui/mobs/marrowlord_varkas.webp,Ui,IMAGE_TEXTURE,,,PENDING,,,,,,,FOUND_NEARBY,,
TEM-003507,public/ui/mobs/rift_boss_frost.webp,Ui,IMAGE_TEXTURE,,,PENDING,,,,,,,FOUND_NEARBY,,
TEM-003508,public/ui/mobs/fen_troll.webp,Ui,IMAGE_TEXTURE,,,PENDING,,,,,,,FOUND_NEARBY,,
TEM-003509,public/ui/mobs/gilded_stag.webp,Ui,IMAGE_TEXTURE,,,PENDING,,,,,,,FOUND_NEARBY,,
TEM-003510,public/ui/mobs/vision_deathstalker_voss.webp,Ui,IMAGE_TEXTURE,,,PENDING,,,,,,,FOUND_NEARBY,,
TEM-003511,public/ui/mobs/wild_boar.webp,Ui,IMAGE_TEXTURE,,,PENDING,,,,,,,FOUND_NEARBY,,
TEM-003512,public/ui/mobs/thicket_boar.webp,Ui,IMAGE_TEXTURE,,,PENDING,,,,,,,FOUND_NEARBY,,
TEM-003513,public/ui/mobs/brutok_skullsmasher.webp,Ui,IMAGE_TEXTURE,,,PENDING,,,,,,,FOUND_NEARBY,,
TEM-003514,public/ui/mobs/glimmerscale_lurker.webp,Ui,IMAGE_TEXTURE,,,PENDING,,,,,,,FOUND_NEARBY,,
TEM-003515,public/ui/mobs/glimmerwisp.webp,Ui,IMAGE_TEXTURE,,,PENDING,,,,,,,FOUND_NEARBY,,
TEM-003516,public/ui/mobs/reliquary_saintless_effigy.webp,Ui,IMAGE_TEXTURE,,,PENDING,,,,,,,FOUND_NEARBY,,
TEM-003517,public/ui/mobs/sump_troll_devourer.webp,Ui,IMAGE_TEXTURE,,,PENDING,,,,,,,FOUND_NEARBY,,
TEM-003518,public/ui/mobs/glimmermere_wader.webp,Ui,IMAGE_TEXTURE,,,PENDING,,,,,,,FOUND_NEARBY,,
TEM-003519,public/ui/mobs/nhalia_mourner.webp,Ui,IMAGE_TEXTURE,,,PENDING,,,,,,,FOUND_NEARBY,,
TEM-003520,public/ui/mobs/emberwing_drake.webp,Ui,IMAGE_TEXTURE,,,PENDING,,,,,,,FOUND_NEARBY,,
TEM-003521,public/ui/mobs/reliquary_gravecall_acolyte.webp,Ui,IMAGE_TEXTURE,,,PENDING,,,,,,,FOUND_NEARBY,,
TEM-003522,public/ui/mobs/rift_boss_brute.webp,Ui,IMAGE_TEXTURE,,,PENDING,,,,,,,FOUND_NEARBY,,
TEM-003523,public/ui/mobs/mogger_lackey.webp,Ui,IMAGE_TEXTURE,,,PENDING,,,,,,,FOUND_NEARBY,,
TEM-003524,public/ui/mobs/gravedigger_mosley.webp,Ui,IMAGE_TEXTURE,,,PENDING,,,,,,,FOUND_NEARBY,,
TEM-003525,public/ui/mobs/wildheart_ravager.webp,Ui,IMAGE_TEXTURE,,,PENDING,,,,,,,FOUND_NEARBY,,
TEM-003526,public/ui/mobs/pale_huntsman.webp,Ui,IMAGE_TEXTURE,,,PENDING,,,,,,,FOUND_NEARBY,,
TEM-003527,public/ui/mobs/voskar_emberwing.webp,Ui,IMAGE_TEXTURE,,,PENDING,,,,,,,FOUND_NEARBY,,
TEM-003528,public/ui/mobs/reliquary_bonewalker.webp,Ui,IMAGE_TEXTURE,,,PENDING,,,,,,,FOUND_NEARBY,,
TEM-003529,public/ui/mobs/warlord_drogmar.webp,Ui,IMAGE_TEXTURE,,,PENDING,,,,,,,FOUND_NEARBY,,
TEM-003530,public/ui/mobs/tunnel_rat.webp,Ui,IMAGE_TEXTURE,,,PENDING,,,,,,,FOUND_NEARBY,,
TEM-003531,public/ui/mobs/pearlguard_sentinel.webp,Ui,IMAGE_TEXTURE,,,PENDING,,,,,,,FOUND_NEARBY,,
TEM-003532,public/ui/mobs/rift_frost_revenant.webp,Ui,IMAGE_TEXTURE,,,PENDING,,,,,,,FOUND_NEARBY,,
TEM-003533,public/ui/mobs/drowned_cantor.webp,Ui,IMAGE_TEXTURE,,,PENDING,,,,,,,FOUND_NEARBY,,
TEM-003534,public/ui/mobs/topiary_wolf.webp,Ui,IMAGE_TEXTURE,,,PENDING,,,,,,,FOUND_NEARBY,,
TEM-003535,public/ui/mobs/corrupted_priest_malric.webp,Ui,IMAGE_TEXTURE,,,PENDING,,,,,,,FOUND_NEARBY,,
TEM-003536,public/ui/mobs/mushroom_pixie.webp,Ui,IMAGE_TEXTURE,,,PENDING,,,,,,,FOUND_NEARBY,,
TEM-003537,public/ui/mobs/crypt_shambler.webp,Ui,IMAGE_TEXTURE,,,PENDING,,,,,,,FOUND_NEARBY,,
TEM-003538,public/ui/mobs/restless_bones.webp,Ui,IMAGE_TEXTURE,,,PENDING,,,,,,,FOUND_NEARBY,,
TEM-003539,public/ui/mobs/spider_egg_sac.webp,Ui,IMAGE_TEXTURE,,,PENDING,,,,,,,FOUND_NEARBY,,
TEM-003540,public/ui/mobs/wyrmcult_necromancer.webp,Ui,IMAGE_TEXTURE,,,PENDING,,,,,,,FOUND_NEARBY,,
TEM-003541,public/ui/deeds/exp_something_shiny.webp,Ui,IMAGE_TEXTURE,,,PENDING,,,,,,,FOUND_NEARBY,,
TEM-003542,public/ui/deeds/hid_keepers_toll_twice.webp,Ui,IMAGE_TEXTURE,,,PENDING,,,,,,,FOUND_NEARBY,,
TEM-003543,public/ui/deeds/col_pristine_vein.webp,Ui,IMAGE_TEXTURE,,,PENDING,,,,,,,FOUND_NEARBY,,
TEM-003544,public/ui/deeds/prog_leatherworking_50.webp,Ui,IMAGE_TEXTURE,,,PENDING,,,,,,,FOUND_NEARBY,,
TEM-003545,public/ui/deeds/hid_gilded_tour.webp,Ui,IMAGE_TEXTURE,,,PENDING,,,,,,,FOUND_NEARBY,,
TEM-003546,public/ui/deeds/pvp_fiesta_double.webp,Ui,IMAGE_TEXTURE,,,PENDING,,,,,,,FOUND_NEARBY,,
TEM-003547,public/ui/deeds/prog_craft_specialist.webp,Ui,IMAGE_TEXTURE,,,PENDING,,,,,,,FOUND_NEARBY,,
TEM-003548,public/ui/deeds/pvp_arena_2v2_1750.webp,Ui,IMAGE_TEXTURE,,,PENDING,,,,,,,FOUND_NEARBY,,
TEM-003549,public/ui/deeds/dgn_boss_clears_50.webp,Ui,IMAGE_TEXTURE,,,PENDING,,,,,,,FOUND_NEARBY,,
TEM-003550,public/ui/deeds/col_moonlit_bloom.webp,Ui,IMAGE_TEXTURE,,,PENDING,,,,,,,FOUND_NEARBY,,
TEM-003551,public/ui/deeds/prog_first_harvest.webp,Ui,IMAGE_TEXTURE,,,PENDING,,,,,,,FOUND_NEARBY,,
TEM-003552,public/ui/deeds/soc_first_party.webp,Ui,IMAGE_TEXTURE,,,PENDING,,,,,,,FOUND_NEARBY,,
TEM-003553,public/ui/deeds/prog_cooking_50.webp,Ui,IMAGE_TEXTURE,,,PENDING,,,,,,,FOUND_NEARBY,,
TEM-003554,public/ui/deeds/col_true_colors.webp,Ui,IMAGE_TEXTURE,,,PENDING,,,,,,,FOUND_NEARBY,,
TEM-003555,public/ui/deeds/chr_peaks_gatherer.webp,Ui,IMAGE_TEXTURE,,,PENDING,,,,,,,FOUND_NEARBY,,
TEM-003556,public/ui/deeds/pvp_arena_2v2_1600.webp,Ui,IMAGE_TEXTURE,,,PENDING,,,,,,,FOUND_NEARBY,,
TEM-003557,public/ui/deeds/dlv_companion_max.webp,Ui,IMAGE_TEXTURE,,,PENDING,,,,,,,FOUND_NEARBY,,
TEM-003558,public/ui/deeds/col_junk_drawer.webp,Ui,IMAGE_TEXTURE,,,PENDING,,,,,,,FOUND_NEARBY,,
TEM-003559,public/ui/deeds/prog_callused_hands.webp,Ui,IMAGE_TEXTURE,,,PENDING,,,,,,,FOUND_NEARBY,,
TEM-003560,public/ui/deeds/dgn_nythraxis_gravebreaker.webp,Ui,IMAGE_TEXTURE,,,PENDING,,,,,,,FOUND_NEARBY,,
TEM-003561,public/ui/deeds/chr_marsh_first_cast.webp,Ui,IMAGE_TEXTURE,,,PENDING,,,,,,,FOUND_NEARBY,,
TEM-003562,public/ui/deeds/dgn_nythraxis_heroic.webp,Ui,IMAGE_TEXTURE,,,PENDING,,,,,,,FOUND_NEARBY,,
TEM-003563,public/ui/deeds/prog_grandmaster_armorcrafting.webp,Ui,IMAGE_TEXTURE,,,PENDING,,,,,,,FOUND_NEARBY,,
TEM-003564,public/ui/deeds/prog_master_gatherer.webp,Ui,IMAGE_TEXTURE,,,PENDING,,,,,,,FOUND_NEARBY,,
TEM-003565,public/ui/deeds/dgn_deepward.webp,Ui,IMAGE_TEXTURE,,,PENDING,,,,,,,FOUND_NEARBY,,
TEM-003566,public/ui/deeds/col_first_epic.webp,Ui,IMAGE_TEXTURE,,,PENDING,,,,,,,FOUND_NEARBY,,
TEM-003567,public/ui/deeds/feat_book_complete.webp,Ui,IMAGE_TEXTURE,,,PENDING,,,,,,,FOUND_NEARBY,,
TEM-003568,public/ui/deeds/col_first_rare.webp,Ui,IMAGE_TEXTURE,,,PENDING,,,,,,,FOUND_NEARBY,,
TEM-003569,public/ui/deeds/dgn_gravewyrm_sanctum.webp,Ui,IMAGE_TEXTURE,,,PENDING,,,,,,,FOUND_NEARBY,,
TEM-003570,public/ui/deeds/col_set_greyjaw_stalker.webp,Ui,IMAGE_TEXTURE,,,PENDING,,,,,,,FOUND_NEARBY,,
TEM-003571,public/ui/deeds/prog_prestige_10.webp,Ui,IMAGE_TEXTURE,,,PENDING,,,,,,,FOUND_NEARBY,,
TEM-003572,public/ui/deeds/prog_first_craft.webp,Ui,IMAGE_TEXTURE,,,PENDING,,,,,,,FOUND_NEARBY,,
TEM-003573,public/ui/deeds/dgn_thornpeak_rounds.webp,Ui,IMAGE_TEXTURE,,,PENDING,,,,,,,FOUND_NEARBY,,
TEM-003574,public/ui/deeds/cmb_critical_eye.webp,Ui,IMAGE_TEXTURE,,,PENDING,,,,,,,FOUND_NEARBY,,
TEM-003575,public/ui/deeds/prog_the_long_middle.webp,Ui,IMAGE_TEXTURE,,,PENDING,,,,,,,FOUND_NEARBY,,
TEM-003576,public/ui/deeds/prog_first_steps.webp,Ui,IMAGE_TEXTURE,,,PENDING,,,,,,,FOUND_NEARBY,,
TEM-003577,public/ui/deeds/dlv_nhalia_bells.webp,Ui,IMAGE_TEXTURE,,,PENDING,,,,,,,FOUND_NEARBY,,
TEM-003578,public/ui/deeds/cmb_thunzharr.webp,Ui,IMAGE_TEXTURE,,,PENDING,,,,,,,FOUND_NEARBY,,
TEM-003579,public/ui/deeds/cmb_heavy_hitter.webp,Ui,IMAGE_TEXTURE,,,PENDING,,,,,,,FOUND_NEARBY,,
TEM-003580,public/ui/deeds/pvp_arena_first_match.webp,Ui,IMAGE_TEXTURE,,,PENDING,,,,,,,FOUND_NEARBY,,
TEM-003581,public/ui/deeds/col_discovery_250.webp,Ui,IMAGE_TEXTURE,,,PENDING,,,,,,,FOUND_NEARBY,,
TEM-003582,public/ui/deeds/feat_era_cap.webp,Ui,IMAGE_TEXTURE,,,PENDING,,,,,,,FOUND_NEARBY,,
TEM-003583,public/ui/deeds/chr_marsh_rares.webp,Ui,IMAGE_TEXTURE,,,PENDING,,,,,,,FOUND_NEARBY,,
TEM-003584,public/ui/deeds/dgn_nythraxis_crypt.webp,Ui,IMAGE_TEXTURE,,,PENDING,,,,,,,FOUND_NEARBY,,
TEM-003585,public/ui/deeds/chr_peaks_sparring.webp,Ui,IMAGE_TEXTURE,,,PENDING,,,,,,,FOUND_NEARBY,,
TEM-003586,public/ui/deeds/prog_crown_below.webp,Ui,IMAGE_TEXTURE,,,PENDING,,,,,,,FOUND_NEARBY,,
TEM-003587,public/ui/deeds/pvp_duel_grace.webp,Ui,IMAGE_TEXTURE,,,PENDING,,,,,,,FOUND_NEARBY,,
TEM-003588,public/ui/deeds/chr_vale_chapter_i.webp,Ui,IMAGE_TEXTURE,,,PENDING,,,,,,,FOUND_NEARBY,,
TEM-003589,public/ui/deeds/prog_grandmaster_cooking.webp,Ui,IMAGE_TEXTURE,,,PENDING,,,,,,,FOUND_NEARBY,,
TEM-003590,public/ui/deeds/chr_marsh_chapter_iii.webp,Ui,IMAGE_TEXTURE,,,PENDING,,,,,,,FOUND_NEARBY,,
TEM-003591,public/ui/deeds/hid_saul_footnote.webp,Ui,IMAGE_TEXTURE,,,PENDING,,,,,,,FOUND_NEARBY,,
TEM-003592,public/ui/deeds/prog_masterwright.webp,Ui,IMAGE_TEXTURE,,,PENDING,,,,,,,FOUND_NEARBY,,
TEM-003593,public/ui/deeds/pvp_vcup_hat_trick.webp,Ui,IMAGE_TEXTURE,,,PENDING,,,,,,,FOUND_NEARBY,,
TEM-003594,public/ui/deeds/col_all_slots.webp,Ui,IMAGE_TEXTURE,,,PENDING,,,,,,,FOUND_NEARBY,,
TEM-003595,public/ui/deeds/prog_full_build.webp,Ui,IMAGE_TEXTURE,,,PENDING,,,,,,,FOUND_NEARBY,,
TEM-003596,public/ui/deeds/chr_peaks_glimmer_cast.webp,Ui,IMAGE_TEXTURE,,,PENDING,,,,,,,FOUND_NEARBY,,
TEM-003597,public/ui/deeds/pvp_vcup_wins_25.webp,Ui,IMAGE_TEXTURE,,,PENDING,,,,,,,FOUND_NEARBY,,
TEM-003598,public/ui/deeds/dgn_hollow_crypt_heroic.webp,Ui,IMAGE_TEXTURE,,,PENDING,,,,,,,FOUND_NEARBY,,
TEM-003599,public/ui/deeds/prog_tools_of_the_trade.webp,Ui,IMAGE_TEXTURE,,,PENDING,,,,,,,FOUND_NEARBY,,
TEM-003600,public/ui/deeds/pvp_vcup_first_win.webp,Ui,IMAGE_TEXTURE,,,PENDING,,,,,,,FOUND_NEARBY,,
TEM-003601,public/ui/deeds/prog_enchanting_50.webp,Ui,IMAGE_TEXTURE,,,PENDING,,,,,,,FOUND_NEARBY,,
TEM-003602,public/ui/deeds/chr_peaks_chapter_iii.webp,Ui,IMAGE_TEXTURE,,,PENDING,,,,,,,FOUND_NEARBY,,
TEM-003603,public/ui/deeds/dlv_reliquary_heroic.webp,Ui,IMAGE_TEXTURE,,,PENDING,,,,,,,FOUND_NEARBY,,
TEM-003604,public/ui/deeds/cmb_legion_of_one.webp,Ui,IMAGE_TEXTURE,,,PENDING,,,,,,,FOUND_NEARBY,,
TEM-003605,public/ui/deeds/chr_marsh_hush_the_mending.webp,Ui,IMAGE_TEXTURE,,,PENDING,,,,,,,FOUND_NEARBY,,
TEM-003606,public/ui/deeds/prog_herbalism_100.webp,Ui,IMAGE_TEXTURE,,,PENDING,,,,,,,FOUND_NEARBY,,
TEM-003607,public/ui/deeds/pvp_fiesta_first_bout.webp,Ui,IMAGE_TEXTURE,,,PENDING,,,,,,,FOUND_NEARBY,,
TEM-003608,public/ui/deeds/chr_peaks_waking_witness.webp,Ui,IMAGE_TEXTURE,,,PENDING,,,,,,,FOUND_NEARBY,,
TEM-003609,public/ui/deeds/hid_codfather.webp,Ui,IMAGE_TEXTURE,,,PENDING,,,,,,,FOUND_NEARBY,,
TEM-003610,public/ui/deeds/chr_marsh_unburst.webp,Ui,IMAGE_TEXTURE,,,PENDING,,,,,,,FOUND_NEARBY,,
TEM-003611,public/ui/deeds/dgn_morthen_trio.webp,Ui,IMAGE_TEXTURE,,,PENDING,,,,,,,FOUND_NEARBY,,
TEM-003612,public/ui/deeds/pvp_vcup_guild_win.webp,Ui,IMAGE_TEXTURE,,,PENDING,,,,,,,FOUND_NEARBY,,
TEM-003613,public/ui/deeds/col_ancient_heartwood.webp,Ui,IMAGE_TEXTURE,,,PENDING,,,,,,,FOUND_NEARBY,,
TEM-003614,public/ui/deeds/soc_first_sale.webp,Ui,IMAGE_TEXTURE,,,PENDING,,,,,,,FOUND_NEARBY,,
TEM-003615,public/ui/deeds/prog_mining_100.webp,Ui,IMAGE_TEXTURE,,,PENDING,,,,,,,FOUND_NEARBY,,
TEM-003616,public/ui/deeds/dgn_velkhar_bonewalkers.webp,Ui,IMAGE_TEXTURE,,,PENDING,,,,,,,FOUND_NEARBY,,
TEM-003617,public/ui/deeds/chr_vale_chapter_iii.webp,Ui,IMAGE_TEXTURE,,,PENDING,,,,,,,FOUND_NEARBY,,
TEM-003618,public/ui/deeds/dgn_hollow_crypt.webp,Ui,IMAGE_TEXTURE,,,PENDING,,,,,,,FOUND_NEARBY,,
TEM-003619,public/ui/deeds/chr_vale_packbreaker.webp,Ui,IMAGE_TEXTURE,,,PENDING,,,,,,,FOUND_NEARBY,,
TEM-003620,public/ui/deeds/chr_hollow_rares.webp,Ui,IMAGE_TEXTURE,,,PENDING,,,,,,,FOUND_NEARBY,,
TEM-003621,public/ui/deeds/chr_peaks_rares_ii.webp,Ui,IMAGE_TEXTURE,,,PENDING,,,,,,,FOUND_NEARBY,,
TEM-003622,public/ui/deeds/col_set_nighttalon.webp,Ui,IMAGE_TEXTURE,,,PENDING,,,,,,,FOUND_NEARBY,,
TEM-003623,public/ui/deeds/prog_mere_at_rest.webp,Ui,IMAGE_TEXTURE,,,PENDING,,,,,,,FOUND_NEARBY,,
TEM-003624,public/ui/deeds/soc_room_for_more.webp,Ui,IMAGE_TEXTURE,,,PENDING,,,,,,,FOUND_NEARBY,,
TEM-003625,public/ui/deeds/col_set_boundstone_vanguard.webp,Ui,IMAGE_TEXTURE,,,PENDING,,,,,,,FOUND_NEARBY,,
TEM-003626,public/ui/deeds/cmb_thunzharr_unbroken.webp,Ui,IMAGE_TEXTURE,,,PENDING,,,,,,,FOUND_NEARBY,,
TEM-003627,public/ui/deeds/prog_master_angler.webp,Ui,IMAGE_TEXTURE,,,PENDING,,,,,,,FOUND_NEARBY,,
TEM-003628,public/ui/deeds/chr_peaks_chapter_ii.webp,Ui,IMAGE_TEXTURE,,,PENDING,,,,,,,FOUND_NEARBY,,
TEM-003629,public/ui/deeds/chr_marsh_gatherer.webp,Ui,IMAGE_TEXTURE,,,PENDING,,,,,,,FOUND_NEARBY,,
TEM-003630,public/ui/deeds/soc_gilded_strongbox.webp,Ui,IMAGE_TEXTURE,,,PENDING,,,,,,,FOUND_NEARBY,,
TEM-003631,public/ui/deeds/col_set_necromancers.webp,Ui,IMAGE_TEXTURE,,,PENDING,,,,,,,FOUND_NEARBY,,
TEM-003632,public/ui/deeds/dgn_vael_thralls.webp,Ui,IMAGE_TEXTURE,,,PENDING,,,,,,,FOUND_NEARBY,,
TEM-003633,public/ui/deeds/prog_prestige_5.webp,Ui,IMAGE_TEXTURE,,,PENDING,,,,,,,FOUND_NEARBY,,
TEM-003634,public/ui/deeds/chr_marsh_chapter_ii.webp,Ui,IMAGE_TEXTURE,,,PENDING,,,,,,,FOUND_NEARBY,,
TEM-003635,public/ui/deeds/dgn_morthen_flawless.webp,Ui,IMAGE_TEXTURE,,,PENDING,,,,,,,FOUND_NEARBY,,
TEM-003636,public/ui/deeds/hid_yumi_cheer.webp,Ui,IMAGE_TEXTURE,,,PENDING,,,,,,,FOUND_NEARBY,,
TEM-003637,public/ui/deeds/chr_vale_chapter_ii.webp,Ui,IMAGE_TEXTURE,,,PENDING,,,,,,,FOUND_NEARBY,,
TEM-003638,public/ui/deeds/prog_finding_your_feet.webp,Ui,IMAGE_TEXTURE,,,PENDING,,,,,,,FOUND_NEARBY,,
TEM-003639,public/ui/deeds/pvp_arena_1v1_1600.webp,Ui,IMAGE_TEXTURE,,,PENDING,,,,,,,FOUND_NEARBY,,
TEM-003640,public/ui/deeds/pvp_vcup_golden_goal.webp,Ui,IMAGE_TEXTURE,,,PENDING,,,,,,,FOUND_NEARBY,,
TEM-003641,public/ui/deeds/chr_vale_rares.webp,Ui,IMAGE_TEXTURE,,,PENDING,,,,,,,FOUND_NEARBY,,
TEM-003642,public/ui/deeds/col_seven_regalia.webp,Ui,IMAGE_TEXTURE,,,PENDING,,,,,,,FOUND_NEARBY,,
TEM-003643,public/ui/deeds/dgn_olen_arc.webp,Ui,IMAGE_TEXTURE,,,PENDING,,,,,,,FOUND_NEARBY,,
TEM-003644,public/ui/deeds/cmb_thunzharr_ten.webp,Ui,IMAGE_TEXTURE,,,PENDING,,,,,,,FOUND_NEARBY,,
TEM-003645,public/ui/deeds/dgn_ysolei_flawless.webp,Ui,IMAGE_TEXTURE,,,PENDING,,,,,,,FOUND_NEARBY,,
TEM-003646,public/ui/deeds/exp_world_traveler.webp,Ui,IMAGE_TEXTURE,,,PENDING,,,,,,,FOUND_NEARBY,,
TEM-003647,public/ui/deeds/pvp_arena_first_win.webp,Ui,IMAGE_TEXTURE,,,PENDING,,,,,,,FOUND_NEARBY,,
TEM-003648,public/ui/deeds/prog_armorcrafting_50.webp,Ui,IMAGE_TEXTURE,,,PENDING,,,,,,,FOUND_NEARBY,,
TEM-003649,public/ui/deeds/soc_heavy_purse.webp,Ui,IMAGE_TEXTURE,,,PENDING,,,,,,,FOUND_NEARBY,,
TEM-003650,public/ui/deeds/dlv_rite_flawless.webp,Ui,IMAGE_TEXTURE,,,PENDING,,,,,,,FOUND_NEARBY,,
TEM-003651,public/ui/deeds/prog_tailoring_50.webp,Ui,IMAGE_TEXTURE,,,PENDING,,,,,,,FOUND_NEARBY,,
TEM-003652,public/ui/deeds/prog_specialized.webp,Ui,IMAGE_TEXTURE,,,PENDING,,,,,,,FOUND_NEARBY,,
TEM-003653,public/ui/deeds/dlv_litany_heroic.webp,Ui,IMAGE_TEXTURE,,,PENDING,,,,,,,FOUND_NEARBY,,
TEM-003654,public/ui/deeds/dlv_tumbler_premium.webp,Ui,IMAGE_TEXTURE,,,PENDING,,,,,,,FOUND_NEARBY,,
TEM-003655,public/ui/deeds/cmb_first_blood.webp,Ui,IMAGE_TEXTURE,,,PENDING,,,,,,,FOUND_NEARBY,,
TEM-003656,public/ui/deeds/pvp_vcup_first_goal.webp,Ui,IMAGE_TEXTURE,,,PENDING,,,,,,,FOUND_NEARBY,,
TEM-003657,public/ui/deeds/soc_guild_joined.webp,Ui,IMAGE_TEXTURE,,,PENDING,,,,,,,FOUND_NEARBY,,
TEM-003658,public/ui/deeds/chr_farshore_gatherer.webp,Ui,IMAGE_TEXTURE,,,PENDING,,,,,,,FOUND_NEARBY,,
TEM-003659,public/ui/deeds/dgn_nythraxis_deathless.webp,Ui,IMAGE_TEXTURE,,,PENDING,,,,,,,FOUND_NEARBY,,
TEM-003660,public/ui/deeds/chr_peaks_chapter_i.webp,Ui,IMAGE_TEXTURE,,,PENDING,,,,,,,FOUND_NEARBY,,
TEM-003661,public/ui/deeds/pvp_vcup_first_save.webp,Ui,IMAGE_TEXTURE,,,PENDING,,,,,,,FOUND_NEARBY,,
TEM-003662,public/ui/deeds/col_first_legendary.webp,Ui,IMAGE_TEXTURE,,,PENDING,,,,,,,FOUND_NEARBY,,
TEM-003663,public/ui/deeds/chr_vale_gatherer.webp,Ui,IMAGE_TEXTURE,,,PENDING,,,,,,,FOUND_NEARBY,,
TEM-003664,public/ui/deeds/col_discovery_150.webp,Ui,IMAGE_TEXTURE,,,PENDING,,,,,,,FOUND_NEARBY,,
TEM-003665,public/ui/deeds/dgn_nythraxis.webp,Ui,IMAGE_TEXTURE,,,PENDING,,,,,,,FOUND_NEARBY,,
TEM-003666,public/ui/deeds/dgn_wildheart_basin_heroic.webp,Ui,IMAGE_TEXTURE,,,PENDING,,,,,,,FOUND_NEARBY,,
TEM-003667,public/ui/deeds/prog_grandmaster_weaponcrafting.webp,Ui,IMAGE_TEXTURE,,,PENDING,,,,,,,FOUND_NEARBY,,
TEM-003668,public/ui/deeds/soc_first_trade.webp,Ui,IMAGE_TEXTURE,,,PENDING,,,,,,,FOUND_NEARBY,,
TEM-003669,public/ui/deeds/chr_vale_first_cast.webp,Ui,IMAGE_TEXTURE,,,PENDING,,,,,,,FOUND_NEARBY,,
TEM-003670,public/ui/deeds/pvp_vcup_first_match.webp,Ui,IMAGE_TEXTURE,,,PENDING,,,,,,,FOUND_NEARBY,,
TEM-003671,public/ui/deeds/col_quartermaster_buyout.webp,Ui,IMAGE_TEXTURE,,,PENDING,,,,,,,FOUND_NEARBY,,
TEM-003672,public/ui/deeds/soc_first_salvage.webp,Ui,IMAGE_TEXTURE,,,PENDING,,,,,,,FOUND_NEARBY,,
TEM-003673,public/ui/deeds/exp_long_road_north.webp,Ui,IMAGE_TEXTURE,,,PENDING,,,,,,,FOUND_NEARBY,,
TEM-003674,public/ui/deeds/pvp_fiesta_first_win.webp,Ui,IMAGE_TEXTURE,,,PENDING,,,,,,,FOUND_NEARBY,,
TEM-003675,public/ui/deeds/dgn_ysolei_moonspawn.webp,Ui,IMAGE_TEXTURE,,,PENDING,,,,,,,FOUND_NEARBY,,
TEM-003676,public/ui/deeds/dgn_sanctum_speed.webp,Ui,IMAGE_TEXTURE,,,PENDING,,,,,,,FOUND_NEARBY,,
TEM-003677,public/ui/deeds/prog_mythic.webp,Ui,IMAGE_TEXTURE,,,PENDING,,,,,,,FOUND_NEARBY,,
TEM-003678,public/ui/deeds/prog_eternal.webp,Ui,IMAGE_TEXTURE,,,PENDING,,,,,,,FOUND_NEARBY,,
TEM-003679,public/ui/deeds/dlv_varric_ringers.webp,Ui,IMAGE_TEXTURE,,,PENDING,,,,,,,FOUND_NEARBY,,
TEM-003680,public/ui/deeds/dlv_clears_50.webp,Ui,IMAGE_TEXTURE,,,PENDING,,,,,,,FOUND_NEARBY,,
TEM-003681,public/ui/deeds/col_perfect_specimen.webp,Ui,IMAGE_TEXTURE,,,PENDING,,,,,,,FOUND_NEARBY,,
TEM-003682,public/ui/deeds/prog_double_digits.webp,Ui,IMAGE_TEXTURE,,,PENDING,,,,,,,FOUND_NEARBY,,
TEM-003683,public/ui/deeds/feat_brightwood_relic.webp,Ui,IMAGE_TEXTURE,,,PENDING,,,,,,,FOUND_NEARBY,,
TEM-003684,public/ui/deeds/pvp_vcup_wins_10.webp,Ui,IMAGE_TEXTURE,,,PENDING,,,,,,,FOUND_NEARBY,,
TEM-003685,public/ui/deeds/exp_first_timber.webp,Ui,IMAGE_TEXTURE,,,PENDING,,,,,,,FOUND_NEARBY,,
TEM-003686,public/ui/deeds/col_glimmerfin.webp,Ui,IMAGE_TEXTURE,,,PENDING,,,,,,,FOUND_NEARBY,,
TEM-003687,public/ui/deeds/col_set_deathlord.webp,Ui,IMAGE_TEXTURE,,,PENDING,,,,,,,FOUND_NEARBY,,
TEM-003688,public/ui/deeds/chr_vale_cup_debut.webp,Ui,IMAGE_TEXTURE,,,PENDING,,,,,,,FOUND_NEARBY,,
TEM-003689,public/ui/deeds/hid_companion_save.webp,Ui,IMAGE_TEXTURE,,,PENDING,,,,,,,FOUND_NEARBY,,
TEM-003690,public/ui/deeds/prog_talented.webp,Ui,IMAGE_TEXTURE,,,PENDING,,,,,,,FOUND_NEARBY,,
TEM-003691,public/ui/deeds/dgn_sunken_bastion_heroic.webp,Ui,IMAGE_TEXTURE,,,PENDING,,,,,,,FOUND_NEARBY,,
TEM-003692,public/ui/deeds/pvp_vcup_clean_sheet.webp,Ui,IMAGE_TEXTURE,,,PENDING,,,,,,,FOUND_NEARBY,,
TEM-003693,public/ui/deeds/soc_guild_founded.webp,Ui,IMAGE_TEXTURE,,,PENDING,,,,,,,FOUND_NEARBY,,
TEM-003694,public/ui/deeds/prog_deep_roots.webp,Ui,IMAGE_TEXTURE,,,PENDING,,,,,,,FOUND_NEARBY,,
TEM-003695,public/ui/deeds/dlv_solo_heroic.webp,Ui,IMAGE_TEXTURE,,,PENDING,,,,,,,FOUND_NEARBY,,
TEM-003696,public/ui/deeds/pvp_arena_1v1_1900.webp,Ui,IMAGE_TEXTURE,,,PENDING,,,,,,,FOUND_NEARBY,,
TEM-003697,public/ui/deeds/exp_first_herb.webp,Ui,IMAGE_TEXTURE,,,PENDING,,,,,,,FOUND_NEARBY,,
TEM-003698,public/ui/deeds/prog_weaponcrafting_50.webp,Ui,IMAGE_TEXTURE,,,PENDING,,,,,,,FOUND_NEARBY,,
TEM-003699,public/ui/deeds/exp_first_ore.webp,Ui,IMAGE_TEXTURE,,,PENDING,,,,,,,FOUND_NEARBY,,
TEM-003700,public/ui/deeds/chr_willowfen_first_cast.webp,Ui,IMAGE_TEXTURE,,,PENDING,,,,,,,FOUND_NEARBY,,
TEM-003701,public/ui/deeds/prog_logging_100.webp,Ui,IMAGE_TEXTURE,,,PENDING,,,,,,,FOUND_NEARBY,,
TEM-003702,public/ui/deeds/col_set_wyrmshadow.webp,Ui,IMAGE_TEXTURE,,,PENDING,,,,,,,FOUND_NEARBY,,
TEM-003703,public/ui/deeds/prog_well_rested.webp,Ui,IMAGE_TEXTURE,,,PENDING,,,,,,,FOUND_NEARBY,,
TEM-003704,public/ui/deeds/prog_engineering_50.webp,Ui,IMAGE_TEXTURE,,,PENDING,,,,,,,FOUND_NEARBY,,
TEM-003705,public/ui/deeds/pvp_fiesta_powerups.webp,Ui,IMAGE_TEXTURE,,,PENDING,,,,,,,FOUND_NEARBY,,
TEM-003706,public/ui/deeds/dgn_mark_circuit.webp,Ui,IMAGE_TEXTURE,,,PENDING,,,,,,,FOUND_NEARBY,,
TEM-003707,public/ui/deeds/dlv_reliquary.webp,Ui,IMAGE_TEXTURE,,,PENDING,,,,,,,FOUND_NEARBY,,
TEM-003708,public/ui/deeds/dgn_sunken_bastion.webp,Ui,IMAGE_TEXTURE,,,PENDING,,,,,,,FOUND_NEARBY,,
TEM-003709,public/ui/deeds/col_set_crownforged.webp,Ui,IMAGE_TEXTURE,,,PENDING,,,,,,,FOUND_NEARBY,,
TEM-003710,public/ui/deeds/col_set_vale_arcanist.webp,Ui,IMAGE_TEXTURE,,,PENDING,,,,,,,FOUND_NEARBY,,
TEM-003711,public/ui/deeds/soc_by_ravens_wing.webp,Ui,IMAGE_TEXTURE,,,PENDING,,,,,,,FOUND_NEARBY,,
TEM-003712,public/ui/deeds/prog_fishing_100.webp,Ui,IMAGE_TEXTURE,,,PENDING,,,,,,,FOUND_NEARBY,,
TEM-003713,public/ui/deeds/exp_marsh_wayfarer.webp,Ui,IMAGE_TEXTURE,,,PENDING,,,,,,,FOUND_NEARBY,,
TEM-003714,public/ui/deeds/chr_marsh_rares_ii.webp,Ui,IMAGE_TEXTURE,,,PENDING,,,,,,,FOUND_NEARBY,,
TEM-003715,public/ui/deeds/soc_salvage_50.webp,Ui,IMAGE_TEXTURE,,,PENDING,,,,,,,FOUND_NEARBY,,
TEM-003716,public/ui/deeds/pvp_duel_first_win.webp,Ui,IMAGE_TEXTURE,,,PENDING,,,,,,,FOUND_NEARBY,,
TEM-003717,public/ui/deeds/pvp_fiesta_five_kills.webp,Ui,IMAGE_TEXTURE,,,PENDING,,,,,,,FOUND_NEARBY,,
TEM-003718,public/ui/deeds/cmb_slayer.webp,Ui,IMAGE_TEXTURE,,,PENDING,,,,,,,FOUND_NEARBY,,
TEM-003719,public/ui/deeds/col_set_stormcallers.webp,Ui,IMAGE_TEXTURE,,,PENDING,,,,,,,FOUND_NEARBY,,
TEM-003720,public/ui/deeds/prog_grandmaster_leatherworking.webp,Ui,IMAGE_TEXTURE,,,PENDING,,,,,,,FOUND_NEARBY,,
TEM-003721,public/ui/deeds/soc_civic_duty.webp,Ui,IMAGE_TEXTURE,,,PENDING,,,,,,,FOUND_NEARBY,,
TEM-003722,public/ui/deeds/soc_full_house.webp,Ui,IMAGE_TEXTURE,,,PENDING,,,,,,,FOUND_NEARBY,,
TEM-003723,public/ui/deeds/col_set_soulflame.webp,Ui,IMAGE_TEXTURE,,,PENDING,,,,,,,FOUND_NEARBY,,
TEM-003724,public/ui/deeds/prog_veteran.webp,Ui,IMAGE_TEXTURE,,,PENDING,,,,,,,FOUND_NEARBY,,
TEM-003725,public/ui/deeds/prog_around_the_ring.webp,Ui,IMAGE_TEXTURE,,,PENDING,,,,,,,FOUND_NEARBY,,
TEM-003726,public/ui/deeds/dgn_drowned_temple.webp,Ui,IMAGE_TEXTURE,,,PENDING,,,,,,,FOUND_NEARBY,,
TEM-003727,public/ui/deeds/prog_guildsworn.webp,Ui,IMAGE_TEXTURE,,,PENDING,,,,,,,FOUND_NEARBY,,
TEM-003728,public/ui/deeds/hid_bountiful_coffer.webp,Ui,IMAGE_TEXTURE,,,PENDING,,,,,,,FOUND_NEARBY,,
TEM-003729,public/ui/deeds/pvp_fiesta_shutdown.webp,Ui,IMAGE_TEXTURE,,,PENDING,,,,,,,FOUND_NEARBY,,
TEM-003730,public/ui/deeds/hid_fall_death.webp,Ui,IMAGE_TEXTURE,,,PENDING,,,,,,,FOUND_NEARBY,,
TEM-003731,public/ui/deeds/pvp_fiesta_full_build.webp,Ui,IMAGE_TEXTURE,,,PENDING,,,,,,,FOUND_NEARBY,,
TEM-003732,public/ui/deeds/soc_market_magnate.webp,Ui,IMAGE_TEXTURE,,,PENDING,,,,,,,FOUND_NEARBY,,
TEM-003733,public/ui/deeds/soc_pocket_money.webp,Ui,IMAGE_TEXTURE,,,PENDING,,,,,,,FOUND_NEARBY,,
TEM-003734,public/ui/deeds/pvp_arena_1v1_1750.webp,Ui,IMAGE_TEXTURE,,,PENDING,,,,,,,FOUND_NEARBY,,
TEM-003735,public/ui/deeds/prog_level_cap.webp,Ui,IMAGE_TEXTURE,,,PENDING,,,,,,,FOUND_NEARBY,,
TEM-003736,public/ui/deeds/exp_peaks_wayfarer.webp,Ui,IMAGE_TEXTURE,,,PENDING,,,,,,,FOUND_NEARBY,,
TEM-003737,public/ui/deeds/chr_galecrest_gatherer.webp,Ui,IMAGE_TEXTURE,,,PENDING,,,,,,,FOUND_NEARBY,,
TEM-003738,public/ui/deeds/soc_meet_bursar.webp,Ui,IMAGE_TEXTURE,,,PENDING,,,,,,,FOUND_NEARBY,,
TEM-003739,public/ui/deeds/chr_gleamstag.webp,Ui,IMAGE_TEXTURE,,,PENDING,,,,,,,FOUND_NEARBY,,
TEM-003740,public/ui/deeds/prog_alchemy_50.webp,Ui,IMAGE_TEXTURE,,,PENDING,,,,,,,FOUND_NEARBY,,
TEM-003741,public/ui/deeds/chr_marsh_chapter_i.webp,Ui,IMAGE_TEXTURE,,,PENDING,,,,,,,FOUND_NEARBY,,
TEM-003742,public/ui/deeds/hid_roll_hundred.webp,Ui,IMAGE_TEXTURE,,,PENDING,,,,,,,FOUND_NEARBY,,
TEM-003743,public/ui/deeds/dgn_wildheart_basin.webp,Ui,IMAGE_TEXTURE,,,PENDING,,,,,,,FOUND_NEARBY,,
TEM-003744,public/ui/deeds/col_discovery_25.webp,Ui,IMAGE_TEXTURE,,,PENDING,,,,,,,FOUND_NEARBY,,
TEM-003745,public/ui/deeds/chr_peaks_moongate.webp,Ui,IMAGE_TEXTURE,,,PENDING,,,,,,,FOUND_NEARBY,,
TEM-003746,public/ui/deeds/col_discovery_75.webp,Ui,IMAGE_TEXTURE,,,PENDING,,,,,,,FOUND_NEARBY,,
TEM-003747,public/ui/deeds/dgn_nythraxis_wardens.webp,Ui,IMAGE_TEXTURE,,,PENDING,,,,,,,FOUND_NEARBY,,
TEM-003748,public/ui/deeds/soc_steady_custom.webp,Ui,IMAGE_TEXTURE,,,PENDING,,,,,,,FOUND_NEARBY,,
TEM-003749,public/ui/deeds/chr_peaks_rares.webp,Ui,IMAGE_TEXTURE,,,PENDING,,,,,,,FOUND_NEARBY,,
TEM-003750,public/ui/deeds/prog_grandmaster_engineering.webp,Ui,IMAGE_TEXTURE,,,PENDING,,,,,,,FOUND_NEARBY,,
TEM-003751,public/ui/deeds/prog_champion.webp,Ui,IMAGE_TEXTURE,,,PENDING,,,,,,,FOUND_NEARBY,,
TEM-003752,public/ui/deeds/prog_paragon.webp,Ui,IMAGE_TEXTURE,,,PENDING,,,,,,,FOUND_NEARBY,,
TEM-003753,public/ui/deeds/cmb_first_fall.webp,Ui,IMAGE_TEXTURE,,,PENDING,,,,,,,FOUND_NEARBY,,
TEM-003754,public/ui/deeds/dlv_litany.webp,Ui,IMAGE_TEXTURE,,,PENDING,,,,,,,FOUND_NEARBY,,
TEM-003755,public/ui/deeds/chr_farshore_first_cast.webp,Ui,IMAGE_TEXTURE,,,PENDING,,,,,,,FOUND_NEARBY,,
TEM-003756,public/ui/deeds/chr_willowfen_gatherer.webp,Ui,IMAGE_TEXTURE,,,PENDING,,,,,,,FOUND_NEARBY,,
TEM-003757,public/ui/deeds/dgn_korzul_flawless.webp,Ui,IMAGE_TEXTURE,,,PENDING,,,,,,,FOUND_NEARBY,,
TEM-003758,public/ui/deeds/dlv_lore_journal.webp,Ui,IMAGE_TEXTURE,,,PENDING,,,,,,,FOUND_NEARBY,,
TEM-003759,public/ui/deeds/pvp_card_duel_first_win.webp,Ui,IMAGE_TEXTURE,,,PENDING,,,,,,,FOUND_NEARBY,,
TEM-003760,public/ui/deeds/dlv_companions_both.webp,Ui,IMAGE_TEXTURE,,,PENDING,,,,,,,FOUND_NEARBY,,
TEM-003761,public/ui/deeds/dgn_gravewyrm_sanctum_heroic.webp,Ui,IMAGE_TEXTURE,,,PENDING,,,,,,,FOUND_NEARBY,,
TEM-003762,public/ui/deeds/prog_grandmaster_enchanting.webp,Ui,IMAGE_TEXTURE,,,PENDING,,,,,,,FOUND_NEARBY,,
TEM-003763,public/ui/deeds/col_full_creel.webp,Ui,IMAGE_TEXTURE,,,PENDING,,,,,,,FOUND_NEARBY,,
TEM-003764,public/ui/deeds/prog_grandmaster_alchemy.webp,Ui,IMAGE_TEXTURE,,,PENDING,,,,,,,FOUND_NEARBY,,
TEM-003765,public/ui/deeds/chr_galecrest_first_cast.webp,Ui,IMAGE_TEXTURE,,,PENDING,,,,,,,FOUND_NEARBY,,
TEM-003766,public/ui/deeds/prog_prestige.webp,Ui,IMAGE_TEXTURE,,,PENDING,,,,,,,FOUND_NEARBY,,
TEM-003767,public/ui/deeds/dgn_drowned_temple_heroic.webp,Ui,IMAGE_TEXTURE,,,PENDING,,,,,,,FOUND_NEARBY,,
TEM-003768,public/ui/deeds/cmb_giantslayer.webp,Ui,IMAGE_TEXTURE,,,PENDING,,,,,,,FOUND_NEARBY,,
TEM-003769,public/ui/deeds/prog_grandmaster_tailoring.webp,Ui,IMAGE_TEXTURE,,,PENDING,,,,,,,FOUND_NEARBY,,
TEM-003770,public/ui/deeds/pvp_arena_2v2_1900.webp,Ui,IMAGE_TEXTURE,,,PENDING,,,,,,,FOUND_NEARBY,,
TEM-003771,public/ui/deeds/soc_wyrms_hoard.webp,Ui,IMAGE_TEXTURE,,,PENDING,,,,,,,FOUND_NEARBY,,
TEM-003772,public/ui/deeds/exp_vale_wayfarer.webp,Ui,IMAGE_TEXTURE,,,PENDING,,,,,,,FOUND_NEARBY,,
TEM-003773,public/ui/cursors/arrow.png,Ui,IMAGE_TEXTURE,,,PENDING,,,,,,,FOUND_NEARBY,,
TEM-003774,public/ui/cursors/hand-grab.png,Ui,IMAGE_TEXTURE,,,PENDING,,,,,,,FOUND_NEARBY,,
TEM-003775,public/ui/cursors/gauntlet.png,Ui,IMAGE_TEXTURE,,,PENDING,,,,,,,FOUND_NEARBY,,
TEM-003776,public/ui/cursors/friendly-shield.png,Ui,IMAGE_TEXTURE,,,PENDING,,,,,,,FOUND_NEARBY,,
TEM-003777,public/ui/cursors/attack-sword.png,Ui,IMAGE_TEXTURE,,,PENDING,,,,,,,FOUND_NEARBY,,
TEM-003778,public/ui/cursors/hand-default.png,Ui,IMAGE_TEXTURE,,,PENDING,,,,,,,FOUND_NEARBY,,
TEM-003779,public/ui/dungeons/bound_guardian.webp,Ui,IMAGE_TEXTURE,,,PENDING,,,,,,,FOUND_NEARBY,,
TEM-003780,public/ui/dungeons/choirmother_selthe.webp,Ui,IMAGE_TEXTURE,,,PENDING,,,,,,,FOUND_NEARBY,,
TEM-003781,public/ui/dungeons/grand_necromancer_velkhar.webp,Ui,IMAGE_TEXTURE,,,PENDING,,,,,,,FOUND_NEARBY,,
TEM-003782,public/ui/dungeons/korzul_the_gravewyrm.webp,Ui,IMAGE_TEXTURE,,,PENDING,,,,,,,FOUND_NEARBY,,
TEM-003783,public/ui/dungeons/sexton_marrow.webp,Ui,IMAGE_TEXTURE,,,PENDING,,,,,,,FOUND_NEARBY,,
TEM-003784,public/ui/dungeons/deathstalker_voss.webp,Ui,IMAGE_TEXTURE,,,PENDING,,,,,,,FOUND_NEARBY,,
TEM-003785,public/ui/dungeons/ysolei.webp,Ui,IMAGE_TEXTURE,,,PENDING,,,,,,,FOUND_NEARBY,,
TEM-003786,public/ui/dungeons/vael_the_mistcaller.webp,Ui,IMAGE_TEXTURE,,,PENDING,,,,,,,FOUND_NEARBY,,
TEM-003787,public/ui/dungeons/fallen_captain_aldren.webp,Ui,IMAGE_TEXTURE,,,PENDING,,,,,,,FOUND_NEARBY,,
TEM-003788,public/ui/dungeons/knight_commander_olen.webp,Ui,IMAGE_TEXTURE,,,PENDING,,,,,,,FOUND_NEARBY,,
TEM-003789,public/ui/dungeons/nythraxis_scourge_of_thornpeak.webp,Ui,IMAGE_TEXTURE,,,PENDING,,,,,,,FOUND_NEARBY,,
TEM-003790,public/ui/dungeons/morthen.webp,Ui,IMAGE_TEXTURE,,,PENDING,,,,,,,FOUND_NEARBY,,
TEM-003791,public/ui/dungeons/korgath_the_bound.webp,Ui,IMAGE_TEXTURE,,,PENDING,,,,,,,FOUND_NEARBY,,
TEM-003792,public/ui/dungeons/corrupted_priest_malric.webp,Ui,IMAGE_TEXTURE,,,PENDING,,,,,,,FOUND_NEARBY,,
TEM-003793,public/ui/weapons/axe_c.jpg,Ui,IMAGE_TEXTURE,,,PENDING,,,,,,,FOUND_NEARBY,,
TEM-003794,public/ui/weapons/encore_the_second_falling_star.jpg,Ui,IMAGE_TEXTURE,,,PENDING,,,,,,,FOUND_NEARBY,,
TEM-003795,public/ui/weapons/staff_b.jpg,Ui,IMAGE_TEXTURE,,,PENDING,,,,,,,FOUND_NEARBY,,
TEM-003796,public/ui/weapons/spear_a.jpg,Ui,IMAGE_TEXTURE,,,PENDING,,,,,,,FOUND_NEARBY,,
TEM-003797,public/ui/weapons/sword_e.jpg,Ui,IMAGE_TEXTURE,,,PENDING,,,,,,,FOUND_NEARBY,,
TEM-003798,public/ui/weapons/adv_wand.jpg,Ui,IMAGE_TEXTURE,,,PENDING,,,,,,,FOUND_NEARBY,,
TEM-003799,public/ui/weapons/adv_sword_2handed_color.jpg,Ui,IMAGE_TEXTURE,,,PENDING,,,,,,,FOUND_NEARBY,,
TEM-003800,public/ui/weapons/notched_woodaxe.jpg,Ui,IMAGE_TEXTURE,,,PENDING,,,,,,,FOUND_NEARBY,,
TEM-003801,public/ui/weapons/meteorlatch_the_sky_s_last_judgment.jpg,Ui,IMAGE_TEXTURE,,,PENDING,,,,,,,FOUND_NEARBY,,
TEM-003802,public/ui/weapons/peeled_birch_wand.jpg,Ui,IMAGE_TEXTURE,,,PENDING,,,,,,,FOUND_NEARBY,,
TEM-003803,public/ui/weapons/ashspark_shiv.jpg,Ui,IMAGE_TEXTURE,,,PENDING,,,,,,,FOUND_NEARBY,,
TEM-003804,public/ui/weapons/hoarfrost_vigil.jpg,Ui,IMAGE_TEXTURE,,,PENDING,,,,,,,FOUND_NEARBY,,
TEM-003805,public/ui/weapons/axe_b.jpg,Ui,IMAGE_TEXTURE,,,PENDING,,,,,,,FOUND_NEARBY,,
TEM-003806,public/ui/weapons/adv_axe_1handed.jpg,Ui,IMAGE_TEXTURE,,,PENDING,,,,,,,FOUND_NEARBY,,
TEM-003807,public/ui/weapons/purple_axe.jpg,Ui,IMAGE_TEXTURE,,,PENDING,,,,,,,FOUND_NEARBY,,
TEM-003808,public/ui/weapons/smoulderfall.jpg,Ui,IMAGE_TEXTURE,,,PENDING,,,,,,,FOUND_NEARBY,,
TEM-003809,public/ui/weapons/axe_a.jpg,Ui,IMAGE_TEXTURE,,,PENDING,,,,,,,FOUND_NEARBY,,
TEM-003810,public/ui/weapons/glaciersplit.jpg,Ui,IMAGE_TEXTURE,,,PENDING,,,,,,,FOUND_NEARBY,,
TEM-003811,public/ui/weapons/brasscrown_walking_staff.jpg,Ui,IMAGE_TEXTURE,,,PENDING,,,,,,,FOUND_NEARBY,,
TEM-003812,public/ui/weapons/hammer_c.jpg,Ui,IMAGE_TEXTURE,,,PENDING,,,,,,,FOUND_NEARBY,,
TEM-003813,public/ui/weapons/guildmark_arming_sword.jpg,Ui,IMAGE_TEXTURE,,,PENDING,,,,,,,FOUND_NEARBY,,
TEM-003814,public/ui/weapons/wand_b.jpg,Ui,IMAGE_TEXTURE,,,PENDING,,,,,,,FOUND_NEARBY,,
TEM-003815,public/ui/weapons/halberd.jpg,Ui,IMAGE_TEXTURE,,,PENDING,,,,,,,FOUND_NEARBY,,
TEM-003816,public/ui/weapons/knotted_oak_stave.jpg,Ui,IMAGE_TEXTURE,,,PENDING,,,,,,,FOUND_NEARBY,,
TEM-003817,public/ui/weapons/redskull_dagger.jpg,Ui,IMAGE_TEXTURE,,,PENDING,,,,,,,FOUND_NEARBY,,
TEM-003818,public/ui/weapons/tempered_flanged_mace.jpg,Ui,IMAGE_TEXTURE,,,PENDING,,,,,,,FOUND_NEARBY,,
TEM-003819,public/ui/weapons/emberbite.jpg,Ui,IMAGE_TEXTURE,,,PENDING,,,,,,,FOUND_NEARBY,,
TEM-003820,public/ui/weapons/sword_d.jpg,Ui,IMAGE_TEXTURE,,,PENDING,,,,,,,FOUND_NEARBY,,
TEM-003821,public/ui/weapons/scythe.jpg,Ui,IMAGE_TEXTURE,,,PENDING,,,,,,,FOUND_NEARBY,,
TEM-003822,public/ui/weapons/sword_c.jpg,Ui,IMAGE_TEXTURE,,,PENDING,,,,,,,FOUND_NEARBY,,
TEM-003823,public/ui/weapons/purple_sword.jpg,Ui,IMAGE_TEXTURE,,,PENDING,,,,,,,FOUND_NEARBY,,
TEM-003824,public/ui/weapons/staff_c.jpg,Ui,IMAGE_TEXTURE,,,PENDING,,,,,,,FOUND_NEARBY,,
TEM-003825,public/ui/weapons/dagger_a.jpg,Ui,IMAGE_TEXTURE,,,PENDING,,,,,,,FOUND_NEARBY,,
TEM-003826,public/ui/weapons/purple_wand.jpg,Ui,IMAGE_TEXTURE,,,PENDING,,,,,,,FOUND_NEARBY,,
TEM-003827,public/ui/weapons/astravyr_fang_of_the_fallen_star.jpg,Ui,IMAGE_TEXTURE,,,PENDING,,,,,,,FOUND_NEARBY,,
TEM-003828,public/ui/weapons/adv_dagger.jpg,Ui,IMAGE_TEXTURE,,,PENDING,,,,,,,FOUND_NEARBY,,
TEM-003829,public/ui/weapons/forgeheart_stave.jpg,Ui,IMAGE_TEXTURE,,,PENDING,,,,,,,FOUND_NEARBY,,
TEM-003830,public/ui/weapons/dagger_c.jpg,Ui,IMAGE_TEXTURE,,,PENDING,,,,,,,FOUND_NEARBY,,
TEM-003831,public/ui/weapons/whittler_s_knife.jpg,Ui,IMAGE_TEXTURE,,,PENDING,,,,,,,FOUND_NEARBY,,
TEM-003832,public/ui/weapons/adv_sword_1handed.jpg,Ui,IMAGE_TEXTURE,,,PENDING,,,,,,,FOUND_NEARBY,,
TEM-003833,public/ui/weapons/dagger_b.jpg,Ui,IMAGE_TEXTURE,,,PENDING,,,,,,,FOUND_NEARBY,,
TEM-003834,public/ui/weapons/brasscap_hatchet.jpg,Ui,IMAGE_TEXTURE,,,PENDING,,,,,,,FOUND_NEARBY,,
TEM-003835,public/ui/weapons/rimecrusher.jpg,Ui,IMAGE_TEXTURE,,,PENDING,,,,,,,FOUND_NEARBY,,
TEM-003836,public/ui/weapons/sword_g.jpg,Ui,IMAGE_TEXTURE,,,PENDING,,,,,,,FOUND_NEARBY,,
TEM-003837,public/ui/weapons/frostbite.jpg,Ui,IMAGE_TEXTURE,,,PENDING,,,,,,,FOUND_NEARBY,,
TEM-003838,public/ui/weapons/skyrender_the_firmament_s_wound.jpg,Ui,IMAGE_TEXTURE,,,PENDING,,,,,,,FOUND_NEARBY,,
TEM-003839,public/ui/weapons/purple_staff.jpg,Ui,IMAGE_TEXTURE,,,PENDING,,,,,,,FOUND_NEARBY,,
TEM-003840,public/ui/weapons/hammer_b.jpg,Ui,IMAGE_TEXTURE,,,PENDING,,,,,,,FOUND_NEARBY,,
TEM-003841,public/ui/weapons/lacquered_rod.jpg,Ui,IMAGE_TEXTURE,,,PENDING,,,,,,,FOUND_NEARBY,,
TEM-003842,public/ui/weapons/sword_f.jpg,Ui,IMAGE_TEXTURE,,,PENDING,,,,,,,FOUND_NEARBY,,
TEM-003843,public/ui/weapons/staff_a.jpg,Ui,IMAGE_TEXTURE,,,PENDING,,,,,,,FOUND_NEARBY,,
TEM-003844,public/ui/weapons/redskull_staff.jpg,Ui,IMAGE_TEXTURE,,,PENDING,,,,,,,FOUND_NEARBY,,
TEM-003845,public/ui/weapons/adv_sword_2handed.jpg,Ui,IMAGE_TEXTURE,,,PENDING,,,,,,,FOUND_NEARBY,,
TEM-003846,public/ui/weapons/axe_d.jpg,Ui,IMAGE_TEXTURE,,,PENDING,,,,,,,FOUND_NEARBY,,
TEM-003847,public/ui/weapons/redskull_wand.jpg,Ui,IMAGE_TEXTURE,,,PENDING,,,,,,,FOUND_NEARBY,,
TEM-003848,public/ui/weapons/winterbite.jpg,Ui,IMAGE_TEXTURE,,,PENDING,,,,,,,FOUND_NEARBY,,
TEM-003849,public/ui/weapons/redskull_sword.jpg,Ui,IMAGE_TEXTURE,,,PENDING,,,,,,,FOUND_NEARBY,,
TEM-003850,public/ui/weapons/emberfang_sword.jpg,Ui,IMAGE_TEXTURE,,,PENDING,,,,,,,FOUND_NEARBY,,
TEM-003851,public/ui/weapons/iron_field_hammer.jpg,Ui,IMAGE_TEXTURE,,,PENDING,,,,,,,FOUND_NEARBY,,
TEM-003852,public/ui/weapons/rude_awakening_sword.jpg,Ui,IMAGE_TEXTURE,,,PENDING,,,,,,,FOUND_NEARBY,,
TEM-003853,public/ui/weapons/cinderlatch.jpg,Ui,IMAGE_TEXTURE,,,PENDING,,,,,,,FOUND_NEARBY,,
TEM-003854,public/ui/weapons/ice_fang.jpg,Ui,IMAGE_TEXTURE,,,PENDING,,,,,,,FOUND_NEARBY,,
TEM-003855,public/ui/weapons/sword_b.jpg,Ui,IMAGE_TEXTURE,,,PENDING,,,,,,,FOUND_NEARBY,,
TEM-003856,public/ui/weapons/cosmarch_spire_of_the_endless_void.jpg,Ui,IMAGE_TEXTURE,,,PENDING,,,,,,,FOUND_NEARBY,,
TEM-003857,public/ui/weapons/solheim_last_light_of_the_dawn.jpg,Ui,IMAGE_TEXTURE,,,PENDING,,,,,,,FOUND_NEARBY,,
TEM-003858,public/ui/weapons/guildmark_dirk.jpg,Ui,IMAGE_TEXTURE,,,PENDING,,,,,,,FOUND_NEARBY,,
TEM-003859,public/ui/weapons/fletcher_s_guild_bow.jpg,Ui,IMAGE_TEXTURE,,,PENDING,,,,,,,FOUND_NEARBY,,
TEM-003860,public/ui/weapons/adv_staff.jpg,Ui,IMAGE_TEXTURE,,,PENDING,,,,,,,FOUND_NEARBY,,
TEM-003861,public/ui/weapons/redskull_hammer.jpg,Ui,IMAGE_TEXTURE,,,PENDING,,,,,,,FOUND_NEARBY,,
TEM-003862,public/ui/weapons/cinderbrand.jpg,Ui,IMAGE_TEXTURE,,,PENDING,,,,,,,FOUND_NEARBY,,
TEM-003863,public/ui/weapons/hammer_d.jpg,Ui,IMAGE_TEXTURE,,,PENDING,,,,,,,FOUND_NEARBY,,
TEM-003864,public/ui/weapons/purple_dagger.jpg,Ui,IMAGE_TEXTURE,,,PENDING,,,,,,,FOUND_NEARBY,,
TEM-003865,public/ui/weapons/simple_farmhand_crossbow.jpg,Ui,IMAGE_TEXTURE,,,PENDING,,,,,,,FOUND_NEARBY,,
TEM-003866,public/ui/weapons/emberwish_mote_of_the_dying_sun.jpg,Ui,IMAGE_TEXTURE,,,PENDING,,,,,,,FOUND_NEARBY,,
TEM-003867,public/ui/weapons/adv_axe_2handed.jpg,Ui,IMAGE_TEXTURE,,,PENDING,,,,,,,FOUND_NEARBY,,
TEM-003868,public/ui/weapons/staff_d.jpg,Ui,IMAGE_TEXTURE,,,PENDING,,,,,,,FOUND_NEARBY,,
TEM-003869,public/ui/weapons/wand_a.jpg,Ui,IMAGE_TEXTURE,,,PENDING,,,,,,,FOUND_NEARBY,,
TEM-003870,public/ui/weapons/starfall_judgment_of_the_heavens.jpg,Ui,IMAGE_TEXTURE,,,PENDING,,,,,,,FOUND_NEARBY,,
TEM-003871,public/ui/weapons/adv_druid_staff.jpg,Ui,IMAGE_TEXTURE,,,PENDING,,,,,,,FOUND_NEARBY,,
TEM-003872,public/ui/weapons/wrought_iron_longsword.jpg,Ui,IMAGE_TEXTURE,,,PENDING,,,,,,,FOUND_NEARBY,,
TEM-003873,public/ui/weapons/sword_a.jpg,Ui,IMAGE_TEXTURE,,,PENDING,,,,,,,FOUND_NEARBY,,
TEM-003874,public/ui/weapons/shard_of_everwinter.jpg,Ui,IMAGE_TEXTURE,,,PENDING,,,,,,,FOUND_NEARBY,,
TEM-003875,public/ui/weapons/hammer_a.jpg,Ui,IMAGE_TEXTURE,,,PENDING,,,,,,,FOUND_NEARBY,,
TEM-003876,public/ui/weapons/emberwrought_wand.jpg,Ui,IMAGE_TEXTURE,,,PENDING,,,,,,,FOUND_NEARBY,,
TEM-003877,public/ui/professions/prof_engineering.webp,Ui,IMAGE_TEXTURE,,,PENDING,,,,,,,FOUND_NEARBY,,
TEM-003878,public/ui/professions/archetype_bombardier.webp,Ui,IMAGE_TEXTURE,,,PENDING,,,,,,,FOUND_NEARBY,,
TEM-003879,public/ui/professions/prof_inscription.webp,Ui,IMAGE_TEXTURE,,,PENDING,,,,,,,FOUND_NEARBY,,
TEM-003880,public/ui/professions/archetype_apothecary.webp,Ui,IMAGE_TEXTURE,,,PENDING,,,,,,,FOUND_NEARBY,,
TEM-003881,public/ui/professions/gather_mining.webp,Ui,IMAGE_TEXTURE,,,PENDING,,,,,,,FOUND_NEARBY,,
TEM-003882,public/ui/professions/archetype_gembinder.webp,Ui,IMAGE_TEXTURE,,,PENDING,,,,,,,FOUND_NEARBY,,
TEM-003883,public/ui/professions/archetype_mageweaver.webp,Ui,IMAGE_TEXTURE,,,PENDING,,,,,,,FOUND_NEARBY,,
TEM-003884,public/ui/professions/prof_enchanting.webp,Ui,IMAGE_TEXTURE,,,PENDING,,,,,,,FOUND_NEARBY,,
TEM-003885,public/ui/professions/archetype_smith.webp,Ui,IMAGE_TEXTURE,,,PENDING,,,,,,,FOUND_NEARBY,,
TEM-003886,public/ui/professions/prof_tailoring.webp,Ui,IMAGE_TEXTURE,,,PENDING,,,,,,,FOUND_NEARBY,,
TEM-003887,public/ui/professions/gather_herbalism.webp,Ui,IMAGE_TEXTURE,,,PENDING,,,,,,,FOUND_NEARBY,,
TEM-003888,public/ui/professions/prof_weaponcrafting.webp,Ui,IMAGE_TEXTURE,,,PENDING,,,,,,,FOUND_NEARBY,,
TEM-003889,public/ui/professions/archetype_outfitter.webp,Ui,IMAGE_TEXTURE,,,PENDING,,,,,,,FOUND_NEARBY,,
TEM-003890,public/ui/professions/archetype_cogsmith.webp,Ui,IMAGE_TEXTURE,,,PENDING,,,,,,,FOUND_NEARBY,,
TEM-003891,public/ui/professions/prof_cooking.webp,Ui,IMAGE_TEXTURE,,,PENDING,,,,,,,FOUND_NEARBY,,
TEM-003892,public/ui/professions/prof_jewelcrafting.webp,Ui,IMAGE_TEXTURE,,,PENDING,,,,,,,FOUND_NEARBY,,
TEM-003893,public/ui/professions/archetype_trapper.webp,Ui,IMAGE_TEXTURE,,,PENDING,,,,,,,FOUND_NEARBY,,
TEM-003894,public/ui/professions/prof_alchemy.webp,Ui,IMAGE_TEXTURE,,,PENDING,,,,,,,FOUND_NEARBY,,
TEM-003895,public/ui/professions/masterwork_seal.webp,Ui,IMAGE_TEXTURE,,,PENDING,,,,,,,FOUND_NEARBY,,
TEM-003896,public/ui/professions/gather_fishing.webp,Ui,IMAGE_TEXTURE,,,PENDING,,,,,,,FOUND_NEARBY,,
TEM-003897,public/ui/professions/archetype_arcanist.webp,Ui,IMAGE_TEXTURE,,,PENDING,,,,,,,FOUND_NEARBY,,
TEM-003898,public/ui/professions/archetype_bladewright.webp,Ui,IMAGE_TEXTURE,,,PENDING,,,,,,,FOUND_NEARBY,,
TEM-003899,public/ui/professions/prof_armorcrafting.webp,Ui,IMAGE_TEXTURE,,,PENDING,,,,,,,FOUND_NEARBY,,
TEM-003900,public/ui/professions/prof_leatherworking.webp,Ui,IMAGE_TEXTURE,,,PENDING,,,,,,,FOUND_NEARBY,,
TEM-003901,public/ui/professions/gather_logging.webp,Ui,IMAGE_TEXTURE,,,PENDING,,,,,,,FOUND_NEARBY,,
TEM-003902,public/ui/ranks/elite-dragon-frame.webp,Ui,IMAGE_TEXTURE,,,PENDING,,,,,,,FOUND_NEARBY,,
TEM-003903,public/ui/daily-rewards/treasure_chest.webp,Ui,IMAGE_TEXTURE,,,PENDING,,,,,,,FOUND_NEARBY,,
TEM-003904,public/ui/procs/frost-phoenix-v1.webp,Ui,IMAGE_TEXTURE,,,PENDING,,,,,,,FOUND_NEARBY,,
TEM-003905,public/ui/procs/fire-phoenix-v2.webp,Ui,IMAGE_TEXTURE,,,PENDING,,,,,,,FOUND_NEARBY,,
TEM-003906,public/ui/procs/chronomancy-phoenix-v2.webp,Ui,IMAGE_TEXTURE,,,PENDING,,,,,,,FOUND_NEARBY,,
TEM-003907,public/ui/store/season-01-armory-promo.webp,Ui,IMAGE_TEXTURE,,,PENDING,,,,,,,FOUND_NEARBY,,
TEM-003908,public/ui/specs/warrior/prot.webp,Ui,IMAGE_TEXTURE,,,PENDING,,,,,,,FOUND_NEARBY,,
TEM-003909,public/ui/specs/warrior/arms.webp,Ui,IMAGE_TEXTURE,,,PENDING,,,,,,,FOUND_NEARBY,,
TEM-003910,public/ui/specs/warrior/fury.webp,Ui,IMAGE_TEXTURE,,,PENDING,,,,,,,FOUND_NEARBY,,
TEM-003911,public/ui/specs/mage/frost.png,Ui,IMAGE_TEXTURE,,,PENDING,,,,,,,FOUND_NEARBY,,
TEM-003912,public/ui/specs/mage/arcane.png,Ui,IMAGE_TEXTURE,,,PENDING,,,,,,,FOUND_NEARBY,,
TEM-003913,public/ui/specs/mage/fire.png,Ui,IMAGE_TEXTURE,,,PENDING,,,,,,,FOUND_NEARBY,,
TEM-003914,public/ui/store/armory/cinderlatch_crossbow.webp,Ui,IMAGE_TEXTURE,,,PENDING,,,,,,,FOUND_NEARBY,,
TEM-003915,public/ui/store/armory/emberwish_wand.webp,Ui,IMAGE_TEXTURE,,,PENDING,,,,,,,FOUND_NEARBY,,
TEM-003916,public/ui/store/armory/emberwrought_wand.webp,Ui,IMAGE_TEXTURE,,,PENDING,,,,,,,FOUND_NEARBY,,
TEM-003917,public/ui/store/armory/lacquered_wand.webp,Ui,IMAGE_TEXTURE,,,PENDING,,,,,,,FOUND_NEARBY,,
TEM-003918,public/ui/store/armory/brasscrown_staff.webp,Ui,IMAGE_TEXTURE,,,PENDING,,,,,,,FOUND_NEARBY,,
TEM-003919,public/ui/store/armory/winterbite.webp,Ui,IMAGE_TEXTURE,,,PENDING,,,,,,,FOUND_NEARBY,,
TEM-003920,public/ui/store/armory/solheim_sword.webp,Ui,IMAGE_TEXTURE,,,PENDING,,,,,,,FOUND_NEARBY,,
TEM-003921,public/ui/store/armory/guildmark_dirk.webp,Ui,IMAGE_TEXTURE,,,PENDING,,,,,,,FOUND_NEARBY,,
TEM-003922,public/ui/store/armory/encore_bow.webp,Ui,IMAGE_TEXTURE,,,PENDING,,,,,,,FOUND_NEARBY,,
TEM-003923,public/ui/store/armory/glaciersplit_axe.webp,Ui,IMAGE_TEXTURE,,,PENDING,,,,,,,FOUND_NEARBY,,
TEM-003924,public/ui/store/armory/forgeheart_staff.webp,Ui,IMAGE_TEXTURE,,,PENDING,,,,,,,FOUND_NEARBY,,
TEM-003925,public/ui/store/armory/frostbite_dagger.webp,Ui,IMAGE_TEXTURE,,,PENDING,,,,,,,FOUND_NEARBY,,
TEM-003926,public/ui/store/armory/cosmarch_staff.webp,Ui,IMAGE_TEXTURE,,,PENDING,,,,,,,FOUND_NEARBY,,
TEM-003927,public/ui/store/armory/smoulderfall_mace.webp,Ui,IMAGE_TEXTURE,,,PENDING,,,,,,,FOUND_NEARBY,,
TEM-003928,public/ui/store/armory/rimecrusher_mace.webp,Ui,IMAGE_TEXTURE,,,PENDING,,,,,,,FOUND_NEARBY,,
TEM-003929,public/ui/store/armory/starfall_mace.webp,Ui,IMAGE_TEXTURE,,,PENDING,,,,,,,FOUND_NEARBY,,
TEM-003930,public/ui/store/armory/everwinter_wand.webp,Ui,IMAGE_TEXTURE,,,PENDING,,,,,,,FOUND_NEARBY,,
TEM-003931,public/ui/store/armory/ashspark_dagger.webp,Ui,IMAGE_TEXTURE,,,PENDING,,,,,,,FOUND_NEARBY,,
TEM-003932,public/ui/store/armory/astravyr_dagger.webp,Ui,IMAGE_TEXTURE,,,PENDING,,,,,,,FOUND_NEARBY,,
TEM-003933,public/ui/store/armory/ice_fang_sword.webp,Ui,IMAGE_TEXTURE,,,PENDING,,,,,,,FOUND_NEARBY,,
TEM-003934,public/ui/store/armory/guildmark_arming_sword.webp,Ui,IMAGE_TEXTURE,,,PENDING,,,,,,,FOUND_NEARBY,,
TEM-003935,public/ui/store/armory/hoarfrost_vigil_staff.webp,Ui,IMAGE_TEXTURE,,,PENDING,,,,,,,FOUND_NEARBY,,
TEM-003936,public/ui/store/armory/emberbite_axe.webp,Ui,IMAGE_TEXTURE,,,PENDING,,,,,,,FOUND_NEARBY,,
TEM-003937,public/ui/store/armory/cinderbrand_sword.webp,Ui,IMAGE_TEXTURE,,,PENDING,,,,,,,FOUND_NEARBY,,
TEM-003938,public/ui/store/armory/skyrender_axe.webp,Ui,IMAGE_TEXTURE,,,PENDING,,,,,,,FOUND_NEARBY,,
TEM-003939,public/ui/store/armory/tempered_flanged_mace.webp,Ui,IMAGE_TEXTURE,,,PENDING,,,,,,,FOUND_NEARBY,,
TEM-003940,public/ui/store/armory/meteorlatch_crossbow.webp,Ui,IMAGE_TEXTURE,,,PENDING,,,,,,,FOUND_NEARBY,,
TEM-003941,public/ui/store/armory/fletcher_s_guild_bow.webp,Ui,IMAGE_TEXTURE,,,PENDING,,,,,,,FOUND_NEARBY,,
TEM-003942,public/ui/store/armory/brasscap_axe.webp,Ui,IMAGE_TEXTURE,,,PENDING,,,,,,,FOUND_NEARBY,,
TEM-003943,public/ui/skills/warrior/diabolical_twinstrike.webp,Ui,IMAGE_TEXTURE,,,PENDING,,,,,,,FOUND_NEARBY,,
TEM-003944,public/ui/skills/warrior/battle_rhythm.webp,Ui,IMAGE_TEXTURE,,,PENDING,,,,,,,FOUND_NEARBY,,
TEM-003945,public/ui/skills/warrior/second_wind.webp,Ui,IMAGE_TEXTURE,,,PENDING,,,,,,,FOUND_NEARBY,,
TEM-003946,public/ui/skills/warrior/shield_slam.webp,Ui,IMAGE_TEXTURE,,,PENDING,,,,,,,FOUND_NEARBY,,
TEM-003947,public/ui/skills/warrior/deep_wounds.webp,Ui,IMAGE_TEXTURE,,,PENDING,,,,,,,FOUND_NEARBY,,
TEM-003948,public/ui/skills/warrior/cleave.webp,Ui,IMAGE_TEXTURE,,,PENDING,,,,,,,FOUND_NEARBY,,
TEM-003949,public/ui/skills/warrior/battle_stance.webp,Ui,IMAGE_TEXTURE,,,PENDING,,,,,,,FOUND_NEARBY,,
TEM-003950,public/ui/skills/warrior/berserker_stance.webp,Ui,IMAGE_TEXTURE,,,PENDING,,,,,,,FOUND_NEARBY,,
TEM-003951,public/ui/skills/warrior/lingering_dread.webp,Ui,IMAGE_TEXTURE,,,PENDING,,,,,,,FOUND_NEARBY,,
TEM-003952,public/ui/skills/warrior/execute.webp,Ui,IMAGE_TEXTURE,,,PENDING,,,,,,,FOUND_NEARBY,,
TEM-003953,public/ui/skills/warrior/defiant_bellow.webp,Ui,IMAGE_TEXTURE,,,PENDING,,,,,,,FOUND_NEARBY,,
TEM-003954,public/ui/skills/warrior/sport_boot.webp,Ui,IMAGE_TEXTURE,,,PENDING,,,,,,,FOUND_NEARBY,,
TEM-003955,public/ui/skills/warrior/seasoned_soldier.webp,Ui,IMAGE_TEXTURE,,,PENDING,,,,,,,FOUND_NEARBY,,
TEM-003956,public/ui/skills/warrior/sport_hoof.webp,Ui,IMAGE_TEXTURE,,,PENDING,,,,,,,FOUND_NEARBY,,
TEM-003957,public/ui/skills/warrior/iron_resolve.webp,Ui,IMAGE_TEXTURE,,,PENDING,,,,,,,FOUND_NEARBY,,
TEM-003958,public/ui/skills/warrior/combat_mastery.webp,Ui,IMAGE_TEXTURE,,,PENDING,,,,,,,FOUND_NEARBY,,
TEM-003959,public/ui/skills/warrior/sport_feint.webp,Ui,IMAGE_TEXTURE,,,PENDING,,,,,,,FOUND_NEARBY,,
TEM-003960,public/ui/skills/warrior/raging_gale.webp,Ui,IMAGE_TEXTURE,,,PENDING,,,,,,,FOUND_NEARBY,,
TEM-003961,public/ui/skills/warrior/revenge.webp,Ui,IMAGE_TEXTURE,,,PENDING,,,,,,,FOUND_NEARBY,,
TEM-003962,public/ui/skills/warrior/sport_shoulder.webp,Ui,IMAGE_TEXTURE,,,PENDING,,,,,,,FOUND_NEARBY,,
TEM-003963,public/ui/skills/warrior/whirlwind.webp,Ui,IMAGE_TEXTURE,,,PENDING,,,,,,,FOUND_NEARBY,,
TEM-003964,public/ui/skills/warrior/sanguine_aura.webp,Ui,IMAGE_TEXTURE,,,PENDING,,,,,,,FOUND_NEARBY,,
TEM-003965,public/ui/skills/warrior/die_by_sword.webp,Ui,IMAGE_TEXTURE,,,PENDING,,,,,,,FOUND_NEARBY,,
TEM-003966,public/ui/skills/warrior/bloodbath.webp,Ui,IMAGE_TEXTURE,,,PENDING,,,,,,,FOUND_NEARBY,,
TEM-003967,public/ui/skills/warrior/double_charge.webp,Ui,IMAGE_TEXTURE,,,PENDING,,,,,,,FOUND_NEARBY,,
TEM-003968,public/ui/skills/warrior/bloodthirst.webp,Ui,IMAGE_TEXTURE,,,PENDING,,,,,,,FOUND_NEARBY,,
TEM-003969,public/ui/skills/warrior/defensive_stance.webp,Ui,IMAGE_TEXTURE,,,PENDING,,,,,,,FOUND_NEARBY,,
TEM-003970,public/ui/skills/warrior/victory_rush.webp,Ui,IMAGE_TEXTURE,,,PENDING,,,,,,,FOUND_NEARBY,,
TEM-003971,public/ui/skills/warrior/faultline.webp,Ui,IMAGE_TEXTURE,,,PENDING,,,,,,,FOUND_NEARBY,,
TEM-003972,public/ui/skills/warrior/demoralizing_shout.webp,Ui,IMAGE_TEXTURE,,,PENDING,,,,,,,FOUND_NEARBY,,
TEM-003973,public/ui/skills/warrior/bladestorm.webp,Ui,IMAGE_TEXTURE,,,PENDING,,,,,,,FOUND_NEARBY,,
TEM-003974,public/ui/skills/warrior/raised_guard.webp,Ui,IMAGE_TEXTURE,,,PENDING,,,,,,,FOUND_NEARBY,,
TEM-003975,public/ui/skills/warrior/berserker_rage.webp,Ui,IMAGE_TEXTURE,,,PENDING,,,,,,,FOUND_NEARBY,,
TEM-003976,public/ui/skills/warrior/crushing_charge.webp,Ui,IMAGE_TEXTURE,,,PENDING,,,,,,,FOUND_NEARBY,,
TEM-003977,public/ui/skills/warrior/piercing_howl.webp,Ui,IMAGE_TEXTURE,,,PENDING,,,,,,,FOUND_NEARBY,,
TEM-003978,public/ui/skills/warrior/breachmaker.webp,Ui,IMAGE_TEXTURE,,,PENDING,,,,,,,FOUND_NEARBY,,
TEM-003979,public/ui/skills/warrior/slam.webp,Ui,IMAGE_TEXTURE,,,PENDING,,,,,,,FOUND_NEARBY,,
TEM-003980,public/ui/skills/warrior/red_harvest.webp,Ui,IMAGE_TEXTURE,,,PENDING,,,,,,,FOUND_NEARBY,,
TEM-003981,public/ui/skills/warrior/sweeping_strikes.webp,Ui,IMAGE_TEXTURE,,,PENDING,,,,,,,FOUND_NEARBY,,
TEM-003982,public/ui/skills/warrior/sport_pass.webp,Ui,IMAGE_TEXTURE,,,PENDING,,,,,,,FOUND_NEARBY,,
TEM-003983,public/ui/skills/warrior/thunder_clap.webp,Ui,IMAGE_TEXTURE,,,PENDING,,,,,,,FOUND_NEARBY,,
TEM-003984,public/ui/skills/warrior/sport_punt.webp,Ui,IMAGE_TEXTURE,,,PENDING,,,,,,,FOUND_NEARBY,,
TEM-003985,public/ui/skills/warrior/sunder_armor.webp,Ui,IMAGE_TEXTURE,,,PENDING,,,,,,,FOUND_NEARBY,,
TEM-003986,public/ui/skills/warrior/sport_second_wind.webp,Ui,IMAGE_TEXTURE,,,PENDING,,,,,,,FOUND_NEARBY,,
TEM-003987,public/ui/skills/warrior/sudden_death.webp,Ui,IMAGE_TEXTURE,,,PENDING,,,,,,,FOUND_NEARBY,,
TEM-003988,public/ui/skills/warrior/avatar.webp,Ui,IMAGE_TEXTURE,,,PENDING,,,,,,,FOUND_NEARBY,,
TEM-003989,public/ui/skills/warrior/rallying_cry.webp,Ui,IMAGE_TEXTURE,,,PENDING,,,,,,,FOUND_NEARBY,,
TEM-003990,public/ui/skills/warrior/pursuit.webp,Ui,IMAGE_TEXTURE,,,PENDING,,,,,,,FOUND_NEARBY,,
TEM-003991,public/ui/skills/warrior/sport_dive.webp,Ui,IMAGE_TEXTURE,,,PENDING,,,,,,,FOUND_NEARBY,,
TEM-003992,public/ui/skills/warrior/heroic_strike.webp,Ui,IMAGE_TEXTURE,,,PENDING,,,,,,,FOUND_NEARBY,,
TEM-003993,public/ui/skills/warrior/emboldening_roar.webp,Ui,IMAGE_TEXTURE,,,PENDING,,,,,,,FOUND_NEARBY,,
TEM-003994,public/ui/skills/warrior/pummel.webp,Ui,IMAGE_TEXTURE,,,PENDING,,,,,,,FOUND_NEARBY,,
TEM-003995,public/ui/skills/warrior/bloodrage.webp,Ui,IMAGE_TEXTURE,,,PENDING,,,,,,,FOUND_NEARBY,,
TEM-003996,public/ui/skills/warrior/taunt.webp,Ui,IMAGE_TEXTURE,,,PENDING,,,,,,,FOUND_NEARBY,,
TEM-003997,public/ui/skills/warrior/intimidating_shout.webp,Ui,IMAGE_TEXTURE,,,PENDING,,,,,,,FOUND_NEARBY,,
TEM-003998,public/ui/skills/warrior/sport_kick.webp,Ui,IMAGE_TEXTURE,,,PENDING,,,,,,,FOUND_NEARBY,,
TEM-003999,public/ui/skills/warrior/hamstring.webp,Ui,IMAGE_TEXTURE,,,PENDING,,,,,,,FOUND_NEARBY,,
TEM-004000,public/ui/skills/warrior/cleaving_blows.webp,Ui,IMAGE_TEXTURE,,,PENDING,,,,,,,FOUND_NEARBY,,
TEM-004001,public/ui/skills/warrior/furious_mending.webp,Ui,IMAGE_TEXTURE,,,PENDING,,,,,,,FOUND_NEARBY,,
TEM-004002,public/ui/skills/warrior/colossal_might.webp,Ui,IMAGE_TEXTURE,,,PENDING,,,,,,,FOUND_NEARBY,,
TEM-004003,public/ui/skills/warrior/charge.webp,Ui,IMAGE_TEXTURE,,,PENDING,,,,,,,FOUND_NEARBY,,
TEM-004004,public/ui/skills/warrior/recklessness.webp,Ui,IMAGE_TEXTURE,,,PENDING,,,,,,,FOUND_NEARBY,,
TEM-004005,public/ui/skills/warrior/heroic_leap.webp,Ui,IMAGE_TEXTURE,,,PENDING,,,,,,,FOUND_NEARBY,,
TEM-004006,public/ui/skills/warrior/storm_bolt.webp,Ui,IMAGE_TEXTURE,,,PENDING,,,,,,,FOUND_NEARBY,,
TEM-004007,public/ui/skills/warrior/mortal_strike.webp,Ui,IMAGE_TEXTURE,,,PENDING,,,,,,,FOUND_NEARBY,,
TEM-004008,public/ui/skills/warrior/sport_shoot.webp,Ui,IMAGE_TEXTURE,,,PENDING,,,,,,,FOUND_NEARBY,,
TEM-004009,public/ui/skills/warrior/enrage_passive.webp,Ui,IMAGE_TEXTURE,,,PENDING,,,,,,,FOUND_NEARBY,,
TEM-004010,public/ui/skills/warrior/anger_management.webp,Ui,IMAGE_TEXTURE,,,PENDING,,,,,,,FOUND_NEARBY,,
TEM-004011,public/ui/skills/warrior/measured_fury.webp,Ui,IMAGE_TEXTURE,,,PENDING,,,,,,,FOUND_NEARBY,,
TEM-004012,public/ui/skills/warrior/overpower.webp,Ui,IMAGE_TEXTURE,,,PENDING,,,,,,,FOUND_NEARBY,,
TEM-004013,public/ui/skills/warrior/battle_shout.webp,Ui,IMAGE_TEXTURE,,,PENDING,,,,,,,FOUND_NEARBY,,
TEM-004014,public/ui/skills/warrior/attack.webp,Ui,IMAGE_TEXTURE,,,PENDING,,,,,,,FOUND_NEARBY,,
TEM-004015,public/ui/skills/paladin/retribution_aura.webp,Ui,IMAGE_TEXTURE,,,PENDING,,,,,,,FOUND_NEARBY,,
TEM-004016,public/ui/skills/paladin/sacred_bulwark.webp,Ui,IMAGE_TEXTURE,,,PENDING,,,,,,,FOUND_NEARBY,,
TEM-004017,public/ui/skills/paladin/devotion_aura.webp,Ui,IMAGE_TEXTURE,,,PENDING,,,,,,,FOUND_NEARBY,,
TEM-004018,public/ui/skills/paladin/holy_shield.webp,Ui,IMAGE_TEXTURE,,,PENDING,,,,,,,FOUND_NEARBY,,
TEM-004019,public/ui/skills/paladin/righteous_fury.webp,Ui,IMAGE_TEXTURE,,,PENDING,,,,,,,FOUND_NEARBY,,
TEM-004020,public/ui/skills/paladin/holy_taunt.webp,Ui,IMAGE_TEXTURE,,,PENDING,,,,,,,FOUND_NEARBY,,
TEM-004021,public/ui/skills/paladin/crusader_strike.webp,Ui,IMAGE_TEXTURE,,,PENDING,,,,,,,FOUND_NEARBY,,
TEM-004022,public/ui/skills/paladin/cleansing_verdict.webp,Ui,IMAGE_TEXTURE,,,PENDING,,,,,,,FOUND_NEARBY,,
TEM-004023,public/ui/skills/paladin/hammer_of_justice.webp,Ui,IMAGE_TEXTURE,,,PENDING,,,,,,,FOUND_NEARBY,,
TEM-004024,public/ui/skills/paladin/avenging_wrath.webp,Ui,IMAGE_TEXTURE,,,PENDING,,,,,,,FOUND_NEARBY,,
TEM-004025,public/ui/skills/paladin/consecration.webp,Ui,IMAGE_TEXTURE,,,PENDING,,,,,,,FOUND_NEARBY,,
TEM-004026,public/ui/skills/paladin/aura_surge.webp,Ui,IMAGE_TEXTURE,,,PENDING,,,,,,,FOUND_NEARBY,,
TEM-004027,public/ui/skills/paladin/holy_light.webp,Ui,IMAGE_TEXTURE,,,PENDING,,,,,,,FOUND_NEARBY,,
TEM-004028,public/ui/skills/paladin/blessing_of_might.webp,Ui,IMAGE_TEXTURE,,,PENDING,,,,,,,FOUND_NEARBY,,
TEM-004029,public/ui/skills/paladin/hammer_of_wrath.webp,Ui,IMAGE_TEXTURE,,,PENDING,,,,,,,FOUND_NEARBY,,
TEM-004030,public/ui/skills/paladin/holy_shock.webp,Ui,IMAGE_TEXTURE,,,PENDING,,,,,,,FOUND_NEARBY,,
TEM-004031,public/ui/skills/paladin/divine_shield.webp,Ui,IMAGE_TEXTURE,,,PENDING,,,,,,,FOUND_NEARBY,,
TEM-004032,public/ui/skills/paladin/lay_on_hands.webp,Ui,IMAGE_TEXTURE,,,PENDING,,,,,,,FOUND_NEARBY,,
TEM-004033,public/ui/skills/paladin/rebuke.webp,Ui,IMAGE_TEXTURE,,,PENDING,,,,,,,FOUND_NEARBY,,
TEM-004034,public/ui/skills/paladin/exorcism.webp,Ui,IMAGE_TEXTURE,,,PENDING,,,,,,,FOUND_NEARBY,,
TEM-004035,public/ui/skills/paladin/holy_wrath.webp,Ui,IMAGE_TEXTURE,,,PENDING,,,,,,,FOUND_NEARBY,,
TEM-004036,public/ui/skills/paladin/seal_of_righteousness.webp,Ui,IMAGE_TEXTURE,,,PENDING,,,,,,,FOUND_NEARBY,,
TEM-004037,public/ui/skills/paladin/divine_protection.webp,Ui,IMAGE_TEXTURE,,,PENDING,,,,,,,FOUND_NEARBY,,
TEM-004038,public/ui/skills/paladin/judgement.webp,Ui,IMAGE_TEXTURE,,,PENDING,,,,,,,FOUND_NEARBY,,
TEM-004039,public/ui/skills/paladin/flash_of_light.webp,Ui,IMAGE_TEXTURE,,,PENDING,,,,,,,FOUND_NEARBY,,
TEM-004040,public/ui/skills/priest/mind_blast.webp,Ui,IMAGE_TEXTURE,,,PENDING,,,,,,,FOUND_NEARBY,,
TEM-004041,public/ui/skills/priest/shadow_word_pain.webp,Ui,IMAGE_TEXTURE,,,PENDING,,,,,,,FOUND_NEARBY,,
TEM-004042,public/ui/skills/priest/heal.webp,Ui,IMAGE_TEXTURE,,,PENDING,,,,,,,FOUND_NEARBY,,
TEM-004043,public/ui/skills/priest/prayer_of_healing.webp,Ui,IMAGE_TEXTURE,,,PENDING,,,,,,,FOUND_NEARBY,,
TEM-004044,public/ui/skills/priest/smite.webp,Ui,IMAGE_TEXTURE,,,PENDING,,,,,,,FOUND_NEARBY,,
TEM-004045,public/ui/skills/priest/mind_sear.webp,Ui,IMAGE_TEXTURE,,,PENDING,,,,,,,FOUND_NEARBY,,
TEM-004046,public/ui/skills/priest/psychic_scream.webp,Ui,IMAGE_TEXTURE,,,PENDING,,,,,,,FOUND_NEARBY,,
TEM-004047,public/ui/skills/priest/lesser_heal.webp,Ui,IMAGE_TEXTURE,,,PENDING,,,,,,,FOUND_NEARBY,,
TEM-004048,public/ui/skills/priest/shadowform.webp,Ui,IMAGE_TEXTURE,,,PENDING,,,,,,,FOUND_NEARBY,,
TEM-004049,public/ui/skills/priest/desperate_prayer.webp,Ui,IMAGE_TEXTURE,,,PENDING,,,,,,,FOUND_NEARBY,,
TEM-004050,public/ui/skills/priest/flash_heal.webp,Ui,IMAGE_TEXTURE,,,PENDING,,,,,,,FOUND_NEARBY,,
TEM-004051,public/ui/skills/priest/inner_focus.webp,Ui,IMAGE_TEXTURE,,,PENDING,,,,,,,FOUND_NEARBY,,
TEM-004052,public/ui/skills/priest/holy_nova.webp,Ui,IMAGE_TEXTURE,,,PENDING,,,,,,,FOUND_NEARBY,,
TEM-004053,public/ui/skills/priest/renew.webp,Ui,IMAGE_TEXTURE,,,PENDING,,,,,,,FOUND_NEARBY,,
TEM-004054,public/ui/skills/priest/power_word_shield.webp,Ui,IMAGE_TEXTURE,,,PENDING,,,,,,,FOUND_NEARBY,,
TEM-004055,public/ui/skills/priest/mind_flay.webp,Ui,IMAGE_TEXTURE,,,PENDING,,,,,,,FOUND_NEARBY,,
TEM-004056,public/ui/skills/priest/power_infusion.webp,Ui,IMAGE_TEXTURE,,,PENDING,,,,,,,FOUND_NEARBY,,
TEM-004057,public/ui/skills/priest/silence.webp,Ui,IMAGE_TEXTURE,,,PENDING,,,,,,,FOUND_NEARBY,,
TEM-004058,public/ui/skills/priest/power_word_fortitude.webp,Ui,IMAGE_TEXTURE,,,PENDING,,,,,,,FOUND_NEARBY,,
TEM-004059,public/ui/skills/hunter/mongoose_bite.webp,Ui,IMAGE_TEXTURE,,,PENDING,,,,,,,FOUND_NEARBY,,
TEM-004060,public/ui/skills/hunter/multi_shot.webp,Ui,IMAGE_TEXTURE,,,PENDING,,,,,,,FOUND_NEARBY,,
TEM-004061,public/ui/skills/hunter/rapid_fire.webp,Ui,IMAGE_TEXTURE,,,PENDING,,,,,,,FOUND_NEARBY,,
TEM-004062,public/ui/skills/hunter/arcane_shot.webp,Ui,IMAGE_TEXTURE,,,PENDING,,,,,,,FOUND_NEARBY,,
TEM-004063,public/ui/skills/hunter/wyvern_sting.webp,Ui,IMAGE_TEXTURE,,,PENDING,,,,,,,FOUND_NEARBY,,
TEM-004064,public/ui/skills/hunter/concussive_shot.webp,Ui,IMAGE_TEXTURE,,,PENDING,,,,,,,FOUND_NEARBY,,
TEM-004065,public/ui/skills/hunter/frost_trap.webp,Ui,IMAGE_TEXTURE,,,PENDING,,,,,,,FOUND_NEARBY,,
TEM-004066,public/ui/skills/hunter/counter_shot.webp,Ui,IMAGE_TEXTURE,,,PENDING,,,,,,,FOUND_NEARBY,,
TEM-004067,public/ui/skills/hunter/raptor_strike.webp,Ui,IMAGE_TEXTURE,,,PENDING,,,,,,,FOUND_NEARBY,,
TEM-004068,public/ui/skills/hunter/mend_pet.webp,Ui,IMAGE_TEXTURE,,,PENDING,,,,,,,FOUND_NEARBY,,
TEM-004069,public/ui/skills/hunter/aspect_of_the_cheetah.webp,Ui,IMAGE_TEXTURE,,,PENDING,,,,,,,FOUND_NEARBY,,
TEM-004070,public/ui/skills/hunter/revive_pet.webp,Ui,IMAGE_TEXTURE,,,PENDING,,,,,,,FOUND_NEARBY,,
TEM-004071,public/ui/skills/hunter/volley.webp,Ui,IMAGE_TEXTURE,,,PENDING,,,,,,,FOUND_NEARBY,,
TEM-004072,public/ui/skills/hunter/dismiss_pet.webp,Ui,IMAGE_TEXTURE,,,PENDING,,,,,,,FOUND_NEARBY,,
TEM-004073,public/ui/skills/hunter/wing_clip.webp,Ui,IMAGE_TEXTURE,,,PENDING,,,,,,,FOUND_NEARBY,,
TEM-004074,public/ui/skills/hunter/bestial_wrath.webp,Ui,IMAGE_TEXTURE,,,PENDING,,,,,,,FOUND_NEARBY,,
TEM-004075,public/ui/skills/hunter/serpent_sting.webp,Ui,IMAGE_TEXTURE,,,PENDING,,,,,,,FOUND_NEARBY,,
TEM-004076,public/ui/skills/hunter/startle_shot.webp,Ui,IMAGE_TEXTURE,,,PENDING,,,,,,,FOUND_NEARBY,,
TEM-004077,public/ui/skills/hunter/aimed_shot.webp,Ui,IMAGE_TEXTURE,,,PENDING,,,,,,,FOUND_NEARBY,,
TEM-004078,public/ui/skills/hunter/aspect_of_the_wild.webp,Ui,IMAGE_TEXTURE,,,PENDING,,,,,,,FOUND_NEARBY,,
TEM-004079,public/ui/skills/hunter/trueshot_aura.webp,Ui,IMAGE_TEXTURE,,,PENDING,,,,,,,FOUND_NEARBY,,
TEM-004080,public/ui/skills/hunter/aspect_of_the_monkey.webp,Ui,IMAGE_TEXTURE,,,PENDING,,,,,,,FOUND_NEARBY,,
TEM-004081,public/ui/skills/hunter/deterrence.webp,Ui,IMAGE_TEXTURE,,,PENDING,,,,,,,FOUND_NEARBY,,
TEM-004082,public/ui/skills/hunter/aspect_of_the_hawk.webp,Ui,IMAGE_TEXTURE,,,PENDING,,,,,,,FOUND_NEARBY,,
TEM-004083,public/ui/skills/hunter/tame_beast.webp,Ui,IMAGE_TEXTURE,,,PENDING,,,,,,,FOUND_NEARBY,,
TEM-004084,public/ui/skills/warlock/howl_of_terror.webp,Ui,IMAGE_TEXTURE,,,PENDING,,,,,,,FOUND_NEARBY,,
TEM-004085,public/ui/skills/warlock/shadowburn.webp,Ui,IMAGE_TEXTURE,,,PENDING,,,,,,,FOUND_NEARBY,,
TEM-004086,public/ui/skills/warlock/summon_felhunter.webp,Ui,IMAGE_TEXTURE,,,PENDING,,,,,,,FOUND_NEARBY,,
TEM-004087,public/ui/skills/warlock/metamorphosis.webp,Ui,IMAGE_TEXTURE,,,PENDING,,,,,,,FOUND_NEARBY,,
TEM-004088,public/ui/skills/warlock/summon_felguard.webp,Ui,IMAGE_TEXTURE,,,PENDING,,,,,,,FOUND_NEARBY,,
TEM-004089,public/ui/skills/warlock/summon_infernal.webp,Ui,IMAGE_TEXTURE,,,PENDING,,,,,,,FOUND_NEARBY,,
TEM-004090,public/ui/skills/warlock/immolate.webp,Ui,IMAGE_TEXTURE,,,PENDING,,,,,,,FOUND_NEARBY,,
TEM-004091,public/ui/skills/warlock/corruption.webp,Ui,IMAGE_TEXTURE,,,PENDING,,,,,,,FOUND_NEARBY,,
TEM-004092,public/ui/skills/warlock/voidfeast.webp,Ui,IMAGE_TEXTURE,,,PENDING,,,,,,,FOUND_NEARBY,,
TEM-004093,public/ui/skills/warlock/demon_skin.webp,Ui,IMAGE_TEXTURE,,,PENDING,,,,,,,FOUND_NEARBY,,
TEM-004094,public/ui/skills/warlock/chaos_bolt.webp,Ui,IMAGE_TEXTURE,,,PENDING,,,,,,,FOUND_NEARBY,,
TEM-004095,public/ui/skills/warlock/summon_voidwalker.webp,Ui,IMAGE_TEXTURE,,,PENDING,,,,,,,FOUND_NEARBY,,
TEM-004096,public/ui/skills/warlock/rain_of_fire.webp,Ui,IMAGE_TEXTURE,,,PENDING,,,,,,,FOUND_NEARBY,,
TEM-004097,public/ui/skills/warlock/summon_doomguard.webp,Ui,IMAGE_TEXTURE,,,PENDING,,,,,,,FOUND_NEARBY,,
TEM-004098,public/ui/skills/warlock/conflagrate.webp,Ui,IMAGE_TEXTURE,,,PENDING,,,,,,,FOUND_NEARBY,,
TEM-004099,public/ui/skills/warlock/curse_of_agony.webp,Ui,IMAGE_TEXTURE,,,PENDING,,,,,,,FOUND_NEARBY,,
TEM-004100,public/ui/skills/warlock/curse_of_exhaustion.webp,Ui,IMAGE_TEXTURE,,,PENDING,,,,,,,FOUND_NEARBY,,
TEM-004101,public/ui/skills/warlock/shadow_bolt.webp,Ui,IMAGE_TEXTURE,,,PENDING,,,,,,,FOUND_NEARBY,,
TEM-004102,public/ui/skills/warlock/summon_imp.webp,Ui,IMAGE_TEXTURE,,,PENDING,,,,,,,FOUND_NEARBY,,
TEM-004103,public/ui/skills/warlock/siphon_life.webp,Ui,IMAGE_TEXTURE,,,PENDING,,,,,,,FOUND_NEARBY,,
TEM-004104,public/ui/skills/warlock/fear.webp,Ui,IMAGE_TEXTURE,,,PENDING,,,,,,,FOUND_NEARBY,,
TEM-004105,public/ui/skills/warlock/life_tap.webp,Ui,IMAGE_TEXTURE,,,PENDING,,,,,,,FOUND_NEARBY,,
TEM-004106,public/ui/skills/warlock/searing_pain.webp,Ui,IMAGE_TEXTURE,,,PENDING,,,,,,,FOUND_NEARBY,,
TEM-004107,public/ui/skills/warlock/summon_succubus.webp,Ui,IMAGE_TEXTURE,,,PENDING,,,,,,,FOUND_NEARBY,,
TEM-004108,public/ui/skills/warlock/death_coil.webp,Ui,IMAGE_TEXTURE,,,PENDING,,,,,,,FOUND_NEARBY,,
TEM-004109,public/ui/skills/warlock/spell_lock.webp,Ui,IMAGE_TEXTURE,,,PENDING,,,,,,,FOUND_NEARBY,,
TEM-004110,public/ui/skills/warlock/drain_life.webp,Ui,IMAGE_TEXTURE,,,PENDING,,,,,,,FOUND_NEARBY,,
TEM-004111,public/ui/skills/druid/tigers_fury.webp,Ui,IMAGE_TEXTURE,,,PENDING,,,,,,,FOUND_NEARBY,,
TEM-004112,public/ui/skills/druid/regrowth.webp,Ui,IMAGE_TEXTURE,,,PENDING,,,,,,,FOUND_NEARBY,,
TEM-004113,public/ui/skills/druid/moonfire.webp,Ui,IMAGE_TEXTURE,,,PENDING,,,,,,,FOUND_NEARBY,,
TEM-004114,public/ui/skills/druid/enrage.webp,Ui,IMAGE_TEXTURE,,,PENDING,,,,,,,FOUND_NEARBY,,
TEM-004115,public/ui/skills/druid/thorns.webp,Ui,IMAGE_TEXTURE,,,PENDING,,,,,,,FOUND_NEARBY,,
TEM-004116,public/ui/skills/druid/moonkin_form.webp,Ui,IMAGE_TEXTURE,,,PENDING,,,,,,,FOUND_NEARBY,,
TEM-004117,public/ui/skills/druid/skull_bash.webp,Ui,IMAGE_TEXTURE,,,PENDING,,,,,,,FOUND_NEARBY,,
TEM-004118,public/ui/skills/druid/feral_charge.webp,Ui,IMAGE_TEXTURE,,,PENDING,,,,,,,FOUND_NEARBY,,
TEM-004119,public/ui/skills/druid/barkskin.webp,Ui,IMAGE_TEXTURE,,,PENDING,,,,,,,FOUND_NEARBY,,
TEM-004120,public/ui/skills/druid/hibernate.webp,Ui,IMAGE_TEXTURE,,,PENDING,,,,,,,FOUND_NEARBY,,
TEM-004121,public/ui/skills/druid/berserk.webp,Ui,IMAGE_TEXTURE,,,PENDING,,,,,,,FOUND_NEARBY,,
TEM-004122,public/ui/skills/druid/healing_touch.webp,Ui,IMAGE_TEXTURE,,,PENDING,,,,,,,FOUND_NEARBY,,
TEM-004123,public/ui/skills/druid/rake.webp,Ui,IMAGE_TEXTURE,,,PENDING,,,,,,,FOUND_NEARBY,,
TEM-004124,public/ui/skills/druid/bear_form.webp,Ui,IMAGE_TEXTURE,,,PENDING,,,,,,,FOUND_NEARBY,,
TEM-004125,public/ui/skills/druid/rejuvenation.webp,Ui,IMAGE_TEXTURE,,,PENDING,,,,,,,FOUND_NEARBY,,
TEM-004126,public/ui/skills/druid/rip.webp,Ui,IMAGE_TEXTURE,,,PENDING,,,,,,,FOUND_NEARBY,,
TEM-004127,public/ui/skills/druid/bash.webp,Ui,IMAGE_TEXTURE,,,PENDING,,,,,,,FOUND_NEARBY,,
TEM-004128,public/ui/skills/druid/faerie_fire.webp,Ui,IMAGE_TEXTURE,,,PENDING,,,,,,,FOUND_NEARBY,,
TEM-004129,public/ui/skills/druid/pounce.webp,Ui,IMAGE_TEXTURE,,,PENDING,,,,,,,FOUND_NEARBY,,
TEM-004130,public/ui/skills/druid/innervate.webp,Ui,IMAGE_TEXTURE,,,PENDING,,,,,,,FOUND_NEARBY,,
TEM-004131,public/ui/skills/druid/bear_charge.webp,Ui,IMAGE_TEXTURE,,,PENDING,,,,,,,FOUND_NEARBY,,
TEM-004132,public/ui/skills/druid/dash.webp,Ui,IMAGE_TEXTURE,,,PENDING,,,,,,,FOUND_NEARBY,,
TEM-004133,public/ui/skills/druid/maul.webp,Ui,IMAGE_TEXTURE,,,PENDING,,,,,,,FOUND_NEARBY,,
TEM-004134,public/ui/skills/druid/ferocious_bite.webp,Ui,IMAGE_TEXTURE,,,PENDING,,,,,,,FOUND_NEARBY,,
TEM-004135,public/ui/skills/druid/cat_form.webp,Ui,IMAGE_TEXTURE,,,PENDING,,,,,,,FOUND_NEARBY,,
TEM-004136,public/ui/skills/druid/primal_reflexes.webp,Ui,IMAGE_TEXTURE,,,PENDING,,,,,,,FOUND_NEARBY,,
TEM-004137,public/ui/skills/druid/typhoon.webp,Ui,IMAGE_TEXTURE,,,PENDING,,,,,,,FOUND_NEARBY,,
TEM-004138,public/ui/skills/druid/tranquility.webp,Ui,IMAGE_TEXTURE,,,PENDING,,,,,,,FOUND_NEARBY,,
TEM-004139,public/ui/skills/druid/insect_swarm.webp,Ui,IMAGE_TEXTURE,,,PENDING,,,,,,,FOUND_NEARBY,,
TEM-004140,public/ui/skills/druid/hurricane.webp,Ui,IMAGE_TEXTURE,,,PENDING,,,,,,,FOUND_NEARBY,,
TEM-004141,public/ui/skills/druid/prowl.webp,Ui,IMAGE_TEXTURE,,,PENDING,,,,,,,FOUND_NEARBY,,
TEM-004142,public/ui/skills/druid/demoralizing_roar.webp,Ui,IMAGE_TEXTURE,,,PENDING,,,,,,,FOUND_NEARBY,,
TEM-004143,public/ui/skills/druid/swipe.webp,Ui,IMAGE_TEXTURE,,,PENDING,,,,,,,FOUND_NEARBY,,
TEM-004144,public/ui/skills/druid/frenzied_regeneration.webp,Ui,IMAGE_TEXTURE,,,PENDING,,,,,,,FOUND_NEARBY,,
TEM-004145,public/ui/skills/druid/travel_form.webp,Ui,IMAGE_TEXTURE,,,PENDING,,,,,,,FOUND_NEARBY,,
TEM-004146,public/ui/skills/druid/wrath.webp,Ui,IMAGE_TEXTURE,,,PENDING,,,,,,,FOUND_NEARBY,,
TEM-004147,public/ui/skills/druid/claw.webp,Ui,IMAGE_TEXTURE,,,PENDING,,,,,,,FOUND_NEARBY,,
TEM-004148,public/ui/skills/druid/swiftmend.webp,Ui,IMAGE_TEXTURE,,,PENDING,,,,,,,FOUND_NEARBY,,
TEM-004149,public/ui/skills/druid/starfire.webp,Ui,IMAGE_TEXTURE,,,PENDING,,,,,,,FOUND_NEARBY,,
TEM-004150,public/ui/skills/druid/entangling_roots.webp,Ui,IMAGE_TEXTURE,,,PENDING,,,,,,,FOUND_NEARBY,,
TEM-004151,public/ui/skills/druid/mark_of_the_wild.webp,Ui,IMAGE_TEXTURE,,,PENDING,,,,,,,FOUND_NEARBY,,
TEM-004152,public/ui/skills/druid/growl.webp,Ui,IMAGE_TEXTURE,,,PENDING,,,,,,,FOUND_NEARBY,,
TEM-004153,public/ui/skills/mage/scorch.webp,Ui,IMAGE_TEXTURE,,,PENDING,,,,,,,FOUND_NEARBY,,
TEM-004154,public/ui/skills/mage/elemental_convergence.webp,Ui,IMAGE_TEXTURE,,,PENDING,,,,,,,FOUND_NEARBY,,
TEM-004155,public/ui/skills/mage/fireball_form.webp,Ui,IMAGE_TEXTURE,,,PENDING,,,,,,,FOUND_NEARBY,,
TEM-004156,public/ui/skills/mage/perfect_moment.webp,Ui,IMAGE_TEXTURE,,,PENDING,,,,,,,FOUND_NEARBY,,
TEM-004157,public/ui/skills/mage/blink_while_casting.webp,Ui,IMAGE_TEXTURE,,,PENDING,,,,,,,FOUND_NEARBY,,
TEM-004158,public/ui/skills/mage/pyroblast.webp,Ui,IMAGE_TEXTURE,,,PENDING,,,,,,,FOUND_NEARBY,,
TEM-004159,public/ui/skills/mage/frostbolt.webp,Ui,IMAGE_TEXTURE,,,PENDING,,,,,,,FOUND_NEARBY,,
TEM-004160,public/ui/skills/mage/twin_frost_nova.webp,Ui,IMAGE_TEXTURE,,,PENDING,,,,,,,FOUND_NEARBY,,
TEM-004161,public/ui/skills/mage/icy_veins.webp,Ui,IMAGE_TEXTURE,,,PENDING,,,,,,,FOUND_NEARBY,,
TEM-004162,public/ui/skills/mage/hot_streak.webp,Ui,IMAGE_TEXTURE,,,PENDING,,,,,,,FOUND_NEARBY,,
TEM-004163,public/ui/skills/mage/collective_reversal.webp,Ui,IMAGE_TEXTURE,,,PENDING,,,,,,,FOUND_NEARBY,,
TEM-004164,public/ui/skills/mage/rings_of_frost.webp,Ui,IMAGE_TEXTURE,,,PENDING,,,,,,,FOUND_NEARBY,,
TEM-004165,public/ui/skills/mage/blizzard.webp,Ui,IMAGE_TEXTURE,,,PENDING,,,,,,,FOUND_NEARBY,,
TEM-004166,public/ui/skills/mage/fireball.webp,Ui,IMAGE_TEXTURE,,,PENDING,,,,,,,FOUND_NEARBY,,
TEM-004167,public/ui/skills/mage/polymorph.webp,Ui,IMAGE_TEXTURE,,,PENDING,,,,,,,FOUND_NEARBY,,
TEM-004168,public/ui/skills/mage/temporal_echo.webp,Ui,IMAGE_TEXTURE,,,PENDING,,,,,,,FOUND_NEARBY,,
TEM-004169,public/ui/skills/mage/overflowing_power.webp,Ui,IMAGE_TEXTURE,,,PENDING,,,,,,,FOUND_NEARBY,,
TEM-004170,public/ui/skills/mage/frost_armor.webp,Ui,IMAGE_TEXTURE,,,PENDING,,,,,,,FOUND_NEARBY,,
TEM-004171,public/ui/skills/mage/warded.webp,Ui,IMAGE_TEXTURE,,,PENDING,,,,,,,FOUND_NEARBY,,
TEM-004172,public/ui/skills/mage/blazing_barrier.webp,Ui,IMAGE_TEXTURE,,,PENDING,,,,,,,FOUND_NEARBY,,
TEM-004173,public/ui/skills/mage/arcane_explosion.webp,Ui,IMAGE_TEXTURE,,,PENDING,,,,,,,FOUND_NEARBY,,
TEM-004174,public/ui/skills/mage/frost_nova.webp,Ui,IMAGE_TEXTURE,,,PENDING,,,,,,,FOUND_NEARBY,,
TEM-004175,public/ui/skills/mage/summon_water_elemental.webp,Ui,IMAGE_TEXTURE,,,PENDING,,,,,,,FOUND_NEARBY,,
TEM-004176,public/ui/skills/mage/flamestrike.webp,Ui,IMAGE_TEXTURE,,,PENDING,,,,,,,FOUND_NEARBY,,
TEM-004177,public/ui/skills/mage/ice_barrier.webp,Ui,IMAGE_TEXTURE,,,PENDING,,,,,,,FOUND_NEARBY,,
TEM-004178,public/ui/skills/mage/temporal_barrier.webp,Ui,IMAGE_TEXTURE,,,PENDING,,,,,,,FOUND_NEARBY,,
TEM-004179,public/ui/skills/mage/spellsteal.webp,Ui,IMAGE_TEXTURE,,,PENDING,,,,,,,FOUND_NEARBY,,
TEM-004180,public/ui/skills/mage/temporal_rewind.webp,Ui,IMAGE_TEXTURE,,,PENDING,,,,,,,FOUND_NEARBY,,
TEM-004181,public/ui/skills/mage/counterspell.webp,Ui,IMAGE_TEXTURE,,,PENDING,,,,,,,FOUND_NEARBY,,
TEM-004182,public/ui/skills/mage/frozen_orb.webp,Ui,IMAGE_TEXTURE,,,PENDING,,,,,,,FOUND_NEARBY,,
TEM-004183,public/ui/skills/mage/fire_blast.webp,Ui,IMAGE_TEXTURE,,,PENDING,,,,,,,FOUND_NEARBY,,
TEM-004184,public/ui/skills/mage/arcane_power.webp,Ui,IMAGE_TEXTURE,,,PENDING,,,,,,,FOUND_NEARBY,,
TEM-004185,public/ui/skills/mage/rune_of_power.webp,Ui,IMAGE_TEXTURE,,,PENDING,,,,,,,FOUND_NEARBY,,
TEM-004186,public/ui/skills/mage/temporal_cascade.webp,Ui,IMAGE_TEXTURE,,,PENDING,,,,,,,FOUND_NEARBY,,
TEM-004187,public/ui/skills/mage/conjure_food.webp,Ui,IMAGE_TEXTURE,,,PENDING,,,,,,,FOUND_NEARBY,,
TEM-004188,public/ui/skills/mage/presence_of_mind.webp,Ui,IMAGE_TEXTURE,,,PENDING,,,,,,,FOUND_NEARBY,,
TEM-004189,public/ui/skills/mage/ice_floes.webp,Ui,IMAGE_TEXTURE,,,PENDING,,,,,,,FOUND_NEARBY,,
TEM-004190,public/ui/skills/mage/fingers_of_frost.webp,Ui,IMAGE_TEXTURE,,,PENDING,,,,,,,FOUND_NEARBY,,
TEM-004191,public/ui/skills/mage/ignition.webp,Ui,IMAGE_TEXTURE,,,PENDING,,,,,,,FOUND_NEARBY,,
TEM-004192,public/ui/skills/mage/overload.webp,Ui,IMAGE_TEXTURE,,,PENDING,,,,,,,FOUND_NEARBY,,
TEM-004193,public/ui/skills/mage/temporal_hourglass.webp,Ui,IMAGE_TEXTURE,,,PENDING,,,,,,,FOUND_NEARBY,,
TEM-004194,public/ui/skills/mage/shatter.webp,Ui,IMAGE_TEXTURE,,,PENDING,,,,,,,FOUND_NEARBY,,
TEM-004195,public/ui/skills/mage/temporal_rift.webp,Ui,IMAGE_TEXTURE,,,PENDING,,,,,,,FOUND_NEARBY,,
TEM-004196,public/ui/skills/mage/greater_invisibility.webp,Ui,IMAGE_TEXTURE,,,PENDING,,,,,,,FOUND_NEARBY,,
TEM-004197,public/ui/skills/mage/double_blink.webp,Ui,IMAGE_TEXTURE,,,PENDING,,,,,,,FOUND_NEARBY,,
TEM-004198,public/ui/skills/mage/arcane_missiles.webp,Ui,IMAGE_TEXTURE,,,PENDING,,,,,,,FOUND_NEARBY,,
TEM-004199,public/ui/skills/mage/combustion.webp,Ui,IMAGE_TEXTURE,,,PENDING,,,,,,,FOUND_NEARBY,,
TEM-004200,public/ui/skills/mage/arcane_surge.webp,Ui,IMAGE_TEXTURE,,,PENDING,,,,,,,FOUND_NEARBY,,
TEM-004201,public/ui/skills/mage/glacial_spike.webp,Ui,IMAGE_TEXTURE,,,PENDING,,,,,,,FOUND_NEARBY,,
TEM-004202,public/ui/skills/mage/deep_freeze.webp,Ui,IMAGE_TEXTURE,,,PENDING,,,,,,,FOUND_NEARBY,,
TEM-004203,public/ui/skills/mage/conjure_water.webp,Ui,IMAGE_TEXTURE,,,PENDING,,,,,,,FOUND_NEARBY,,
TEM-004204,public/ui/skills/mage/mass_barrier.webp,Ui,IMAGE_TEXTURE,,,PENDING,,,,,,,FOUND_NEARBY,,
TEM-004205,public/ui/skills/mage/glacial_front.webp,Ui,IMAGE_TEXTURE,,,PENDING,,,,,,,FOUND_NEARBY,,
TEM-004206,public/ui/skills/mage/power_echo.webp,Ui,IMAGE_TEXTURE,,,PENDING,,,,,,,FOUND_NEARBY,,
TEM-004207,public/ui/skills/mage/evocation.webp,Ui,IMAGE_TEXTURE,,,PENDING,,,,,,,FOUND_NEARBY,,
TEM-004208,public/ui/skills/mage/temporal_acceleration.webp,Ui,IMAGE_TEXTURE,,,PENDING,,,,,,,FOUND_NEARBY,,
TEM-004209,public/ui/skills/mage/blink.webp,Ui,IMAGE_TEXTURE,,,PENDING,,,,,,,FOUND_NEARBY,,
TEM-004210,public/ui/skills/mage/ice_lance.webp,Ui,IMAGE_TEXTURE,,,PENDING,,,,,,,FOUND_NEARBY,,
TEM-004211,public/ui/skills/mage/ice_block.webp,Ui,IMAGE_TEXTURE,,,PENDING,,,,,,,FOUND_NEARBY,,
TEM-004212,public/ui/skills/mage/arcane_intellect.webp,Ui,IMAGE_TEXTURE,,,PENDING,,,,,,,FOUND_NEARBY,,
TEM-004213,public/ui/skills/mage/cold_snap.webp,Ui,IMAGE_TEXTURE,,,PENDING,,,,,,,FOUND_NEARBY,,
TEM-004214,public/ui/skills/mage/meteor.webp,Ui,IMAGE_TEXTURE,,,PENDING,,,,,,,FOUND_NEARBY,,
TEM-004215,public/ui/skills/mage/cone_of_cold.webp,Ui,IMAGE_TEXTURE,,,PENDING,,,,,,,FOUND_NEARBY,,
TEM-004216,public/ui/skills/mage/brain_freeze.webp,Ui,IMAGE_TEXTURE,,,PENDING,,,,,,,FOUND_NEARBY,,
TEM-004217,public/ui/skills/mage/temporal_mend.webp,Ui,IMAGE_TEXTURE,,,PENDING,,,,,,,FOUND_NEARBY,,
TEM-004218,public/ui/skills/mage/flurry.webp,Ui,IMAGE_TEXTURE,,,PENDING,,,,,,,FOUND_NEARBY,,
TEM-004219,public/ui/skills/mage/temporal_reversal.webp,Ui,IMAGE_TEXTURE,,,PENDING,,,,,,,FOUND_NEARBY,,
TEM-004220,public/ui/skills/mage/snap_polymorph.webp,Ui,IMAGE_TEXTURE,,,PENDING,,,,,,,FOUND_NEARBY,,
TEM-004221,public/ui/skills/mage/dragons_breath.webp,Ui,IMAGE_TEXTURE,,,PENDING,,,,,,,FOUND_NEARBY,,
TEM-004222,public/ui/skills/rogue/backstab.webp,Ui,IMAGE_TEXTURE,,,PENDING,,,,,,,FOUND_NEARBY,,
TEM-004223,public/ui/skills/rogue/crippling_poison.webp,Ui,IMAGE_TEXTURE,,,PENDING,,,,,,,FOUND_NEARBY,,
TEM-004224,public/ui/skills/rogue/adrenaline_rush.webp,Ui,IMAGE_TEXTURE,,,PENDING,,,,,,,FOUND_NEARBY,,
TEM-004225,public/ui/skills/rogue/stealth.webp,Ui,IMAGE_TEXTURE,,,PENDING,,,,,,,FOUND_NEARBY,,
TEM-004226,public/ui/skills/rogue/blind.webp,Ui,IMAGE_TEXTURE,,,PENDING,,,,,,,FOUND_NEARBY,,
TEM-004227,public/ui/skills/rogue/smoke_screen.webp,Ui,IMAGE_TEXTURE,,,PENDING,,,,,,,FOUND_NEARBY,,
TEM-004228,public/ui/skills/rogue/ambush.webp,Ui,IMAGE_TEXTURE,,,PENDING,,,,,,,FOUND_NEARBY,,
TEM-004229,public/ui/skills/rogue/slice_and_dice.webp,Ui,IMAGE_TEXTURE,,,PENDING,,,,,,,FOUND_NEARBY,,
TEM-004230,public/ui/skills/rogue/expose_armor.webp,Ui,IMAGE_TEXTURE,,,PENDING,,,,,,,FOUND_NEARBY,,
TEM-004231,public/ui/skills/rogue/rupture.webp,Ui,IMAGE_TEXTURE,,,PENDING,,,,,,,FOUND_NEARBY,,
TEM-004232,public/ui/skills/rogue/vanish.webp,Ui,IMAGE_TEXTURE,,,PENDING,,,,,,,FOUND_NEARBY,,
TEM-004233,public/ui/skills/rogue/sprint.webp,Ui,IMAGE_TEXTURE,,,PENDING,,,,,,,FOUND_NEARBY,,
TEM-004234,public/ui/skills/rogue/evasion.webp,Ui,IMAGE_TEXTURE,,,PENDING,,,,,,,FOUND_NEARBY,,
TEM-004235,public/ui/skills/rogue/ghostly_strike.webp,Ui,IMAGE_TEXTURE,,,PENDING,,,,,,,FOUND_NEARBY,,
TEM-004236,public/ui/skills/rogue/sinister_strike.webp,Ui,IMAGE_TEXTURE,,,PENDING,,,,,,,FOUND_NEARBY,,
TEM-004237,public/ui/skills/rogue/shadowstep.webp,Ui,IMAGE_TEXTURE,,,PENDING,,,,,,,FOUND_NEARBY,,
TEM-004238,public/ui/skills/rogue/cold_blood.webp,Ui,IMAGE_TEXTURE,,,PENDING,,,,,,,FOUND_NEARBY,,
TEM-004239,public/ui/skills/rogue/gouge.webp,Ui,IMAGE_TEXTURE,,,PENDING,,,,,,,FOUND_NEARBY,,
TEM-004240,public/ui/skills/rogue/garrote.webp,Ui,IMAGE_TEXTURE,,,PENDING,,,,,,,FOUND_NEARBY,,
TEM-004241,public/ui/skills/rogue/kick.webp,Ui,IMAGE_TEXTURE,,,PENDING,,,,,,,FOUND_NEARBY,,
TEM-004242,public/ui/skills/rogue/cheap_shot.webp,Ui,IMAGE_TEXTURE,,,PENDING,,,,,,,FOUND_NEARBY,,
TEM-004243,public/ui/skills/rogue/blade_flurry.webp,Ui,IMAGE_TEXTURE,,,PENDING,,,,,,,FOUND_NEARBY,,
TEM-004244,public/ui/skills/rogue/eviscerate.webp,Ui,IMAGE_TEXTURE,,,PENDING,,,,,,,FOUND_NEARBY,,
TEM-004245,public/ui/skills/rogue/kidney_shot.webp,Ui,IMAGE_TEXTURE,,,PENDING,,,,,,,FOUND_NEARBY,,
TEM-004246,public/ui/skills/rogue/deadly_poison.webp,Ui,IMAGE_TEXTURE,,,PENDING,,,,,,,FOUND_NEARBY,,
TEM-004247,public/ui/skills/rogue/cloak_of_shadows.webp,Ui,IMAGE_TEXTURE,,,PENDING,,,,,,,FOUND_NEARBY,,
TEM-004248,public/ui/skills/rogue/instant_poison.webp,Ui,IMAGE_TEXTURE,,,PENDING,,,,,,,FOUND_NEARBY,,
TEM-004249,public/ui/skills/rogue/sap.webp,Ui,IMAGE_TEXTURE,,,PENDING,,,,,,,FOUND_NEARBY,,
TEM-004250,public/ui/skills/rogue/hemorrhage.webp,Ui,IMAGE_TEXTURE,,,PENDING,,,,,,,FOUND_NEARBY,,
TEM-004251,public/ui/skills/rogue/preparation.webp,Ui,IMAGE_TEXTURE,,,PENDING,,,,,,,FOUND_NEARBY,,
TEM-004252,public/ui/skills/shaman/earthbind.webp,Ui,IMAGE_TEXTURE,,,PENDING,,,,,,,FOUND_NEARBY,,
TEM-004253,public/ui/skills/shaman/elemental_mastery.webp,Ui,IMAGE_TEXTURE,,,PENDING,,,,,,,FOUND_NEARBY,,
TEM-004254,public/ui/skills/shaman/lightning_bolt.webp,Ui,IMAGE_TEXTURE,,,PENDING,,,,,,,FOUND_NEARBY,,
TEM-004255,public/ui/skills/shaman/earth_shock.webp,Ui,IMAGE_TEXTURE,,,PENDING,,,,,,,FOUND_NEARBY,,
TEM-004256,public/ui/skills/shaman/flametongue_weapon.webp,Ui,IMAGE_TEXTURE,,,PENDING,,,,,,,FOUND_NEARBY,,
TEM-004257,public/ui/skills/shaman/ghost_wolf.webp,Ui,IMAGE_TEXTURE,,,PENDING,,,,,,,FOUND_NEARBY,,
TEM-004258,public/ui/skills/shaman/healing_stream.webp,Ui,IMAGE_TEXTURE,,,PENDING,,,,,,,FOUND_NEARBY,,
TEM-004259,public/ui/skills/shaman/stormstrike.webp,Ui,IMAGE_TEXTURE,,,PENDING,,,,,,,FOUND_NEARBY,,
TEM-004260,public/ui/skills/shaman/rockbiter_weapon.webp,Ui,IMAGE_TEXTURE,,,PENDING,,,,,,,FOUND_NEARBY,,
TEM-004261,public/ui/skills/shaman/frost_shock.webp,Ui,IMAGE_TEXTURE,,,PENDING,,,,,,,FOUND_NEARBY,,
TEM-004262,public/ui/skills/shaman/frostbrand_weapon.webp,Ui,IMAGE_TEXTURE,,,PENDING,,,,,,,FOUND_NEARBY,,
TEM-004263,public/ui/skills/shaman/bloodlust.webp,Ui,IMAGE_TEXTURE,,,PENDING,,,,,,,FOUND_NEARBY,,
TEM-004264,public/ui/skills/shaman/flame_shock.webp,Ui,IMAGE_TEXTURE,,,PENDING,,,,,,,FOUND_NEARBY,,
TEM-004265,public/ui/skills/shaman/chain_lightning.webp,Ui,IMAGE_TEXTURE,,,PENDING,,,,,,,FOUND_NEARBY,,
TEM-004266,public/ui/skills/shaman/healing_wave.webp,Ui,IMAGE_TEXTURE,,,PENDING,,,,,,,FOUND_NEARBY,,
TEM-004267,public/ui/skills/shaman/earthquake.webp,Ui,IMAGE_TEXTURE,,,PENDING,,,,,,,FOUND_NEARBY,,
TEM-004268,public/ui/skills/shaman/chain_heal.webp,Ui,IMAGE_TEXTURE,,,PENDING,,,,,,,FOUND_NEARBY,,
TEM-004269,public/ui/skills/shaman/lightning_shield.webp,Ui,IMAGE_TEXTURE,,,PENDING,,,,,,,FOUND_NEARBY,,
