scope,relative_path,category,file_name,extension,size_bytes,size_kb,size_mb,mapping_status,mapping_source,mapping_target,mapping_label,triangles,vertices,materials,textures_in_gltf,image_width,image_height,image_mode
01_Assets_Organizados,Buildings/Medieval_Dracula_Assets.glb,Buildings,Medieval_Dracula_Assets.glb,.glb,11711748,11437.25,11.1692,UNMAPPED,,,,69570,90576,166,165,,,
01_Assets_Organizados,Buildings/psx_abandoned_church.glb,Buildings,psx_abandoned_church.glb,.glb,524072,511.79,0.4998,UNMAPPED,,,,441,646,5,5,,,
01_Assets_Organizados,Buildings/psx_church.glb,Buildings,psx_church.glb,.glb,1907864,1863.15,1.8195,UNMAPPED,,,,873,1314,1,1,,,
01_Assets_Organizados,Characters/barbarian.glb,Characters,barbarian.glb,.glb,444244,433.83,0.4237,⚠️ CRIAR,chars/players/barbarian.glb,chars/players/berserker.glb,Berserker,7123,6050,1,1,,,
01_Assets_Organizados,Characters/barbarian_hit_variety_anims.glb,Characters,barbarian_hit_variety_anims.glb,.glb,21592,21.09,0.0206,UNMAPPED,,,,0,0,0,0,,,
01_Assets_Organizados,Characters/bow_anims.glb,Characters,bow_anims.glb,.glb,61960,60.51,0.0591,UNMAPPED,,,,0,0,0,0,,,
01_Assets_Organizados,Characters/bow_hold_anim.glb,Characters,bow_hold_anim.glb,.glb,36472,35.62,0.0348,UNMAPPED,,,,0,0,0,0,,,
01_Assets_Organizados,Characters/dark_fantasy_monk__psx_style_low-poly.glb,Characters,dark_fantasy_monk__psx_style_low-poly.glb,.glb,157496,153.8,0.1502,UNMAPPED,,,,692,491,1,1,,,
01_Assets_Organizados,Characters/druid.glb,Characters,druid.glb,.glb,463692,452.82,0.4422,⚠️ CRIAR,chars/players/druid.glb,chars/players/cleric.glb,Cleric,7784,7481,1,1,,,
01_Assets_Organizados,Characters/druid_ability_anims.glb,Characters,druid_ability_anims.glb,.glb,91164,89.03,0.0869,UNMAPPED,,,,0,0,0,0,,,
01_Assets_Organizados,Characters/druid_hit_variety_anims.glb,Characters,druid_hit_variety_anims.glb,.glb,21592,21.09,0.0206,UNMAPPED,,,,0,0,0,0,,,
01_Assets_Organizados,Characters/hunter_ability_anims.glb,Characters,hunter_ability_anims.glb,.glb,110696,108.1,0.1056,UNMAPPED,,,,0,0,0,0,,,
01_Assets_Organizados,Characters/knight.glb,Characters,knight.glb,.glb,462916,452.07,0.4415,⚠️ CRIAR,chars/players/knight.glb,chars/players/paladin.glb,Paladin,5800,5328,1,1,,,
01_Assets_Organizados,Characters/knight_hit_variety_anims.glb,Characters,knight_hit_variety_anims.glb,.glb,21592,21.09,0.0206,UNMAPPED,,,,0,0,0,0,,,
01_Assets_Organizados,Characters/mage.glb,Characters,mage.glb,.glb,441576,431.23,0.4211,⚠️ CRIAR,chars/players/mage.glb,chars/players/sorcerer.glb,Sorcerer,6668,5421,1,1,,,
01_Assets_Organizados,Characters/mage_ability_anims.glb,Characters,mage_ability_anims.glb,.glb,97320,95.04,0.0928,UNMAPPED,,,,0,0,0,0,,,
01_Assets_Organizados,Characters/mage_classic.glb,Characters,mage_classic.glb,.glb,731428,714.29,0.6975,UNMAPPED,,,,5683,5279,1,1,,,
01_Assets_Organizados,Characters/mage_classic_hit_variety_anims.glb,Characters,mage_classic_hit_variety_anims.glb,.glb,35592,34.76,0.0339,UNMAPPED,,,,0,0,0,0,,,
01_Assets_Organizados,Characters/mage_hit_variety_anims.glb,Characters,mage_hit_variety_anims.glb,.glb,21592,21.09,0.0206,UNMAPPED,,,,0,0,0,0,,,
01_Assets_Organizados,Characters/paladin.glb,Characters,paladin.glb,.glb,448820,438.3,0.428,⚠️ CRIAR,chars/players/paladin.glb,chars/players/inquisitor.glb,Inquisitor,5658,5392,2,1,,,
01_Assets_Organizados,Characters/paladin_ability_anims.glb,Characters,paladin_ability_anims.glb,.glb,108960,106.41,0.1039,UNMAPPED,,,,0,0,0,0,,,
01_Assets_Organizados,Characters/paladin_hit_variety_anims.glb,Characters,paladin_hit_variety_anims.glb,.glb,21600,21.09,0.0206,UNMAPPED,,,,0,0,0,0,,,
01_Assets_Organizados,Characters/ps1_psx_knight.glb,Characters,ps1_psx_knight.glb,.glb,797272,778.59,0.7603,UNMAPPED,,,,544,532,2,2,,,
01_Assets_Organizados,Characters/raging_wolf_knight_psx.glb,Characters,raging_wolf_knight_psx.glb,.glb,459496,448.73,0.4382,UNMAPPED,,,,562,498,1,1,,,
01_Assets_Organizados,Characters/ranger.glb,Characters,ranger.glb,.glb,465964,455.04,0.4444,⚠️ CRIAR,chars/players/ranger.glb,chars/players/hunter.glb,Hunter,8900,7734,1,1,,,
01_Assets_Organizados,Characters/ranger_hit_variety_anims.glb,Characters,ranger_hit_variety_anims.glb,.glb,21592,21.09,0.0206,UNMAPPED,,,,0,0,0,0,,,
01_Assets_Organizados,Characters/rogue.glb,Characters,rogue.glb,.glb,477976,466.77,0.4558,⚠️ CRIAR,chars/players/rogue.glb,chars/players/assassin.glb,Assassin,7562,6422,1,1,,,
01_Assets_Organizados,Characters/rogue_ability_anims.glb,Characters,rogue_ability_anims.glb,.glb,92808,90.63,0.0885,UNMAPPED,,,,0,0,0,0,,,
01_Assets_Organizados,Characters/rogue_hit_variety_anims.glb,Characters,rogue_hit_variety_anims.glb,.glb,21592,21.09,0.0206,UNMAPPED,,,,0,0,0,0,,,
01_Assets_Organizados,Characters/rogue_hooded.glb,Characters,rogue_hooded.glb,.glb,448736,438.22,0.4279,UNMAPPED,,,,7185,5909,1,1,,,
01_Assets_Organizados,Characters/rogue_hooded_hit_variety_anims.glb,Characters,rogue_hooded_hit_variety_anims.glb,.glb,21592,21.09,0.0206,UNMAPPED,,,,0,0,0,0,,,
01_Assets_Organizados,Characters/shaman_ability_anims.glb,Characters,shaman_ability_anims.glb,.glb,91732,89.58,0.0875,UNMAPPED,,,,0,0,0,0,,,
01_Assets_Organizados,Characters/swim_anims.glb,Characters,swim_anims.glb,.glb,93788,91.59,0.0894,UNMAPPED,,,,0,0,0,0,,,
01_Assets_Organizados,Characters/warlock_ability_anims.glb,Characters,warlock_ability_anims.glb,.glb,75888,74.11,0.0724,UNMAPPED,,,,0,0,0,0,,,
01_Assets_Organizados,Characters/warrior_ability_anims.glb,Characters,warrior_ability_anims.glb,.glb,24480,23.91,0.0233,UNMAPPED,,,,0,0,0,0,,,
01_Assets_Organizados,Dungeon/arch.glb,Dungeon,arch.glb,.glb,36168,35.32,0.0345,⚠️ REESTILIZAR,dungeon/arch.glb,dungeon/arch.glb,Stone Arch,436,820,1,1,,,
01_Assets_Organizados,Dungeon/arch_gate.glb,Dungeon,arch_gate.glb,.glb,48776,47.63,0.0465,⚠️ REESTILIZAR,dungeon/arch_gate.glb,dungeon/arch_gate.glb,Gate Arch,868,1658,1,1,,,
01_Assets_Organizados,Dungeon/banner_blue.glb,Dungeon,banner_blue.glb,.glb,29200,28.52,0.0278,⚠️ REESTILIZAR,dungeon/banner_blue.glb,dungeon/banner_blue.glb,Banner Blue,97,205,1,1,,,
01_Assets_Organizados,Dungeon/banner_brown.glb,Dungeon,banner_brown.glb,.glb,32352,31.59,0.0309,⚠️ REESTILIZAR,dungeon/banner_brown.glb,dungeon/banner_brown.glb,Banner Brown,97,187,1,1,,,
01_Assets_Organizados,Dungeon/banner_green.glb,Dungeon,banner_green.glb,.glb,29204,28.52,0.0279,⚠️ REESTILIZAR,dungeon/banner_green.glb,dungeon/banner_green.glb,Banner Green,97,205,1,1,,,
01_Assets_Organizados,Dungeon/banner_patterna_blue.glb,Dungeon,banner_patterna_blue.glb,.glb,32664,31.9,0.0312,UNMAPPED,,,,110,220,1,1,,,
01_Assets_Organizados,Dungeon/banner_patterna_brown.glb,Dungeon,banner_patterna_brown.glb,.glb,32668,31.9,0.0312,UNMAPPED,,,,110,220,1,1,,,
01_Assets_Organizados,Dungeon/banner_patterna_green.glb,Dungeon,banner_patterna_green.glb,.glb,32668,31.9,0.0312,UNMAPPED,,,,110,220,1,1,,,
01_Assets_Organizados,Dungeon/banner_patterna_red.glb,Dungeon,banner_patterna_red.glb,.glb,32664,31.9,0.0312,UNMAPPED,,,,110,220,1,1,,,
01_Assets_Organizados,Dungeon/banner_patterna_white.glb,Dungeon,banner_patterna_white.glb,.glb,32664,31.9,0.0312,UNMAPPED,,,,110,220,1,1,,,
01_Assets_Organizados,Dungeon/banner_patterna_yellow.glb,Dungeon,banner_patterna_yellow.glb,.glb,32668,31.9,0.0312,UNMAPPED,,,,110,220,1,1,,,
01_Assets_Organizados,Dungeon/banner_patternb_blue.glb,Dungeon,banner_patternb_blue.glb,.glb,32452,31.69,0.0309,UNMAPPED,,,,97,197,1,1,,,
01_Assets_Organizados,Dungeon/banner_patternb_brown.glb,Dungeon,banner_patternb_brown.glb,.glb,32452,31.69,0.0309,UNMAPPED,,,,97,197,1,1,,,
01_Assets_Organizados,Dungeon/banner_patternb_green.glb,Dungeon,banner_patternb_green.glb,.glb,32452,31.69,0.0309,UNMAPPED,,,,97,197,1,1,,,
01_Assets_Organizados,Dungeon/banner_patternb_red.glb,Dungeon,banner_patternb_red.glb,.glb,32444,31.68,0.0309,UNMAPPED,,,,97,197,1,1,,,
01_Assets_Organizados,Dungeon/banner_patternb_white.glb,Dungeon,banner_patternb_white.glb,.glb,32452,31.69,0.0309,UNMAPPED,,,,97,197,1,1,,,
01_Assets_Organizados,Dungeon/banner_patternb_yellow.glb,Dungeon,banner_patternb_yellow.glb,.glb,32452,31.69,0.0309,UNMAPPED,,,,97,197,1,1,,,
01_Assets_Organizados,Dungeon/banner_patternc_blue.glb,Dungeon,banner_patternc_blue.glb,.glb,32452,31.69,0.0309,UNMAPPED,,,,97,197,1,1,,,
01_Assets_Organizados,Dungeon/banner_patternc_brown.glb,Dungeon,banner_patternc_brown.glb,.glb,32452,31.69,0.0309,UNMAPPED,,,,97,197,1,1,,,
01_Assets_Organizados,Dungeon/banner_patternC_green.glb,Dungeon,banner_patternC_green.glb,.glb,29212,28.53,0.0279,UNMAPPED,,,,97,205,1,1,,,
01_Assets_Organizados,Dungeon/banner_patternc_red.glb,Dungeon,banner_patternc_red.glb,.glb,32448,31.69,0.0309,UNMAPPED,,,,97,197,1,1,,,
01_Assets_Organizados,Dungeon/banner_patternc_white.glb,Dungeon,banner_patternc_white.glb,.glb,32448,31.69,0.0309,UNMAPPED,,,,97,197,1,1,,,
01_Assets_Organizados,Dungeon/banner_patternc_yellow.glb,Dungeon,banner_patternc_yellow.glb,.glb,32456,31.7,0.031,UNMAPPED,,,,97,197,1,1,,,
01_Assets_Organizados,Dungeon/banner_red.glb,Dungeon,banner_red.glb,.glb,32344,31.59,0.0308,⚠️ REESTILIZAR,dungeon/banner_red.glb,dungeon/banner_red.glb,Banner Red,97,187,1,1,,,
01_Assets_Organizados,Dungeon/banner_shield_blue.glb,Dungeon,banner_shield_blue.glb,.glb,39056,38.14,0.0372,UNMAPPED,,,,639,1068,1,1,,,
01_Assets_Organizados,Dungeon/banner_shield_brown.glb,Dungeon,banner_shield_brown.glb,.glb,41564,40.59,0.0396,UNMAPPED,,,,639,1022,1,1,,,
01_Assets_Organizados,Dungeon/banner_shield_green.glb,Dungeon,banner_shield_green.glb,.glb,41564,40.59,0.0396,UNMAPPED,,,,639,1022,1,1,,,
01_Assets_Organizados,Dungeon/banner_shield_red.glb,Dungeon,banner_shield_red.glb,.glb,41556,40.58,0.0396,UNMAPPED,,,,639,1022,1,1,,,
01_Assets_Organizados,Dungeon/banner_shield_white.glb,Dungeon,banner_shield_white.glb,.glb,41560,40.59,0.0396,UNMAPPED,,,,639,1022,1,1,,,
01_Assets_Organizados,Dungeon/banner_shield_yellow.glb,Dungeon,banner_shield_yellow.glb,.glb,41560,40.59,0.0396,UNMAPPED,,,,639,1022,1,1,,,
01_Assets_Organizados,Dungeon/banner_thin_blue.glb,Dungeon,banner_thin_blue.glb,.glb,32020,31.27,0.0305,UNMAPPED,,,,83,155,1,1,,,
01_Assets_Organizados,Dungeon/banner_thin_brown.glb,Dungeon,banner_thin_brown.glb,.glb,32024,31.27,0.0305,UNMAPPED,,,,83,155,1,1,,,
01_Assets_Organizados,Dungeon/banner_thin_green.glb,Dungeon,banner_thin_green.glb,.glb,32028,31.28,0.0305,UNMAPPED,,,,83,155,1,1,,,
01_Assets_Organizados,Dungeon/banner_thin_red.glb,Dungeon,banner_thin_red.glb,.glb,32020,31.27,0.0305,UNMAPPED,,,,83,155,1,1,,,
01_Assets_Organizados,Dungeon/banner_thin_white.glb,Dungeon,banner_thin_white.glb,.glb,28868,28.19,0.0275,UNMAPPED,,,,83,172,1,1,,,
01_Assets_Organizados,Dungeon/banner_thin_yellow.glb,Dungeon,banner_thin_yellow.glb,.glb,32024,31.27,0.0305,UNMAPPED,,,,83,155,1,1,,,
01_Assets_Organizados,Dungeon/banner_triple_blue.glb,Dungeon,banner_triple_blue.glb,.glb,32620,31.86,0.0311,UNMAPPED,,,,263,549,1,1,,,
01_Assets_Organizados,Dungeon/banner_triple_brown.glb,Dungeon,banner_triple_brown.glb,.glb,35356,34.53,0.0337,UNMAPPED,,,,263,497,1,1,,,
01_Assets_Organizados,Dungeon/banner_triple_green.glb,Dungeon,banner_triple_green.glb,.glb,32616,31.85,0.0311,UNMAPPED,,,,263,549,1,1,,,
01_Assets_Organizados,Dungeon/banner_triple_red.glb,Dungeon,banner_triple_red.glb,.glb,35344,34.52,0.0337,UNMAPPED,,,,263,497,1,1,,,
01_Assets_Organizados,Dungeon/banner_triple_white.glb,Dungeon,banner_triple_white.glb,.glb,35348,34.52,0.0337,UNMAPPED,,,,263,497,1,1,,,
01_Assets_Organizados,Dungeon/banner_triple_yellow.glb,Dungeon,banner_triple_yellow.glb,.glb,35352,34.52,0.0337,UNMAPPED,,,,263,497,1,1,,,
01_Assets_Organizados,Dungeon/banner_white.glb,Dungeon,banner_white.glb,.glb,29204,28.52,0.0279,⚠️ REESTILIZAR,dungeon/banner_white.glb,dungeon/banner_white.glb,Banner White,97,205,1,1,,,
01_Assets_Organizados,Dungeon/banner_yellow.glb,Dungeon,banner_yellow.glb,.glb,32348,31.59,0.0308,⚠️ REESTILIZAR,dungeon/banner_yellow.glb,dungeon/banner_yellow.glb,Banner Yellow,97,187,1,1,,,
01_Assets_Organizados,Dungeon/bar_innercorner.glb,Dungeon,bar_innercorner.glb,.glb,38256,37.36,0.0365,⚠️ REESTILIZAR,dungeon/bar_innercorner.glb,dungeon/bar_innercorner.glb,Railing Corner,552,804,1,1,,,
01_Assets_Organizados,Dungeon/bar_outercorner.glb,Dungeon,bar_outercorner.glb,.glb,38828,37.92,0.037,⚠️ REESTILIZAR,dungeon/bar_outercorner.glb,dungeon/bar_outercorner.glb,Railing Outer,604,872,1,1,,,
01_Assets_Organizados,Dungeon/bar_straight_a.glb,Dungeon,bar_straight_a.glb,.glb,35352,34.52,0.0337,UNMAPPED,,,,352,512,1,1,,,
01_Assets_Organizados,Dungeon/bar_straight_a_short.glb,Dungeon,bar_straight_a_short.glb,.glb,33524,32.74,0.032,UNMAPPED,,,,220,320,1,1,,,
01_Assets_Organizados,Dungeon/bar_straight_b.glb,Dungeon,bar_straight_b.glb,.glb,35092,34.27,0.0335,UNMAPPED,,,,340,492,1,1,,,
01_Assets_Organizados,Dungeon/bar_straight_b_short.glb,Dungeon,bar_straight_b_short.glb,.glb,34892,34.07,0.0333,UNMAPPED,,,,316,450,1,1,,,
01_Assets_Organizados,Dungeon/bar_straight_c.glb,Dungeon,bar_straight_c.glb,.glb,37152,36.28,0.0354,UNMAPPED,,,,516,678,1,1,,,
01_Assets_Organizados,Dungeon/bar_straight_c_short.glb,Dungeon,bar_straight_c_short.glb,.glb,34948,34.13,0.0333,UNMAPPED,,,,334,446,1,1,,,
01_Assets_Organizados,Dungeon/barrel_large.glb,Dungeon,barrel_large.glb,.glb,35188,34.36,0.0336,⚠️ REESTILIZAR,dungeon/barrel_large.glb,dungeon/barrel_large.glb,Large Barrel,561,745,1,1,,,
01_Assets_Organizados,Dungeon/barrel_large_decorated.glb,Dungeon,barrel_large_decorated.glb,.glb,45748,44.68,0.0436,⚠️ REESTILIZAR,dungeon/barrel_large_decorated.glb,dungeon/barrel_large_decorated.glb,Ornate Barrel,1047,1403,1,1,,,
01_Assets_Organizados,Dungeon/barrel_small.glb,Dungeon,barrel_small.glb,.glb,34692,33.88,0.0331,⚠️ REESTILIZAR,dungeon/barrel_small.glb,dungeon/barrel_small.glb,Small Barrel,207,419,1,1,,,
01_Assets_Organizados,Dungeon/barrel_small_stack.glb,Dungeon,barrel_small_stack.glb,.glb,51676,50.46,0.0493,⚠️ REESTILIZAR,dungeon/barrel_small_stack.glb,dungeon/barrel_small_stack.glb,Barrel Stack,1149,2316,1,1,,,
01_Assets_Organizados,Dungeon/barrier.glb,Dungeon,barrier.glb,.glb,31888,31.14,0.0304,⚠️ REESTILIZAR,dungeon/barrier.glb,dungeon/barrier.glb,Barricade,90,180,1,1,,,
01_Assets_Organizados,Dungeon/barrier_colum_half.glb,Dungeon,barrier_colum_half.glb,.glb,31996,31.25,0.0305,UNMAPPED,,,,86,176,1,1,,,
01_Assets_Organizados,Dungeon/barrier_column.glb,Dungeon,barrier_column.glb,.glb,32268,31.51,0.0308,⚠️ REESTILIZAR,dungeon/barrier_column.glb,dungeon/barrier_column.glb,Column,110,224,1,1,,,
01_Assets_Organizados,Dungeon/barrier_corner.glb,Dungeon,barrier_corner.glb,.glb,32820,32.05,0.0313,⚠️ REESTILIZAR,dungeon/barrier_corner.glb,dungeon/barrier_corner.glb,Corner,128,260,1,1,,,
01_Assets_Organizados,Dungeon/barrier_half.glb,Dungeon,barrier_half.glb,.glb,31100,30.37,0.0297,⚠️ REESTILIZAR,dungeon/barrier_half.glb,dungeon/barrier_half.glb,Half Wall,42,84,1,1,,,
01_Assets_Organizados,Dungeon/bartop_a_large.glb,Dungeon,bartop_a_large.glb,.glb,34520,33.71,0.0329,UNMAPPED,,,,348,432,1,1,,,
01_Assets_Organizados,Dungeon/bartop_a_medium.glb,Dungeon,bartop_a_medium.glb,.glb,34672,33.86,0.0331,UNMAPPED,,,,348,432,1,1,,,
01_Assets_Organizados,Dungeon/bartop_a_small.glb,Dungeon,bartop_a_small.glb,.glb,34664,33.85,0.0331,UNMAPPED,,,,348,432,1,1,,,
01_Assets_Organizados,Dungeon/bartop_b_large.glb,Dungeon,bartop_b_large.glb,.glb,35592,34.76,0.0339,UNMAPPED,,,,416,538,1,1,,,
01_Assets_Organizados,Dungeon/bartop_b_medium.glb,Dungeon,bartop_b_medium.glb,.glb,35204,34.38,0.0336,UNMAPPED,,,,392,496,1,1,,,
01_Assets_Organizados,Dungeon/bartop_b_small.glb,Dungeon,bartop_b_small.glb,.glb,35200,34.38,0.0336,UNMAPPED,,,,392,496,1,1,,,
01_Assets_Organizados,Dungeon/bed_a_double.glb,Dungeon,bed_a_double.glb,.glb,39252,38.33,0.0374,UNMAPPED,,,,676,876,1,1,,,
01_Assets_Organizados,Dungeon/bed_a_single.glb,Dungeon,bed_a_single.glb,.glb,37876,36.99,0.0361,UNMAPPED,,,,558,756,1,1,,,
01_Assets_Organizados,Dungeon/bed_a_stacked.glb,Dungeon,bed_a_stacked.glb,.glb,51404,50.2,0.049,UNMAPPED,,,,1336,2056,1,1,,,
01_Assets_Organizados,Dungeon/bed_b_double.glb,Dungeon,bed_b_double.glb,.glb,46984,45.88,0.0448,UNMAPPED,,,,1282,1700,1,1,,,
01_Assets_Organizados,Dungeon/bed_b_single.glb,Dungeon,bed_b_single.glb,.glb,45236,44.18,0.0431,UNMAPPED,,,,1108,1524,1,1,,,
01_Assets_Organizados,Dungeon/bed_decorated.glb,Dungeon,bed_decorated.glb,.glb,50740,49.55,0.0484,⚠️ REESTILIZAR,dungeon/bed_decorated.glb,dungeon/bed_decorated.glb,Ornate Bed,1410,1926,1,1,,,
01_Assets_Organizados,Dungeon/bed_floor.glb,Dungeon,bed_floor.glb,.glb,32616,31.85,0.0311,⚠️ REESTILIZAR,dungeon/bed_floor.glb,dungeon/bed_floor.glb,Pallet Bed,232,192,1,1,,,
01_Assets_Organizados,Dungeon/bed_frame.glb,Dungeon,bed_frame.glb,.glb,34004,33.21,0.0324,⚠️ REESTILIZAR,dungeon/bed_frame.glb,dungeon/bed_frame.glb,Bed Frame,304,338,1,1,,,
01_Assets_Organizados,Dungeon/bench.glb,Dungeon,bench.glb,.glb,35708,34.87,0.0341,⚠️ REESTILIZAR,dungeon/bench.glb,dungeon/bench.glb,Bench,348,513,1,1,,,
01_Assets_Organizados,Dungeon/bench_decorated.glb,Dungeon,bench_decorated.glb,.glb,44628,43.58,0.0426,⚠️ REESTILIZAR,dungeon/bench_decorated.glb,dungeon/bench_decorated.glb,Ornate Bench,978,1298,1,1,,,
01_Assets_Organizados,Dungeon/bone_A.glb,Dungeon,bone_A.glb,.glb,30776,30.05,0.0294,⚠️ REESTILIZAR,dungeon/bone_A.glb,dungeon/bone_A.glb,Bone A,204,199,1,1,,,
01_Assets_Organizados,Dungeon/bone_B.glb,Dungeon,bone_B.glb,.glb,30312,29.6,0.0289,⚠️ REESTILIZAR,dungeon/bone_B.glb,dungeon/bone_B.glb,Bone B,220,148,1,1,,,
01_Assets_Organizados,Dungeon/bone_c.glb,Dungeon,bone_c.glb,.glb,32808,32.04,0.0313,⚠️ REESTILIZAR,dungeon/bone_c.glb,dungeon/bone_c.glb,Bone C,204,199,1,1,,,
01_Assets_Organizados,Dungeon/book_brown.glb,Dungeon,book_brown.glb,.glb,31360,30.62,0.0299,UNMAPPED,,,,52,92,1,1,,,
01_Assets_Organizados,Dungeon/book_grey.glb,Dungeon,book_grey.glb,.glb,31372,30.64,0.0299,UNMAPPED,,,,52,92,1,1,,,
01_Assets_Organizados,Dungeon/book_tan.glb,Dungeon,book_tan.glb,.glb,31356,30.62,0.0299,UNMAPPED,,,,52,92,1,1,,,
01_Assets_Organizados,Dungeon/bookcase_double.glb,Dungeon,bookcase_double.glb,.glb,33912,33.12,0.0323,UNMAPPED,,,,236,432,1,1,,,
01_Assets_Organizados,Dungeon/bookcase_double_decorateda.glb,Dungeon,bookcase_double_decorateda.glb,.glb,66396,64.84,0.0633,UNMAPPED,,,,2212,3928,1,1,,,
01_Assets_Organizados,Dungeon/bookcase_double_decoratedb.glb,Dungeon,bookcase_double_decoratedb.glb,.glb,63812,62.32,0.0609,UNMAPPED,,,,1994,3469,1,1,,,
01_Assets_Organizados,Dungeon/bookcase_single.glb,Dungeon,bookcase_single.glb,.glb,33736,32.95,0.0322,UNMAPPED,,,,216,394,1,1,,,
01_Assets_Organizados,Dungeon/bookcase_single_decorateda.glb,Dungeon,bookcase_single_decorateda.glb,.glb,50392,49.21,0.0481,UNMAPPED,,,,1204,2142,1,1,,,
01_Assets_Organizados,Dungeon/bookcase_single_decoratedb.glb,Dungeon,bookcase_single_decoratedb.glb,.glb,52576,51.34,0.0501,UNMAPPED,,,,1261,2226,1,1,,,
01_Assets_Organizados,Dungeon/bottle_a_brown.glb,Dungeon,bottle_a_brown.glb,.glb,33024,32.25,0.0315,UNMAPPED,,,,144,215,1,1,,,
01_Assets_Organizados,Dungeon/bottle_a_green.glb,Dungeon,bottle_a_green.glb,.glb,33188,32.41,0.0317,UNMAPPED,,,,144,231,1,1,,,
01_Assets_Organizados,Dungeon/bottle_a_labeled_brown.glb,Dungeon,bottle_a_labeled_brown.glb,.glb,33080,32.3,0.0315,UNMAPPED,,,,144,219,1,1,,,
01_Assets_Organizados,Dungeon/bottle_a_labeled_green.glb,Dungeon,bottle_a_labeled_green.glb,.glb,33232,32.45,0.0317,UNMAPPED,,,,144,235,1,1,,,
01_Assets_Organizados,Dungeon/bottle_b_brown.glb,Dungeon,bottle_b_brown.glb,.glb,33028,32.25,0.0315,UNMAPPED,,,,144,215,1,1,,,
01_Assets_Organizados,Dungeon/bottle_b_green.glb,Dungeon,bottle_b_green.glb,.glb,33192,32.41,0.0317,UNMAPPED,,,,144,231,1,1,,,
01_Assets_Organizados,Dungeon/bottle_c_brown.glb,Dungeon,bottle_c_brown.glb,.glb,33024,32.25,0.0315,UNMAPPED,,,,144,215,1,1,,,
01_Assets_Organizados,Dungeon/bottle_c_green.glb,Dungeon,bottle_c_green.glb,.glb,33192,32.41,0.0317,UNMAPPED,,,,144,231,1,1,,,
01_Assets_Organizados,Dungeon/box_large.glb,Dungeon,box_large.glb,.glb,33684,32.89,0.0321,UNMAPPED,,,,188,320,1,1,,,
01_Assets_Organizados,Dungeon/box_small.glb,Dungeon,box_small.glb,.glb,30608,29.89,0.0292,UNMAPPED,,,,188,330,1,1,,,
01_Assets_Organizados,Dungeon/box_small_decorated.glb,Dungeon,box_small_decorated.glb,.glb,47020,45.92,0.0448,UNMAPPED,,,,928,1522,1,1,,,
01_Assets_Organizados,Dungeon/box_stacked.glb,Dungeon,box_stacked.glb,.glb,66744,65.18,0.0637,UNMAPPED,,,,2173,3651,1,1,,,
01_Assets_Organizados,Dungeon/bucket.glb,Dungeon,bucket.glb,.glb,34724,33.91,0.0331,UNMAPPED,,,,208,428,1,1,,,
01_Assets_Organizados,Dungeon/bucket_pickaxes.glb,Dungeon,bucket_pickaxes.glb,.glb,38788,37.88,0.037,UNMAPPED,,,,488,764,1,1,,,
01_Assets_Organizados,Dungeon/candle.glb,Dungeon,candle.glb,.glb,31468,30.73,0.03,UNMAPPED,,,,66,91,1,1,,,
01_Assets_Organizados,Dungeon/candle_lit.glb,Dungeon,candle_lit.glb,.glb,28892,28.21,0.0276,UNMAPPED,,,,120,152,1,1,,,
01_Assets_Organizados,Dungeon/candle_melted.glb,Dungeon,candle_melted.glb,.glb,31512,30.77,0.0301,UNMAPPED,,,,66,91,1,1,,,
01_Assets_Organizados,Dungeon/candle_thin.glb,Dungeon,candle_thin.glb,.glb,31476,30.74,0.03,UNMAPPED,,,,66,91,1,1,,,
01_Assets_Organizados,Dungeon/candle_thin_lit.glb,Dungeon,candle_thin_lit.glb,.glb,31864,31.12,0.0304,UNMAPPED,,,,120,120,1,1,,,
01_Assets_Organizados,Dungeon/candle_triple.glb,Dungeon,candle_triple.glb,.glb,30616,29.9,0.0292,UNMAPPED,,,,198,312,1,1,,,
01_Assets_Organizados,Dungeon/candy_blue_a.glb,Dungeon,candy_blue_a.glb,.glb,32652,31.89,0.0311,UNMAPPED,,,,176,180,1,1,,,
01_Assets_Organizados,Dungeon/candy_blue_b.glb,Dungeon,candy_blue_b.glb,.glb,32648,31.88,0.0311,UNMAPPED,,,,176,180,1,1,,,
01_Assets_Organizados,Dungeon/candy_brown_a.glb,Dungeon,candy_brown_a.glb,.glb,32648,31.88,0.0311,UNMAPPED,,,,176,180,1,1,,,
01_Assets_Organizados,Dungeon/candy_brown_b.glb,Dungeon,candy_brown_b.glb,.glb,32648,31.88,0.0311,UNMAPPED,,,,176,180,1,1,,,
01_Assets_Organizados,Dungeon/candy_brown_c.glb,Dungeon,candy_brown_c.glb,.glb,32640,31.88,0.0311,UNMAPPED,,,,176,180,1,1,,,
01_Assets_Organizados,Dungeon/candy_bucket_a.glb,Dungeon,candy_bucket_a.glb,.glb,34812,34.0,0.0332,UNMAPPED,,,,248,270,1,1,,,
01_Assets_Organizados,Dungeon/candy_bucket_a_decorated.glb,Dungeon,candy_bucket_a_decorated.glb,.glb,42992,41.98,0.041,UNMAPPED,,,,816,955,1,1,,,
01_Assets_Organizados,Dungeon/candy_bucket_b.glb,Dungeon,candy_bucket_b.glb,.glb,35548,34.71,0.0339,UNMAPPED,,,,344,330,1,1,,,
01_Assets_Organizados,Dungeon/candy_bucket_b_decorated.glb,Dungeon,candy_bucket_b_decorated.glb,.glb,43752,42.73,0.0417,UNMAPPED,,,,912,1013,1,1,,,
01_Assets_Organizados,Dungeon/candy_green_a.glb,Dungeon,candy_green_a.glb,.glb,32644,31.88,0.0311,UNMAPPED,,,,176,180,1,1,,,
01_Assets_Organizados,Dungeon/candy_green_b.glb,Dungeon,candy_green_b.glb,.glb,32640,31.88,0.0311,UNMAPPED,,,,176,180,1,1,,,
01_Assets_Organizados,Dungeon/candy_green_c.glb,Dungeon,candy_green_c.glb,.glb,32644,31.88,0.0311,UNMAPPED,,,,176,180,1,1,,,
01_Assets_Organizados,Dungeon/candy_orange_a.glb,Dungeon,candy_orange_a.glb,.glb,32644,31.88,0.0311,UNMAPPED,,,,176,180,1,1,,,
01_Assets_Organizados,Dungeon/candy_orange_b.glb,Dungeon,candy_orange_b.glb,.glb,32652,31.89,0.0311,UNMAPPED,,,,176,180,1,1,,,
01_Assets_Organizados,Dungeon/candy_orange_c.glb,Dungeon,candy_orange_c.glb,.glb,32640,31.88,0.0311,UNMAPPED,,,,176,180,1,1,,,
01_Assets_Organizados,Dungeon/candy_pink_a.glb,Dungeon,candy_pink_a.glb,.glb,32648,31.88,0.0311,UNMAPPED,,,,176,180,1,1,,,
01_Assets_Organizados,Dungeon/candy_pink_b.glb,Dungeon,candy_pink_b.glb,.glb,32640,31.88,0.0311,UNMAPPED,,,,176,180,1,1,,,
01_Assets_Organizados,Dungeon/candy_purple_a.glb,Dungeon,candy_purple_a.glb,.glb,32640,31.88,0.0311,UNMAPPED,,,,176,180,1,1,,,
01_Assets_Organizados,Dungeon/candy_purple_b.glb,Dungeon,candy_purple_b.glb,.glb,32640,31.88,0.0311,UNMAPPED,,,,176,180,1,1,,,
01_Assets_Organizados,Dungeon/candycorn.glb,Dungeon,candycorn.glb,.glb,31420,30.68,0.03,UNMAPPED,,,,96,66,1,1,,,
01_Assets_Organizados,Dungeon/ceiling_tile.glb,Dungeon,ceiling_tile.glb,.glb,31156,30.43,0.0297,UNMAPPED,,,,60,101,1,1,,,
01_Assets_Organizados,Dungeon/chair.glb,Dungeon,chair.glb,.glb,35564,34.73,0.0339,UNMAPPED,,,,294,506,1,1,,,
01_Assets_Organizados,Dungeon/chest.glb,Dungeon,chest.glb,.glb,41900,40.92,0.04,UNMAPPED,,,,728,1204,1,1,,,
01_Assets_Organizados,Dungeon/chest_gold.glb,Dungeon,chest_gold.glb,.glb,55240,53.95,0.0527,UNMAPPED,,,,1568,2322,1,1,,,
01_Assets_Organizados,Dungeon/chest_large.glb,Dungeon,chest_large.glb,.glb,43100,42.09,0.0411,UNMAPPED,,,,728,1124,1,1,,,
01_Assets_Organizados,Dungeon/chest_large_gold.glb,Dungeon,chest_large_gold.glb,.glb,43088,42.08,0.0411,UNMAPPED,,,,728,1124,1,1,,,
01_Assets_Organizados,Dungeon/chest_mimic.glb,Dungeon,chest_mimic.glb,.glb,48060,46.93,0.0458,UNMAPPED,,,,1072,1546,1,1,,,
01_Assets_Organizados,Dungeon/coffin.glb,Dungeon,coffin.glb,.glb,34572,33.76,0.033,UNMAPPED,,,,316,506,1,1,,,
01_Assets_Organizados,Dungeon/coffin_decorated.glb,Dungeon,coffin_decorated.glb,.glb,51432,50.23,0.049,UNMAPPED,,,,2064,2090,1,1,,,
01_Assets_Organizados,Dungeon/coin.glb,Dungeon,coin.glb,.glb,31928,31.18,0.0304,UNMAPPED,,,,80,124,1,1,,,
01_Assets_Organizados,Dungeon/coin_stack_large.glb,Dungeon,coin_stack_large.glb,.glb,57364,56.02,0.0547,UNMAPPED,,,,1776,2244,1,1,,,
01_Assets_Organizados,Dungeon/coin_stack_medium.glb,Dungeon,coin_stack_medium.glb,.glb,42852,41.85,0.0409,UNMAPPED,,,,968,1284,1,1,,,
01_Assets_Organizados,Dungeon/coin_stack_small.glb,Dungeon,coin_stack_small.glb,.glb,37380,36.5,0.0356,UNMAPPED,,,,416,572,1,1,,,
01_Assets_Organizados,Dungeon/column.glb,Dungeon,column.glb,.glb,31252,30.52,0.0298,UNMAPPED,,,,44,92,1,1,,,
01_Assets_Organizados,Dungeon/crate_large.glb,Dungeon,crate_large.glb,.glb,33384,32.6,0.0318,UNMAPPED,,,,176,324,1,1,,,
01_Assets_Organizados,Dungeon/crate_large_decorated.glb,Dungeon,crate_large_decorated.glb,.glb,42060,41.07,0.0401,UNMAPPED,,,,647,1127,1,1,,,
01_Assets_Organizados,Dungeon/crate_small.glb,Dungeon,crate_small.glb,.glb,33468,32.68,0.0319,UNMAPPED,,,,176,324,1,1,,,
01_Assets_Organizados,Dungeon/crates_stacked.glb,Dungeon,crates_stacked.glb,.glb,53920,52.66,0.0514,UNMAPPED,,,,1331,2457,1,1,,,
01_Assets_Organizados,Dungeon/crypt.glb,Dungeon,crypt.glb,.glb,45956,44.88,0.0438,UNMAPPED,,,,952,1654,1,1,,,
01_Assets_Organizados,Dungeon/delve_entrance_2.glb,Dungeon,delve_entrance_2.glb,.glb,496380,484.75,0.4734,UNMAPPED,,,,8000,8659,1,1,,,
01_Assets_Organizados,Dungeon/fence.glb,Dungeon,fence.glb,.glb,37352,36.48,0.0356,UNMAPPED,,,,380,764,1,1,,,
01_Assets_Organizados,Dungeon/fence_broken.glb,Dungeon,fence_broken.glb,.glb,38336,37.44,0.0366,UNMAPPED,,,,446,825,1,1,,,
01_Assets_Organizados,Dungeon/fence_gate.glb,Dungeon,fence_gate.glb,.glb,44192,43.16,0.0421,UNMAPPED,,,,620,1198,1,1,,,
01_Assets_Organizados,Dungeon/fence_pillar.glb,Dungeon,fence_pillar.glb,.glb,32172,31.42,0.0307,UNMAPPED,,,,94,180,1,1,,,
01_Assets_Organizados,Dungeon/fence_pillar_broken.glb,Dungeon,fence_pillar_broken.glb,.glb,32388,31.63,0.0309,UNMAPPED,,,,102,185,1,1,,,
01_Assets_Organizados,Dungeon/fence_seperate.glb,Dungeon,fence_seperate.glb,.glb,36212,35.36,0.0345,UNMAPPED,,,,312,652,1,1,,,
01_Assets_Organizados,Dungeon/fence_seperate_broken.glb,Dungeon,fence_seperate_broken.glb,.glb,36712,35.85,0.035,UNMAPPED,,,,354,690,1,1,,,
01_Assets_Organizados,Dungeon/floor_dirt.glb,Dungeon,floor_dirt.glb,.glb,32464,31.7,0.031,UNMAPPED,,,,120,240,1,1,,,
01_Assets_Organizados,Dungeon/floor_dirt_grave.glb,Dungeon,floor_dirt_grave.glb,.glb,32760,31.99,0.0312,UNMAPPED,,,,132,245,1,1,,,
01_Assets_Organizados,Dungeon/floor_dirt_large.glb,Dungeon,floor_dirt_large.glb,.glb,29536,28.84,0.0282,UNMAPPED,,,,104,216,1,1,,,
01_Assets_Organizados,Dungeon/floor_dirt_large_rocky.glb,Dungeon,floor_dirt_large_rocky.glb,.glb,31436,30.7,0.03,UNMAPPED,,,,187,375,1,1,,,
01_Assets_Organizados,Dungeon/floor_dirt_small.glb,Dungeon,floor_dirt_small.glb,.glb,31824,31.08,0.0303,UNMAPPED,,,,80,160,1,1,,,
01_Assets_Organizados,Dungeon/floor_dirt_small_a.glb,Dungeon,floor_dirt_small_a.glb,.glb,31440,30.7,0.03,UNMAPPED,,,,45,90,1,1,,,
01_Assets_Organizados,Dungeon/floor_dirt_small_b.glb,Dungeon,floor_dirt_small_b.glb,.glb,31096,30.37,0.0297,UNMAPPED,,,,36,62,1,1,,,
01_Assets_Organizados,Dungeon/floor_dirt_small_c.glb,Dungeon,floor_dirt_small_c.glb,.glb,31128,30.4,0.0297,UNMAPPED,,,,33,65,1,1,,,
01_Assets_Organizados,Dungeon/floor_dirt_small_corner.glb,Dungeon,floor_dirt_small_corner.glb,.glb,31544,30.8,0.0301,UNMAPPED,,,,56,103,1,1,,,
01_Assets_Organizados,Dungeon/floor_dirt_small_d.glb,Dungeon,floor_dirt_small_d.glb,.glb,30816,30.09,0.0294,UNMAPPED,,,,20,39,1,1,,,
01_Assets_Organizados,Dungeon/floor_dirt_small_weeds.glb,Dungeon,floor_dirt_small_weeds.glb,.glb,36740,35.88,0.035,UNMAPPED,,,,416,534,1,1,,,
01_Assets_Organizados,Dungeon/floor_foundation_allsides.glb,Dungeon,floor_foundation_allsides.glb,.glb,35744,34.91,0.0341,UNMAPPED,,,,360,804,1,1,,,
01_Assets_Organizados,Dungeon/floor_foundation_corner.glb,Dungeon,floor_foundation_corner.glb,.glb,34652,33.84,0.033,UNMAPPED,,,,202,418,1,1,,,
01_Assets_Organizados,Dungeon/floor_foundation_diagonal_corner.glb,Dungeon,floor_foundation_diagonal_corner.glb,.glb,32780,32.01,0.0313,UNMAPPED,,,,111,223,1,1,,,
01_Assets_Organizados,Dungeon/floor_foundation_front.glb,Dungeon,floor_foundation_front.glb,.glb,32744,31.98,0.0312,UNMAPPED,,,,123,237,1,1,,,
01_Assets_Organizados,Dungeon/floor_foundation_front_and_back.glb,Dungeon,floor_foundation_front_and_back.glb,.glb,34628,33.82,0.033,UNMAPPED,,,,202,418,1,1,,,
01_Assets_Organizados,Dungeon/floor_foundation_front_and_sides.glb,Dungeon,floor_foundation_front_and_sides.glb,.glb,36480,35.62,0.0348,UNMAPPED,,,,281,599,1,1,,,
01_Assets_Organizados,Dungeon/floor_tile_big_grate.glb,Dungeon,floor_tile_big_grate.glb,.glb,35660,34.82,0.034,UNMAPPED,,,,292,548,1,1,,,
01_Assets_Organizados,Dungeon/floor_tile_big_grate_open.glb,Dungeon,floor_tile_big_grate_open.glb,.glb,35544,34.71,0.0339,UNMAPPED,,,,284,532,1,1,,,
01_Assets_Organizados,Dungeon/floor_tile_big_spikes.glb,Dungeon,floor_tile_big_spikes.glb,.glb,42828,41.82,0.0408,UNMAPPED,,,,638,1166,1,1,,,
01_Assets_Organizados,Dungeon/floor_tile_extralarge_grates.glb,Dungeon,floor_tile_extralarge_grates.glb,.glb,42592,41.59,0.0406,UNMAPPED,,,,772,1348,1,1,,,
01_Assets_Organizados,Dungeon/floor_tile_extralarge_grates_open.glb,Dungeon,floor_tile_extralarge_grates_open.glb,.glb,42448,41.45,0.0405,UNMAPPED,,,,764,1332,1,1,,,
01_Assets_Organizados,Dungeon/floor_tile_grate.glb,Dungeon,floor_tile_grate.glb,.glb,29712,29.02,0.0283,UNMAPPED,,,,142,276,1,1,,,
01_Assets_Organizados,Dungeon/floor_tile_grate_open.glb,Dungeon,floor_tile_grate_open.glb,.glb,32696,31.93,0.0312,UNMAPPED,,,,140,272,1,1,,,
01_Assets_Organizados,Dungeon/floor_tile_large.glb,Dungeon,floor_tile_large.glb,.glb,30248,29.54,0.0288,UNMAPPED,,,,188,311,1,1,,,
01_Assets_Organizados,Dungeon/floor_tile_large_rocks.glb,Dungeon,floor_tile_large_rocks.glb,.glb,33820,33.03,0.0323,UNMAPPED,,,,338,604,1,1,,,
01_Assets_Organizados,Dungeon/floor_tile_small.glb,Dungeon,floor_tile_small.glb,.glb,28040,27.38,0.0267,UNMAPPED,,,,66,104,1,1,,,
01_Assets_Organizados,Dungeon/floor_tile_small_broken_A.glb,Dungeon,floor_tile_small_broken_A.glb,.glb,28424,27.76,0.0271,UNMAPPED,,,,94,142,1,1,,,
01_Assets_Organizados,Dungeon/floor_tile_small_broken_B.glb,Dungeon,floor_tile_small_broken_B.glb,.glb,28284,27.62,0.027,UNMAPPED,,,,76,129,1,1,,,
01_Assets_Organizados,Dungeon/floor_tile_small_corner.glb,Dungeon,floor_tile_small_corner.glb,.glb,30920,30.2,0.0295,UNMAPPED,,,,31,52,1,1,,,
01_Assets_Organizados,Dungeon/floor_tile_small_decorated.glb,Dungeon,floor_tile_small_decorated.glb,.glb,34260,33.46,0.0327,UNMAPPED,,,,390,670,1,1,,,
01_Assets_Organizados,Dungeon/floor_tile_small_weeds_A.glb,Dungeon,floor_tile_small_weeds_A.glb,.glb,35388,34.56,0.0337,UNMAPPED,,,,589,733,1,1,,,
01_Assets_Organizados,Dungeon/floor_tile_small_weeds_B.glb,Dungeon,floor_tile_small_weeds_B.glb,.glb,35084,34.26,0.0335,UNMAPPED,,,,447,708,1,1,,,
01_Assets_Organizados,Dungeon/floor_wood_large.glb,Dungeon,floor_wood_large.glb,.glb,35080,34.26,0.0335,UNMAPPED,,,,272,528,1,1,,,
01_Assets_Organizados,Dungeon/floor_wood_large_dark.glb,Dungeon,floor_wood_large_dark.glb,.glb,35124,34.3,0.0335,UNMAPPED,,,,272,528,1,1,,,
01_Assets_Organizados,Dungeon/floor_wood_small.glb,Dungeon,floor_wood_small.glb,.glb,31736,30.99,0.0303,UNMAPPED,,,,78,146,1,1,,,
01_Assets_Organizados,Dungeon/floor_wood_small_dark.glb,Dungeon,floor_wood_small_dark.glb,.glb,31756,31.01,0.0303,UNMAPPED,,,,78,146,1,1,,,
01_Assets_Organizados,Dungeon/grave_a.glb,Dungeon,grave_a.glb,.glb,34828,34.01,0.0332,UNMAPPED,,,,323,430,1,1,,,
01_Assets_Organizados,Dungeon/grave_a_destroyed.glb,Dungeon,grave_a_destroyed.glb,.glb,37580,36.7,0.0358,UNMAPPED,,,,416,659,1,1,,,
01_Assets_Organizados,Dungeon/grave_B.glb,Dungeon,grave_B.glb,.glb,32276,31.52,0.0308,UNMAPPED,,,,190,396,1,1,,,
01_Assets_Organizados,Dungeon/gravemarker_A.glb,Dungeon,gravemarker_A.glb,.glb,29740,29.04,0.0284,UNMAPPED,,,,56,115,1,1,,,
01_Assets_Organizados,Dungeon/gravemarker_b.glb,Dungeon,gravemarker_b.glb,.glb,33832,33.04,0.0323,UNMAPPED,,,,136,307,1,1,,,
01_Assets_Organizados,Dungeon/gravestone.glb,Dungeon,gravestone.glb,.glb,31808,31.06,0.0303,UNMAPPED,,,,271,334,1,1,,,
01_Assets_Organizados,Dungeon/haybale.glb,Dungeon,haybale.glb,.glb,37360,36.48,0.0356,UNMAPPED,,,,444,640,1,1,,,
01_Assets_Organizados,Dungeon/keg.glb,Dungeon,keg.glb,.glb,40192,39.25,0.0383,UNMAPPED,,,,807,1187,1,1,,,
01_Assets_Organizados,Dungeon/keg_decorated.glb,Dungeon,keg_decorated.glb,.glb,63516,62.03,0.0606,UNMAPPED,,,,2058,3217,1,1,,,
01_Assets_Organizados,Dungeon/key.glb,Dungeon,key.glb,.glb,32364,31.61,0.0309,UNMAPPED,,,,160,160,1,1,,,
01_Assets_Organizados,Dungeon/key_gold.glb,Dungeon,key_gold.glb,.glb,32380,31.62,0.0309,UNMAPPED,,,,160,160,1,1,,,
01_Assets_Organizados,Dungeon/keyring.glb,Dungeon,keyring.glb,.glb,38896,37.98,0.0371,UNMAPPED,,,,728,714,1,1,,,
01_Assets_Organizados,Dungeon/keyring_hanging.glb,Dungeon,keyring_hanging.glb,.glb,39008,38.09,0.0372,UNMAPPED,,,,728,714,1,1,,,
01_Assets_Organizados,Dungeon/lantern_hanging.glb,Dungeon,lantern_hanging.glb,.glb,36308,35.46,0.0346,UNMAPPED,,,,472,520,1,1,,,
01_Assets_Organizados,Dungeon/lantern_standing.glb,Dungeon,lantern_standing.glb,.glb,34196,33.39,0.0326,UNMAPPED,,,,264,338,1,1,,,
01_Assets_Organizados,Dungeon/lollipop_blue.glb,Dungeon,lollipop_blue.glb,.glb,34116,33.32,0.0325,UNMAPPED,,,,216,325,1,1,,,
01_Assets_Organizados,Dungeon/lollipop_brown.glb,Dungeon,lollipop_brown.glb,.glb,34116,33.32,0.0325,UNMAPPED,,,,216,325,1,1,,,
01_Assets_Organizados,Dungeon/lollipop_green.glb,Dungeon,lollipop_green.glb,.glb,34116,33.32,0.0325,UNMAPPED,,,,216,325,1,1,,,
01_Assets_Organizados,Dungeon/lollipop_orange.glb,Dungeon,lollipop_orange.glb,.glb,34116,33.32,0.0325,UNMAPPED,,,,216,325,1,1,,,
01_Assets_Organizados,Dungeon/lollipop_pink.glb,Dungeon,lollipop_pink.glb,.glb,34124,33.32,0.0325,UNMAPPED,,,,216,325,1,1,,,
01_Assets_Organizados,Dungeon/lollipop_purple.glb,Dungeon,lollipop_purple.glb,.glb,34124,33.32,0.0325,UNMAPPED,,,,216,325,1,1,,,
01_Assets_Organizados,Dungeon/maze_short.glb,Dungeon,maze_short.glb,.glb,39672,38.74,0.0378,UNMAPPED,,,,558,882,1,1,,,
01_Assets_Organizados,Dungeon/maze_tall.glb,Dungeon,maze_tall.glb,.glb,39556,38.63,0.0377,UNMAPPED,,,,558,884,1,1,,,
01_Assets_Organizados,Dungeon/path_a.glb,Dungeon,path_a.glb,.glb,34316,33.51,0.0327,UNMAPPED,,,,361,391,1,1,,,
01_Assets_Organizados,Dungeon/path_b.glb,Dungeon,path_b.glb,.glb,34292,33.49,0.0327,UNMAPPED,,,,370,386,1,1,,,
01_Assets_Organizados,Dungeon/path_c.glb,Dungeon,path_c.glb,.glb,34768,33.95,0.0332,UNMAPPED,,,,393,436,1,1,,,
01_Assets_Organizados,Dungeon/path_d.glb,Dungeon,path_d.glb,.glb,33500,32.71,0.0319,UNMAPPED,,,,275,300,1,1,,,
01_Assets_Organizados,Dungeon/pickaxe.glb,Dungeon,pickaxe.glb,.glb,32256,31.5,0.0308,UNMAPPED,,,,144,158,1,1,,,
01_Assets_Organizados,Dungeon/pickaxe_gold.glb,Dungeon,pickaxe_gold.glb,.glb,32268,31.51,0.0308,UNMAPPED,,,,144,158,1,1,,,
01_Assets_Organizados,Dungeon/pillar.glb,Dungeon,pillar.glb,.glb,29452,28.76,0.0281,UNMAPPED,,,,136,241,1,1,,,
01_Assets_Organizados,Dungeon/pillar_decorated.glb,Dungeon,pillar_decorated.glb,.glb,40800,39.84,0.0389,UNMAPPED,,,,761,1276,1,1,,,
01_Assets_Organizados,Dungeon/pitchfork.glb,Dungeon,pitchfork.glb,.glb,34932,34.11,0.0333,UNMAPPED,,,,390,399,1,1,,,
01_Assets_Organizados,Dungeon/plaque.glb,Dungeon,plaque.glb,.glb,31832,31.09,0.0304,UNMAPPED,,,,88,160,1,1,,,
01_Assets_Organizados,Dungeon/plaque_candles.glb,Dungeon,plaque_candles.glb,.glb,34584,33.77,0.033,UNMAPPED,,,,418,615,1,1,,,
01_Assets_Organizados,Dungeon/plate.glb,Dungeon,plate.glb,.glb,31928,31.18,0.0304,UNMAPPED,,,,120,143,1,1,,,
01_Assets_Organizados,Dungeon/plate_food_a.glb,Dungeon,plate_food_a.glb,.glb,37164,36.29,0.0354,UNMAPPED,,,,547,558,1,1,,,
01_Assets_Organizados,Dungeon/plate_food_b.glb,Dungeon,plate_food_b.glb,.glb,34460,33.65,0.0329,UNMAPPED,,,,306,334,1,1,,,
01_Assets_Organizados,Dungeon/plate_small.glb,Dungeon,plate_small.glb,.glb,31936,31.19,0.0305,UNMAPPED,,,,120,143,1,1,,,
01_Assets_Organizados,Dungeon/plate_stack.glb,Dungeon,plate_stack.glb,.glb,35240,34.41,0.0336,UNMAPPED,,,,360,427,1,1,,,
01_Assets_Organizados,Dungeon/post.glb,Dungeon,post.glb,.glb,31596,30.86,0.0301,UNMAPPED,,,,92,136,1,1,,,
01_Assets_Organizados,Dungeon/post_lantern.glb,Dungeon,post_lantern.glb,.glb,39608,38.68,0.0378,UNMAPPED,,,,568,693,1,1,,,
01_Assets_Organizados,Dungeon/post_skull.glb,Dungeon,post_skull.glb,.glb,41284,40.32,0.0394,UNMAPPED,,,,776,787,1,1,,,
01_Assets_Organizados,Dungeon/pumpkin_orange.glb,Dungeon,pumpkin_orange.glb,.glb,33284,32.5,0.0317,UNMAPPED,,,,306,212,1,1,,,
01_Assets_Organizados,Dungeon/pumpkin_orange_jackolantern.glb,Dungeon,pumpkin_orange_jackolantern.glb,.glb,34812,34.0,0.0332,UNMAPPED,,,,374,347,1,1,,,
01_Assets_Organizados,Dungeon/pumpkin_orange_small.glb,Dungeon,pumpkin_orange_small.glb,.glb,33496,32.71,0.0319,UNMAPPED,,,,322,229,1,1,,,
01_Assets_Organizados,Dungeon/pumpkin_yellow.glb,Dungeon,pumpkin_yellow.glb,.glb,33292,32.51,0.0317,UNMAPPED,,,,306,212,1,1,,,
01_Assets_Organizados,Dungeon/pumpkin_yellow_jackolantern.glb,Dungeon,pumpkin_yellow_jackolantern.glb,.glb,34808,33.99,0.0332,UNMAPPED,,,,374,347,1,1,,,
01_Assets_Organizados,Dungeon/pumpkin_yellow_small.glb,Dungeon,pumpkin_yellow_small.glb,.glb,33500,32.71,0.0319,UNMAPPED,,,,322,229,1,1,,,
01_Assets_Organizados,Dungeon/ribcage.glb,Dungeon,ribcage.glb,.glb,44328,43.29,0.0423,UNMAPPED,,,,1240,1401,1,1,,,
01_Assets_Organizados,Dungeon/rocks.glb,Dungeon,rocks.glb,.glb,34040,33.24,0.0325,UNMAPPED,,,,146,294,1,1,,,
01_Assets_Organizados,Dungeon/rocks_decorated.glb,Dungeon,rocks_decorated.glb,.glb,43116,42.11,0.0411,UNMAPPED,,,,681,1197,1,1,,,
01_Assets_Organizados,Dungeon/rocks_gold.glb,Dungeon,rocks_gold.glb,.glb,38092,37.2,0.0363,UNMAPPED,,,,307,655,1,1,,,
01_Assets_Organizados,Dungeon/rocks_small.glb,Dungeon,rocks_small.glb,.glb,34000,33.2,0.0324,UNMAPPED,,,,140,292,1,1,,,
01_Assets_Organizados,Dungeon/rubble_half.glb,Dungeon,rubble_half.glb,.glb,33464,32.68,0.0319,UNMAPPED,,,,390,607,1,1,,,
01_Assets_Organizados,Dungeon/rubble_large.glb,Dungeon,rubble_large.glb,.glb,42744,41.74,0.0408,UNMAPPED,,,,788,1200,1,1,,,
01_Assets_Organizados,Dungeon/scaffold_beam_corner.glb,Dungeon,scaffold_beam_corner.glb,.glb,31136,30.41,0.0297,UNMAPPED,,,,36,69,1,1,,,
01_Assets_Organizados,Dungeon/scaffold_beam_wall.glb,Dungeon,scaffold_beam_wall.glb,.glb,30672,29.95,0.0293,UNMAPPED,,,,16,30,1,1,,,
01_Assets_Organizados,Dungeon/scaffold_beams_connected.glb,Dungeon,scaffold_beams_connected.glb,.glb,32220,31.46,0.0307,UNMAPPED,,,,108,188,1,1,,,
01_Assets_Organizados,Dungeon/scaffold_frame_large.glb,Dungeon,scaffold_frame_large.glb,.glb,32764,32.0,0.0312,UNMAPPED,,,,132,256,1,1,,,
01_Assets_Organizados,Dungeon/scaffold_frame_small.glb,Dungeon,scaffold_frame_small.glb,.glb,32820,32.05,0.0313,UNMAPPED,,,,132,256,1,1,,,
01_Assets_Organizados,Dungeon/scaffold_pillar_corner.glb,Dungeon,scaffold_pillar_corner.glb,.glb,31340,30.61,0.0299,UNMAPPED,,,,49,94,1,1,,,
01_Assets_Organizados,Dungeon/scaffold_pillar_wall.glb,Dungeon,scaffold_pillar_wall.glb,.glb,31368,30.63,0.0299,UNMAPPED,,,,52,100,1,1,,,
01_Assets_Organizados,Dungeon/scaffold_pillar_wall_cross.glb,Dungeon,scaffold_pillar_wall_cross.glb,.glb,31732,30.99,0.0303,UNMAPPED,,,,80,142,1,1,,,
01_Assets_Organizados,Dungeon/scaffold_pillar_wall_cross_top.glb,Dungeon,scaffold_pillar_wall_cross_top.glb,.glb,31740,31.0,0.0303,UNMAPPED,,,,80,142,1,1,,,
01_Assets_Organizados,Dungeon/scaffold_pillar_wall_torch.glb,Dungeon,scaffold_pillar_wall_torch.glb,.glb,35496,34.66,0.0339,UNMAPPED,,,,330,511,1,1,,,
01_Assets_Organizados,Dungeon/scaffold_pillars_connected.glb,Dungeon,scaffold_pillars_connected.glb,.glb,32768,32.0,0.0312,UNMAPPED,,,,140,248,1,1,,,
01_Assets_Organizados,Dungeon/scaffold_pillars_connected_torch.glb,Dungeon,scaffold_pillars_connected_torch.glb,.glb,40908,39.95,0.039,UNMAPPED,,,,696,1070,1,1,,,
01_Assets_Organizados,Dungeon/scarecrow.glb,Dungeon,scarecrow.glb,.glb,50984,49.79,0.0486,UNMAPPED,,,,1586,1787,1,1,,,
01_Assets_Organizados,Dungeon/shelf_large.glb,Dungeon,shelf_large.glb,.glb,31692,30.95,0.0302,UNMAPPED,,,,76,142,1,1,,,
01_Assets_Organizados,Dungeon/shelf_small.glb,Dungeon,shelf_small.glb,.glb,31464,30.73,0.03,UNMAPPED,,,,60,110,1,1,,,
01_Assets_Organizados,Dungeon/shelf_small_books.glb,Dungeon,shelf_small_books.glb,.glb,34208,33.41,0.0326,UNMAPPED,,,,216,386,1,1,,,
01_Assets_Organizados,Dungeon/shelf_small_candles.glb,Dungeon,shelf_small_candles.glb,.glb,34072,33.27,0.0325,UNMAPPED,,,,231,329,1,1,,,
01_Assets_Organizados,Dungeon/shelves.glb,Dungeon,shelves.glb,.glb,32948,32.18,0.0314,UNMAPPED,,,,152,284,1,1,,,
01_Assets_Organizados,Dungeon/shelves_decorated.glb,Dungeon,shelves_decorated.glb,.glb,49976,48.8,0.0477,UNMAPPED,,,,1116,1942,1,1,,,
01_Assets_Organizados,Dungeon/shrine.glb,Dungeon,shrine.glb,.glb,30000,29.3,0.0286,UNMAPPED,,,,94,176,1,1,,,
01_Assets_Organizados,Dungeon/shrine_candles.glb,Dungeon,shrine_candles.glb,.glb,34056,33.26,0.0325,UNMAPPED,,,,360,544,1,1,,,
01_Assets_Organizados,Dungeon/sign_both.glb,Dungeon,sign_both.glb,.glb,33752,32.96,0.0322,UNMAPPED,,,,206,317,1,1,,,
01_Assets_Organizados,Dungeon/sign_left.glb,Dungeon,sign_left.glb,.glb,32384,31.62,0.0309,UNMAPPED,,,,126,191,1,1,,,
01_Assets_Organizados,Dungeon/sign_right.glb,Dungeon,sign_right.glb,.glb,32452,31.69,0.0309,UNMAPPED,,,,126,195,1,1,,,
01_Assets_Organizados,Dungeon/skull.glb,Dungeon,skull.glb,.glb,32540,31.78,0.031,UNMAPPED,,,,344,328,1,1,,,
01_Assets_Organizados,Dungeon/skull_candle.glb,Dungeon,skull_candle.glb,.glb,35924,35.08,0.0343,UNMAPPED,,,,542,636,1,1,,,
01_Assets_Organizados,Dungeon/stairs.glb,Dungeon,stairs.glb,.glb,37852,36.96,0.0361,UNMAPPED,,,,358,736,1,1,,,
01_Assets_Organizados,Dungeon/stairs_long.glb,Dungeon,stairs_long.glb,.glb,39696,38.77,0.0379,UNMAPPED,,,,442,928,1,1,,,
01_Assets_Organizados,Dungeon/stairs_long_modular_center.glb,Dungeon,stairs_long_modular_center.glb,.glb,31156,30.43,0.0297,UNMAPPED,,,,54,106,1,1,,,
01_Assets_Organizados,Dungeon/stairs_long_modular_left.glb,Dungeon,stairs_long_modular_left.glb,.glb,35392,34.56,0.0338,UNMAPPED,,,,248,517,1,1,,,
01_Assets_Organizados,Dungeon/stairs_long_modular_right.glb,Dungeon,stairs_long_modular_right.glb,.glb,35408,34.58,0.0338,UNMAPPED,,,,248,517,1,1,,,
01_Assets_Organizados,Dungeon/stairs_modular_center.glb,Dungeon,stairs_modular_center.glb,.glb,31152,30.42,0.0297,UNMAPPED,,,,54,106,1,1,,,
01_Assets_Organizados,Dungeon/stairs_modular_left.glb,Dungeon,stairs_modular_left.glb,.glb,34520,33.71,0.0329,UNMAPPED,,,,206,421,1,1,,,
01_Assets_Organizados,Dungeon/stairs_modular_right.glb,Dungeon,stairs_modular_right.glb,.glb,34588,33.78,0.033,UNMAPPED,,,,206,421,1,1,,,
01_Assets_Organizados,Dungeon/stairs_narrow.glb,Dungeon,stairs_narrow.glb,.glb,37864,36.98,0.0361,UNMAPPED,,,,358,736,1,1,,,
01_Assets_Organizados,Dungeon/stairs_wall_left.glb,Dungeon,stairs_wall_left.glb,.glb,41832,40.85,0.0399,UNMAPPED,,,,574,1131,1,1,,,
01_Assets_Organizados,Dungeon/stairs_wall_right.glb,Dungeon,stairs_wall_right.glb,.glb,42028,41.04,0.0401,UNMAPPED,,,,574,1131,1,1,,,
01_Assets_Organizados,Dungeon/stairs_walled.glb,Dungeon,stairs_walled.glb,.glb,45940,44.86,0.0438,UNMAPPED,,,,790,1526,1,1,,,
01_Assets_Organizados,Dungeon/stairs_wide.glb,Dungeon,stairs_wide.glb,.glb,37780,36.89,0.036,UNMAPPED,,,,358,736,1,1,,,
01_Assets_Organizados,Dungeon/stairs_wood.glb,Dungeon,stairs_wood.glb,.glb,34532,33.72,0.0329,UNMAPPED,,,,296,492,1,1,,,
01_Assets_Organizados,Dungeon/stairs_wood_decorated.glb,Dungeon,stairs_wood_decorated.glb,.glb,68520,66.91,0.0653,UNMAPPED,,,,2537,3878,1,1,,,
01_Assets_Organizados,Dungeon/stool.glb,Dungeon,stool.glb,.glb,33548,32.76,0.032,UNMAPPED,,,,172,308,1,1,,,
01_Assets_Organizados,Dungeon/stool_round.glb,Dungeon,stool_round.glb,.glb,34652,33.84,0.033,UNMAPPED,,,,268,401,1,1,,,
01_Assets_Organizados,Dungeon/sword_shield.glb,Dungeon,sword_shield.glb,.glb,37220,36.35,0.0355,UNMAPPED,,,,542,857,1,1,,,
01_Assets_Organizados,Dungeon/sword_shield_broken.glb,Dungeon,sword_shield_broken.glb,.glb,34664,33.85,0.0331,UNMAPPED,,,,396,641,1,1,,,
01_Assets_Organizados,Dungeon/sword_shield_gold.glb,Dungeon,sword_shield_gold.glb,.glb,39776,38.84,0.0379,UNMAPPED,,,,542,801,1,1,,,
01_Assets_Organizados,Dungeon/table_long.glb,Dungeon,table_long.glb,.glb,35012,34.19,0.0334,UNMAPPED,,,,280,476,1,1,,,
01_Assets_Organizados,Dungeon/table_long_broken.glb,Dungeon,table_long_broken.glb,.glb,38892,37.98,0.0371,UNMAPPED,,,,550,1088,1,1,,,
01_Assets_Organizados,Dungeon/table_long_decorated_a.glb,Dungeon,table_long_decorated_a.glb,.glb,56120,54.8,0.0535,UNMAPPED,,,,1961,2480,1,1,,,
01_Assets_Organizados,Dungeon/table_long_decorated_b.glb,Dungeon,table_long_decorated_b.glb,.glb,42376,41.38,0.0404,UNMAPPED,,,,752,1208,1,1,,,
01_Assets_Organizados,Dungeon/table_long_decorated_c.glb,Dungeon,table_long_decorated_c.glb,.glb,84676,82.69,0.0808,UNMAPPED,,,,3499,5321,1,1,,,
01_Assets_Organizados,Dungeon/table_long_tablecloth.glb,Dungeon,table_long_tablecloth.glb,.glb,35692,34.86,0.034,UNMAPPED,,,,354,568,1,1,,,
01_Assets_Organizados,Dungeon/table_long_tablecloth_decorated_a.glb,Dungeon,table_long_tablecloth_decorated_a.glb,.glb,56892,55.56,0.0543,UNMAPPED,,,,2035,2572,1,1,,,
01_Assets_Organizados,Dungeon/table_medium.glb,Dungeon,table_medium.glb,.glb,34736,33.92,0.0331,UNMAPPED,,,,256,440,1,1,,,
01_Assets_Organizados,Dungeon/table_medium_broken.glb,Dungeon,table_medium_broken.glb,.glb,35776,34.94,0.0341,UNMAPPED,,,,247,477,1,1,,,
01_Assets_Organizados,Dungeon/table_medium_decorated_a.glb,Dungeon,table_medium_decorated_a.glb,.glb,47104,46.0,0.0449,UNMAPPED,,,,1186,1576,1,1,,,
01_Assets_Organizados,Dungeon/table_medium_decorated_b.glb,Dungeon,table_medium_decorated_b.glb,.glb,41444,40.47,0.0395,UNMAPPED,,,,676,1080,1,1,,,
01_Assets_Organizados,Dungeon/table_medium_tablecloth.glb,Dungeon,table_medium_tablecloth.glb,.glb,35024,34.2,0.0334,UNMAPPED,,,,270,482,1,1,,,
01_Assets_Organizados,Dungeon/table_medium_tablecloth_decorated_b.glb,Dungeon,table_medium_tablecloth_decorated_b.glb,.glb,47504,46.39,0.0453,UNMAPPED,,,,1200,1618,1,1,,,
01_Assets_Organizados,Dungeon/table_round_large.glb,Dungeon,table_round_large.glb,.glb,39036,38.12,0.0372,UNMAPPED,,,,666,856,1,1,,,
01_Assets_Organizados,Dungeon/table_round_medium.glb,Dungeon,table_round_medium.glb,.glb,37276,36.4,0.0355,UNMAPPED,,,,506,664,1,1,,,
01_Assets_Organizados,Dungeon/table_round_small.glb,Dungeon,table_round_small.glb,.glb,36628,35.77,0.0349,UNMAPPED,,,,434,612,1,1,,,
01_Assets_Organizados,Dungeon/table_small.glb,Dungeon,table_small.glb,.glb,33848,33.05,0.0323,UNMAPPED,,,,192,348,1,1,,,
01_Assets_Organizados,Dungeon/table_small_decorated_a.glb,Dungeon,table_small_decorated_a.glb,.glb,44116,43.08,0.0421,UNMAPPED,,,,986,1290,1,1,,,
01_Assets_Organizados,Dungeon/table_small_decorated_b.glb,Dungeon,table_small_decorated_b.glb,.glb,57312,55.97,0.0547,UNMAPPED,,,,1576,2408,1,1,,,
01_Assets_Organizados,Dungeon/table_small_decorated_c.glb,Dungeon,table_small_decorated_c.glb,.glb,35860,35.02,0.0342,UNMAPPED,,,,310,531,1,1,,,
01_Assets_Organizados,Dungeon/torch.glb,Dungeon,torch.glb,.glb,33720,32.93,0.0322,UNMAPPED,,,,216,288,1,1,,,
01_Assets_Organizados,Dungeon/torch_lit.glb,Dungeon,torch_lit.glb,.glb,34136,33.34,0.0326,UNMAPPED,,,,270,317,1,1,,,
01_Assets_Organizados,Dungeon/torch_mounted.glb,Dungeon,torch_mounted.glb,.glb,32384,31.62,0.0309,UNMAPPED,,,,278,452,1,1,,,
01_Assets_Organizados,Dungeon/tractor.glb,Dungeon,tractor.glb,.glb,109172,106.61,0.1041,UNMAPPED,,,,5382,6685,1,1,,,
01_Assets_Organizados,Dungeon/tree_dead_large.glb,Dungeon,tree_dead_large.glb,.glb,32600,31.84,0.0311,UNMAPPED,,,,256,177,1,1,,,
01_Assets_Organizados,Dungeon/tree_dead_large_decorated.glb,Dungeon,tree_dead_large_decorated.glb,.glb,44724,43.68,0.0427,UNMAPPED,,,,1496,1271,1,1,,,
01_Assets_Organizados,Dungeon/tree_dead_medium.glb,Dungeon,tree_dead_medium.glb,.glb,32052,31.3,0.0306,UNMAPPED,,,,216,134,1,1,,,
01_Assets_Organizados,Dungeon/tree_dead_small.glb,Dungeon,tree_dead_small.glb,.glb,31976,31.23,0.0305,UNMAPPED,,,,184,124,1,1,,,
01_Assets_Organizados,Dungeon/tree_pine_orange_large.glb,Dungeon,tree_pine_orange_large.glb,.glb,36228,35.38,0.0345,UNMAPPED,,,,318,487,1,1,,,
01_Assets_Organizados,Dungeon/tree_pine_orange_medium.glb,Dungeon,tree_pine_orange_medium.glb,.glb,36200,35.35,0.0345,UNMAPPED,,,,318,483,1,1,,,
01_Assets_Organizados,Dungeon/tree_pine_orange_small.glb,Dungeon,tree_pine_orange_small.glb,.glb,35036,34.21,0.0334,UNMAPPED,,,,260,385,1,1,,,
01_Assets_Organizados,Dungeon/tree_pine_yellow_large.glb,Dungeon,tree_pine_yellow_large.glb,.glb,36228,35.38,0.0345,UNMAPPED,,,,318,487,1,1,,,
01_Assets_Organizados,Dungeon/tree_pine_yellow_medium.glb,Dungeon,tree_pine_yellow_medium.glb,.glb,36200,35.35,0.0345,UNMAPPED,,,,318,483,1,1,,,
01_Assets_Organizados,Dungeon/tree_pine_yellow_small.glb,Dungeon,tree_pine_yellow_small.glb,.glb,35036,34.21,0.0334,UNMAPPED,,,,260,385,1,1,,,
01_Assets_Organizados,Dungeon/trunk_large_A.glb,Dungeon,trunk_large_A.glb,.glb,31076,30.35,0.0296,UNMAPPED,,,,204,371,1,1,,,
01_Assets_Organizados,Dungeon/trunk_large_b.glb,Dungeon,trunk_large_b.glb,.glb,34060,33.26,0.0325,UNMAPPED,,,,204,358,1,1,,,
01_Assets_Organizados,Dungeon/trunk_large_c.glb,Dungeon,trunk_large_c.glb,.glb,34060,33.26,0.0325,UNMAPPED,,,,204,358,1,1,,,
01_Assets_Organizados,Dungeon/trunk_medium_a.glb,Dungeon,trunk_medium_a.glb,.glb,33056,32.28,0.0315,UNMAPPED,,,,148,254,1,1,,,
01_Assets_Organizados,Dungeon/trunk_medium_b.glb,Dungeon,trunk_medium_b.glb,.glb,33056,32.28,0.0315,UNMAPPED,,,,148,254,1,1,,,
01_Assets_Organizados,Dungeon/trunk_medium_c.glb,Dungeon,trunk_medium_c.glb,.glb,33056,32.28,0.0315,UNMAPPED,,,,148,254,1,1,,,
01_Assets_Organizados,Dungeon/trunk_small_a.glb,Dungeon,trunk_small_a.glb,.glb,34108,33.31,0.0325,UNMAPPED,,,,204,358,1,1,,,
01_Assets_Organizados,Dungeon/trunk_small_b.glb,Dungeon,trunk_small_b.glb,.glb,34104,33.3,0.0325,UNMAPPED,,,,204,358,1,1,,,
01_Assets_Organizados,Dungeon/trunk_small_c.glb,Dungeon,trunk_small_c.glb,.glb,34108,33.31,0.0325,UNMAPPED,,,,204,358,1,1,,,
01_Assets_Organizados,Dungeon/wagon.glb,Dungeon,wagon.glb,.glb,54052,52.79,0.0515,UNMAPPED,,,,2004,2678,1,1,,,
01_Assets_Organizados,Dungeon/wagon_hay.glb,Dungeon,wagon_hay.glb,.glb,94156,91.95,0.0898,UNMAPPED,,,,4668,6518,1,1,,,
01_Assets_Organizados,Dungeon/wall.glb,Dungeon,wall.glb,.glb,38296,37.4,0.0365,UNMAPPED,,,,494,1037,1,1,,,
01_Assets_Organizados,Dungeon/wall_arched.glb,Dungeon,wall_arched.glb,.glb,43432,42.41,0.0414,UNMAPPED,,,,724,1492,1,1,,,
01_Assets_Organizados,Dungeon/wall_archedwindow_gated.glb,Dungeon,wall_archedwindow_gated.glb,.glb,41092,40.13,0.0392,UNMAPPED,,,,732,1354,1,1,,,
01_Assets_Organizados,Dungeon/wall_archedwindow_gated_scaffold.glb,Dungeon,wall_archedwindow_gated_scaffold.glb,.glb,42376,41.38,0.0404,UNMAPPED,,,,674,1222,1,1,,,
01_Assets_Organizados,Dungeon/wall_archedwindow_open.glb,Dungeon,wall_archedwindow_open.glb,.glb,41700,40.72,0.0398,UNMAPPED,,,,635,1135,1,1,,,
01_Assets_Organizados,Dungeon/wall_broken.glb,Dungeon,wall_broken.glb,.glb,45396,44.33,0.0433,UNMAPPED,,,,784,1482,1,1,,,
01_Assets_Organizados,Dungeon/wall_corner.glb,Dungeon,wall_corner.glb,.glb,39328,38.41,0.0375,UNMAPPED,,,,443,890,1,1,,,
01_Assets_Organizados,Dungeon/wall_corner_gated.glb,Dungeon,wall_corner_gated.glb,.glb,39032,38.12,0.0372,UNMAPPED,,,,557,916,1,1,,,
01_Assets_Organizados,Dungeon/wall_corner_scaffold.glb,Dungeon,wall_corner_scaffold.glb,.glb,40832,39.88,0.0389,UNMAPPED,,,,515,1035,1,1,,,
01_Assets_Organizados,Dungeon/wall_corner_small.glb,Dungeon,wall_corner_small.glb,.glb,35100,34.28,0.0335,UNMAPPED,,,,223,468,1,1,,,
01_Assets_Organizados,Dungeon/wall_cracked.glb,Dungeon,wall_cracked.glb,.glb,64640,63.12,0.0616,UNMAPPED,,,,2010,3416,1,1,,,
01_Assets_Organizados,Dungeon/wall_crossing.glb,Dungeon,wall_crossing.glb,.glb,44028,43.0,0.042,UNMAPPED,,,,698,1364,1,1,,,
01_Assets_Organizados,Dungeon/wall_doorway.glb,Dungeon,wall_doorway.glb,.glb,46572,45.48,0.0444,UNMAPPED,,,,1068,1436,1,1,,,
01_Assets_Organizados,Dungeon/wall_doorway_scaffold.glb,Dungeon,wall_doorway_scaffold.glb,.glb,48564,47.43,0.0463,UNMAPPED,,,,1150,1618,1,1,,,
01_Assets_Organizados,Dungeon/wall_doorway_sides.glb,Dungeon,wall_doorway_sides.glb,.glb,53108,51.86,0.0506,UNMAPPED,,,,1160,2234,1,1,,,
01_Assets_Organizados,Dungeon/wall_doorway_tsplit.glb,Dungeon,wall_doorway_tsplit.glb,.glb,50920,49.73,0.0486,UNMAPPED,,,,1096,2087,1,1,,,
01_Assets_Organizados,Dungeon/wall_endcap.glb,Dungeon,wall_endcap.glb,.glb,35276,34.45,0.0336,UNMAPPED,,,,222,472,1,1,,,
01_Assets_Organizados,Dungeon/wall_gated.glb,Dungeon,wall_gated.glb,.glb,35096,34.27,0.0335,UNMAPPED,,,,449,833,1,1,,,
01_Assets_Organizados,Dungeon/wall_half.glb,Dungeon,wall_half.glb,.glb,36028,35.18,0.0344,UNMAPPED,,,,272,554,1,1,,,
01_Assets_Organizados,Dungeon/wall_half_endcap.glb,Dungeon,wall_half_endcap.glb,.glb,35948,35.11,0.0343,UNMAPPED,,,,268,551,1,1,,,
01_Assets_Organizados,Dungeon/wall_half_endcap_sloped.glb,Dungeon,wall_half_endcap_sloped.glb,.glb,34996,34.18,0.0334,UNMAPPED,,,,230,460,1,1,,,
01_Assets_Organizados,Dungeon/wall_inset.glb,Dungeon,wall_inset.glb,.glb,43692,42.67,0.0417,UNMAPPED,,,,668,1302,1,1,,,
01_Assets_Organizados,Dungeon/wall_inset_candles.glb,Dungeon,wall_inset_candles.glb,.glb,47648,46.53,0.0454,UNMAPPED,,,,917,1669,1,1,,,
01_Assets_Organizados,Dungeon/wall_inset_shelves.glb,Dungeon,wall_inset_shelves.glb,.glb,43992,42.96,0.042,UNMAPPED,,,,705,1359,1,1,,,
01_Assets_Organizados,Dungeon/wall_inset_shelves_broken.glb,Dungeon,wall_inset_shelves_broken.glb,.glb,45140,44.08,0.043,UNMAPPED,,,,751,1455,1,1,,,
01_Assets_Organizados,Dungeon/wall_inset_shelves_decorateda.glb,Dungeon,wall_inset_shelves_decorateda.glb,.glb,59372,57.98,0.0566,UNMAPPED,,,,1621,2935,1,1,,,
01_Assets_Organizados,Dungeon/wall_inset_shelves_decoratedb.glb,Dungeon,wall_inset_shelves_decoratedb.glb,.glb,59912,58.51,0.0571,UNMAPPED,,,,1947,2913,1,1,,,
01_Assets_Organizados,Dungeon/wall_open_scaffold.glb,Dungeon,wall_open_scaffold.glb,.glb,33580,32.79,0.032,UNMAPPED,,,,196,356,1,1,,,
01_Assets_Organizados,Dungeon/wall_pillar.glb,Dungeon,wall_pillar.glb,.glb,38596,37.69,0.0368,UNMAPPED,,,,540,1091,1,1,,,
01_Assets_Organizados,Dungeon/wall_scaffold.glb,Dungeon,wall_scaffold.glb,.glb,42376,41.38,0.0404,UNMAPPED,,,,584,1180,1,1,,,
01_Assets_Organizados,Dungeon/wall_shelves.glb,Dungeon,wall_shelves.glb,.glb,58844,57.46,0.0561,UNMAPPED,,,,1582,2884,1,1,,,
01_Assets_Organizados,Dungeon/wall_sloped.glb,Dungeon,wall_sloped.glb,.glb,35880,35.04,0.0342,UNMAPPED,,,,257,533,1,1,,,
01_Assets_Organizados,Dungeon/wall_tsplit.glb,Dungeon,wall_tsplit.glb,.glb,42356,41.36,0.0404,UNMAPPED,,,,596,1187,1,1,,,
01_Assets_Organizados,Dungeon/wall_tsplit_sloped.glb,Dungeon,wall_tsplit_sloped.glb,.glb,41668,40.69,0.0397,UNMAPPED,,,,555,1115,1,1,,,
01_Assets_Organizados,Dungeon/wall_window_closed.glb,Dungeon,wall_window_closed.glb,.glb,42540,41.54,0.0406,UNMAPPED,,,,664,1248,1,1,,,
01_Assets_Organizados,Dungeon/wall_window_closed_scaffold.glb,Dungeon,wall_window_closed_scaffold.glb,.glb,44016,42.98,0.042,UNMAPPED,,,,736,1392,1,1,,,
01_Assets_Organizados,Dungeon/wall_window_open.glb,Dungeon,wall_window_open.glb,.glb,41444,40.47,0.0395,UNMAPPED,,,,604,1128,1,1,,,
01_Assets_Organizados,Dungeon/wall_window_open_scaffold.glb,Dungeon,wall_window_open_scaffold.glb,.glb,42908,41.9,0.0409,UNMAPPED,,,,676,1272,1,1,,,
01_Assets_Organizados,Dungeon/wooden_gate.glb,Dungeon,wooden_gate.glb,.glb,32516,31.75,0.031,UNMAPPED,,,,130,213,1,1,,,
01_Assets_Organizados,Dungeon/wooden_gate_halloween.glb,Dungeon,wooden_gate_halloween.glb,.glb,49128,47.98,0.0469,UNMAPPED,,,,1800,1702,1,1,,,
01_Assets_Organizados,Enemies/alpaca.glb,Enemies,alpaca.glb,.glb,340456,332.48,0.3247,⚠️ CRIAR,creatures/alpaca.glb,creatures/donkey.glb,Donkey,2060,4156,7,0,,,
01_Assets_Organizados,Enemies/aurelhorn.glb,Enemies,aurelhorn.glb,.glb,337636,329.72,0.322,⚠️ CRIAR,creatures/aurelhorn.glb,creatures/ancient_stag.glb,Ancient Stag,3667,7435,6,0,,,
01_Assets_Organizados,Enemies/bear_ability_anims.glb,Enemies,bear_ability_anims.glb,.glb,17948,17.53,0.0171,UNMAPPED,,,,0,0,0,0,,,
01_Assets_Organizados,Enemies/bear_form.glb,Enemies,bear_form.glb,.glb,718080,701.25,0.6848,⚠️ CRIAR,creatures/bear_form.glb,creatures/dire_bear.glb,Dire Bear,4964,3533,1,1,,,
01_Assets_Organizados,Enemies/bull.glb,Enemies,bull.glb,.glb,344844,336.76,0.3289,⚠️ CRIAR,creatures/bull.glb,creatures/minotaur.glb,Minotaur,2418,4906,7,0,,,
01_Assets_Organizados,Enemies/chicken_cow.glb,Enemies,chicken_cow.glb,.glb,209536,204.62,0.1998,⚠️ CRIAR,creatures/chicken_cow.glb,creatures/scarecrow.glb,Scarecrow,7120,4853,11,0,,,
01_Assets_Organizados,Enemies/crab_ability_anims.glb,Enemies,crab_ability_anims.glb,.glb,6640,6.48,0.0063,UNMAPPED,,,,0,0,0,0,,,
01_Assets_Organizados,Enemies/crabenemy.glb,Enemies,crabenemy.glb,.glb,62156,60.7,0.0593,⚠️ CRIAR,creatures/crabenemy.glb,creatures/cave_crab.glb,Cave Crab,3624,2455,4,0,,,
01_Assets_Organizados,Enemies/crabenemy_hit_variety_anims.glb,Enemies,crabenemy_hit_variety_anims.glb,.glb,6380,6.23,0.0061,UNMAPPED,,,,0,0,0,0,,,
01_Assets_Organizados,Enemies/demon.glb,Enemies,demon.glb,.glb,113392,110.73,0.1081,✅ USAR `Devil Demon.glb`,creatures/demon.glb,creatures/fallen_angel.glb,Fallen Angel,4784,2886,4,0,,,
01_Assets_Organizados,Enemies/demon_ability_anims.glb,Enemies,demon_ability_anims.glb,.glb,16952,16.55,0.0162,UNMAPPED,,,,0,0,0,0,,,
01_Assets_Organizados,Enemies/demon_flying_anims.glb,Enemies,demon_flying_anims.glb,.glb,18392,17.96,0.0175,UNMAPPED,,,,0,0,0,0,,,
01_Assets_Organizados,Enemies/demonalt.glb,Enemies,demonalt.glb,.glb,160088,156.34,0.1527,✅ USAR `abomination.glb`,creatures/demonalt.glb,creatures/abyssal_demon.glb,Abyssal Demon,6712,4167,4,0,,,
01_Assets_Organizados,Enemies/demonalt_hit_variety_anims.glb,Enemies,demonalt_hit_variety_anims.glb,.glb,12216,11.93,0.0117,UNMAPPED,,,,0,0,0,0,,,
01_Assets_Organizados,Enemies/dragon_egg.glb,Enemies,dragon_egg.glb,.glb,116048,113.33,0.1107,✅ MANTER,creatures/dragon_egg.glb,creatures/dragon_egg.glb,Dragon Egg,4856,4604,1,1,,,
01_Assets_Organizados,Enemies/dragonevolved.glb,Enemies,dragonevolved.glb,.glb,138560,135.31,0.1321,⚠️ CRIAR,creatures/dragonevolved.glb,creatures/elder_dragon.glb,Elder Dragon,7438,4350,4,0,,,
01_Assets_Organizados,Enemies/dragonkin_ability_anims.glb,Enemies,dragonkin_ability_anims.glb,.glb,13628,13.31,0.013,UNMAPPED,,,,0,0,0,0,,,
01_Assets_Organizados,Enemies/dragonkin_baby.glb,Enemies,dragonkin_baby.glb,.glb,211952,206.98,0.2021,⚠️ CRIAR,creatures/dragonkin_baby.glb,creatures/whelp.glb,Whelp,4830,5825,1,1,,,
01_Assets_Organizados,Enemies/dragonkin_elite.glb,Enemies,dragonkin_elite.glb,.glb,455856,445.17,0.4347,⚠️ CRIAR,creatures/dragonkin_elite.glb,creatures/dragon_knight.glb,Dragon Knight,0,19332,1,1,,,
01_Assets_Organizados,Enemies/dragonkin_mob.glb,Enemies,dragonkin_mob.glb,.glb,332360,324.57,0.317,⚠️ CRIAR,creatures/dragonkin_mob.glb,creatures/dragon_acolyte.glb,Dragon Acolyte,0,14592,1,1,,,
01_Assets_Organizados,Enemies/duskwisp.glb,Enemies,duskwisp.glb,.glb,161640,157.85,0.1542,⚠️ CRIAR,creatures/duskwisp.glb,creatures/soul_orb.glb,Soul Orb,3868,2681,1,1,,,
01_Assets_Organizados,Enemies/elemental_ability_anims.glb,Enemies,elemental_ability_anims.glb,.glb,8968,8.76,0.0086,UNMAPPED,,,,0,0,0,0,,,
01_Assets_Organizados,Enemies/emberkin.glb,Enemies,emberkin.glb,.glb,1415428,1382.25,1.3499,⚠️ CRIAR,creatures/emberkin.glb,creatures/flame_spirit.glb,Flame Spirit,4104,3117,1,3,,,
01_Assets_Organizados,Enemies/final_fantasy_8_-_bahamut.glb,Enemies,final_fantasy_8_-_bahamut.glb,.glb,379084,370.2,0.3615,UNMAPPED,,,,2478,6634,4,4,,,
01_Assets_Organizados,Enemies/fox.glb,Enemies,fox.glb,.glb,332748,324.95,0.3173,⚠️ CRIAR,creatures/fox.glb,creatures/corpse_fox.glb,Corpse Fox,1848,3752,4,0,,,
01_Assets_Organizados,Enemies/frog.glb,Enemies,frog.glb,.glb,140836,137.54,0.1343,⚠️ CRIAR,creatures/frog.glb,creatures/swamp_toad.glb,Swamp Toad,5016,2734,4,0,,,
01_Assets_Organizados,Enemies/frog_hit_variety_anims.glb,Enemies,frog_hit_variety_anims.glb,.glb,12064,11.78,0.0115,UNMAPPED,,,,0,0,0,0,,,
01_Assets_Organizados,Enemies/ghost.glb,Enemies,ghost.glb,.glb,78548,76.71,0.0749,✅ USAR `psx_horror_entity.glb`,creatures/ghost.glb,creatures/wraith.glb,Wraith,3192,1768,3,0,,,
01_Assets_Organizados,Enemies/ghost_ability_anims.glb,Enemies,ghost_ability_anims.glb,.glb,9396,9.18,0.009,UNMAPPED,,,,0,0,0,0,,,
01_Assets_Organizados,Enemies/giant.glb,Enemies,giant.glb,.glb,52464,51.23,0.05,⚠️ CRIAR,creatures/giant.glb,creatures/golem.glb,Golem,3812,3158,1,1,,,
01_Assets_Organizados,Enemies/giant_hit_variety_anims.glb,Enemies,giant_hit_variety_anims.glb,.glb,3324,3.25,0.0032,UNMAPPED,,,,0,0,0,0,,,
01_Assets_Organizados,Enemies/gleamstag.glb,Enemies,gleamstag.glb,.glb,337624,329.71,0.322,⚠️ CRIAR,creatures/gleamstag.glb,creatures/blessed_stag.glb,Blessed Stag,3667,7435,6,0,,,
01_Assets_Organizados,Enemies/glimmerwisp.glb,Enemies,glimmerwisp.glb,.glb,162784,158.97,0.1552,⚠️ CRIAR,creatures/glimmerwisp.glb,creatures/will_o_wisp.glb,Will o Wisp,3814,2493,1,1,,,
01_Assets_Organizados,Enemies/gloomshade_abyssal_guardian.glb,Enemies,gloomshade_abyssal_guardian.glb,.glb,1435296,1401.66,1.3688,⚠️ CRIAR,creatures/gloomshade_abyssal_guardian.glb,creatures/abyss_watcher.glb,Abyss Watcher,3916,3111,1,3,,,
01_Assets_Organizados,Enemies/glub_ability_anims.glb,Enemies,glub_ability_anims.glb,.glb,8952,8.74,0.0085,UNMAPPED,,,,0,0,0,0,,,
01_Assets_Organizados,Enemies/glubevolved.glb,Enemies,glubevolved.glb,.glb,68412,66.81,0.0652,⚠️ CRIAR,creatures/glubevolved.glb,creatures/swamp_lurker.glb,Swamp Lurker,4452,2426,4,0,,,
01_Assets_Organizados,Enemies/goblin.glb,Enemies,goblin.glb,.glb,48360,47.23,0.0461,⚠️ CRIAR,creatures/goblin.glb,creatures/dreg.glb,Dreg,2912,2738,1,1,,,
01_Assets_Organizados,Enemies/goblin_hit_variety_anims.glb,Enemies,goblin_hit_variety_anims.glb,.glb,3272,3.2,0.0031,UNMAPPED,,,,0,0,0,0,,,
01_Assets_Organizados,Enemies/golelingevolved.glb,Enemies,golelingevolved.glb,.glb,85588,83.58,0.0816,UNMAPPED,,,,5864,3629,6,0,,,
01_Assets_Organizados,Enemies/gravewing.glb,Enemies,gravewing.glb,.glb,1190128,1162.23,1.135,⚠️ CRIAR,creatures/gravewing.glb,creatures/death_wyvern.glb,Death Wyvern,5685,4132,1,3,,,
01_Assets_Organizados,Enemies/greyjaw.glb,Enemies,greyjaw.glb,.glb,414832,405.11,0.3956,⚠️ CRIAR,creatures/greyjaw.glb,creatures/stone_guardian.glb,Stone Guardian,0,14472,1,1,,,
01_Assets_Organizados,Enemies/greyjaw_ability_anims.glb,Enemies,greyjaw_ability_anims.glb,.glb,35576,34.74,0.0339,UNMAPPED,,,,0,0,0,0,,,
01_Assets_Organizados,Enemies/grix.glb,Enemies,grix.glb,.glb,485196,473.82,0.4627,✅ USAR `muscular_abomination.glb`,creatures/grix.glb,creatures/flesh_abomination.glb,Flesh Abomination,0,22239,2,2,,,
01_Assets_Organizados,Enemies/grubjaw.glb,Enemies,grubjaw.glb,.glb,318432,310.97,0.3037,⚠️ CRIAR,creatures/grubjaw.glb,creatures/carrion_eater.glb,Carrion Eater,0,14676,1,1,,,
01_Assets_Organizados,Enemies/kobold.glb,Enemies,kobold.glb,.glb,324004,316.41,0.309,⚠️ CRIAR,creatures/kobold.glb,creatures/gnoll.glb,Gnoll,0,13881,1,1,,,
01_Assets_Organizados,Enemies/kobold_ability_anims.glb,Enemies,kobold_ability_anims.glb,.glb,5156,5.04,0.0049,UNMAPPED,,,,0,0,0,0,,,
01_Assets_Organizados,Enemies/leaping_fish.glb,Enemies,leaping_fish.glb,.glb,50188,49.01,0.0479,⚠️ CRIAR,creatures/leaping_fish.glb,creatures/river_serpent.glb,River Serpent,3000,2466,1,3,,,
01_Assets_Organizados,Enemies/medieval_mini_dragon_figurine.glb,Enemies,medieval_mini_dragon_figurine.glb,.glb,4009996,3916.01,3.8242,UNMAPPED,,,,25968,14048,1,4,,,
01_Assets_Organizados,Enemies/murloc_ability_anims.glb,Enemies,murloc_ability_anims.glb,.glb,17844,17.43,0.017,UNMAPPED,,,,0,0,0,0,,,
01_Assets_Organizados,Enemies/mushroom_pixie.glb,Enemies,mushroom_pixie.glb,.glb,1302976,1272.44,1.2426,⚠️ CRIAR,creatures/mushroom_pixie.glb,creatures/fungal_zombie.glb,Fungal Zombie,3856,5930,1,3,,,
01_Assets_Organizados,Enemies/nightkin_ability_anims.glb,Enemies,nightkin_ability_anims.glb,.glb,16100,15.72,0.0154,UNMAPPED,,,,0,0,0,0,,,
01_Assets_Organizados,Enemies/orc.glb,Enemies,orc.glb,.glb,176892,172.75,0.1687,⚠️ CRIAR,creatures/orc.glb,creatures/orc_slave.glb,Orc Slave,7344,4382,10,0,,,
01_Assets_Organizados,Enemies/orc_hit_variety_anims.glb,Enemies,orc_hit_variety_anims.glb,.glb,12224,11.94,0.0117,UNMAPPED,,,,0,0,0,0,,,
01_Assets_Organizados,Enemies/orcenemy.glb,Enemies,orcenemy.glb,.glb,45384,44.32,0.0433,⚠️ CRIAR,creatures/orcenemy.glb,creatures/orc_berserker.glb,Orc Berserker,2296,1771,7,0,,,
01_Assets_Organizados,Enemies/psx_hands_monster_ps2_style.glb,Enemies,psx_hands_monster_ps2_style.glb,.glb,648648,633.45,0.6186,UNMAPPED,,,,4065,2830,1,1,,,
01_Assets_Organizados,Enemies/psx_horror_creature.glb,Enemies,psx_horror_creature.glb,.glb,133064,129.95,0.1269,UNMAPPED,,,,592,337,1,1,,,
01_Assets_Organizados,Enemies/psx_horror_entity.glb,Enemies,psx_horror_entity.glb,.glb,1592784,1555.45,1.519,UNMAPPED,,,,5944,7073,1,1,,,
01_Assets_Organizados,Enemies/psx_monster.glb,Enemies,psx_monster.glb,.glb,103856,101.42,0.099,UNMAPPED,,,,604,1214,1,1,,,
01_Assets_Organizados,Enemies/psx_war_servant.glb,Enemies,psx_war_servant.glb,.glb,125924,122.97,0.1201,UNMAPPED,,,,714,731,2,2,,,
01_Assets_Organizados,Enemies/pyre_colossus.glb,Enemies,pyre_colossus.glb,.glb,1707388,1667.37,1.6283,⚠️ CRIAR,creatures/pyre_colossus.glb,creatures/fire_giant.glb,Fire Giant,6055,7857,1,3,,,
01_Assets_Organizados,Enemies/spider.glb,Enemies,spider.glb,.glb,130436,127.38,0.1244,⚠️ CRIAR,creatures/spider.glb,creatures/broodmother.glb,Broodmother,2712,5461,2,0,,,
01_Assets_Organizados,Enemies/spider_egg_sac.glb,Enemies,spider_egg_sac.glb,.glb,131548,128.46,0.1255,⚠️ CRIAR,creatures/spider_egg_sac.glb,creatures/egg_cluster.glb,Egg Cluster,4076,6185,1,1,,,
01_Assets_Organizados,Enemies/stag.glb,Enemies,stag.glb,.glb,317028,309.6,0.3023,⚠️ CRIAR,creatures/stag.glb,creatures/wounded_stag.glb,Wounded Stag,3667,7435,5,0,,,
01_Assets_Organizados,Enemies/stag_ability_anims.glb,Enemies,stag_ability_anims.glb,.glb,18512,18.08,0.0177,UNMAPPED,,,,0,0,0,0,,,
01_Assets_Organizados,Enemies/stone_cantor.glb,Enemies,stone_cantor.glb,.glb,289676,282.89,0.2763,⚠️ CRIAR,creatures/stone_cantor.glb,creatures/bell_ringer.glb,Bell Ringer,0,14520,1,1,,,
01_Assets_Organizados,Enemies/tolling_bell.glb,Enemies,tolling_bell.glb,.glb,172056,168.02,0.1641,⚠️ CRIAR,creatures/tolling_bell.glb,creatures/cursed_bell.glb,Cursed Bell,12410,10646,1,1,,,
01_Assets_Organizados,Enemies/training_dummy.glb,Enemies,training_dummy.glb,.glb,885308,864.56,0.8443,✅ MANTER,creatures/training_dummy.glb,creatures/training_dummy.glb,Target Dummy,1285,2217,1,3,,,
01_Assets_Organizados,Enemies/treant_ability_anims.glb,Enemies,treant_ability_anims.glb,.glb,3584,3.5,0.0034,UNMAPPED,,,,0,0,0,0,,,
01_Assets_Organizados,Enemies/tribal.glb,Enemies,tribal.glb,.glb,95396,93.16,0.091,⚠️ CRIAR,creatures/tribal.glb,creatures/wildman.glb,Wildman,5252,3490,5,0,,,
01_Assets_Organizados,Enemies/troll_ability_anims.glb,Enemies,troll_ability_anims.glb,.glb,12636,12.34,0.0121,UNMAPPED,,,,0,0,0,0,,,
01_Assets_Organizados,Enemies/veiled_doe.glb,Enemies,veiled_doe.glb,.glb,337184,329.28,0.3216,⚠️ CRIAR,creatures/veiled_doe.glb,creatures/spectral_deer.glb,Spectral Deer,2051,4203,5,0,,,
01_Assets_Organizados,Enemies/veiled_stag.glb,Enemies,veiled_stag.glb,.glb,337668,329.75,0.322,⚠️ CRIAR,creatures/veiled_stag.glb,creatures/spirit_stag.glb,Spirit Stag,3667,7435,6,0,,,
01_Assets_Organizados,Enemies/velociraptor.glb,Enemies,velociraptor.glb,.glb,111044,108.44,0.1059,⚠️ CRIAR,creatures/velociraptor.glb,creatures/dire_wolf.glb,Dire Wolf,1248,2576,3,0,,,
01_Assets_Organizados,Enemies/water_elemental.glb,Enemies,water_elemental.glb,.glb,255292,249.31,0.2435,⚠️ CRIAR,creatures/water_elemental.glb,creatures/abyssal_horror.glb,Abyssal Horror,10432,6312,6,0,,,
01_Assets_Organizados,Enemies/wild_boar.glb,Enemies,wild_boar.glb,.glb,318604,311.14,0.3038,✅ USAR `killer_pig.glb`,creatures/wild_boar.glb,creatures/demon_boar.glb,Demon Boar,1570,886,1,1,,,
01_Assets_Organizados,Enemies/wildheart_beastmaster.glb,Enemies,wildheart_beastmaster.glb,.glb,1342220,1310.76,1.28,⚠️ CRIAR,creatures/wildheart_beastmaster.glb,creatures/beast_tamer.glb,Beast Tamer,4361,8448,1,3,,,
01_Assets_Organizados,Enemies/wildheart_beastmaster_hit_variety_anims.glb,Enemies,wildheart_beastmaster_hit_variety_anims.glb,.glb,29500,28.81,0.0281,UNMAPPED,,,,0,0,0,0,,,
01_Assets_Organizados,Enemies/wildheart_hexcaller.glb,Enemies,wildheart_hexcaller.glb,.glb,1056052,1031.3,1.0071,⚠️ CRIAR,creatures/wildheart_hexcaller.glb,creatures/hex_witch.glb,Hex Witch,3872,3192,1,3,,,
01_Assets_Organizados,Enemies/wildheart_hexcaller_ability_anims.glb,Enemies,wildheart_hexcaller_ability_anims.glb,.glb,28260,27.6,0.027,UNMAPPED,,,,0,0,0,0,,,
01_Assets_Organizados,Enemies/wildheart_hexcaller_hit_variety_anims.glb,Enemies,wildheart_hexcaller_hit_variety_anims.glb,.glb,29556,28.86,0.0282,UNMAPPED,,,,0,0,0,0,,,
01_Assets_Organizados,Enemies/wildheart_high_priest.glb,Enemies,wildheart_high_priest.glb,.glb,1260468,1230.93,1.2021,⚠️ CRIAR,creatures/wildheart_high_priest.glb,creatures/cult_leader.glb,Cult Leader,3803,6321,1,3,,,
01_Assets_Organizados,Enemies/wildheart_high_priest_ability_anims.glb,Enemies,wildheart_high_priest_ability_anims.glb,.glb,32948,32.18,0.0314,UNMAPPED,,,,0,0,0,0,,,
01_Assets_Organizados,Enemies/wildheart_high_priest_hit_variety_anims.glb,Enemies,wildheart_high_priest_hit_variety_anims.glb,.glb,29640,28.95,0.0283,UNMAPPED,,,,0,0,0,0,,,
01_Assets_Organizados,Enemies/wildheart_ravager.glb,Enemies,wildheart_ravager.glb,.glb,1257032,1227.57,1.1988,⚠️ CRIAR,creatures/wildheart_ravager.glb,berserker_druid.glb,Berserker Druid,3971,6711,1,3,,,
01_Assets_Organizados,Enemies/wildheart_ravager_ability_anims.glb,Enemies,wildheart_ravager_ability_anims.glb,.glb,31412,30.68,0.03,UNMAPPED,,,,0,0,0,0,,,
01_Assets_Organizados,Enemies/wildheart_ravager_hit_variety_anims.glb,Enemies,wildheart_ravager_hit_variety_anims.glb,.glb,29572,28.88,0.0282,UNMAPPED,,,,0,0,0,0,,,
01_Assets_Organizados,Enemies/wildheart_stalker.glb,Enemies,wildheart_stalker.glb,.glb,1199520,1171.41,1.144,⚠️ CRIAR,creatures/wildheart_stalker.glb,creatures/shadow_druid.glb,Shadow Druid,4004,6096,1,3,,,
01_Assets_Organizados,Enemies/wildheart_stalker_ability_anims.glb,Enemies,wildheart_stalker_ability_anims.glb,.glb,23616,23.06,0.0225,UNMAPPED,,,,0,0,0,0,,,
01_Assets_Organizados,Enemies/wildheart_stalker_hit_variety_anims.glb,Enemies,wildheart_stalker_hit_variety_anims.glb,.glb,29524,28.83,0.0282,UNMAPPED,,,,0,0,0,0,,,
01_Assets_Organizados,Enemies/wolf.glb,Enemies,wolf.glb,.glb,336460,328.57,0.3209,⚠️ CRIAR,creatures/wolf.glb,creatures/shadow_hound.glb,Shadow Hound,1962,3994,4,0,,,
01_Assets_Organizados,Enemies/wolf_basic.glb,Enemies,wolf_basic.glb,.glb,334888,327.04,0.3194,⚠️ CRIAR,creatures/wolf_basic.glb,creatures/corpse_dog.glb,Corpse Dog,0,8574,1,1,,,
01_Assets_Organizados,Enemies/yeti.glb,Enemies,yeti.glb,.glb,41144,40.18,0.0392,⚠️ CRIAR,creatures/yeti.glb,creatures/frost_giant.glb,Frost Giant,2136,1410,6,0,,,
01_Assets_Organizados,Enemies/yeti_ability_anims.glb,Enemies,yeti_ability_anims.glb,.glb,21668,21.16,0.0207,UNMAPPED,,,,0,0,0,0,,,
01_Assets_Organizados,Enemies/yeti_hit_variety_anims.glb,Enemies,yeti_hit_variety_anims.glb,.glb,3892,3.8,0.0037,UNMAPPED,,,,0,0,0,0,,,
01_Assets_Organizados,Enemies/yetialt.glb,Enemies,yetialt.glb,.glb,149784,146.27,0.1428,⚠️ CRIAR,creatures/yetialt.glb,creatures/ice_golem.glb,Ice Golem,6094,3331,6,0,,,
01_Assets_Organizados,Enemies/yetialt_hit_variety_anims.glb,Enemies,yetialt_hit_variety_anims.glb,.glb,12100,11.82,0.0115,UNMAPPED,,,,0,0,0,0,,,
01_Assets_Organizados,Enemies/yumi_cat.glb,Enemies,yumi_cat.glb,.glb,430368,420.28,0.4104,⚠️ CRIAR,creatures/yumi_cat.glb,creatures/hellcat.glb,Hellcat,9960,13658,1,1,,,
01_Assets_Organizados,Mounts/aether_hover_cycle.glb,Mounts,aether_hover_cycle.glb,.glb,282948,276.32,0.2698,⚠️ CRIAR,mounts/aether_hover_cycle.glb,mounts/chariot.glb,Chariot,2018,3062,1,3,,,
01_Assets_Organizados,Mounts/drakemaw_raptor.glb,Mounts,drakemaw_raptor.glb,.glb,352276,344.02,0.336,⚠️ CRIAR,mounts/drakemaw_raptor.glb,mounts/wyvern.glb,Wyvern,4913,7208,1,1,,,
01_Assets_Organizados,Mounts/grag_bear.glb,Mounts,grag_bear.glb,.glb,651200,635.94,0.621,⚠️ CRIAR,mounts/grag_bear.glb,mounts/dire_bear_mount.glb,Dire Bear,3763,6431,1,3,,,
01_Assets_Organizados,Mounts/shadowjump_toad.glb,Mounts,shadowjump_toad.glb,.glb,638220,623.26,0.6087,⚠️ CRIAR,mounts/shadowjump_toad.glb,mounts/giant_toad.glb,Giant Toad,4040,6677,1,3,,,
01_Assets_Organizados,Mounts/stalkglider_snail.glb,Mounts,stalkglider_snail.glb,.glb,208104,203.23,0.1985,⚠️ CRIAR,mounts/stalkglider_snail.glb,mounts/giant_beetle.glb,Giant Beetle,1854,2909,1,3,,,
01_Assets_Organizados,Mounts/stormfeather_griffin.glb,Mounts,stormfeather_griffin.glb,.glb,261604,255.47,0.2495,⚠️ CRIAR,mounts/stormfeather_griffin.glb,mounts/griffin.glb,Griffin,1966,2983,1,3,,,
01_Assets_Organizados,Mounts/terrorspark_groundshaker.glb,Mounts,terrorspark_groundshaker.glb,.glb,1161436,1134.21,1.1076,⚠️ CRIAR,mounts/terrorspark_groundshaker.glb,mounts/war_elephant.glb,War Elephant,0,37344,6,6,,,
01_Assets_Organizados,Mounts/thunderstrut_gobbler.glb,Mounts,thunderstrut_gobbler.glb,.glb,354552,346.24,0.3381,⚠️ CRIAR,mounts/thunderstrut_gobbler.glb,mounts/war_pig.glb,War Pig,5000,7300,1,1,,,
01_Assets_Organizados,Mounts/valorsteed.glb,Mounts,valorsteed.glb,.glb,575216,561.73,0.5486,⚠️ CRIAR,mounts/valorsteed.glb,mounts/warhorse.glb,Warhorse,2066,2102,1,0,,,
01_Assets_Organizados,Nature/beach_anchor.glb,Nature,beach_anchor.glb,.glb,13536,13.22,0.0129,⚠️ REESTILIZAR,biome/beach_anchor.glb,biome/rusted_anchor.glb,Rusted Anchor,544,583,1,1,,,
01_Assets_Organizados,Nature/beach_barrel.glb,Nature,beach_barrel.glb,.glb,14352,14.02,0.0137,⚠️ REESTILIZAR,biome/beach_barrel.glb,biome/wrecked_barrel.glb,Wrecked Barrel,640,768,1,1,,,
01_Assets_Organizados,Nature/beach_bone.glb,Nature,beach_bone.glb,.glb,23392,22.84,0.0223,✅ MANTER,biome/beach_bone.glb,biome/beach_bone.glb,Beach Bone,1680,1880,1,1,,,
01_Assets_Organizados,Nature/beach_cannon.glb,Nature,beach_cannon.glb,.glb,25704,25.1,0.0245,⚠️ REESTILIZAR,biome/beach_cannon.glb,biome/cannon.glb,Cannon,2362,2277,1,1,,,
01_Assets_Organizados,Nature/beach_chest.glb,Nature,beach_chest.glb,.glb,26936,26.3,0.0257,⚠️ REESTILIZAR,biome/beach_chest.glb,biome/treasure_chest.glb,Treasure Chest,1636,2550,1,1,,,
01_Assets_Organizados,Nature/beach_chest_gold.glb,Nature,beach_chest_gold.glb,.glb,66092,64.54,0.063,⚠️ REESTILIZAR,biome/beach_chest_gold.glb,biome/gold_chest.glb,Gold Chest,7368,7886,1,1,,,
01_Assets_Organizados,Nature/beach_dock.glb,Nature,beach_dock.glb,.glb,23012,22.47,0.0219,⚠️ REESTILIZAR,biome/beach_dock.glb,biome/dock.glb,Dock,1912,1972,1,1,,,
01_Assets_Organizados,Nature/beach_dock_broken.glb,Nature,beach_dock_broken.glb,.glb,25040,24.45,0.0239,⚠️ REESTILIZAR,biome/beach_dock_broken.glb,biome/dock_broken.glb,Broken Dock,2052,2215,1,1,,,
01_Assets_Organizados,Nature/beach_house.glb,Nature,beach_house.glb,.glb,51808,50.59,0.0494,⚠️ REESTILIZAR,biome/beach_house.glb,biome/fisherman_hut.glb,Fisherman Hut,4958,5829,2,1,,,
01_Assets_Organizados,Nature/beach_palm_1.glb,Nature,beach_palm_1.glb,.glb,29996,29.29,0.0286,UNMAPPED,,,,2924,2600,1,1,,,
01_Assets_Organizados,Nature/beach_palm_2.glb,Nature,beach_palm_2.glb,.glb,31280,30.55,0.0298,UNMAPPED,,,,3134,2753,1,1,,,
01_Assets_Organizados,Nature/beach_palm_3.glb,Nature,beach_palm_3.glb,.glb,30096,29.39,0.0287,UNMAPPED,,,,3208,2675,1,1,,,
01_Assets_Organizados,Nature/beach_rock_sand_a.glb,Nature,beach_rock_sand_a.glb,.glb,15204,14.85,0.0145,UNMAPPED,,,,92,156,1,1,,,
01_Assets_Organizados,Nature/beach_rock_sand_b.glb,Nature,beach_rock_sand_b.glb,.glb,16536,16.15,0.0158,UNMAPPED,,,,180,306,1,1,,,
01_Assets_Organizados,Nature/beach_rock_sand_c.glb,Nature,beach_rock_sand_c.glb,.glb,16016,15.64,0.0153,UNMAPPED,,,,144,246,1,1,,,
01_Assets_Organizados,Nature/beach_rocks_1.glb,Nature,beach_rocks_1.glb,.glb,12744,12.45,0.0122,UNMAPPED,,,,626,452,1,1,,,
01_Assets_Organizados,Nature/beach_rocks_2.glb,Nature,beach_rocks_2.glb,.glb,93668,91.47,0.0893,UNMAPPED,,,,19141,10341,1,1,,,
01_Assets_Organizados,Nature/beach_ship.glb,Nature,beach_ship.glb,.glb,54788,53.5,0.0522,⚠️ REESTILIZAR,biome/beach_ship.glb,biome/wrecked_ship.glb,Wrecked Ship,5578,6215,1,1,,,
01_Assets_Organizados,Nature/bush.glb,Nature,bush.glb,.glb,49364,48.21,0.0471,⚠️ REESTILIZAR,foliage/bush.glb,foliage/dead_bush.glb,Dead Bush,495,1017,1,1,,,
01_Assets_Organizados,Nature/bush_flowers.glb,Nature,bush_flowers.glb,.glb,101296,98.92,0.0966,⚠️ REESTILIZAR,foliage/bush_flowers.glb,foliage/withered_flowers.glb,Withered Flowers,869,1638,2,2,,,
01_Assets_Organizados,Nature/camp_bedroll.glb,Nature,camp_bedroll.glb,.glb,17152,16.75,0.0164,✅ MANTER,biome/camp_bedroll.glb,biome/bedroll.glb,Bedroll,144,220,1,1,,,
01_Assets_Organizados,Nature/camp_bedroll_packed.glb,Nature,camp_bedroll_packed.glb,.glb,16288,15.91,0.0155,✅ MANTER (renomear),biome/camp_bedroll_packed.glb,biome/bedroll_packed.glb,Packed Bedroll,124,240,1,1,,,
01_Assets_Organizados,Nature/camp_fire_pit.glb,Nature,camp_fire_pit.glb,.glb,19452,19.0,0.0186,✅ MANTER,biome/camp_fire_pit.glb,biome/fire_pit.glb,Fire Pit,305,455,1,1,,,
01_Assets_Organizados,Nature/camp_fire_stand.glb,Nature,camp_fire_stand.glb,.glb,14928,14.58,0.0142,✅ MANTER,biome/camp_fire_stand.glb,biome/fire_stand.glb,Fire Stand,76,132,1,1,,,
01_Assets_Organizados,Nature/camp_fishing_stand.glb,Nature,camp_fishing_stand.glb,.glb,15352,14.99,0.0146,⚠️ REESTILIZAR,biome/camp_fishing_stand.glb,biome/fishing_rod.glb,Fishing Rod,100,168,1,1,,,
01_Assets_Organizados,Nature/camp_signpost.glb,Nature,camp_signpost.glb,.glb,14576,14.23,0.0139,⚠️ REESTILIZAR,biome/camp_signpost.glb,biome/signpost.glb,Signpost,44,84,1,1,,,
01_Assets_Organizados,Nature/camp_tent.glb,Nature,camp_tent.glb,.glb,15996,15.62,0.0153,⚠️ REESTILIZAR,biome/camp_tent.glb,biome/tent.glb,Tent,124,248,1,1,,,
01_Assets_Organizados,Nature/camp_tent_canvas.glb,Nature,camp_tent_canvas.glb,.glb,16484,16.1,0.0157,⚠️ REESTILIZAR,biome/camp_tent_canvas.glb,biome/tent_canvas.glb,Canvas Tent,148,296,1,1,,,
01_Assets_Organizados,Nature/cave_cart_a.glb,Nature,cave_cart_a.glb,.glb,38476,37.57,0.0367,UNMAPPED,,,,1584,1902,1,1,,,
01_Assets_Organizados,Nature/cave_cart_b.glb,Nature,cave_cart_b.glb,.glb,38876,37.96,0.0371,UNMAPPED,,,,1592,1914,1,1,,,
01_Assets_Organizados,Nature/cave_entrance.glb,Nature,cave_entrance.glb,.glb,50912,49.72,0.0486,✅ MANTER,biome/cave_entrance.glb,biome/cave_entrance.glb,Cave Entrance,1864,2264,2,2,,,
01_Assets_Organizados,Nature/cave_ladder.glb,Nature,cave_ladder.glb,.glb,51312,50.11,0.0489,✅ MANTER,biome/cave_ladder.glb,biome/ladder.glb,Ladder,1580,1894,2,2,,,
01_Assets_Organizados,Nature/cave_mine_entrance.glb,Nature,cave_mine_entrance.glb,.glb,50324,49.14,0.048,⚠️ REESTILIZAR,biome/cave_mine_entrance.glb,biome/mine_entrance.glb,Mine Entrance,1908,2180,2,2,,,
01_Assets_Organizados,Nature/cave_pillar.glb,Nature,cave_pillar.glb,.glb,50544,49.36,0.0482,⚠️ REESTILIZAR,biome/cave_pillar.glb,biome/pillar.glb,Pillar,1868,2230,2,2,,,
01_Assets_Organizados,Nature/cave_platform.glb,Nature,cave_platform.glb,.glb,51420,50.21,0.049,⚠️ REESTILIZAR,biome/cave_platform.glb,biome/platform.glb,Platform,1672,2078,2,2,,,
01_Assets_Organizados,Nature/cave_post.glb,Nature,cave_post.glb,.glb,50160,48.98,0.0478,⚠️ REESTILIZAR,biome/cave_post.glb,biome/post.glb,Post,1496,1726,2,2,,,
01_Assets_Organizados,Nature/cave_rail_corner.glb,Nature,cave_rail_corner.glb,.glb,52832,51.59,0.0504,UNMAPPED,,,,1736,2142,2,2,,,
01_Assets_Organizados,Nature/cave_rail_ramp.glb,Nature,cave_rail_ramp.glb,.glb,50988,49.79,0.0486,UNMAPPED,,,,1592,1918,2,2,,,
01_Assets_Organizados,Nature/cave_rail_straight.glb,Nature,cave_rail_straight.glb,.glb,51004,49.81,0.0486,UNMAPPED,,,,1624,1982,2,2,,,
01_Assets_Organizados,Nature/cave_rocks_a.glb,Nature,cave_rocks_a.glb,.glb,48496,47.36,0.0462,UNMAPPED,,,,1676,1956,2,2,,,
01_Assets_Organizados,Nature/cave_rocks_b.glb,Nature,cave_rocks_b.glb,.glb,48588,47.45,0.0463,UNMAPPED,,,,1768,1956,2,2,,,
01_Assets_Organizados,Nature/cave_stairs.glb,Nature,cave_stairs.glb,.glb,52640,51.41,0.0502,⚠️ REESTILIZAR,biome/cave_stairs.glb,biome/stone_stairs.glb,Stone Stairs,1720,2174,2,2,,,
01_Assets_Organizados,Nature/city_arch.glb,Nature,city_arch.glb,.glb,326292,318.64,0.3112,UNMAPPED,,,,196,260,1,3,,,
01_Assets_Organizados,Nature/city_crate.glb,Nature,city_crate.glb,.glb,327704,320.02,0.3125,UNMAPPED,,,,230,460,1,3,,,
01_Assets_Organizados,Nature/city_fence_metal.glb,Nature,city_fence_metal.glb,.glb,103748,101.32,0.0989,UNMAPPED,,,,2744,2718,1,2,,,
01_Assets_Organizados,Nature/city_fence_ornament.glb,Nature,city_fence_ornament.glb,.glb,116788,114.05,0.1114,UNMAPPED,,,,3988,3966,1,2,,,
01_Assets_Organizados,Nature/city_fence_wood.glb,Nature,city_fence_wood.glb,.glb,324184,316.59,0.3092,UNMAPPED,,,,40,80,1,3,,,
01_Assets_Organizados,Nature/city_stairs.glb,Nature,city_stairs.glb,.glb,667872,652.22,0.6369,UNMAPPED,,,,62,118,2,6,,,
01_Assets_Organizados,Nature/city_vine_1.glb,Nature,city_vine_1.glb,.glb,23680,23.12,0.0226,UNMAPPED,,,,82,159,1,1,,,
01_Assets_Organizados,Nature/city_vine_2.glb,Nature,city_vine_2.glb,.glb,23916,23.36,0.0228,UNMAPPED,,,,117,185,1,1,,,
01_Assets_Organizados,Nature/city_wagon.glb,Nature,city_wagon.glb,.glb,351644,343.4,0.3354,UNMAPPED,,,,1672,2331,1,3,,,
01_Assets_Organizados,Nature/dead_1.glb,Nature,dead_1.glb,.glb,417648,407.86,0.3983,UNMAPPED,,,,6106,7992,1,2,,,
01_Assets_Organizados,Nature/dead_2.glb,Nature,dead_2.glb,.glb,425648,415.67,0.4059,UNMAPPED,,,,6507,8600,1,2,,,
01_Assets_Organizados,Nature/dead_3.glb,Nature,dead_3.glb,.glb,412716,403.04,0.3936,UNMAPPED,,,,5759,7904,1,2,,,
01_Assets_Organizados,Nature/desert_boulder_1.glb,Nature,desert_boulder_1.glb,.glb,17020,16.62,0.0162,UNMAPPED,,,,360,254,1,1,,,
01_Assets_Organizados,Nature/desert_boulder_2.glb,Nature,desert_boulder_2.glb,.glb,17648,17.23,0.0168,UNMAPPED,,,,504,338,1,1,,,
01_Assets_Organizados,Nature/desert_cactus_flat.glb,Nature,desert_cactus_flat.glb,.glb,38920,38.01,0.0371,UNMAPPED,,,,716,748,2,2,,,
01_Assets_Organizados,Nature/desert_cactus_small.glb,Nature,desert_cactus_small.glb,.glb,32968,32.2,0.0314,UNMAPPED,,,,192,260,2,2,,,
01_Assets_Organizados,Nature/desert_cactus_tall_1.glb,Nature,desert_cactus_tall_1.glb,.glb,45320,44.26,0.0432,UNMAPPED,,,,1072,1496,2,2,,,
01_Assets_Organizados,Nature/desert_cactus_tall_2.glb,Nature,desert_cactus_tall_2.glb,.glb,43976,42.95,0.0419,UNMAPPED,,,,1008,1368,2,2,,,
01_Assets_Organizados,Nature/desert_mesa_1.glb,Nature,desert_mesa_1.glb,.glb,29536,28.84,0.0282,UNMAPPED,,,,216,190,2,2,,,
01_Assets_Organizados,Nature/desert_mesa_2.glb,Nature,desert_mesa_2.glb,.glb,29568,28.88,0.0282,UNMAPPED,,,,216,187,2,2,,,
01_Assets_Organizados,Nature/desert_rock_formation_1.glb,Nature,desert_rock_formation_1.glb,.glb,16740,16.35,0.016,UNMAPPED,,,,384,300,1,1,,,
01_Assets_Organizados,Nature/desert_rock_formation_2.glb,Nature,desert_rock_formation_2.glb,.glb,17272,16.87,0.0165,UNMAPPED,,,,512,384,1,1,,,
01_Assets_Organizados,Nature/desert_rock_formation_3.glb,Nature,desert_rock_formation_3.glb,.glb,17480,17.07,0.0167,UNMAPPED,,,,376,290,1,1,,,
01_Assets_Organizados,Nature/desert_tree.glb,Nature,desert_tree.glb,.glb,31260,30.53,0.0298,UNMAPPED,,,,170,266,2,2,,,
01_Assets_Organizados,Nature/dungeon_arch_door.glb,Nature,dungeon_arch_door.glb,.glb,20348,19.87,0.0194,UNMAPPED,,,,1220,2242,4,0,,,
01_Assets_Organizados,Nature/dungeon_arch_stone.glb,Nature,dungeon_arch_stone.glb,.glb,61352,59.91,0.0585,UNMAPPED,,,,4484,8724,3,0,,,
01_Assets_Organizados,Nature/dungeon_banner.glb,Nature,dungeon_banner.glb,.glb,14924,14.57,0.0142,UNMAPPED,,,,162,270,1,1,,,
01_Assets_Organizados,Nature/dungeon_banner_wall.glb,Nature,dungeon_banner_wall.glb,.glb,9716,9.49,0.0093,UNMAPPED,,,,440,845,3,0,,,
01_Assets_Organizados,Nature/dungeon_cobweb.glb,Nature,dungeon_cobweb.glb,.glb,18144,17.72,0.0173,UNMAPPED,,,,1106,2214,1,0,,,
01_Assets_Organizados,Nature/dungeon_coins.glb,Nature,dungeon_coins.glb,.glb,43260,42.25,0.0413,UNMAPPED,,,,3220,6160,1,0,,,
01_Assets_Organizados,Nature/dungeon_column_small.glb,Nature,dungeon_column_small.glb,.glb,13424,13.11,0.0128,UNMAPPED,,,,64,112,1,1,,,
01_Assets_Organizados,Nature/dungeon_corridor.glb,Nature,dungeon_corridor.glb,.glb,30596,29.88,0.0292,UNMAPPED,,,,900,1624,1,1,,,
01_Assets_Organizados,Nature/dungeon_corridor_corner.glb,Nature,dungeon_corridor_corner.glb,.glb,30180,29.47,0.0288,UNMAPPED,,,,858,1534,1,1,,,
01_Assets_Organizados,Nature/dungeon_corridor_cross.glb,Nature,dungeon_corridor_cross.glb,.glb,22080,21.56,0.0211,UNMAPPED,,,,340,648,1,1,,,
01_Assets_Organizados,Nature/dungeon_corridor_end.glb,Nature,dungeon_corridor_end.glb,.glb,37512,36.63,0.0358,UNMAPPED,,,,1348,2432,1,1,,,
01_Assets_Organizados,Nature/dungeon_floor_tile.glb,Nature,dungeon_floor_tile.glb,.glb,17460,17.05,0.0167,UNMAPPED,,,,1176,2282,1,0,,,
01_Assets_Organizados,Nature/dungeon_gate.glb,Nature,dungeon_gate.glb,.glb,25612,25.01,0.0244,UNMAPPED,,,,592,1008,1,1,,,
01_Assets_Organizados,Nature/dungeon_gate_bars.glb,Nature,dungeon_gate_bars.glb,.glb,29028,28.35,0.0277,UNMAPPED,,,,720,1264,1,1,,,
01_Assets_Organizados,Nature/dungeon_gate_door.glb,Nature,dungeon_gate_door.glb,.glb,34920,34.1,0.0333,UNMAPPED,,,,984,1620,1,1,,,
01_Assets_Organizados,Nature/dungeon_pillar_stone.glb,Nature,dungeon_pillar_stone.glb,.glb,10160,9.92,0.0097,UNMAPPED,,,,548,1012,2,0,,,
01_Assets_Organizados,Nature/dungeon_room_small.glb,Nature,dungeon_room_small.glb,.glb,84176,82.2,0.0803,UNMAPPED,,,,4388,8016,1,1,,,
01_Assets_Organizados,Nature/dungeon_stairs.glb,Nature,dungeon_stairs.glb,.glb,59640,58.24,0.0569,UNMAPPED,,,,3074,5226,1,1,,,
01_Assets_Organizados,Nature/dungeon_statue_horse.glb,Nature,dungeon_statue_horse.glb,.glb,26656,26.03,0.0254,UNMAPPED,,,,1849,3461,2,0,,,
01_Assets_Organizados,Nature/dungeon_trap.glb,Nature,dungeon_trap.glb,.glb,17928,17.51,0.0171,UNMAPPED,,,,168,272,1,1,,,
01_Assets_Organizados,Nature/dungeon_trap_door.glb,Nature,dungeon_trap_door.glb,.glb,13000,12.7,0.0124,UNMAPPED,,,,504,1020,4,0,,,
01_Assets_Organizados,Nature/dungeon_wall_stone.glb,Nature,dungeon_wall_stone.glb,.glb,26404,25.79,0.0252,UNMAPPED,,,,1670,3232,3,0,,,
01_Assets_Organizados,Nature/dungeon_wood_structure.glb,Nature,dungeon_wood_structure.glb,.glb,14664,14.32,0.014,UNMAPPED,,,,144,288,1,1,,,
01_Assets_Organizados,Nature/dungeon_wood_support.glb,Nature,dungeon_wood_support.glb,.glb,13116,12.81,0.0125,UNMAPPED,,,,48,96,1,1,,,
01_Assets_Organizados,Nature/fern.glb,Nature,fern.glb,.glb,62500,61.04,0.0596,⚠️ REESTILIZAR,foliage/fern.glb,foliage/dead_fern.glb,Dead Fern,288,243,1,1,,,
01_Assets_Organizados,Nature/hex_anchor.glb,Nature,hex_anchor.glb,.glb,32172,31.42,0.0307,UNMAPPED,,,,224,296,1,1,,,
01_Assets_Organizados,Nature/hex_barracks.glb,Nature,hex_barracks.glb,.glb,82932,80.99,0.0791,UNMAPPED,,,,4007,6426,1,1,,,
01_Assets_Organizados,Nature/hex_barrel.glb,Nature,hex_barrel.glb,.glb,33344,32.56,0.0318,UNMAPPED,,,,240,441,1,1,,,
01_Assets_Organizados,Nature/hex_blacksmith.glb,Nature,hex_blacksmith.glb,.glb,59692,58.29,0.0569,UNMAPPED,,,,2410,3393,1,1,,,
01_Assets_Organizados,Nature/hex_boat.glb,Nature,hex_boat.glb,.glb,30124,29.42,0.0287,UNMAPPED,,,,132,120,1,1,,,
01_Assets_Organizados,Nature/hex_boatrack.glb,Nature,hex_boatrack.glb,.glb,31844,31.1,0.0304,UNMAPPED,,,,192,380,1,1,,,
01_Assets_Organizados,Nature/hex_bridge.glb,Nature,hex_bridge.glb,.glb,35676,34.84,0.034,UNMAPPED,,,,604,686,1,1,,,
01_Assets_Organizados,Nature/hex_cannon.glb,Nature,hex_cannon.glb,.glb,49088,47.94,0.0468,UNMAPPED,,,,1560,1880,1,1,,,
01_Assets_Organizados,Nature/hex_cannonballs.glb,Nature,hex_cannonballs.glb,.glb,34036,33.24,0.0325,UNMAPPED,,,,652,444,1,1,,,
01_Assets_Organizados,Nature/hex_castle.glb,Nature,hex_castle.glb,.glb,101396,99.02,0.0967,UNMAPPED,,,,5659,8868,1,1,,,
01_Assets_Organizados,Nature/hex_church.glb,Nature,hex_church.glb,.glb,51248,50.05,0.0489,UNMAPPED,,,,1601,2504,1,1,,,
01_Assets_Organizados,Nature/hex_crate_big.glb,Nature,hex_crate_big.glb,.glb,30632,29.91,0.0292,UNMAPPED,,,,132,194,1,1,,,
01_Assets_Organizados,Nature/hex_crate_open.glb,Nature,hex_crate_open.glb,.glb,32192,31.44,0.0307,UNMAPPED,,,,260,328,1,1,,,
01_Assets_Organizados,Nature/hex_flag.glb,Nature,hex_flag.glb,.glb,29520,28.83,0.0282,UNMAPPED,,,,48,68,1,1,,,
01_Assets_Organizados,Nature/hex_flag_red.glb,Nature,hex_flag_red.glb,.glb,29520,28.83,0.0282,UNMAPPED,,,,48,68,1,1,,,
01_Assets_Organizados,Nature/hex_haybale.glb,Nature,hex_haybale.glb,.glb,31568,30.83,0.0301,UNMAPPED,,,,164,264,1,1,,,
01_Assets_Organizados,Nature/hex_home_a.glb,Nature,hex_home_a.glb,.glb,43292,42.28,0.0413,UNMAPPED,,,,1011,1540,1,1,,,
01_Assets_Organizados,Nature/hex_home_b.glb,Nature,hex_home_b.glb,.glb,49060,47.91,0.0468,UNMAPPED,,,,1393,2305,1,1,,,
01_Assets_Organizados,Nature/hex_lumber.glb,Nature,hex_lumber.glb,.glb,32376,31.62,0.0309,UNMAPPED,,,,220,330,1,1,,,
01_Assets_Organizados,Nature/hex_market.glb,Nature,hex_market.glb,.glb,67824,66.23,0.0647,UNMAPPED,,,,3125,4169,1,1,,,
01_Assets_Organizados,Nature/hex_sack.glb,Nature,hex_sack.glb,.glb,29836,29.14,0.0285,UNMAPPED,,,,92,84,1,1,,,
01_Assets_Organizados,Nature/hex_ship_blue.glb,Nature,hex_ship_blue.glb,.glb,48740,47.6,0.0465,UNMAPPED,,,,1580,2031,1,1,,,
01_Assets_Organizados,Nature/hex_ship_green.glb,Nature,hex_ship_green.glb,.glb,48584,47.45,0.0463,UNMAPPED,,,,1580,2028,1,1,,,
01_Assets_Organizados,Nature/hex_ship_red.glb,Nature,hex_ship_red.glb,.glb,48624,47.48,0.0464,UNMAPPED,,,,1580,2028,1,1,,,
01_Assets_Organizados,Nature/hex_target.glb,Nature,hex_target.glb,.glb,30804,30.08,0.0294,UNMAPPED,,,,156,193,1,1,,,
01_Assets_Organizados,Nature/hex_tavern.glb,Nature,hex_tavern.glb,.glb,74604,72.86,0.0711,UNMAPPED,,,,2992,4778,1,1,,,
01_Assets_Organizados,Nature/hex_tile_grass.glb,Nature,hex_tile_grass.glb,.glb,29376,28.69,0.028,UNMAPPED,,,,36,70,1,1,,,
01_Assets_Organizados,Nature/hex_tile_road.glb,Nature,hex_tile_road.glb,.glb,29712,29.02,0.0283,UNMAPPED,,,,58,105,1,1,,,
01_Assets_Organizados,Nature/hex_tile_water.glb,Nature,hex_tile_water.glb,.glb,29068,28.39,0.0277,UNMAPPED,,,,24,42,1,1,,,
01_Assets_Organizados,Nature/hex_tower.glb,Nature,hex_tower.glb,.glb,57656,56.3,0.055,UNMAPPED,,,,2138,3126,1,1,,,
01_Assets_Organizados,Nature/hex_tower_cannon.glb,Nature,hex_tower_cannon.glb,.glb,66468,64.91,0.0634,UNMAPPED,,,,2888,3877,1,1,,,
01_Assets_Organizados,Nature/hex_trough.glb,Nature,hex_trough.glb,.glb,30792,30.07,0.0294,UNMAPPED,,,,128,194,1,1,,,
01_Assets_Organizados,Nature/hex_wall.glb,Nature,hex_wall.glb,.glb,36368,35.52,0.0347,UNMAPPED,,,,504,877,1,1,,,
01_Assets_Organizados,Nature/hex_watchtower.glb,Nature,hex_watchtower.glb,.glb,52024,50.8,0.0496,UNMAPPED,,,,1490,2524,1,1,,,
01_Assets_Organizados,Nature/hex_weaponrack.glb,Nature,hex_weaponrack.glb,.glb,29532,28.84,0.0282,UNMAPPED,,,,42,84,1,1,,,
01_Assets_Organizados,Nature/hex_well.glb,Nature,hex_well.glb,.glb,39872,38.94,0.038,UNMAPPED,,,,726,1187,1,1,,,
01_Assets_Organizados,Nature/hex_wheelbarrow.glb,Nature,hex_wheelbarrow.glb,.glb,34088,33.29,0.0325,UNMAPPED,,,,396,520,1,1,,,
01_Assets_Organizados,Nature/hex_windmill.glb,Nature,hex_windmill.glb,.glb,70072,68.43,0.0668,UNMAPPED,,,,2653,3930,1,1,,,
01_Assets_Organizados,Nature/hexb_docks.glb,Nature,hexb_docks.glb,.glb,43316,42.3,0.0413,UNMAPPED,,,,958,1709,1,1,,,
01_Assets_Organizados,Nature/hexb_home_a.glb,Nature,hexb_home_a.glb,.glb,43288,42.27,0.0413,UNMAPPED,,,,1011,1540,1,1,,,
01_Assets_Organizados,Nature/hexb_home_b.glb,Nature,hexb_home_b.glb,.glb,49056,47.91,0.0468,UNMAPPED,,,,1393,2305,1,1,,,
01_Assets_Organizados,Nature/hexb_market.glb,Nature,hexb_market.glb,.glb,67836,66.25,0.0647,UNMAPPED,,,,3125,4169,1,1,,,
01_Assets_Organizados,Nature/hexb_shipyard.glb,Nature,hexb_shipyard.glb,.glb,78812,76.96,0.0752,UNMAPPED,,,,3390,5410,1,1,,,
01_Assets_Organizados,Nature/hexb_stables.glb,Nature,hexb_stables.glb,.glb,57680,56.33,0.055,UNMAPPED,,,,1950,2962,1,1,,,
01_Assets_Organizados,Nature/hexb_tavern.glb,Nature,hexb_tavern.glb,.glb,74604,72.86,0.0711,UNMAPPED,,,,2992,4778,1,1,,,
01_Assets_Organizados,Nature/hexb_tower_a.glb,Nature,hexb_tower_a.glb,.glb,57644,56.29,0.055,UNMAPPED,,,,2138,3126,1,1,,,
01_Assets_Organizados,Nature/hexb_tower_b.glb,Nature,hexb_tower_b.glb,.glb,62040,60.59,0.0592,UNMAPPED,,,,2418,3639,1,1,,,
01_Assets_Organizados,Nature/hexb_tower_base.glb,Nature,hexb_tower_base.glb,.glb,47744,46.62,0.0455,UNMAPPED,,,,1538,2265,1,1,,,
01_Assets_Organizados,Nature/hexb_townhall.glb,Nature,hexb_townhall.glb,.glb,76628,74.83,0.0731,UNMAPPED,,,,3322,5287,1,1,,,
01_Assets_Organizados,Nature/hexb_windmill.glb,Nature,hexb_windmill.glb,.glb,70060,68.42,0.0668,UNMAPPED,,,,2653,3930,1,1,,,
01_Assets_Organizados,Nature/hexb_workshop.glb,Nature,hexb_workshop.glb,.glb,77484,75.67,0.0739,UNMAPPED,,,,3672,5209,1,1,,,
01_Assets_Organizados,Nature/hexn_fence_stone.glb,Nature,hexn_fence_stone.glb,.glb,32772,32.0,0.0313,UNMAPPED,,,,284,378,1,1,,,
01_Assets_Organizados,Nature/hexn_palisade.glb,Nature,hexn_palisade.glb,.glb,36368,35.52,0.0347,UNMAPPED,,,,504,877,1,1,,,
01_Assets_Organizados,Nature/hexr_archeryrange.glb,Nature,hexr_archeryrange.glb,.glb,78512,76.67,0.0749,UNMAPPED,,,,3819,5608,1,1,,,
01_Assets_Organizados,Nature/hexr_barracks.glb,Nature,hexr_barracks.glb,.glb,82908,80.96,0.0791,UNMAPPED,,,,4007,6426,1,1,,,
01_Assets_Organizados,Nature/hexr_blacksmith.glb,Nature,hexr_blacksmith.glb,.glb,59688,58.29,0.0569,UNMAPPED,,,,2410,3393,1,1,,,
01_Assets_Organizados,Nature/hexr_castle.glb,Nature,hexr_castle.glb,.glb,101400,99.02,0.0967,UNMAPPED,,,,5659,8868,1,1,,,
01_Assets_Organizados,Nature/hexr_church.glb,Nature,hexr_church.glb,.glb,51244,50.04,0.0489,UNMAPPED,,,,1601,2504,1,1,,,
01_Assets_Organizados,Nature/hexr_home_a.glb,Nature,hexr_home_a.glb,.glb,43288,42.27,0.0413,UNMAPPED,,,,1011,1540,1,1,,,
01_Assets_Organizados,Nature/hexr_home_b.glb,Nature,hexr_home_b.glb,.glb,49056,47.91,0.0468,UNMAPPED,,,,1393,2305,1,1,,,
01_Assets_Organizados,Nature/hexr_market.glb,Nature,hexr_market.glb,.glb,67820,66.23,0.0647,UNMAPPED,,,,3125,4169,1,1,,,
01_Assets_Organizados,Nature/hexr_stables.glb,Nature,hexr_stables.glb,.glb,47388,46.28,0.0452,UNMAPPED,,,,1266,1954,1,1,,,
01_Assets_Organizados,Nature/hexr_tavern.glb,Nature,hexr_tavern.glb,.glb,74600,72.85,0.0711,UNMAPPED,,,,2992,4778,1,1,,,
01_Assets_Organizados,Nature/hexr_tent.glb,Nature,hexr_tent.glb,.glb,65088,63.56,0.0621,UNMAPPED,,,,2452,3595,1,1,,,
01_Assets_Organizados,Nature/hexr_tower_a.glb,Nature,hexr_tower_a.glb,.glb,57640,56.29,0.055,UNMAPPED,,,,2138,3126,1,1,,,
01_Assets_Organizados,Nature/hexr_tower_base.glb,Nature,hexr_tower_base.glb,.glb,47744,46.62,0.0455,UNMAPPED,,,,1538,2265,1,1,,,
01_Assets_Organizados,Nature/hexr_tower_catapult.glb,Nature,hexr_tower_catapult.glb,.glb,67428,65.85,0.0643,UNMAPPED,,,,2864,4000,1,1,,,
01_Assets_Organizados,Nature/hexr_townhall.glb,Nature,hexr_townhall.glb,.glb,76624,74.83,0.0731,UNMAPPED,,,,3322,5287,1,1,,,
01_Assets_Organizados,Nature/hexr_watchtower.glb,Nature,hexr_watchtower.glb,.glb,52080,50.86,0.0497,UNMAPPED,,,,1490,2524,1,1,,,
01_Assets_Organizados,Nature/hexr_windmill.glb,Nature,hexr_windmill.glb,.glb,70056,68.41,0.0668,UNMAPPED,,,,2653,3930,1,1,,,
01_Assets_Organizados,Nature/kcas_banner_red_a.glb,Nature,kcas_banner_red_a.glb,.glb,32664,31.9,0.0312,UNMAPPED,,,,110,220,1,1,,,
01_Assets_Organizados,Nature/kcas_banner_red_shield.glb,Nature,kcas_banner_red_shield.glb,.glb,41556,40.58,0.0396,UNMAPPED,,,,639,1022,1,1,,,
01_Assets_Organizados,Nature/kcas_banner_red_triple.glb,Nature,kcas_banner_red_triple.glb,.glb,35344,34.52,0.0337,UNMAPPED,,,,263,497,1,1,,,
01_Assets_Organizados,Nature/kcas_barrel.glb,Nature,kcas_barrel.glb,.glb,38032,37.14,0.0363,UNMAPPED,,,,561,700,1,1,,,
01_Assets_Organizados,Nature/kcas_barrier.glb,Nature,kcas_barrier.glb,.glb,31888,31.14,0.0304,UNMAPPED,,,,90,180,1,1,,,
01_Assets_Organizados,Nature/kcas_barrier_corner.glb,Nature,kcas_barrier_corner.glb,.glb,32820,32.05,0.0313,UNMAPPED,,,,128,260,1,1,,,
01_Assets_Organizados,Nature/kcas_barrier_half.glb,Nature,kcas_barrier_half.glb,.glb,31100,30.37,0.0297,UNMAPPED,,,,42,84,1,1,,,
01_Assets_Organizados,Nature/kcas_bench.glb,Nature,kcas_bench.glb,.glb,35708,34.87,0.0341,UNMAPPED,,,,348,513,1,1,,,
01_Assets_Organizados,Nature/kcas_bookcase.glb,Nature,kcas_bookcase.glb,.glb,66396,64.84,0.0633,UNMAPPED,,,,2212,3928,1,1,,,
01_Assets_Organizados,Nature/kcas_chest_gold.glb,Nature,kcas_chest_gold.glb,.glb,43088,42.08,0.0411,UNMAPPED,,,,728,1124,1,1,,,
01_Assets_Organizados,Nature/kcas_column.glb,Nature,kcas_column.glb,.glb,31252,30.52,0.0298,UNMAPPED,,,,44,92,1,1,,,
01_Assets_Organizados,Nature/kcas_floor_large.glb,Nature,kcas_floor_large.glb,.glb,33060,32.29,0.0315,UNMAPPED,,,,188,275,1,1,,,
01_Assets_Organizados,Nature/kcas_floor_weeds.glb,Nature,kcas_floor_weeds.glb,.glb,38704,37.8,0.0369,UNMAPPED,,,,589,733,1,1,,,
01_Assets_Organizados,Nature/kcas_foundation.glb,Nature,kcas_foundation.glb,.glb,38264,37.37,0.0365,UNMAPPED,,,,360,780,1,1,,,
01_Assets_Organizados,Nature/kcas_keg.glb,Nature,kcas_keg.glb,.glb,42124,41.14,0.0402,UNMAPPED,,,,807,1088,1,1,,,
01_Assets_Organizados,Nature/kcas_pillar.glb,Nature,kcas_pillar.glb,.glb,43204,42.19,0.0412,UNMAPPED,,,,761,1231,1,1,,,
01_Assets_Organizados,Nature/kcas_rocks.glb,Nature,kcas_rocks.glb,.glb,34040,33.24,0.0325,UNMAPPED,,,,146,294,1,1,,,
01_Assets_Organizados,Nature/kcas_rubble_half.glb,Nature,kcas_rubble_half.glb,.glb,36820,35.96,0.0351,UNMAPPED,,,,390,607,1,1,,,
01_Assets_Organizados,Nature/kcas_rubble_large.glb,Nature,kcas_rubble_large.glb,.glb,42744,41.74,0.0408,UNMAPPED,,,,788,1200,1,1,,,
01_Assets_Organizados,Nature/kcas_stairs_walled.glb,Nature,kcas_stairs_walled.glb,.glb,45940,44.86,0.0438,UNMAPPED,,,,790,1526,1,1,,,
01_Assets_Organizados,Nature/kcas_stairs_wide.glb,Nature,kcas_stairs_wide.glb,.glb,37780,36.89,0.036,UNMAPPED,,,,358,736,1,1,,,
01_Assets_Organizados,Nature/kcas_table_long.glb,Nature,kcas_table_long.glb,.glb,56892,55.56,0.0543,UNMAPPED,,,,2035,2572,1,1,,,
01_Assets_Organizados,Nature/kcas_torch.glb,Nature,kcas_torch.glb,.glb,34136,33.34,0.0326,UNMAPPED,,,,270,317,1,1,,,
01_Assets_Organizados,Nature/kcas_torch_mounted.glb,Nature,kcas_torch_mounted.glb,.glb,34896,34.08,0.0333,UNMAPPED,,,,278,391,1,1,,,
01_Assets_Organizados,Nature/kcas_wall.glb,Nature,kcas_wall.glb,.glb,40600,39.65,0.0387,UNMAPPED,,,,494,1010,1,1,,,
01_Assets_Organizados,Nature/kcas_wall_broken.glb,Nature,kcas_wall_broken.glb,.glb,45396,44.33,0.0433,UNMAPPED,,,,784,1482,1,1,,,
01_Assets_Organizados,Nature/kcas_wall_corner.glb,Nature,kcas_wall_corner.glb,.glb,39328,38.41,0.0375,UNMAPPED,,,,443,890,1,1,,,
01_Assets_Organizados,Nature/kcas_wall_cracked.glb,Nature,kcas_wall_cracked.glb,.glb,61376,59.94,0.0585,UNMAPPED,,,,2010,2850,1,1,,,
01_Assets_Organizados,Nature/kcas_wall_doorway.glb,Nature,kcas_wall_doorway.glb,.glb,46572,45.48,0.0444,UNMAPPED,,,,1068,1436,1,1,,,
01_Assets_Organizados,Nature/kcas_wall_gated.glb,Nature,kcas_wall_gated.glb,.glb,37824,36.94,0.0361,UNMAPPED,,,,449,825,1,1,,,
01_Assets_Organizados,Nature/kcas_wall_half.glb,Nature,kcas_wall_half.glb,.glb,36028,35.18,0.0344,UNMAPPED,,,,272,554,1,1,,,
01_Assets_Organizados,Nature/kcas_wall_pillar.glb,Nature,kcas_wall_pillar.glb,.glb,40756,39.8,0.0389,UNMAPPED,,,,540,1055,1,1,,,
01_Assets_Organizados,Nature/kcas_wall_window.glb,Nature,kcas_wall_window.glb,.glb,41444,40.47,0.0395,UNMAPPED,,,,604,1128,1,1,,,
01_Assets_Organizados,Nature/low_poly_trees_flowers_and_grass.glb,Nature,low_poly_trees_flowers_and_grass.glb,.glb,20076336,19605.8,19.1463,UNMAPPED,,,,5496,9626,20,34,,,
01_Assets_Organizados,Nature/mushroom.glb,Nature,mushroom.glb,.glb,58676,57.3,0.056,⚠️ REESTILIZAR,foliage/mushroom.glb,foliage/poison_mushroom.glb,Poison Mushroom,440,308,1,1,,,
01_Assets_Organizados,Nature/oak_1.glb,Nature,oak_1.glb,.glb,393512,384.29,0.3753,UNMAPPED,,,,6211,6661,2,3,,,
01_Assets_Organizados,Nature/oak_2.glb,Nature,oak_2.glb,.glb,377532,368.68,0.36,UNMAPPED,,,,5580,5388,2,3,,,
01_Assets_Organizados,Nature/oak_3.glb,Nature,oak_3.glb,.glb,361100,352.64,0.3444,UNMAPPED,,,,3351,4438,2,3,,,
01_Assets_Organizados,Nature/oak_4.glb,Nature,oak_4.glb,.glb,352140,343.89,0.3358,UNMAPPED,,,,3984,3578,2,3,,,
01_Assets_Organizados,Nature/oak_5.glb,Nature,oak_5.glb,.glb,361568,353.09,0.3448,UNMAPPED,,,,3140,3746,2,3,,,
01_Assets_Organizados,Nature/pine_1.glb,Nature,pine_1.glb,.glb,331332,323.57,0.316,UNMAPPED,,,,3864,2963,2,3,,,
01_Assets_Organizados,Nature/pine_2.glb,Nature,pine_2.glb,.glb,329620,321.89,0.3144,UNMAPPED,,,,3586,2872,2,3,,,
01_Assets_Organizados,Nature/pine_3.glb,Nature,pine_3.glb,.glb,376164,367.35,0.3587,UNMAPPED,,,,4898,6521,2,3,,,
01_Assets_Organizados,Nature/pine_4.glb,Nature,pine_4.glb,.glb,329580,321.86,0.3143,UNMAPPED,,,,3267,2896,2,3,,,
01_Assets_Organizados,Nature/pine_5.glb,Nature,pine_5.glb,.glb,309224,301.98,0.2949,UNMAPPED,,,,1558,1552,2,3,,,
01_Assets_Organizados,Nature/psx_dead_tree_pack.glb,Nature,psx_dead_tree_pack.glb,.glb,149104,145.61,0.1422,UNMAPPED,,,,1244,2278,6,2,,,
01_Assets_Organizados,Nature/psxps1_style_pine_tree.glb,Nature,psxps1_style_pine_tree.glb,.glb,22416,21.89,0.0214,UNMAPPED,,,,38,76,1,1,,,
01_Assets_Organizados,Nature/rock_1.glb,Nature,rock_1.glb,.glb,54048,52.78,0.0515,UNMAPPED,,,,342,351,1,1,,,
01_Assets_Organizados,Nature/rock_2.glb,Nature,rock_2.glb,.glb,52852,51.61,0.0504,UNMAPPED,,,,244,249,1,1,,,
01_Assets_Organizados,Nature/rock_3.glb,Nature,rock_3.glb,.glb,56280,54.96,0.0537,UNMAPPED,,,,522,531,1,1,,,
01_Assets_Organizados,Nature/sea_anglerfish.glb,Nature,sea_anglerfish.glb,.glb,57920,56.56,0.0552,UNMAPPED,,,,1870,2566,6,0,,,
01_Assets_Organizados,Nature/sea_blue_tang.glb,Nature,sea_blue_tang.glb,.glb,48940,47.79,0.0467,UNMAPPED,,,,1342,1985,4,0,,,
01_Assets_Organizados,Nature/sea_boat_fishing.glb,Nature,sea_boat_fishing.glb,.glb,19060,18.61,0.0182,UNMAPPED,,,,237,411,1,1,,,
01_Assets_Organizados,Nature/sea_boat_sail_a.glb,Nature,sea_boat_sail_a.glb,.glb,22340,21.82,0.0213,UNMAPPED,,,,386,624,1,1,,,
01_Assets_Organizados,Nature/sea_boat_sail_b.glb,Nature,sea_boat_sail_b.glb,.glb,22860,22.32,0.0218,UNMAPPED,,,,426,679,1,1,,,
01_Assets_Organizados,Nature/sea_buoy.glb,Nature,sea_buoy.glb,.glb,17052,16.65,0.0163,UNMAPPED,,,,118,208,1,1,,,
01_Assets_Organizados,Nature/sea_buoy_flag.glb,Nature,sea_buoy_flag.glb,.glb,18776,18.34,0.0179,UNMAPPED,,,,218,388,1,1,,,
01_Assets_Organizados,Nature/sea_clownfish.glb,Nature,sea_clownfish.glb,.glb,51388,50.18,0.049,UNMAPPED,,,,1530,2329,4,0,,,
01_Assets_Organizados,Nature/sea_dolphin.glb,Nature,sea_dolphin.glb,.glb,22712,22.18,0.0217,UNMAPPED,,,,440,865,2,0,,,
01_Assets_Organizados,Nature/sea_koi.glb,Nature,sea_koi.glb,.glb,52964,51.72,0.0505,UNMAPPED,,,,1494,2277,5,0,,,
01_Assets_Organizados,Nature/sea_manta_ray.glb,Nature,sea_manta_ray.glb,.glb,32556,31.79,0.031,UNMAPPED,,,,696,1432,2,0,,,
01_Assets_Organizados,Nature/sea_puffer.glb,Nature,sea_puffer.glb,.glb,71384,69.71,0.0681,UNMAPPED,,,,2142,3696,4,0,,,
01_Assets_Organizados,Nature/sea_rowboat_large.glb,Nature,sea_rowboat_large.glb,.glb,19200,18.75,0.0183,UNMAPPED,,,,174,258,1,1,,,
01_Assets_Organizados,Nature/sea_shark.glb,Nature,sea_shark.glb,.glb,24316,23.75,0.0232,UNMAPPED,,,,644,1256,2,0,,,
01_Assets_Organizados,Nature/sea_swordfish.glb,Nature,sea_swordfish.glb,.glb,48592,47.45,0.0463,UNMAPPED,,,,1384,2026,4,0,,,
01_Assets_Organizados,Nature/sea_whale.glb,Nature,sea_whale.glb,.glb,24788,24.21,0.0236,UNMAPPED,,,,447,922,2,0,,,
01_Assets_Organizados,Nature/twisted_1.glb,Nature,twisted_1.glb,.glb,516208,504.11,0.4923,UNMAPPED,,,,8896,12813,2,3,,,
01_Assets_Organizados,Nature/twisted_2.glb,Nature,twisted_2.glb,.glb,488792,477.34,0.4661,UNMAPPED,,,,7678,10648,2,3,,,
01_Assets_Organizados,Nature/twisted_3.glb,Nature,twisted_3.glb,.glb,513556,501.52,0.4898,UNMAPPED,,,,8931,12658,2,3,,,
01_Assets_Organizados,Props/alchemy_cauldron.glb,Props,alchemy_cauldron.glb,.glb,237944,232.37,0.2269,✅ MANTER (renomear),props/alchemy_cauldron.glb,props/cauldron.glb,Cauldron,1957,3148,1,3,,,
01_Assets_Organizados,Props/altar_ruins.glb,Props,altar_ruins.glb,.glb,11879500,11601.07,11.3292,UNMAPPED,,,,12328,13824,7,20,,,
01_Assets_Organizados,Props/anvil.glb,Props,anvil.glb,.glb,1050280,1025.66,1.0016,✅ MANTER,props/anvil.glb,props/anvil.glb,Anvil,750,610,1,3,,,
01_Assets_Organizados,Props/banker_chest.glb,Props,banker_chest.glb,.glb,43956,42.93,0.0419,⚠️ REESTILIZAR,props/banker_chest.glb,props/chest.glb,Chest,0,6144,4,0,,,
01_Assets_Organizados,Props/barrel.glb,Props,barrel.glb,.glb,1998896,1952.05,1.9063,✅ MANTER,props/barrel.glb,props/barrel.glb,Barrel,824,1305,2,6,,,
01_Assets_Organizados,Props/barrel_of_gunpowder.glb,Props,barrel_of_gunpowder.glb,.glb,81332,79.43,0.0776,UNMAPPED,,,,1316,1262,1,1,,,
01_Assets_Organizados,Props/bell_tower.glb,Props,bell_tower.glb,.glb,135736,132.55,0.1294,UNMAPPED,,,,11799,20143,10,0,,,
01_Assets_Organizados,Props/blacksmith.glb,Props,blacksmith.glb,.glb,97444,95.16,0.0929,⚠️ REESTILIZAR,props/blacksmith.glb,props/forge.glb,Forge,7659,12768,8,0,,,
01_Assets_Organizados,Props/bone_pile.glb,Props,bone_pile.glb,.glb,265672,259.45,0.2534,✅ MANTER,props/bone_pile.glb,props/bone_pile.glb,Bone Pile,2032,3471,1,3,,,
01_Assets_Organizados,Props/bone_throne.glb,Props,bone_throne.glb,.glb,274048,267.62,0.2614,✅ MANTER,props/bone_throne.glb,props/bone_throne.glb,Bone Throne,1786,3464,1,3,,,
01_Assets_Organizados,Props/bonfire.glb,Props,bonfire.glb,.glb,13284,12.97,0.0127,✅ MANTER,props/bonfire.glb,props/bonfire.glb,Bonfire,602,922,4,0,,,
01_Assets_Organizados,Props/cart.glb,Props,cart.glb,.glb,30972,30.25,0.0295,UNMAPPED,,,,2659,3617,5,0,,,
01_Assets_Organizados,Props/column.glb,Props,column.glb,.glb,5324,5.2,0.0051,UNMAPPED,,,,122,210,3,0,,,
01_Assets_Organizados,Props/column_broken.glb,Props,column_broken.glb,.glb,4104,4.01,0.0039,UNMAPPED,,,,108,176,2,0,,,
01_Assets_Organizados,Props/cooking_spit.glb,Props,cooking_spit.glb,.glb,242568,236.88,0.2313,✅ MANTER,props/cooking_spit.glb,props/cooking_spit.glb,Cooking Spit,1909,3032,1,3,,,
01_Assets_Organizados,Props/course_arch.glb,Props,course_arch.glb,.glb,304380,297.25,0.2903,UNMAPPED,,,,1874,3154,1,3,,,
01_Assets_Organizados,Props/cracked_grave.glb,Props,cracked_grave.glb,.glb,90992,88.86,0.0868,✅ MANTER (renomear),props/cracked_grave.glb,props/grave.glb,Grave,9294,7119,1,3,,,
01_Assets_Organizados,Props/crate_wooden.glb,Props,crate_wooden.glb,.glb,1999980,1953.11,1.9073,✅ MANTER,props/crate_wooden.glb,props/crate_wooden.glb,Wooden Crate,1576,1426,2,6,,,
01_Assets_Organizados,Props/crystal_amethyst_cluster.glb,Props,crystal_amethyst_cluster.glb,.glb,190496,186.03,0.1817,UNMAPPED,,,,1947,2676,1,3,,,
01_Assets_Organizados,Props/crystal_mound_cave.glb,Props,crystal_mound_cave.glb,.glb,334060,326.23,0.3186,UNMAPPED,,,,4901,8529,1,3,,,
01_Assets_Organizados,Props/delve_module_exit.glb,Props,delve_module_exit.glb,.glb,387652,378.57,0.3697,⚠️ REESTILIZAR,props/delve_module_exit.glb,props/exit_portal.glb,Exit Portal,1896,3314,1,3,,,
01_Assets_Organizados,Props/delve_pressure_plate.glb,Props,delve_pressure_plate.glb,.glb,331212,323.45,0.3159,✅ MANTER,props/delve_pressure_plate.glb,props/pressure_plate.glb,Pressure Plate,1845,2936,1,3,,,
01_Assets_Organizados,Props/delve_rite_shrine_bell.glb,Props,delve_rite_shrine_bell.glb,.glb,280628,274.05,0.2676,✅ MANTER,props/delve_rite_shrine_bell.glb,props/shrine_bell.glb,Shrine Bell,1791,1653,1,3,,,
01_Assets_Organizados,Props/delve_rite_shrine_candle.glb,Props,delve_rite_shrine_candle.glb,.glb,316652,309.23,0.302,✅ MANTER,props/delve_rite_shrine_candle.glb,props/shrine_candle.glb,Shrine Candle,1744,2721,1,3,,,
01_Assets_Organizados,Props/delve_rite_shrine_reed.glb,Props,delve_rite_shrine_reed.glb,.glb,387940,378.85,0.37,✅ MANTER,props/delve_rite_shrine_reed.glb,props/shrine_reed.glb,Shrine Reed,1845,2797,1,3,,,
01_Assets_Organizados,Props/delve_rite_shrine_skull.glb,Props,delve_rite_shrine_skull.glb,.glb,279796,273.24,0.2668,✅ MANTER,props/delve_rite_shrine_skull.glb,props/skull_shrine.glb,Skull Shrine,1808,2800,1,3,,,
01_Assets_Organizados,Props/delve_surface_exit.glb,Props,delve_surface_exit.glb,.glb,363436,354.92,0.3466,⚠️ REESTILIZAR,props/delve_surface_exit.glb,props/surface_exit.glb,Surface Exit,1964,3032,1,3,,,
01_Assets_Organizados,Props/demon_idol.glb,Props,demon_idol.glb,.glb,235924,230.39,0.225,✅ MANTER,props/demon_idol.glb,props/demon_idol.glb,Demon Idol,2052,3341,1,3,,,
01_Assets_Organizados,Props/destructible_wall.glb,Props,destructible_wall.glb,.glb,121116,118.28,0.1155,✅ MANTER (renomear),props/destructible_wall.glb,props/breakable_wall.glb,Breakable Wall,9380,7669,1,3,,,
01_Assets_Organizados,Props/dock_platform.glb,Props,dock_platform.glb,.glb,17332,16.93,0.0165,UNMAPPED,,,,324,616,1,1,,,
01_Assets_Organizados,Props/dragon_eggs.glb,Props,dragon_eggs.glb,.glb,497268,485.61,0.4742,✅ MANTER,props/dragon_eggs.glb,props/dragon_eggs.glb,Dragon Eggs,5000,4382,1,3,,,
01_Assets_Organizados,Props/dragon_hoard.glb,Props,dragon_hoard.glb,.glb,873808,853.33,0.8333,✅ MANTER,props/dragon_hoard.glb,props/dragon_hoard.glb,Dragon Hoard,7998,7692,1,3,,,
01_Assets_Organizados,Props/dungeon_door_arch.glb,Props,dungeon_door_arch.glb,.glb,218428,213.31,0.2083,⚠️ REESTILIZAR,props/dungeon_door_arch.glb,props/dungeon_door.glb,Dungeon Door,1890,2518,1,3,,,
01_Assets_Organizados,Props/eastbrook_bank.glb,Props,eastbrook_bank.glb,.glb,52508,51.28,0.0501,⚠️ REESTILIZAR,props/eastbrook_bank.glb,props/bank.glb,Bank,0,9312,2,0,,,
01_Assets_Organizados,Props/eastbrook_chapel.glb,Props,eastbrook_chapel.glb,.glb,66132,64.58,0.0631,⚠️ REESTILIZAR,props/eastbrook_chapel.glb,props/chapel.glb,Chapel,0,12360,2,0,,,
01_Assets_Organizados,Props/eastbrook_civic_well_beacon.glb,Props,eastbrook_civic_well_beacon.glb,.glb,13216,12.91,0.0126,⚠️ REESTILIZAR,props/eastbrook_civic_well_beacon.glb,props/well.glb,Well,0,1392,2,0,,,
01_Assets_Organizados,Props/eastbrook_grand_armoury.glb,Props,eastbrook_grand_armoury.glb,.glb,137012,133.8,0.1307,⚠️ REESTILIZAR,props/eastbrook_grand_armoury.glb,props/armoury.glb,Armoury,0,24678,6,0,,,
01_Assets_Organizados,Props/eastbrook_inn.glb,Props,eastbrook_inn.glb,.glb,67768,66.18,0.0646,⚠️ REESTILIZAR,props/eastbrook_inn.glb,props/tavern.glb,Tavern,0,13044,2,0,,,
01_Assets_Organizados,Props/eastbrook_market_stall.glb,Props,eastbrook_market_stall.glb,.glb,27072,26.44,0.0258,⚠️ REESTILIZAR,props/eastbrook_market_stall.glb,props/market_stall.glb,Market Stall,0,3942,2,0,,,
01_Assets_Organizados,Props/eastbrook_noticeboard.glb,Props,eastbrook_noticeboard.glb,.glb,24684,24.11,0.0235,⚠️ REESTILIZAR,props/eastbrook_noticeboard.glb,props/noticeboard.glb,Notice Board,0,3552,2,0,,,
01_Assets_Organizados,Props/eastbrook_smithy.glb,Props,eastbrook_smithy.glb,.glb,40352,39.41,0.0385,⚠️ REESTILIZAR,props/eastbrook_smithy.glb,props/blacksmith.glb,Blacksmith,0,7230,2,0,,,
01_Assets_Organizados,Props/eastbrook_toolworks.glb,Props,eastbrook_toolworks.glb,.glb,39920,38.98,0.0381,⚠️ REESTILIZAR,props/eastbrook_toolworks.glb,props/workshop.glb,Workshop,0,6960,2,0,,,
01_Assets_Organizados,Props/eastbrook_wall_wing.glb,Props,eastbrook_wall_wing.glb,.glb,8352,8.16,0.008,⚠️ REESTILIZAR,props/eastbrook_wall_wing.glb,props/wall_wing.glb,Wall Wing,0,618,2,0,,,
01_Assets_Organizados,Props/eastbrook_weaving_workshop.glb,Props,eastbrook_weaving_workshop.glb,.glb,40392,39.45,0.0385,⚠️ REESTILIZAR,props/eastbrook_weaving_workshop.glb,props/weaver.glb,Weaver,0,7236,2,0,,,
01_Assets_Organizados,Props/ember_lily.glb,Props,ember_lily.glb,.glb,437664,427.41,0.4174,⚠️ REESTILIZAR,props/ember_lily.glb,props/blood_lily.glb,Blood Lily,4000,4732,1,3,,,
01_Assets_Organizados,Props/enchanting_altar.glb,Props,enchanting_altar.glb,.glb,298488,291.49,0.2847,⚠️ REESTILIZAR,props/enchanting_altar.glb,props/enchanting_table.glb,Enchanting Table,1905,2950,1,3,,,
01_Assets_Organizados,Props/engineering_workbench.glb,Props,engineering_workbench.glb,.glb,171672,167.65,0.1637,⚠️ REESTILIZAR,props/engineering_workbench.glb,props/workbench.glb,Workbench,1938,1863,1,3,,,
01_Assets_Organizados,Props/fallback_crate.glb,Props,fallback_crate.glb,.glb,97220,94.94,0.0927,✅ MANTER,props/fallback_crate.glb,props/crate.glb,Crate,9346,7483,1,3,,,
01_Assets_Organizados,Props/fallen_coconuts.glb,Props,fallen_coconuts.glb,.glb,372232,363.51,0.355,⚠️ REESTILIZAR,props/fallen_coconuts.glb,props/fallen_fruit.glb,Fallen Fruit,3025,3612,1,3,,,
01_Assets_Organizados,Props/farmcrate_apple.glb,Props,farmcrate_apple.glb,.glb,3224488,3148.91,3.0751,✅ MANTER (renomear),props/farmcrate_apple.glb,props/apple_crate.glb,Apple Crate,4028,2758,3,9,,,
01_Assets_Organizados,Props/fen_lilies.glb,Props,fen_lilies.glb,.glb,341380,333.38,0.3256,⚠️ REESTILIZAR,props/fen_lilies.glb,props/swamp_lilies.glb,Swamp Lilies,6000,6173,1,3,,,
01_Assets_Organizados,Props/fen_log.glb,Props,fen_log.glb,.glb,553564,540.59,0.5279,⚠️ REESTILIZAR,props/fen_log.glb,props/dead_log.glb,Dead Log,5000,6446,1,3,,,
01_Assets_Organizados,Props/fen_mushrooms.glb,Props,fen_mushrooms.glb,.glb,529112,516.71,0.5046,⚠️ REESTILIZAR,props/fen_mushrooms.glb,props/poison_mushrooms.glb,Poison Mushrooms,7000,7751,1,3,,,
01_Assets_Organizados,Props/fen_reeds.glb,Props,fen_reeds.glb,.glb,304296,297.16,0.2902,⚠️ REESTILIZAR,props/fen_reeds.glb,props/swamp_reeds.glb,Swamp Reeds,6000,6219,1,3,,,
01_Assets_Organizados,Props/fenbridge_boardwalk.glb,Props,fenbridge_boardwalk.glb,.glb,9264,9.05,0.0088,⚠️ REESTILIZAR,props/fenbridge_boardwalk.glb,props/boardwalk.glb,Boardwalk,0,1128,1,0,,,
01_Assets_Organizados,Props/fenbridge_crooked_reed_inn.glb,Props,fenbridge_crooked_reed_inn.glb,.glb,149080,145.59,0.1422,⚠️ REESTILIZAR,props/fenbridge_crooked_reed_inn.glb,props/swamp_inn.glb,Swamp Inn,0,26847,2,0,,,
01_Assets_Organizados,Props/fenbridge_gate_arch.glb,Props,fenbridge_gate_arch.glb,.glb,24648,24.07,0.0235,⚠️ REESTILIZAR,props/fenbridge_gate_arch.glb,props/gate_arch.glb,Gate Arch,0,3720,2,0,,,
01_Assets_Organizados,Props/fenbridge_gilded_strongbox.glb,Props,fenbridge_gilded_strongbox.glb,.glb,69908,68.27,0.0667,⚠️ REESTILIZAR,props/fenbridge_gilded_strongbox.glb,props/strongbox.glb,Strongbox,0,12399,2,0,,,
01_Assets_Organizados,Props/fenbridge_hesk_tannery.glb,Props,fenbridge_hesk_tannery.glb,.glb,198888,194.23,0.1897,⚠️ REESTILIZAR,props/fenbridge_hesk_tannery.glb,props/tannery.glb,Tannery,0,38220,2,0,,,
01_Assets_Organizados,Props/fenbridge_lantern_chapel.glb,Props,fenbridge_lantern_chapel.glb,.glb,107736,105.21,0.1027,⚠️ REESTILIZAR,props/fenbridge_lantern_chapel.glb,props/lantern_chapel.glb,Lantern Chapel,0,20073,2,0,,,
01_Assets_Organizados,Props/fenbridge_mirelight_cistern.glb,Props,fenbridge_mirelight_cistern.glb,.glb,48940,47.79,0.0467,⚠️ REESTILIZAR,props/fenbridge_mirelight_cistern.glb,props/cistern.glb,Cistern,0,7164,2,0,,,
01_Assets_Organizados,Props/fenbridge_moonwort_apothecary.glb,Props,fenbridge_moonwort_apothecary.glb,.glb,104468,102.02,0.0996,⚠️ REESTILIZAR,props/fenbridge_moonwort_apothecary.glb,props/apothecary.glb,Apothecary,0,18258,2,0,,,
01_Assets_Organizados,Props/fenbridge_muster_board.glb,Props,fenbridge_muster_board.glb,.glb,17636,17.22,0.0168,UNMAPPED,,,,0,2304,2,0,,,
01_Assets_Organizados,Props/fenbridge_palisade_wing.glb,Props,fenbridge_palisade_wing.glb,.glb,16792,16.4,0.016,UNMAPPED,,,,0,2487,1,0,,,
01_Assets_Organizados,Props/fenbridge_provision_stall.glb,Props,fenbridge_provision_stall.glb,.glb,26332,25.71,0.0251,UNMAPPED,,,,0,3912,2,0,,,
01_Assets_Organizados,Props/fenbridge_scout_lodge.glb,Props,fenbridge_scout_lodge.glb,.glb,110868,108.27,0.1057,UNMAPPED,,,,0,19581,2,0,,,
01_Assets_Organizados,Props/fenbridge_warden_gatehouse.glb,Props,fenbridge_warden_gatehouse.glb,.glb,142328,138.99,0.1357,UNMAPPED,,,,0,26382,2,0,,,
01_Assets_Organizados,Props/fence.glb,Props,fence.glb,.glb,4836,4.72,0.0046,UNMAPPED,,,,208,392,1,0,,,
01_Assets_Organizados,Props/fish_green.obj,Props,fish_green.obj,.obj,8679,8.48,0.0083,UNMAPPED,,,,,,,,,,
01_Assets_Organizados,Props/fish_red.obj,Props,fish_red.obj,.obj,8296,8.1,0.0079,UNMAPPED,,,,,,,,,,
01_Assets_Organizados,Props/flower_bed_round.glb,Props,flower_bed_round.glb,.glb,300044,293.01,0.2861,UNMAPPED,,,,12000,14721,1,3,,,
01_Assets_Organizados,Props/flower_bed_square_a.glb,Props,flower_bed_square_a.glb,.glb,959032,936.55,0.9146,UNMAPPED,,,,13998,12419,1,3,,,
01_Assets_Organizados,Props/flower_bed_square_b.glb,Props,flower_bed_square_b.glb,.glb,1030012,1005.87,0.9823,UNMAPPED,,,,13996,15617,1,3,,,
01_Assets_Organizados,Props/flower_glow.glb,Props,flower_glow.glb,.glb,205160,200.35,0.1957,UNMAPPED,,,,7142,9852,1,2,,,
01_Assets_Organizados,Props/frostveil_ice_spire.glb,Props,frostveil_ice_spire.glb,.glb,73228,71.51,0.0698,UNMAPPED,,,,666,990,1,3,,,
01_Assets_Organizados,Props/garden_arch.glb,Props,garden_arch.glb,.glb,38264,37.37,0.0365,UNMAPPED,,,,436,820,1,1,,,
01_Assets_Organizados,Props/garden_iron_fence.glb,Props,garden_iron_fence.glb,.glb,37352,36.48,0.0356,UNMAPPED,,,,380,764,1,1,,,
01_Assets_Organizados,Props/garden_iron_gate.glb,Props,garden_iron_gate.glb,.glb,44192,43.16,0.0421,UNMAPPED,,,,620,1198,1,1,,,
01_Assets_Organizados,Props/garden_iron_pillar.glb,Props,garden_iron_pillar.glb,.glb,32172,31.42,0.0307,UNMAPPED,,,,94,180,1,1,,,
01_Assets_Organizados,Props/golden_horse_statue.glb,Props,golden_horse_statue.glb,.glb,692416,676.19,0.6603,UNMAPPED,,,,12000,12770,1,3,,,
01_Assets_Organizados,Props/gravestone_bevel.glb,Props,gravestone_bevel.glb,.glb,15580,15.21,0.0149,UNMAPPED,,,,174,272,1,1,,,
01_Assets_Organizados,Props/gravestone_cross.glb,Props,gravestone_cross.glb,.glb,16576,16.19,0.0158,UNMAPPED,,,,222,364,1,1,,,
01_Assets_Organizados,Props/gravestone_decorative.glb,Props,gravestone_decorative.glb,.glb,14704,14.36,0.014,UNMAPPED,,,,92,166,1,1,,,
01_Assets_Organizados,Props/gravestone_round.glb,Props,gravestone_round.glb,.glb,15832,15.46,0.0151,UNMAPPED,,,,178,292,1,1,,,
01_Assets_Organizados,Props/hanging_cage.glb,Props,hanging_cage.glb,.glb,193000,188.48,0.1841,UNMAPPED,,,,1843,3257,1,3,,,
01_Assets_Organizados,Props/hell_forge.glb,Props,hell_forge.glb,.glb,246844,241.06,0.2354,UNMAPPED,,,,2034,3954,1,3,,,
01_Assets_Organizados,Props/herbalism_drying_rack.glb,Props,herbalism_drying_rack.glb,.glb,278556,272.03,0.2657,UNMAPPED,,,,1763,3684,1,3,,,
01_Assets_Organizados,Props/hollow_gate_crystal.glb,Props,hollow_gate_crystal.glb,.glb,708872,692.26,0.676,UNMAPPED,,,,12000,13041,1,3,,,
01_Assets_Organizados,Props/hollow_gate_tree.glb,Props,hollow_gate_tree.glb,.glb,804784,785.92,0.7675,UNMAPPED,,,,13996,15444,1,3,,,
01_Assets_Organizados,Props/house_1.glb,Props,house_1.glb,.glb,84484,82.5,0.0806,UNMAPPED,,,,5758,11372,9,0,,,
01_Assets_Organizados,Props/house_2.glb,Props,house_2.glb,.glb,103180,100.76,0.0984,UNMAPPED,,,,7162,14222,9,0,,,
01_Assets_Organizados,Props/house_3.glb,Props,house_3.glb,.glb,43696,42.67,0.0417,UNMAPPED,,,,3024,5626,5,0,,,
01_Assets_Organizados,Props/infernal_altar.glb,Props,infernal_altar.glb,.glb,244896,239.16,0.2336,UNMAPPED,,,,1826,2670,1,3,,,
01_Assets_Organizados,Props/infernal_brazier.glb,Props,infernal_brazier.glb,.glb,150536,147.01,0.1436,UNMAPPED,,,,1862,1705,1,3,,,
01_Assets_Organizados,Props/infernal_statue.glb,Props,infernal_statue.glb,.glb,187016,182.63,0.1784,UNMAPPED,,,,2045,2961,1,3,,,
01_Assets_Organizados,Props/inn.glb,Props,inn.glb,.glb,92748,90.57,0.0885,UNMAPPED,,,,7756,12898,7,0,,,
01_Assets_Organizados,Props/inscription_lectern.glb,Props,inscription_lectern.glb,.glb,228212,222.86,0.2176,UNMAPPED,,,,2100,2774,1,3,,,
01_Assets_Organizados,Props/jewelcrafting_bench.glb,Props,jewelcrafting_bench.glb,.glb,205648,200.83,0.1961,UNMAPPED,,,,1754,1685,1,3,,,
01_Assets_Organizados,Props/jump_oxer.glb,Props,jump_oxer.glb,.glb,280792,274.21,0.2678,UNMAPPED,,,,1865,2803,1,3,,,
01_Assets_Organizados,Props/jump_vertical.glb,Props,jump_vertical.glb,.glb,283600,276.95,0.2705,UNMAPPED,,,,1900,3067,1,3,,,
01_Assets_Organizados,Props/kmed_blacksmith_hollow.glb,Props,kmed_blacksmith_hollow.glb,.glb,146368,142.94,0.1396,UNMAPPED,,,,2410,3393,1,1,,,
01_Assets_Organizados,Props/kmed_church_hollow.glb,Props,kmed_church_hollow.glb,.glb,113052,110.4,0.1078,UNMAPPED,,,,1601,2504,1,1,,,
01_Assets_Organizados,Props/kmed_home_A_hollow.glb,Props,kmed_home_A_hollow.glb,.glb,78668,76.82,0.075,UNMAPPED,,,,1011,1540,1,1,,,
01_Assets_Organizados,Props/kmed_home_B_hollow.glb,Props,kmed_home_B_hollow.glb,.glb,105436,102.96,0.1006,UNMAPPED,,,,1393,2305,1,1,,,
01_Assets_Organizados,Props/kmed_market_hollow.glb,Props,kmed_market_hollow.glb,.glb,175480,171.37,0.1674,UNMAPPED,,,,3125,4169,1,1,,,
01_Assets_Organizados,Props/kmed_tavern_hollow.glb,Props,kmed_tavern_hollow.glb,.glb,194172,189.62,0.1852,UNMAPPED,,,,2992,4778,1,1,,,
01_Assets_Organizados,Props/lantern_wall.glb,Props,lantern_wall.glb,.glb,1086232,1060.77,1.0359,UNMAPPED,,,,2822,3222,1,3,,,
01_Assets_Organizados,Props/lava_pool.glb,Props,lava_pool.glb,.glb,629448,614.7,0.6003,UNMAPPED,,,,4000,3860,1,3,,,
01_Assets_Organizados,Props/lava_river_a.glb,Props,lava_river_a.glb,.glb,876828,856.28,0.8362,UNMAPPED,,,,4000,3837,1,3,,,
01_Assets_Organizados,Props/lava_river_b.glb,Props,lava_river_b.glb,.glb,760404,742.58,0.7252,UNMAPPED,,,,4000,4076,1,3,,,
01_Assets_Organizados,Props/lava_river_c.glb,Props,lava_river_c.glb,.glb,902268,881.12,0.8605,UNMAPPED,,,,4000,4081,1,3,,,
01_Assets_Organizados,Props/lava_river_end.glb,Props,lava_river_end.glb,.glb,742212,724.82,0.7078,UNMAPPED,,,,4000,3906,1,3,,,
01_Assets_Organizados,Props/lava_terrace.glb,Props,lava_terrace.glb,.glb,677404,661.53,0.646,UNMAPPED,,,,4000,3864,1,3,,,
01_Assets_Organizados,Props/leafy_fox_statue.glb,Props,leafy_fox_statue.glb,.glb,237400,231.84,0.2264,UNMAPPED,,,,9508,6705,1,3,,,
01_Assets_Organizados,Props/leatherworking_rack.glb,Props,leatherworking_rack.glb,.glb,211812,206.85,0.202,UNMAPPED,,,,2034,1889,1,3,,,
01_Assets_Organizados,Props/low_poly_coffin.glb,Props,low_poly_coffin.glb,.glb,69132,67.51,0.0659,UNMAPPED,,,,588,1176,1,1,,,
01_Assets_Organizados,Props/mailbox_pillar.glb,Props,mailbox_pillar.glb,.glb,32884,32.11,0.0314,UNMAPPED,,,,0,4920,2,0,,,
01_Assets_Organizados,Props/maledict_eye.glb,Props,maledict_eye.glb,.glb,201436,196.71,0.1921,UNMAPPED,,,,1577,1386,1,3,,,
01_Assets_Organizados,Props/market_stand_1.glb,Props,market_stand_1.glb,.glb,25184,24.59,0.024,UNMAPPED,,,,1548,2952,4,0,,,
01_Assets_Organizados,Props/market_stand_2.glb,Props,market_stand_2.glb,.glb,18868,18.43,0.018,UNMAPPED,,,,1132,2210,3,0,,,
01_Assets_Organizados,Props/marsh_bell_gallows.glb,Props,marsh_bell_gallows.glb,.glb,207152,202.3,0.1976,UNMAPPED,,,,1752,2403,1,3,,,
01_Assets_Organizados,Props/marsh_corpse_candle.glb,Props,marsh_corpse_candle.glb,.glb,139808,136.53,0.1333,UNMAPPED,,,,1716,1509,1,3,,,
01_Assets_Organizados,Props/marsh_dead_tree.glb,Props,marsh_dead_tree.glb,.glb,119416,116.62,0.1139,UNMAPPED,,,,1940,1635,1,3,,,
01_Assets_Organizados,Props/marsh_plank_bridge.glb,Props,marsh_plank_bridge.glb,.glb,183360,179.06,0.1749,UNMAPPED,,,,1998,3215,1,3,,,
01_Assets_Organizados,Props/marsh_reed_cluster.glb,Props,marsh_reed_cluster.glb,.glb,176148,172.02,0.168,UNMAPPED,,,,1753,2612,1,3,,,
01_Assets_Organizados,Props/marsh_root_wall.glb,Props,marsh_root_wall.glb,.glb,227768,222.43,0.2172,UNMAPPED,,,,1810,3052,1,3,,,
01_Assets_Organizados,Props/marsh_shrine_fragment.glb,Props,marsh_shrine_fragment.glb,.glb,167356,163.43,0.1596,UNMAPPED,,,,1778,2135,1,3,,,
01_Assets_Organizados,Props/marsh_sluice_post.glb,Props,marsh_sluice_post.glb,.glb,249524,243.68,0.238,UNMAPPED,,,,1928,2904,1,3,,,
01_Assets_Organizados,Props/maze_hedge_arch.glb,Props,maze_hedge_arch.glb,.glb,302708,295.61,0.2887,UNMAPPED,,,,6460,7978,1,3,,,
01_Assets_Organizados,Props/maze_hedge_wall.glb,Props,maze_hedge_wall.glb,.glb,294856,287.95,0.2812,UNMAPPED,,,,7512,7981,1,3,,,
01_Assets_Organizados,Props/mining_ore_cart.glb,Props,mining_ore_cart.glb,.glb,185556,181.21,0.177,UNMAPPED,,,,1800,1842,1,3,,,
01_Assets_Organizados,Props/mushroom_giant_purple.glb,Props,mushroom_giant_purple.glb,.glb,232460,227.01,0.2217,UNMAPPED,,,,2446,1914,1,2,,,
01_Assets_Organizados,Props/mushroom_glow_cluster.glb,Props,mushroom_glow_cluster.glb,.glb,164420,160.57,0.1568,UNMAPPED,,,,4261,5590,1,2,,,
01_Assets_Organizados,Props/mushroom_red.glb,Props,mushroom_red.glb,.glb,3736,3.65,0.0036,UNMAPPED,,,,48,122,2,0,,,
01_Assets_Organizados,Props/mushroom_tan.glb,Props,mushroom_tan.glb,.glb,3652,3.57,0.0035,UNMAPPED,,,,48,104,2,0,,,
01_Assets_Organizados,Props/obsidian_fang.glb,Props,obsidian_fang.glb,.glb,209628,204.71,0.1999,UNMAPPED,,,,1932,3110,1,3,,,
01_Assets_Organizados,Props/ore_rocks.glb,Props,ore_rocks.glb,.glb,3356,3.28,0.0032,UNMAPPED,,,,84,156,1,0,,,
01_Assets_Organizados,Props/pet_turtle_psx.glb,Props,pet_turtle_psx.glb,.glb,76988,75.18,0.0734,UNMAPPED,,,,256,608,1,1,,,
01_Assets_Organizados,Props/pixie_mushroom_house.glb,Props,pixie_mushroom_house.glb,.glb,238992,233.39,0.2279,UNMAPPED,,,,1808,2862,1,3,,,
01_Assets_Organizados,Props/podvarak_firewood.glb,Props,podvarak_firewood.glb,.glb,74264,72.52,0.0708,UNMAPPED,,,,320,496,1,1,,,
01_Assets_Organizados,Props/psx_candle.glb,Props,psx_candle.glb,.glb,38488,37.59,0.0367,UNMAPPED,,,,214,253,1,1,,,
01_Assets_Organizados,Props/psx_coffin.glb,Props,psx_coffin.glb,.glb,51864,50.65,0.0495,UNMAPPED,,,,96,164,2,2,,,
01_Assets_Organizados,Props/raven.blend,Props,raven.blend,.blend,815964,796.84,0.7782,UNMAPPED,,,,,,,,,,
01_Assets_Organizados,Props/reeds.glb,Props,reeds.glb,.glb,47672,46.55,0.0455,UNMAPPED,,,,459,713,1,1,,,
01_Assets_Organizados,Props/rift_flame.glb,Props,rift_flame.glb,.glb,128464,125.45,0.1225,UNMAPPED,,,,1941,2670,1,3,,,
01_Assets_Organizados,Props/rift_portal.glb,Props,rift_portal.glb,.glb,5113152,4993.31,4.8763,UNMAPPED,,,,13686,13117,1,4,,,
01_Assets_Organizados,Props/rift_rune.glb,Props,rift_rune.glb,.glb,183628,179.32,0.1751,UNMAPPED,,,,1987,3015,1,3,,,
01_Assets_Organizados,Props/rock_large_d.glb,Props,rock_large_d.glb,.glb,4996,4.88,0.0048,UNMAPPED,,,,80,147,3,0,,,
01_Assets_Organizados,Props/rock_large_f.glb,Props,rock_large_f.glb,.glb,4916,4.8,0.0047,UNMAPPED,,,,73,135,3,0,,,
01_Assets_Organizados,Props/rock_tall_a.glb,Props,rock_tall_a.glb,.glb,5724,5.59,0.0055,UNMAPPED,,,,136,254,3,0,,,
01_Assets_Organizados,Props/rock_tall_h.glb,Props,rock_tall_h.glb,.glb,4952,4.84,0.0047,UNMAPPED,,,,78,142,3,0,,,
01_Assets_Organizados,Props/rowboat.glb,Props,rowboat.glb,.glb,16028,15.65,0.0153,UNMAPPED,,,,168,292,1,1,,,
01_Assets_Organizados,Props/ship_monument.glb,Props,ship_monument.glb,.glb,715768,698.99,0.6826,UNMAPPED,,,,11996,13314,1,3,,,
01_Assets_Organizados,Props/shrub_flowering.glb,Props,shrub_flowering.glb,.glb,411428,401.79,0.3924,UNMAPPED,,,,16461,22703,1,2,,,
01_Assets_Organizados,Props/slag_cauldron.glb,Props,slag_cauldron.glb,.glb,219836,214.68,0.2097,UNMAPPED,,,,2174,3821,1,3,,,
01_Assets_Organizados,Props/stag_shrine.glb,Props,stag_shrine.glb,.glb,258948,252.88,0.247,UNMAPPED,,,,4399,8039,1,3,,,
01_Assets_Organizados,Props/star_heart_crystal.glb,Props,star_heart_crystal.glb,.glb,264284,258.09,0.252,UNMAPPED,,,,4675,7330,1,3,,,
01_Assets_Organizados,Props/statue_block.glb,Props,statue_block.glb,.glb,4300,4.2,0.0041,UNMAPPED,,,,140,240,2,0,,,
01_Assets_Organizados,Props/statue_head.glb,Props,statue_head.glb,.glb,6128,5.98,0.0058,UNMAPPED,,,,196,318,3,0,,,
01_Assets_Organizados,Props/streetlamp_amberfall_crystal.glb,Props,streetlamp_amberfall_crystal.glb,.glb,107408,104.89,0.1024,UNMAPPED,,,,1168,1276,3,3,,,
01_Assets_Organizados,Props/streetlamp_drakelands_brazier.glb,Props,streetlamp_drakelands_brazier.glb,.glb,123820,120.92,0.1181,UNMAPPED,,,,1103,1548,2,3,,,
01_Assets_Organizados,Props/streetlamp_eastbrook_civic.glb,Props,streetlamp_eastbrook_civic.glb,.glb,73652,71.93,0.0702,UNMAPPED,,,,1206,1183,3,3,,,
01_Assets_Organizados,Props/streetlamp_evergarden_flower.glb,Props,streetlamp_evergarden_flower.glb,.glb,105036,102.57,0.1002,UNMAPPED,,,,1190,1251,3,3,,,
01_Assets_Organizados,Props/streetlamp_farshore_coral.glb,Props,streetlamp_farshore_coral.glb,.glb,112236,109.61,0.107,UNMAPPED,,,,1242,2101,3,3,,,
01_Assets_Organizados,Props/streetlamp_frostveil_icicle.glb,Props,streetlamp_frostveil_icicle.glb,.glb,95676,93.43,0.0912,UNMAPPED,,,,1165,1941,3,3,,,
01_Assets_Organizados,Props/streetlamp_galecrest_mast.glb,Props,streetlamp_galecrest_mast.glb,.glb,93844,91.64,0.0895,UNMAPPED,,,,1150,1210,3,3,,,
01_Assets_Organizados,Props/streetlamp_mirefen_witchflame.glb,Props,streetlamp_mirefen_witchflame.glb,.glb,104824,102.37,0.1,UNMAPPED,,,,1083,1819,3,3,,,
01_Assets_Organizados,Props/streetlamp_nightbloom_moonflower.glb,Props,streetlamp_nightbloom_moonflower.glb,.glb,86832,84.8,0.0828,UNMAPPED,,,,1180,1877,3,3,,,
01_Assets_Organizados,Props/streetlamp_palmreach_totem.glb,Props,streetlamp_palmreach_totem.glb,.glb,86024,84.01,0.082,UNMAPPED,,,,1226,1288,2,3,,,
01_Assets_Organizados,Props/streetlamp_thornpeak_beacon.glb,Props,streetlamp_thornpeak_beacon.glb,.glb,120852,118.02,0.1153,UNMAPPED,,,,1177,1920,3,3,,,
01_Assets_Organizados,Props/streetlamp_veiled_crystal.glb,Props,streetlamp_veiled_crystal.glb,.glb,76728,74.93,0.0732,UNMAPPED,,,,1136,1813,3,3,,,
01_Assets_Organizados,Props/streetlamp_willowfen_reed.glb,Props,streetlamp_willowfen_reed.glb,.glb,104948,102.49,0.1001,UNMAPPED,,,,1048,1725,3,3,,,
01_Assets_Organizados,Props/streetlamp_wraithwood_ghost.glb,Props,streetlamp_wraithwood_ghost.glb,.glb,92352,90.19,0.0881,UNMAPPED,,,,1148,1929,3,3,,,
01_Assets_Organizados,Props/tailoring_loom.glb,Props,tailoring_loom.glb,.glb,205776,200.95,0.1962,UNMAPPED,,,,1882,1735,1,3,,,
01_Assets_Organizados,Props/tent_open.glb,Props,tent_open.glb,.glb,5204,5.08,0.005,UNMAPPED,,,,232,332,2,0,,,
01_Assets_Organizados,Props/tent_small.glb,Props,tent_small.glb,.glb,5932,5.79,0.0057,UNMAPPED,,,,224,268,3,0,,,
01_Assets_Organizados,Props/timber_pillar.glb,Props,timber_pillar.glb,.glb,14336,14.0,0.0137,UNMAPPED,,,,44,72,1,1,,,
01_Assets_Organizados,Props/untitled.obj,Props,untitled.obj,.obj,15261,14.9,0.0146,UNMAPPED,,,,,,,,,,
01_Assets_Organizados,Props/weapon_stand.glb,Props,weapon_stand.glb,.glb,2006008,1958.99,1.9131,UNMAPPED,,,,2084,1994,2,6,,,
01_Assets_Organizados,Props/well.glb,Props,well.glb,.glb,27788,27.14,0.0265,UNMAPPED,,,,1870,2884,5,0,,,
01_Assets_Organizados,Props/wildheart_ancestor_ruin.glb,Props,wildheart_ancestor_ruin.glb,.glb,164060,160.21,0.1565,UNMAPPED,,,,1683,3080,1,3,,,
01_Assets_Organizados,Props/wildheart_beast_den.glb,Props,wildheart_beast_den.glb,.glb,138136,134.9,0.1317,UNMAPPED,,,,1786,3074,1,3,,,
01_Assets_Organizados,Props/wildheart_canopy_platform.glb,Props,wildheart_canopy_platform.glb,.glb,158744,155.02,0.1514,UNMAPPED,,,,1809,3115,1,3,,,
01_Assets_Organizados,Props/wildheart_giant_fern.glb,Props,wildheart_giant_fern.glb,.glb,209240,204.34,0.1995,UNMAPPED,,,,1955,3276,1,3,,,
01_Assets_Organizados,Props/wildheart_jaguar_gate.glb,Props,wildheart_jaguar_gate.glb,.glb,228532,223.18,0.2179,UNMAPPED,,,,1870,3232,1,3,,,
01_Assets_Organizados,Props/wildheart_jungle_canopy_tree.glb,Props,wildheart_jungle_canopy_tree.glb,.glb,126108,123.15,0.1203,UNMAPPED,,,,1971,3600,1,3,,,
01_Assets_Organizados,Props/wildheart_limestone_cliff.glb,Props,wildheart_limestone_cliff.glb,.glb,171344,167.33,0.1634,UNMAPPED,,,,1733,3005,1,3,,,
01_Assets_Organizados,Props/wildheart_mask_totem.glb,Props,wildheart_mask_totem.glb,.glb,165356,161.48,0.1577,UNMAPPED,,,,1892,1800,1,3,,,
01_Assets_Organizados,Props/wildheart_ritual_pyramid.glb,Props,wildheart_ritual_pyramid.glb,.glb,201300,196.58,0.192,UNMAPPED,,,,1872,3271,1,3,,,
01_Assets_Organizados,Props/wildheart_rope_bridge.glb,Props,wildheart_rope_bridge.glb,.glb,186880,182.5,0.1782,UNMAPPED,,,,1707,3000,1,3,,,
01_Assets_Organizados,Props/willow_tree.glb,Props,willow_tree.glb,.glb,560744,547.6,0.5348,UNMAPPED,,,,11394,16280,1,3,,,
01_Assets_Organizados,Props/wood_log_pile_-_ps1_low_poly.glb,Props,wood_log_pile_-_ps1_low_poly.glb,.glb,41972,40.99,0.04,UNMAPPED,,,,84,122,1,1,,,
01_Assets_Organizados,Props/yumi_brazier_stand.glb,Props,yumi_brazier_stand.glb,.glb,264676,258.47,0.2524,UNMAPPED,,,,1951,2712,1,3,,,
01_Assets_Organizados,Props/yumi_torch_handle.glb,Props,yumi_torch_handle.glb,.glb,164384,160.53,0.1568,UNMAPPED,,,,1792,1583,1,3,,,
01_Assets_Organizados,Textures/textures/skins/ranger/alt_a.ktx2,Textures,alt_a.ktx2,.ktx2,16636,16.25,0.0159,UNMAPPED,,,,,,,,,,
01_Assets_Organizados,Textures/textures/skins/mage/alt_a.ktx2,Textures,alt_a.ktx2,.ktx2,18126,17.7,0.0173,UNMAPPED,,,,,,,,,,
01_Assets_Organizados,Textures/textures/skins/knight/alt_a.ktx2,Textures,alt_a.ktx2,.ktx2,15165,14.81,0.0145,UNMAPPED,,,,,,,,,,
01_Assets_Organizados,Textures/textures/skins/paladin/alt_a.ktx2,Textures,alt_a.ktx2,.ktx2,24457,23.88,0.0233,UNMAPPED,,,,,,,,,,
01_Assets_Organizados,Textures/textures/skins/druid/alt_a.ktx2,Textures,alt_a.ktx2,.ktx2,18980,18.54,0.0181,UNMAPPED,,,,,,,,,,
01_Assets_Organizados,Textures/textures/skins/barbarian/alt_a.ktx2,Textures,alt_a.ktx2,.ktx2,17297,16.89,0.0165,UNMAPPED,,,,,,,,,,
01_Assets_Organizados,Textures/textures/skins/rogue/alt_a.ktx2,Textures,alt_a.ktx2,.ktx2,14887,14.54,0.0142,UNMAPPED,,,,,,,,,,
01_Assets_Organizados,Textures/textures/skins/ranger/alt_a.png,Textures,alt_a.png,.png,13547,13.23,0.0129,UNMAPPED,,,,,,,,1024,1024,RGBA
01_Assets_Organizados,Textures/textures/skins/mage/alt_a.png,Textures,alt_a.png,.png,14136,13.8,0.0135,UNMAPPED,,,,,,,,1024,1024,RGBA
01_Assets_Organizados,Textures/textures/skins/knight/alt_a.png,Textures,alt_a.png,.png,12341,12.05,0.0118,UNMAPPED,,,,,,,,1024,1024,RGBA
01_Assets_Organizados,Textures/textures/skins/paladin/alt_a.png,Textures,alt_a.png,.png,20293,19.82,0.0194,UNMAPPED,,,,,,,,1024,1024,RGBA
01_Assets_Organizados,Textures/textures/skins/druid/alt_a.png,Textures,alt_a.png,.png,14816,14.47,0.0141,UNMAPPED,,,,,,,,1024,1024,RGBA
01_Assets_Organizados,Textures/textures/skins/barbarian/alt_a.png,Textures,alt_a.png,.png,13545,13.23,0.0129,UNMAPPED,,,,,,,,1024,1024,RGBA
01_Assets_Organizados,Textures/textures/skins/rogue/alt_a.png,Textures,alt_a.png,.png,12370,12.08,0.0118,UNMAPPED,,,,,,,,1024,1024,RGBA
01_Assets_Organizados,Textures/textures/skins/ranger/alt_b.ktx2,Textures,alt_b.ktx2,.ktx2,16562,16.17,0.0158,UNMAPPED,,,,,,,,,,
01_Assets_Organizados,Textures/textures/skins/mage/alt_b.ktx2,Textures,alt_b.ktx2,.ktx2,17601,17.19,0.0168,UNMAPPED,,,,,,,,,,
01_Assets_Organizados,Textures/textures/skins/knight/alt_b.ktx2,Textures,alt_b.ktx2,.ktx2,14799,14.45,0.0141,UNMAPPED,,,,,,,,,,
01_Assets_Organizados,Textures/textures/skins/druid/alt_b.ktx2,Textures,alt_b.ktx2,.ktx2,20346,19.87,0.0194,UNMAPPED,,,,,,,,,,
01_Assets_Organizados,Textures/textures/skins/barbarian/alt_b.ktx2,Textures,alt_b.ktx2,.ktx2,18307,17.88,0.0175,UNMAPPED,,,,,,,,,,
01_Assets_Organizados,Textures/textures/skins/rogue/alt_b.ktx2,Textures,alt_b.ktx2,.ktx2,14337,14.0,0.0137,UNMAPPED,,,,,,,,,,
01_Assets_Organizados,Textures/textures/skins/ranger/alt_b.png,Textures,alt_b.png,.png,13259,12.95,0.0126,UNMAPPED,,,,,,,,1024,1024,RGBA
01_Assets_Organizados,Textures/textures/skins/mage/alt_b.png,Textures,alt_b.png,.png,13673,13.35,0.013,UNMAPPED,,,,,,,,1024,1024,RGBA
01_Assets_Organizados,Textures/textures/skins/knight/alt_b.png,Textures,alt_b.png,.png,12614,12.32,0.012,UNMAPPED,,,,,,,,1024,1024,RGBA
01_Assets_Organizados,Textures/textures/skins/druid/alt_b.png,Textures,alt_b.png,.png,15360,15.0,0.0146,UNMAPPED,,,,,,,,1024,1024,RGBA
01_Assets_Organizados,Textures/textures/skins/barbarian/alt_b.png,Textures,alt_b.png,.png,14964,14.61,0.0143,UNMAPPED,,,,,,,,1024,1024,RGBA
01_Assets_Organizados,Textures/textures/skins/rogue/alt_b.png,Textures,alt_b.png,.png,11638,11.37,0.0111,UNMAPPED,,,,,,,,1024,1024,RGBA
01_Assets_Organizados,Textures/textures/skins/ranger/alt_c.ktx2,Textures,alt_c.ktx2,.ktx2,16378,15.99,0.0156,UNMAPPED,,,,,,,,,,
01_Assets_Organizados,Textures/textures/skins/mage/alt_c.ktx2,Textures,alt_c.ktx2,.ktx2,20423,19.94,0.0195,UNMAPPED,,,,,,,,,,
01_Assets_Organizados,Textures/textures/skins/knight/alt_c.ktx2,Textures,alt_c.ktx2,.ktx2,15965,15.59,0.0152,UNMAPPED,,,,,,,,,,
01_Assets_Organizados,Textures/textures/skins/druid/alt_c.ktx2,Textures,alt_c.ktx2,.ktx2,19944,19.48,0.019,UNMAPPED,,,,,,,,,,
01_Assets_Organizados,Textures/textures/skins/barbarian/alt_c.ktx2,Textures,alt_c.ktx2,.ktx2,17912,17.49,0.0171,UNMAPPED,,,,,,,,,,
01_Assets_Organizados,Textures/textures/skins/rogue/alt_c.ktx2,Textures,alt_c.ktx2,.ktx2,14816,14.47,0.0141,UNMAPPED,,,,,,,,,,
01_Assets_Organizados,Textures/textures/skins/ranger/alt_c.png,Textures,alt_c.png,.png,13458,13.14,0.0128,UNMAPPED,,,,,,,,1024,1024,RGBA
01_Assets_Organizados,Textures/textures/skins/mage/alt_c.png,Textures,alt_c.png,.png,15809,15.44,0.0151,UNMAPPED,,,,,,,,1024,1024,RGBA
01_Assets_Organizados,Textures/textures/skins/knight/alt_c.png,Textures,alt_c.png,.png,13021,12.72,0.0124,UNMAPPED,,,,,,,,1024,1024,RGBA
01_Assets_Organizados,Textures/textures/skins/druid/alt_c.png,Textures,alt_c.png,.png,14899,14.55,0.0142,UNMAPPED,,,,,,,,1024,1024,RGBA
01_Assets_Organizados,Textures/textures/skins/barbarian/alt_c.png,Textures,alt_c.png,.png,14419,14.08,0.0138,UNMAPPED,,,,,,,,1024,1024,RGBA
01_Assets_Organizados,Textures/textures/skins/rogue/alt_c.png,Textures,alt_c.png,.png,12273,11.99,0.0117,UNMAPPED,,,,,,,,1024,1024,RGBA
01_Assets_Organizados,Textures/textures/skins/ranger/alt_suit_chrome.ktx2,Textures,alt_suit_chrome.ktx2,.ktx2,15402,15.04,0.0147,UNMAPPED,,,,,,,,,,
01_Assets_Organizados,Textures/textures/skins/mage/alt_suit_chrome.ktx2,Textures,alt_suit_chrome.ktx2,.ktx2,15563,15.2,0.0148,UNMAPPED,,,,,,,,,,
01_Assets_Organizados,Textures/textures/skins/knight/alt_suit_chrome.ktx2,Textures,alt_suit_chrome.ktx2,.ktx2,14028,13.7,0.0134,UNMAPPED,,,,,,,,,,
01_Assets_Organizados,Textures/textures/skins/paladin/alt_suit_chrome.ktx2,Textures,alt_suit_chrome.ktx2,.ktx2,21653,21.15,0.0206,UNMAPPED,,,,,,,,,,
01_Assets_Organizados,Textures/textures/skins/druid/alt_suit_chrome.ktx2,Textures,alt_suit_chrome.ktx2,.ktx2,17700,17.29,0.0169,UNMAPPED,,,,,,,,,,
01_Assets_Organizados,Textures/textures/skins/barbarian/alt_suit_chrome.ktx2,Textures,alt_suit_chrome.ktx2,.ktx2,15490,15.13,0.0148,UNMAPPED,,,,,,,,,,
01_Assets_Organizados,Textures/textures/skins/rogue/alt_suit_chrome.ktx2,Textures,alt_suit_chrome.ktx2,.ktx2,16171,15.79,0.0154,UNMAPPED,,,,,,,,,,
01_Assets_Organizados,Textures/textures/skins/ranger/alt_suit_chrome.png,Textures,alt_suit_chrome.png,.png,38720,37.81,0.0369,UNMAPPED,,,,,,,,1024,1024,RGBA
01_Assets_Organizados,Textures/textures/skins/mage/alt_suit_chrome.png,Textures,alt_suit_chrome.png,.png,40757,39.8,0.0389,UNMAPPED,,,,,,,,1024,1024,RGBA
01_Assets_Organizados,Textures/textures/skins/knight/alt_suit_chrome.png,Textures,alt_suit_chrome.png,.png,38194,37.3,0.0364,UNMAPPED,,,,,,,,1024,1024,RGBA
01_Assets_Organizados,Textures/textures/skins/paladin/alt_suit_chrome.png,Textures,alt_suit_chrome.png,.png,46978,45.88,0.0448,UNMAPPED,,,,,,,,1024,1024,RGBA
01_Assets_Organizados,Textures/textures/skins/druid/alt_suit_chrome.png,Textures,alt_suit_chrome.png,.png,41738,40.76,0.0398,UNMAPPED,,,,,,,,1024,1024,RGBA
01_Assets_Organizados,Textures/textures/skins/barbarian/alt_suit_chrome.png,Textures,alt_suit_chrome.png,.png,39940,39.0,0.0381,UNMAPPED,,,,,,,,1024,1024,RGBA
01_Assets_Organizados,Textures/textures/skins/rogue/alt_suit_chrome.png,Textures,alt_suit_chrome.png,.png,42283,41.29,0.0403,UNMAPPED,,,,,,,,1024,1024,RGBA
01_Assets_Organizados,Textures/textures/skins/ranger/alt_suit_prismatic.ktx2,Textures,alt_suit_prismatic.ktx2,.ktx2,33878,33.08,0.0323,UNMAPPED,,,,,,,,,,
01_Assets_Organizados,Textures/textures/skins/mage/alt_suit_prismatic.ktx2,Textures,alt_suit_prismatic.ktx2,.ktx2,32583,31.82,0.0311,UNMAPPED,,,,,,,,,,
01_Assets_Organizados,Textures/textures/skins/knight/alt_suit_prismatic.ktx2,Textures,alt_suit_prismatic.ktx2,.ktx2,35505,34.67,0.0339,UNMAPPED,,,,,,,,,,
01_Assets_Organizados,Textures/textures/skins/paladin/alt_suit_prismatic.ktx2,Textures,alt_suit_prismatic.ktx2,.ktx2,25722,25.12,0.0245,UNMAPPED,,,,,,,,,,
01_Assets_Organizados,Textures/textures/skins/druid/alt_suit_prismatic.ktx2,Textures,alt_suit_prismatic.ktx2,.ktx2,35463,34.63,0.0338,UNMAPPED,,,,,,,,,,
01_Assets_Organizados,Textures/textures/skins/barbarian/alt_suit_prismatic.ktx2,Textures,alt_suit_prismatic.ktx2,.ktx2,36438,35.58,0.0347,UNMAPPED,,,,,,,,,,
01_Assets_Organizados,Textures/textures/skins/rogue/alt_suit_prismatic.ktx2,Textures,alt_suit_prismatic.ktx2,.ktx2,30700,29.98,0.0293,UNMAPPED,,,,,,,,,,
01_Assets_Organizados,Textures/textures/skins/ranger/alt_suit_prismatic.png,Textures,alt_suit_prismatic.png,.png,184686,180.36,0.1761,UNMAPPED,,,,,,,,1024,1024,RGBA
01_Assets_Organizados,Textures/textures/skins/mage/alt_suit_prismatic.png,Textures,alt_suit_prismatic.png,.png,188867,184.44,0.1801,UNMAPPED,,,,,,,,1024,1024,RGBA
01_Assets_Organizados,Textures/textures/skins/knight/alt_suit_prismatic.png,Textures,alt_suit_prismatic.png,.png,217861,212.75,0.2078,UNMAPPED,,,,,,,,1024,1024,RGBA
01_Assets_Organizados,Textures/textures/skins/paladin/alt_suit_prismatic.png,Textures,alt_suit_prismatic.png,.png,134610,131.46,0.1284,UNMAPPED,,,,,,,,1024,1024,RGBA
01_Assets_Organizados,Textures/textures/skins/druid/alt_suit_prismatic.png,Textures,alt_suit_prismatic.png,.png,252359,246.44,0.2407,UNMAPPED,,,,,,,,1024,1024,RGBA
01_Assets_Organizados,Textures/textures/skins/barbarian/alt_suit_prismatic.png,Textures,alt_suit_prismatic.png,.png,212085,207.11,0.2023,UNMAPPED,,,,,,,,1024,1024,RGBA
01_Assets_Organizados,Textures/textures/skins/rogue/alt_suit_prismatic.png,Textures,alt_suit_prismatic.png,.png,180266,176.04,0.1719,UNMAPPED,,,,,,,,1024,1024,RGBA
01_Assets_Organizados,Textures/env/amber_sunset_1k.hdr,Textures,amber_sunset_1k.hdr,.hdr,2097202,2048.05,2.0,UNMAPPED,,,,,,,,,,
01_Assets_Organizados,Textures/env/amber_sunset_2k.hdr,Textures,amber_sunset_2k.hdr,.hdr,8388659,8192.05,8.0,UNMAPPED,,,,,,,,,,
01_Assets_Organizados,Textures/textures/structures/Bark012_AmbientOcclusion.jpg,Textures,Bark012_AmbientOcclusion.jpg,.jpg,758060,740.29,0.7229,UNMAPPED,,,,,,,,1024,1024,L
01_Assets_Organizados,Textures/textures/structures/Bark012_AmbientOcclusion.ktx2,Textures,Bark012_AmbientOcclusion.ktx2,.ktx2,1057368,1032.59,1.0084,UNMAPPED,,,,,,,,,,
01_Assets_Organizados,Textures/textures/structures/Bark012_Displacement.jpg,Textures,Bark012_Displacement.jpg,.jpg,598905,584.87,0.5712,UNMAPPED,,,,,,,,1024,1024,L
01_Assets_Organizados,Textures/textures/structures/Bark012_Displacement.ktx2,Textures,Bark012_Displacement.ktx2,.ktx2,1053232,1028.55,1.0044,UNMAPPED,,,,,,,,,,
01_Assets_Organizados,Textures/textures/structures/Bark012_NormalGL.jpg,Textures,Bark012_NormalGL.jpg,.jpg,2443285,2386.02,2.3301,UNMAPPED,,,,,,,,1024,1024,RGB
01_Assets_Organizados,Textures/textures/structures/Bark012_NormalGL.ktx2,Textures,Bark012_NormalGL.ktx2,.ktx2,1311824,1281.08,1.2511,UNMAPPED,,,,,,,,,,
01_Assets_Organizados,Textures/textures/structures/Bark012_Roughness.jpg,Textures,Bark012_Roughness.jpg,.jpg,728470,711.4,0.6947,UNMAPPED,,,,,,,,1024,1024,L
01_Assets_Organizados,Textures/textures/structures/Bark012_Roughness.ktx2,Textures,Bark012_Roughness.ktx2,.ktx2,176229,172.1,0.1681,UNMAPPED,,,,,,,,,,
01_Assets_Organizados,Textures/textures/skins/ranger/base.png,Textures,base.png,.png,13248,12.94,0.0126,UNMAPPED,,,,,,,,1024,1024,RGBA
01_Assets_Organizados,Textures/textures/skins/mage/base.png,Textures,base.png,.png,14740,14.39,0.0141,UNMAPPED,,,,,,,,1024,1024,RGBA
01_Assets_Organizados,Textures/textures/skins/knight/base.png,Textures,base.png,.png,12914,12.61,0.0123,UNMAPPED,,,,,,,,1024,1024,RGBA
01_Assets_Organizados,Textures/textures/skins/paladin/base.png,Textures,base.png,.png,21068,20.57,0.0201,UNMAPPED,,,,,,,,1024,1024,RGBA
01_Assets_Organizados,Textures/textures/skins/druid/base.png,Textures,base.png,.png,15263,14.91,0.0146,UNMAPPED,,,,,,,,1024,1024,RGBA
01_Assets_Organizados,Textures/textures/skins/barbarian/base.png,Textures,base.png,.png,14424,14.09,0.0138,UNMAPPED,,,,,,,,1024,1024,RGBA
01_Assets_Organizados,Textures/textures/skins/rogue/base.png,Textures,base.png,.png,15026,14.67,0.0143,UNMAPPED,,,,,,,,1024,1024,RGBA
01_Assets_Organizados,Textures/textures/battleground/decals/blood_pool.webp,Textures,blood_pool.webp,.webp,14714,14.37,0.014,UNMAPPED,,,,,,,,512,512,RGBA
01_Assets_Organizados,Textures/textures/battleground/decals/blood_splatter.webp,Textures,blood_splatter.webp,.webp,14512,14.17,0.0138,UNMAPPED,,,,,,,,512,512,RGBA
01_Assets_Organizados,Textures/textures/structures/Bricks076A_AmbientOcclusion.jpg,Textures,Bricks076A_AmbientOcclusion.jpg,.jpg,714723,697.97,0.6816,UNMAPPED,,,,,,,,1024,1024,L
01_Assets_Organizados,Textures/textures/structures/Bricks076A_AmbientOcclusion.ktx2,Textures,Bricks076A_AmbientOcclusion.ktx2,.ktx2,1060565,1035.71,1.0114,UNMAPPED,,,,,,,,,,
01_Assets_Organizados,Textures/textures/structures/Bricks076A_Color.jpg,Textures,Bricks076A_Color.jpg,.jpg,1445636,1411.75,1.3787,UNMAPPED,,,,,,,,1024,1024,RGB
01_Assets_Organizados,Textures/textures/structures/Bricks076A_Displacement.jpg,Textures,Bricks076A_Displacement.jpg,.jpg,440925,430.59,0.4205,UNMAPPED,,,,,,,,1024,1024,L
01_Assets_Organizados,Textures/textures/structures/Bricks076A_Displacement.ktx2,Textures,Bricks076A_Displacement.ktx2,.ktx2,1006319,982.73,0.9597,UNMAPPED,,,,,,,,,,
01_Assets_Organizados,Textures/textures/structures/Bricks076A_NormalGL.jpg,Textures,Bricks076A_NormalGL.jpg,.jpg,2136374,2086.3,2.0374,UNMAPPED,,,,,,,,1024,1024,RGB
01_Assets_Organizados,Textures/textures/structures/Bricks076A_NormalGL.ktx2,Textures,Bricks076A_NormalGL.ktx2,.ktx2,1279508,1249.52,1.2202,UNMAPPED,,,,,,,,,,
01_Assets_Organizados,Textures/textures/structures/Bricks076A_Roughness.jpg,Textures,Bricks076A_Roughness.jpg,.jpg,582179,568.53,0.5552,UNMAPPED,,,,,,,,1024,1024,L
01_Assets_Organizados,Textures/textures/structures/Bricks076A_Roughness.ktx2,Textures,Bricks076A_Roughness.ktx2,.ktx2,163594,159.76,0.156,UNMAPPED,,,,,,,,,,
01_Assets_Organizados,Textures/textures/structures/Bricks076B_AmbientOcclusion.jpg,Textures,Bricks076B_AmbientOcclusion.jpg,.jpg,715204,698.44,0.6821,UNMAPPED,,,,,,,,1024,1024,L
01_Assets_Organizados,Textures/textures/structures/Bricks076B_Color.jpg,Textures,Bricks076B_Color.jpg,.jpg,1459414,1425.21,1.3918,UNMAPPED,,,,,,,,1024,1024,RGB
01_Assets_Organizados,Textures/textures/structures/Bricks076B_Displacement.jpg,Textures,Bricks076B_Displacement.jpg,.jpg,441324,430.98,0.4209,UNMAPPED,,,,,,,,1024,1024,L
01_Assets_Organizados,Textures/textures/structures/Bricks076B_NormalGL.jpg,Textures,Bricks076B_NormalGL.jpg,.jpg,2137350,2087.26,2.0383,UNMAPPED,,,,,,,,1024,1024,RGB
01_Assets_Organizados,Textures/textures/structures/Bricks076B_Roughness.jpg,Textures,Bricks076B_Roughness.jpg,.jpg,600719,586.64,0.5729,UNMAPPED,,,,,,,,1024,1024,L
01_Assets_Organizados,Textures/textures/battleground/Cliff002.jpg,Textures,Cliff002.jpg,.jpg,63528,62.04,0.0606,UNMAPPED,,,,,,,,1024,1024,RGB
01_Assets_Organizados,Textures/textures/battleground/Cliff006.jpg,Textures,Cliff006.jpg,.jpg,83200,81.25,0.0793,UNMAPPED,,,,,,,,1024,1024,RGB
01_Assets_Organizados,Textures/textures/battleground/Cobblestone001.jpg,Textures,Cobblestone001.jpg,.jpg,46279,45.19,0.0441,UNMAPPED,,,,,,,,1024,1024,RGB
01_Assets_Organizados,Textures/textures/battleground/Cobblestone002.jpg,Textures,Cobblestone002.jpg,.jpg,46469,45.38,0.0443,UNMAPPED,,,,,,,,1024,1024,RGB
01_Assets_Organizados,Textures/textures/eastbrook_surface_atlas.webp,Textures,eastbrook_surface_atlas.webp,.webp,141666,138.35,0.1351,UNMAPPED,,,,,,,,512,512,RGB
01_Assets_Organizados,Textures/textures/eastbrook_surface_normal.webp,Textures,eastbrook_surface_normal.webp,.webp,107466,104.95,0.1025,UNMAPPED,,,,,,,,512,512,RGB
01_Assets_Organizados,Textures/textures/eastbrook_surface_rough.webp,Textures,eastbrook_surface_rough.webp,.webp,122242,119.38,0.1166,UNMAPPED,,,,,,,,512,512,RGB
01_Assets_Organizados,Textures/env/ember_storm_1k.hdr,Textures,ember_storm_1k.hdr,.hdr,2097202,2048.05,2.0,UNMAPPED,,,,,,,,,,
01_Assets_Organizados,Textures/env/ember_storm_2k.hdr,Textures,ember_storm_2k.hdr,.hdr,8388659,8192.05,8.0,UNMAPPED,,,,,,,,,,
01_Assets_Organizados,Textures/env/evergarden_day_1k.hdr,Textures,evergarden_day_1k.hdr,.hdr,2097202,2048.05,2.0,UNMAPPED,,,,,,,,,,
01_Assets_Organizados,Textures/env/evergarden_day_2k.hdr,Textures,evergarden_day_2k.hdr,.hdr,8388659,8192.05,8.0,UNMAPPED,,,,,,,,,,
01_Assets_Organizados,Textures/textures/structures/Fabric030_AmbientOcclusion.jpg,Textures,Fabric030_AmbientOcclusion.jpg,.jpg,835879,816.29,0.7972,UNMAPPED,,,,,,,,1024,1024,L
01_Assets_Organizados,Textures/textures/structures/Fabric030_AmbientOcclusion.ktx2,Textures,Fabric030_AmbientOcclusion.ktx2,.ktx2,732329,715.17,0.6984,UNMAPPED,,,,,,,,,,
01_Assets_Organizados,Textures/textures/structures/Fabric030_Displacement.jpg,Textures,Fabric030_Displacement.jpg,.jpg,831560,812.07,0.793,UNMAPPED,,,,,,,,1024,1024,L
01_Assets_Organizados,Textures/textures/structures/Fabric030_Displacement.ktx2,Textures,Fabric030_Displacement.ktx2,.ktx2,977543,954.63,0.9323,UNMAPPED,,,,,,,,,,
01_Assets_Organizados,Textures/textures/structures/Fabric030_NormalGL.jpg,Textures,Fabric030_NormalGL.jpg,.jpg,2682952,2620.07,2.5587,UNMAPPED,,,,,,,,1024,1024,RGB
01_Assets_Organizados,Textures/textures/structures/Fabric030_NormalGL.ktx2,Textures,Fabric030_NormalGL.ktx2,.ktx2,1055879,1031.13,1.007,UNMAPPED,,,,,,,,,,
01_Assets_Organizados,Textures/textures/structures/Fabric030_Roughness.jpg,Textures,Fabric030_Roughness.jpg,.jpg,866950,846.63,0.8268,UNMAPPED,,,,,,,,1024,1024,L
01_Assets_Organizados,Textures/textures/structures/Fabric030_Roughness.ktx2,Textures,Fabric030_Roughness.ktx2,.ktx2,162299,158.5,0.1548,UNMAPPED,,,,,,,,,,
01_Assets_Organizados,Textures/env/farshore_day_1k.hdr,Textures,farshore_day_1k.hdr,.hdr,2097202,2048.05,2.0,UNMAPPED,,,,,,,,,,
01_Assets_Organizados,Textures/env/farshore_day_2k.hdr,Textures,farshore_day_2k.hdr,.hdr,8388659,8192.05,8.0,UNMAPPED,,,,,,,,,,
01_Assets_Organizados,Textures/env/fen_day_1k.hdr,Textures,fen_day_1k.hdr,.hdr,2097202,2048.05,2.0,UNMAPPED,,,,,,,,,,
01_Assets_Organizados,Textures/env/fen_day_2k.hdr,Textures,fen_day_2k.hdr,.hdr,8388659,8192.05,8.0,UNMAPPED,,,,,,,,,,
01_Assets_Organizados,Textures/textures/fenbridge_surface_atlas.webp,Textures,fenbridge_surface_atlas.webp,.webp,87780,85.72,0.0837,UNMAPPED,,,,,,,,512,512,RGB
01_Assets_Organizados,Textures/textures/fenbridge_surface_normal.webp,Textures,fenbridge_surface_normal.webp,.webp,90220,88.11,0.086,UNMAPPED,,,,,,,,512,512,RGB
01_Assets_Organizados,Textures/textures/fenbridge_surface_roughness.webp,Textures,fenbridge_surface_roughness.webp,.webp,17080,16.68,0.0163,UNMAPPED,,,,,,,,512,512,RGB
01_Assets_Organizados,Textures/textures/skins/rogue/fernando.ktx2,Textures,fernando.ktx2,.ktx2,20372,19.89,0.0194,UNMAPPED,,,,,,,,,,
01_Assets_Organizados,Textures/textures/skins/rogue/fernando.png,Textures,fernando.png,.png,28814,28.14,0.0275,UNMAPPED,,,,,,,,1024,1024,RGBA
01_Assets_Organizados,Textures/env/frost_twilight_1k.hdr,Textures,frost_twilight_1k.hdr,.hdr,2097202,2048.05,2.0,UNMAPPED,,,,,,,,,,
01_Assets_Organizados,Textures/env/frost_twilight_2k.hdr,Textures,frost_twilight_2k.hdr,.hdr,8388659,8192.05,8.0,UNMAPPED,,,,,,,,,,
01_Assets_Organizados,Textures/env/galecrest_day_1k.hdr,Textures,galecrest_day_1k.hdr,.hdr,2097202,2048.05,2.0,UNMAPPED,,,,,,,,,,
01_Assets_Organizados,Textures/env/galecrest_day_2k.hdr,Textures,galecrest_day_2k.hdr,.hdr,8388659,8192.05,8.0,UNMAPPED,,,,,,,,,,
01_Assets_Organizados,Textures/textures/terrain/Grass001_AmbientOcclusion.jpg,Textures,Grass001_AmbientOcclusion.jpg,.jpg,902486,881.33,0.8607,UNMAPPED,,,,,,,,1024,1024,L
01_Assets_Organizados,Textures/textures/terrain/Grass001_Color.jpg,Textures,Grass001_Color.jpg,.jpg,1764300,1722.95,1.6826,UNMAPPED,,,,,,,,1024,1024,RGB
01_Assets_Organizados,Textures/textures/terrain/Grass001_NormalGL.jpg,Textures,Grass001_NormalGL.jpg,.jpg,2338245,2283.44,2.2299,UNMAPPED,,,,,,,,1024,1024,RGB
01_Assets_Organizados,Textures/textures/terrain/Grass001_NormalGL.ktx2,Textures,Grass001_NormalGL.ktx2,.ktx2,1282769,1252.7,1.2233,UNMAPPED,,,,,,,,,,
01_Assets_Organizados,Textures/textures/terrain/Grass001_Roughness.jpg,Textures,Grass001_Roughness.jpg,.jpg,823623,804.32,0.7855,UNMAPPED,,,,,,,,1024,1024,L
01_Assets_Organizados,Textures/textures/battleground/Grass002.jpg,Textures,Grass002.jpg,.jpg,161637,157.85,0.1541,UNMAPPED,,,,,,,,1024,1024,RGB
01_Assets_Organizados,Textures/textures/battleground/Grass003.jpg,Textures,Grass003.jpg,.jpg,74885,73.13,0.0714,UNMAPPED,,,,,,,,1024,1024,RGB
01_Assets_Organizados,Textures/textures/battleground/Grass004.jpg,Textures,Grass004.jpg,.jpg,93875,91.67,0.0895,UNMAPPED,,,,,,,,1024,1024,RGB
01_Assets_Organizados,Textures/textures/terrain/Gravel024_Color.jpg,Textures,Gravel024_Color.jpg,.jpg,174277,170.19,0.1662,UNMAPPED,,,,,,,,1024,1024,RGB
01_Assets_Organizados,Textures/textures/terrain/Gravel024_NormalGL.jpg,Textures,Gravel024_NormalGL.jpg,.jpg,291350,284.52,0.2779,UNMAPPED,,,,,,,,1024,1024,RGB
01_Assets_Organizados,Textures/textures/terrain/Ground023_AmbientOcclusion.jpg,Textures,Ground023_AmbientOcclusion.jpg,.jpg,732506,715.34,0.6986,UNMAPPED,,,,,,,,1024,1024,L
01_Assets_Organizados,Textures/textures/terrain/Ground023_Color.jpg,Textures,Ground023_Color.jpg,.jpg,1820307,1777.64,1.736,UNMAPPED,,,,,,,,1024,1024,RGB
01_Assets_Organizados,Textures/textures/terrain/Ground023_NormalGL.jpg,Textures,Ground023_NormalGL.jpg,.jpg,2521545,2462.45,2.4047,UNMAPPED,,,,,,,,1024,1024,RGB
01_Assets_Organizados,Textures/textures/terrain/Ground023_NormalGL.ktx2,Textures,Ground023_NormalGL.ktx2,.ktx2,1160638,1133.44,1.1069,UNMAPPED,,,,,,,,,,
01_Assets_Organizados,Textures/textures/terrain/Ground023_Roughness.jpg,Textures,Ground023_Roughness.jpg,.jpg,746375,728.88,0.7118,UNMAPPED,,,,,,,,1024,1024,L
01_Assets_Organizados,Textures/textures/terrain/Ground054_Color.jpg,Textures,Ground054_Color.jpg,.jpg,157638,153.94,0.1503,UNMAPPED,,,,,,,,1024,1024,RGB
01_Assets_Organizados,Textures/textures/terrain/Ground054_NormalGL.jpg,Textures,Ground054_NormalGL.jpg,.jpg,139531,136.26,0.1331,UNMAPPED,,,,,,,,1024,1024,RGB
01_Assets_Organizados,Textures/textures/terrain/Ground071_AmbientOcclusion.jpg,Textures,Ground071_AmbientOcclusion.jpg,.jpg,836731,817.12,0.798,UNMAPPED,,,,,,,,1024,1024,L
01_Assets_Organizados,Textures/textures/terrain/Ground071_Color.jpg,Textures,Ground071_Color.jpg,.jpg,1809189,1766.79,1.7254,UNMAPPED,,,,,,,,1024,1024,RGB
01_Assets_Organizados,Textures/textures/terrain/Ground071_NormalGL.jpg,Textures,Ground071_NormalGL.jpg,.jpg,1992995,1946.28,1.9007,UNMAPPED,,,,,,,,1024,1024,RGB
01_Assets_Organizados,Textures/textures/terrain/Ground071_Roughness.jpg,Textures,Ground071_Roughness.jpg,.jpg,648538,633.34,0.6185,UNMAPPED,,,,,,,,1024,1024,L
01_Assets_Organizados,Textures/textures/terrain/Ground080_AmbientOcclusion.jpg,Textures,Ground080_AmbientOcclusion.jpg,.jpg,558874,545.78,0.533,UNMAPPED,,,,,,,,1024,1024,L
01_Assets_Organizados,Textures/textures/terrain/Ground080_Color.jpg,Textures,Ground080_Color.jpg,.jpg,1054251,1029.54,1.0054,UNMAPPED,,,,,,,,1024,1024,RGB
01_Assets_Organizados,Textures/textures/terrain/Ground080_NormalGL.jpg,Textures,Ground080_NormalGL.jpg,.jpg,1513641,1478.17,1.4435,UNMAPPED,,,,,,,,1024,1024,RGB
01_Assets_Organizados,Textures/textures/terrain/Ground080_NormalGL.ktx2,Textures,Ground080_NormalGL.ktx2,.ktx2,1273275,1243.43,1.2143,UNMAPPED,,,,,,,,,,
01_Assets_Organizados,Textures/textures/terrain/Ground080_Roughness.jpg,Textures,Ground080_Roughness.jpg,.jpg,493875,482.3,0.471,UNMAPPED,,,,,,,,1024,1024,L
01_Assets_Organizados,Textures/textures/terrain/Ground093A_Color.jpg,Textures,Ground093A_Color.jpg,.jpg,22735,22.2,0.0217,UNMAPPED,,,,,,,,1024,1024,RGB
01_Assets_Organizados,Textures/textures/terrain/Ground093A_NormalGL.jpg,Textures,Ground093A_NormalGL.jpg,.jpg,68414,66.81,0.0652,UNMAPPED,,,,,,,,1024,1024,RGB
01_Assets_Organizados,Textures/textures/terrain/Ground095A_Color.jpg,Textures,Ground095A_Color.jpg,.jpg,35140,34.32,0.0335,UNMAPPED,,,,,,,,1024,1024,RGB
01_Assets_Organizados,Textures/textures/terrain/Ground095A_NormalGL.jpg,Textures,Ground095A_NormalGL.jpg,.jpg,75385,73.62,0.0719,UNMAPPED,,,,,,,,1024,1024,RGB
01_Assets_Organizados,Textures/textures/battleground/Ground100.jpg,Textures,Ground100.jpg,.jpg,35231,34.41,0.0336,UNMAPPED,,,,,,,,1024,1024,RGB
01_Assets_Organizados,Textures/textures/battleground/Ground101.jpg,Textures,Ground101.jpg,.jpg,162196,158.39,0.1547,UNMAPPED,,,,,,,,1024,1024,RGB
01_Assets_Organizados,Textures/textures/battleground/Ground107.jpg,Textures,Ground107.jpg,.jpg,33953,33.16,0.0324,UNMAPPED,,,,,,,,1024,1024,RGB
01_Assets_Organizados,Textures/textures/battleground/Ground115.jpg,Textures,Ground115.jpg,.jpg,83063,81.12,0.0792,UNMAPPED,,,,,,,,1024,1024,RGB
01_Assets_Organizados,Textures/textures/battleground/Ground116.jpg,Textures,Ground116.jpg,.jpg,98673,96.36,0.0941,UNMAPPED,,,,,,,,1024,1024,RGB
01_Assets_Organizados,Textures/textures/battleground/Ground118.jpg,Textures,Ground118.jpg,.jpg,57901,56.54,0.0552,UNMAPPED,,,,,,,,1024,1024,RGB
01_Assets_Organizados,Textures/textures/terrain/GroundAO_Packed.png,Textures,GroundAO_Packed.png,.png,915952,894.48,0.8735,UNMAPPED,,,,,,,,512,512,RGBA
01_Assets_Organizados,Textures/env/hollow_dusk_1k.hdr,Textures,hollow_dusk_1k.hdr,.hdr,2097202,2048.05,2.0,UNMAPPED,,,,,,,,,,
01_Assets_Organizados,Textures/env/hollow_dusk_2k.hdr,Textures,hollow_dusk_2k.hdr,.hdr,8388659,8192.05,8.0,UNMAPPED,,,,,,,,,,
01_Assets_Organizados,Textures/textures/terrain/Lava004_Color.jpg,Textures,Lava004_Color.jpg,.jpg,148023,144.55,0.1412,UNMAPPED,,,,,,,,1024,1024,RGB
01_Assets_Organizados,Textures/textures/terrain/Lava004_NormalGL.jpg,Textures,Lava004_NormalGL.jpg,.jpg,125893,122.94,0.1201,UNMAPPED,,,,,,,,1024,1024,RGB
01_Assets_Organizados,Textures/env/marsh_overcast_1k.hdr,Textures,marsh_overcast_1k.hdr,.hdr,2097202,2048.05,2.0,UNMAPPED,,,,,,,,,,
01_Assets_Organizados,Textures/env/marsh_overcast_2k.hdr,Textures,marsh_overcast_2k.hdr,.hdr,8388659,8192.05,8.0,UNMAPPED,,,,,,,,,,
01_Assets_Organizados,Textures/textures/structures/MedievalWood_AmbientOcclusion.jpg,Textures,MedievalWood_AmbientOcclusion.jpg,.jpg,363919,355.39,0.3471,UNMAPPED,,,,,,,,1024,1024,L
01_Assets_Organizados,Textures/textures/structures/MedievalWood_AmbientOcclusion.ktx2,Textures,MedievalWood_AmbientOcclusion.ktx2,.ktx2,1024979,1000.96,0.9775,UNMAPPED,,,,,,,,,,
01_Assets_Organizados,Textures/textures/structures/MedievalWood_Color.jpg,Textures,MedievalWood_Color.jpg,.jpg,747216,729.7,0.7126,UNMAPPED,,,,,,,,1024,1024,RGB
01_Assets_Organizados,Textures/textures/structures/MedievalWood_Displacement.jpg,Textures,MedievalWood_Displacement.jpg,.jpg,158906,155.18,0.1515,UNMAPPED,,,,,,,,1024,1024,L
01_Assets_Organizados,Textures/textures/structures/MedievalWood_Displacement.ktx2,Textures,MedievalWood_Displacement.ktx2,.ktx2,743460,726.04,0.709,UNMAPPED,,,,,,,,,,
01_Assets_Organizados,Textures/textures/structures/MedievalWood_NormalGL.jpg,Textures,MedievalWood_NormalGL.jpg,.jpg,827061,807.68,0.7887,UNMAPPED,,,,,,,,1024,1024,RGB
01_Assets_Organizados,Textures/textures/structures/MedievalWood_NormalGL.ktx2,Textures,MedievalWood_NormalGL.ktx2,.ktx2,1264139,1234.51,1.2056,UNMAPPED,,,,,,,,,,
01_Assets_Organizados,Textures/textures/structures/MedievalWood_Roughness.jpg,Textures,MedievalWood_Roughness.jpg,.jpg,321025,313.5,0.3062,UNMAPPED,,,,,,,,1024,1024,L
01_Assets_Organizados,Textures/textures/structures/MedievalWood_Roughness.ktx2,Textures,MedievalWood_Roughness.ktx2,.ktx2,154449,150.83,0.1473,UNMAPPED,,,,,,,,,,
01_Assets_Organizados,Textures/textures/structures/Metal013_Displacement.jpg,Textures,Metal013_Displacement.jpg,.jpg,620767,606.22,0.592,UNMAPPED,,,,,,,,1024,1024,L
01_Assets_Organizados,Textures/textures/structures/Metal013_Displacement.ktx2,Textures,Metal013_Displacement.ktx2,.ktx2,1054462,1029.75,1.0056,UNMAPPED,,,,,,,,,,
01_Assets_Organizados,Textures/textures/structures/Metal013_Metalness.jpg,Textures,Metal013_Metalness.jpg,.jpg,780052,761.77,0.7439,UNMAPPED,,,,,,,,1024,1024,L
01_Assets_Organizados,Textures/textures/structures/Metal013_Metalness.ktx2,Textures,Metal013_Metalness.ktx2,.ktx2,183516,179.21,0.175,UNMAPPED,,,,,,,,,,
01_Assets_Organizados,Textures/textures/structures/Metal013_NormalGL.jpg,Textures,Metal013_NormalGL.jpg,.jpg,1766792,1725.38,1.6849,UNMAPPED,,,,,,,,1024,1024,RGB
01_Assets_Organizados,Textures/textures/structures/Metal013_NormalGL.ktx2,Textures,Metal013_NormalGL.ktx2,.ktx2,1275287,1245.4,1.2162,UNMAPPED,,,,,,,,,,
01_Assets_Organizados,Textures/textures/structures/Metal013_Roughness.jpg,Textures,Metal013_Roughness.jpg,.jpg,526949,514.6,0.5025,UNMAPPED,,,,,,,,1024,1024,L
01_Assets_Organizados,Textures/textures/structures/Metal013_Roughness.ktx2,Textures,Metal013_Roughness.ktx2,.ktx2,154204,150.59,0.1471,UNMAPPED,,,,,,,,,,
01_Assets_Organizados,Textures/textures/foliage/Moss002_AmbientOcclusion.jpg,Textures,Moss002_AmbientOcclusion.jpg,.jpg,896972,875.95,0.8554,UNMAPPED,,,,,,,,1024,1024,L
01_Assets_Organizados,Textures/textures/foliage/Moss002_NormalGL.jpg,Textures,Moss002_NormalGL.jpg,.jpg,2395922,2339.77,2.2849,UNMAPPED,,,,,,,,1024,1024,RGB
01_Assets_Organizados,Textures/env/night_1k.hdr,Textures,night_1k.hdr,.hdr,1745132,1704.23,1.6643,UNMAPPED,,,,,,,,,,
01_Assets_Organizados,Textures/env/night_2k.hdr,Textures,night_2k.hdr,.hdr,7050455,6885.21,6.7238,UNMAPPED,,,,,,,,,,
01_Assets_Organizados,Textures/env/nightbloom_dream_1k.hdr,Textures,nightbloom_dream_1k.hdr,.hdr,2097202,2048.05,2.0,UNMAPPED,,,,,,,,,,
01_Assets_Organizados,Textures/env/nightbloom_dream_2k.hdr,Textures,nightbloom_dream_2k.hdr,.hdr,8388659,8192.05,8.0,UNMAPPED,,,,,,,,,,
01_Assets_Organizados,Textures/env/palmreach_day_1k.hdr,Textures,palmreach_day_1k.hdr,.hdr,2097202,2048.05,2.0,UNMAPPED,,,,,,,,,,
01_Assets_Organizados,Textures/env/palmreach_day_2k.hdr,Textures,palmreach_day_2k.hdr,.hdr,8388659,8192.05,8.0,UNMAPPED,,,,,,,,,,
01_Assets_Organizados,Textures/textures/terrain/PavingStones046_AmbientOcclusion.jpg,Textures,PavingStones046_AmbientOcclusion.jpg,.jpg,404327,394.85,0.3856,UNMAPPED,,,,,,,,1024,1024,L
01_Assets_Organizados,Textures/textures/terrain/PavingStones046_Color.jpg,Textures,PavingStones046_Color.jpg,.jpg,1083584,1058.19,1.0334,UNMAPPED,,,,,,,,1024,1024,RGB
01_Assets_Organizados,Textures/textures/terrain/PavingStones046_NormalGL.jpg,Textures,PavingStones046_NormalGL.jpg,.jpg,2176030,2125.03,2.0752,UNMAPPED,,,,,,,,1024,1024,RGB
01_Assets_Organizados,Textures/textures/terrain/PavingStones046_Roughness.jpg,Textures,PavingStones046_Roughness.jpg,.jpg,636185,621.27,0.6067,UNMAPPED,,,,,,,,1024,1024,L
01_Assets_Organizados,Textures/env/peaks_dawn_1k.hdr,Textures,peaks_dawn_1k.hdr,.hdr,2097202,2048.05,2.0,UNMAPPED,,,,,,,,,,
01_Assets_Organizados,Textures/env/peaks_dawn_2k.hdr,Textures,peaks_dawn_2k.hdr,.hdr,8388659,8192.05,8.0,UNMAPPED,,,,,,,,,,
01_Assets_Organizados,Textures/textures/structures/Plaster007_AmbientOcclusion.jpg,Textures,Plaster007_AmbientOcclusion.jpg,.jpg,660056,644.59,0.6295,UNMAPPED,,,,,,,,1024,1024,L
01_Assets_Organizados,Textures/textures/structures/Plaster007_AmbientOcclusion.ktx2,Textures,Plaster007_AmbientOcclusion.ktx2,.ktx2,947686,925.47,0.9038,UNMAPPED,,,,,,,,,,
01_Assets_Organizados,Textures/textures/structures/Plaster007_Color.jpg,Textures,Plaster007_Color.jpg,.jpg,1164937,1137.63,1.111,UNMAPPED,,,,,,,,1024,1024,RGB
01_Assets_Organizados,Textures/textures/structures/Plaster007_Displacement.jpg,Textures,Plaster007_Displacement.jpg,.jpg,438483,428.21,0.4182,UNMAPPED,,,,,,,,1024,1024,L
01_Assets_Organizados,Textures/textures/structures/Plaster007_Displacement.ktx2,Textures,Plaster007_Displacement.ktx2,.ktx2,869811,849.42,0.8295,UNMAPPED,,,,,,,,,,
01_Assets_Organizados,Textures/textures/structures/Plaster007_NormalGL.jpg,Textures,Plaster007_NormalGL.jpg,.jpg,1810633,1768.2,1.7268,UNMAPPED,,,,,,,,1024,1024,RGB
01_Assets_Organizados,Textures/textures/structures/Plaster007_NormalGL.ktx2,Textures,Plaster007_NormalGL.ktx2,.ktx2,1247489,1218.25,1.1897,UNMAPPED,,,,,,,,,,
01_Assets_Organizados,Textures/textures/structures/Plaster007_Roughness.jpg,Textures,Plaster007_Roughness.jpg,.jpg,738576,721.27,0.7044,UNMAPPED,,,,,,,,1024,1024,L
01_Assets_Organizados,Textures/textures/structures/Plaster007_Roughness.ktx2,Textures,Plaster007_Roughness.ktx2,.ktx2,166477,162.58,0.1588,UNMAPPED,,,,,,,,,,
01_Assets_Organizados,Textures/textures/terrain/Rock026_AmbientOcclusion.jpg,Textures,Rock026_AmbientOcclusion.jpg,.jpg,272032,265.66,0.2594,UNMAPPED,,,,,,,,1024,1024,L
01_Assets_Organizados,Textures/textures/terrain/Rock026_AmbientOcclusion.ktx2,Textures,Rock026_AmbientOcclusion.ktx2,.ktx2,386570,377.51,0.3687,UNMAPPED,,,,,,,,,,
01_Assets_Organizados,Textures/textures/terrain/Rock026_Color.jpg,Textures,Rock026_Color.jpg,.jpg,1369157,1337.07,1.3057,UNMAPPED,,,,,,,,1024,1024,RGB
01_Assets_Organizados,Textures/textures/terrain/Rock026_Displacement.jpg,Textures,Rock026_Displacement.jpg,.jpg,214437,209.41,0.2045,UNMAPPED,,,,,,,,1024,1024,L
01_Assets_Organizados,Textures/textures/terrain/Rock026_Displacement.ktx2,Textures,Rock026_Displacement.ktx2,.ktx2,616817,602.36,0.5882,UNMAPPED,,,,,,,,,,
01_Assets_Organizados,Textures/textures/terrain/Rock026_NormalGL.jpg,Textures,Rock026_NormalGL.jpg,.jpg,1789482,1747.54,1.7066,UNMAPPED,,,,,,,,1024,1024,RGB
01_Assets_Organizados,Textures/textures/terrain/Rock026_NormalGL.ktx2,Textures,Rock026_NormalGL.ktx2,.ktx2,1231181,1202.33,1.1741,UNMAPPED,,,,,,,,,,
01_Assets_Organizados,Textures/textures/terrain/Rock026_Roughness.jpg,Textures,Rock026_Roughness.jpg,.jpg,319913,312.42,0.3051,UNMAPPED,,,,,,,,1024,1024,L
01_Assets_Organizados,Textures/textures/terrain/Rock026_Roughness.ktx2,Textures,Rock026_Roughness.ktx2,.ktx2,88057,85.99,0.084,UNMAPPED,,,,,,,,,,
01_Assets_Organizados,Textures/textures/terrain/Rock029_Color.jpg,Textures,Rock029_Color.jpg,.jpg,198988,194.32,0.1898,UNMAPPED,,,,,,,,1024,1024,RGB
01_Assets_Organizados,Textures/textures/terrain/Rock029_NormalGL.jpg,Textures,Rock029_NormalGL.jpg,.jpg,268366,262.08,0.2559,UNMAPPED,,,,,,,,1024,1024,RGB
01_Assets_Organizados,Textures/textures/terrain/Rock035_Color.jpg,Textures,Rock035_Color.jpg,.jpg,179975,175.76,0.1716,UNMAPPED,,,,,,,,1024,1024,RGB
01_Assets_Organizados,Textures/textures/terrain/Rock035_NormalGL.jpg,Textures,Rock035_NormalGL.jpg,.jpg,286606,279.89,0.2733,UNMAPPED,,,,,,,,1024,1024,RGB
01_Assets_Organizados,Textures/textures/terrain/Rock051_AmbientOcclusion.jpg,Textures,Rock051_AmbientOcclusion.jpg,.jpg,671597,655.86,0.6405,UNMAPPED,,,,,,,,1024,1024,L
01_Assets_Organizados,Textures/textures/terrain/Rock051_Color.jpg,Textures,Rock051_Color.jpg,.jpg,1584524,1547.39,1.5111,UNMAPPED,,,,,,,,1024,1024,RGB
01_Assets_Organizados,Textures/textures/terrain/Rock051_NormalGL.jpg,Textures,Rock051_NormalGL.jpg,.jpg,2102099,2052.83,2.0047,UNMAPPED,,,,,,,,1024,1024,RGB
01_Assets_Organizados,Textures/textures/terrain/Rock051_NormalGL.ktx2,Textures,Rock051_NormalGL.ktx2,.ktx2,1320295,1289.35,1.2591,UNMAPPED,,,,,,,,,,
01_Assets_Organizados,Textures/textures/terrain/Rock051_Roughness.jpg,Textures,Rock051_Roughness.jpg,.jpg,577866,564.32,0.5511,UNMAPPED,,,,,,,,1024,1024,L
01_Assets_Organizados,Textures/textures/battleground/Rock054.jpg,Textures,Rock054.jpg,.jpg,132754,129.64,0.1266,UNMAPPED,,,,,,,,1024,1024,RGB
01_Assets_Organizados,Textures/textures/battleground/Rock056.jpg,Textures,Rock056.jpg,.jpg,78359,76.52,0.0747,UNMAPPED,,,,,,,,1024,1024,RGB
01_Assets_Organizados,Textures/textures/terrain/Rock060_AmbientOcclusion.jpg,Textures,Rock060_AmbientOcclusion.jpg,.jpg,603867,589.71,0.5759,UNMAPPED,,,,,,,,1024,1024,L
01_Assets_Organizados,Textures/textures/terrain/Rock060_Color.jpg,Textures,Rock060_Color.jpg,.jpg,1028453,1004.35,0.9808,UNMAPPED,,,,,,,,1024,1024,RGB
01_Assets_Organizados,Textures/textures/terrain/Rock060_Displacement.jpg,Textures,Rock060_Displacement.jpg,.jpg,294271,287.37,0.2806,UNMAPPED,,,,,,,,1024,1024,L
01_Assets_Organizados,Textures/textures/terrain/Rock060_NormalGL.jpg,Textures,Rock060_NormalGL.jpg,.jpg,1921754,1876.71,1.8327,UNMAPPED,,,,,,,,1024,1024,RGB
01_Assets_Organizados,Textures/textures/terrain/Rock060_Roughness.jpg,Textures,Rock060_Roughness.jpg,.jpg,783640,765.27,0.7473,UNMAPPED,,,,,,,,1024,1024,L
01_Assets_Organizados,Textures/textures/battleground/Roots001.jpg,Textures,Roots001.jpg,.jpg,169378,165.41,0.1615,UNMAPPED,,,,,,,,1024,1024,RGB
01_Assets_Organizados,Textures/textures/battleground/Roots002.jpg,Textures,Roots002.jpg,.jpg,142833,139.49,0.1362,UNMAPPED,,,,,,,,1024,1024,RGB
01_Assets_Organizados,Textures/textures/structures/RustCoarse01_AmbientOcclusion.jpg,Textures,RustCoarse01_AmbientOcclusion.jpg,.jpg,656257,640.88,0.6259,UNMAPPED,,,,,,,,1024,1024,L
01_Assets_Organizados,Textures/textures/structures/RustCoarse01_Displacement.jpg,Textures,RustCoarse01_Displacement.jpg,.jpg,415221,405.49,0.396,UNMAPPED,,,,,,,,1024,1024,RGB
01_Assets_Organizados,Textures/textures/structures/RustCoarse01_NormalGL.jpg,Textures,RustCoarse01_NormalGL.jpg,.jpg,763053,745.17,0.7277,UNMAPPED,,,,,,,,1024,1024,RGB
01_Assets_Organizados,Textures/textures/structures/RustCoarse01_Roughness.jpg,Textures,RustCoarse01_Roughness.jpg,.jpg,712003,695.32,0.679,UNMAPPED,,,,,,,,1024,1024,RGB
01_Assets_Organizados,Textures/textures/terrain/Snow010A_AmbientOcclusion.jpg,Textures,Snow010A_AmbientOcclusion.jpg,.jpg,355887,347.55,0.3394,UNMAPPED,,,,,,,,1024,1024,L
01_Assets_Organizados,Textures/textures/terrain/Snow010A_Color.jpg,Textures,Snow010A_Color.jpg,.jpg,878073,857.49,0.8374,UNMAPPED,,,,,,,,1024,1024,RGB
01_Assets_Organizados,Textures/textures/terrain/Snow010A_NormalGL.jpg,Textures,Snow010A_NormalGL.jpg,.jpg,1465548,1431.2,1.3977,UNMAPPED,,,,,,,,1024,1024,RGB
01_Assets_Organizados,Textures/textures/terrain/Snow010A_Roughness.jpg,Textures,Snow010A_Roughness.jpg,.jpg,773806,755.67,0.738,UNMAPPED,,,,,,,,1024,1024,L
01_Assets_Organizados,Textures/env/vale_cup_1k.hdr,Textures,vale_cup_1k.hdr,.hdr,2097202,2048.05,2.0,UNMAPPED,,,,,,,,,,
01_Assets_Organizados,Textures/env/vale_cup_2k.hdr,Textures,vale_cup_2k.hdr,.hdr,8388659,8192.05,8.0,UNMAPPED,,,,,,,,,,
01_Assets_Organizados,Textures/env/vale_day_1k.hdr,Textures,vale_day_1k.hdr,.hdr,2097202,2048.05,2.0,UNMAPPED,,,,,,,,,,
01_Assets_Organizados,Textures/env/vale_day_2k.hdr,Textures,vale_day_2k.hdr,.hdr,8388659,8192.05,8.0,UNMAPPED,,,,,,,,,,
01_Assets_Organizados,Textures/textures/water/water_1_normal.jpg,Textures,water_1_normal.jpg,.jpg,406361,396.84,0.3875,UNMAPPED,,,,,,,,512,512,RGB
01_Assets_Organizados,Textures/textures/water/water_2_normal.jpg,Textures,water_2_normal.jpg,.jpg,437899,427.64,0.4176,UNMAPPED,,,,,,,,512,512,RGB
01_Assets_Organizados,Textures/textures/water/waternormals.jpg,Textures,waternormals.jpg,.jpg,248813,242.98,0.2373,UNMAPPED,,,,,,,,1024,1024,RGB
01_Assets_Organizados,Textures/textures/battleground/Wood004.jpg,Textures,Wood004.jpg,.jpg,87721,85.67,0.0837,UNMAPPED,,,,,,,,1024,1024,RGB
01_Assets_Organizados,Textures/env/wraithwood_gloom_1k.hdr,Textures,wraithwood_gloom_1k.hdr,.hdr,2097202,2048.05,2.0,UNMAPPED,,,,,,,,,,
01_Assets_Organizados,Textures/env/wraithwood_gloom_2k.hdr,Textures,wraithwood_gloom_2k.hdr,.hdr,8388659,8192.05,8.0,UNMAPPED,,,,,,,,,,
01_Assets_Organizados,UI/items/abyssal_loop.webp,UI,abyssal_loop.webp,.webp,3074,3.0,0.0029,UNMAPPED,,,,,,,,128,128,RGB
01_Assets_Organizados,UI/skills/warlock/abyssal_rift.webp,UI,abyssal_rift.webp,.webp,5262,5.14,0.005,UNMAPPED,,,,,,,,128,128,RGB
01_Assets_Organizados,UI/items/abysswrought_band.webp,UI,abysswrought_band.webp,.webp,2664,2.6,0.0025,UNMAPPED,,,,,,,,128,128,RGB
01_Assets_Organizados,UI/items/acolyte_chain_grips.webp,UI,acolyte_chain_grips.webp,.webp,4638,4.53,0.0044,UNMAPPED,,,,,,,,128,128,RGB
01_Assets_Organizados,UI/mobs/acolyte_tessa.webp,UI,acolyte_tessa.webp,.webp,2234,2.18,0.0021,UNMAPPED,,,,,,,,128,128,RGB
01_Assets_Organizados,UI/items/acolytes_circlet.webp,UI,acolytes_circlet.webp,.webp,1900,1.86,0.0018,UNMAPPED,,,,,,,,128,128,RGB
01_Assets_Organizados,UI/skills/rogue/adrenaline_rush.webp,UI,adrenaline_rush.webp,.webp,3462,3.38,0.0033,UNMAPPED,,,,,,,,128,128,RGB
01_Assets_Organizados,UI/weapons/adv_axe_1handed.jpg,UI,adv_axe_1handed.jpg,.jpg,1535,1.5,0.0015,UNMAPPED,,,,,,,,128,128,RGB
01_Assets_Organizados,UI/weapons/adv_axe_2handed.jpg,UI,adv_axe_2handed.jpg,.jpg,1569,1.53,0.0015,UNMAPPED,,,,,,,,128,128,RGB
01_Assets_Organizados,UI/weapons/adv_dagger.jpg,UI,adv_dagger.jpg,.jpg,1448,1.41,0.0014,UNMAPPED,,,,,,,,128,128,RGB
01_Assets_Organizados,UI/weapons/adv_druid_staff.jpg,UI,adv_druid_staff.jpg,.jpg,1526,1.49,0.0015,UNMAPPED,,,,,,,,128,128,RGB
01_Assets_Organizados,UI/weapons/adv_staff.jpg,UI,adv_staff.jpg,.jpg,1530,1.49,0.0015,UNMAPPED,,,,,,,,128,128,RGB
01_Assets_Organizados,UI/weapons/adv_sword_1handed.jpg,UI,adv_sword_1handed.jpg,.jpg,1435,1.4,0.0014,UNMAPPED,,,,,,,,128,128,RGB
01_Assets_Organizados,UI/weapons/adv_sword_2handed.jpg,UI,adv_sword_2handed.jpg,.jpg,1412,1.38,0.0013,UNMAPPED,,,,,,,,128,128,RGB
01_Assets_Organizados,UI/weapons/adv_sword_2handed_color.jpg,UI,adv_sword_2handed_color.jpg,.jpg,1496,1.46,0.0014,UNMAPPED,,,,,,,,128,128,RGB
01_Assets_Organizados,UI/weapons/adv_wand.jpg,UI,adv_wand.jpg,.jpg,1368,1.34,0.0013,UNMAPPED,,,,,,,,128,128,RGB
01_Assets_Organizados,UI/skills/paladin/aegis_first_dawn.webp,UI,aegis_first_dawn.webp,.webp,5854,5.72,0.0056,UNMAPPED,,,,,,,,128,128,RGB
01_Assets_Organizados,UI/specs/warlock/affliction.webp,UI,affliction.webp,.webp,6684,6.53,0.0064,UNMAPPED,,,,,,,,128,128,RGB
01_Assets_Organizados,UI/skills/hunter/aimed_shot.webp,UI,aimed_shot.webp,.webp,4288,4.19,0.0041,UNMAPPED,,,,,,,,128,128,RGB
01_Assets_Organizados,UI/items/alien_armor_plate.webp,UI,alien_armor_plate.webp,.webp,2530,2.47,0.0024,UNMAPPED,,,,,,,,128,128,RGB
01_Assets_Organizados,UI/items/amber_crimson_armor_plate.webp,UI,amber_crimson_armor_plate.webp,.webp,2822,2.76,0.0027,UNMAPPED,,,,,,,,128,128,RGB
01_Assets_Organizados,UI/items/amber_hide.webp,UI,amber_hide.webp,.webp,2542,2.48,0.0024,UNMAPPED,,,,,,,,128,128,RGB
01_Assets_Organizados,UI/items/amberfall_sap_bucket.webp,UI,amberfall_sap_bucket.webp,.webp,2244,2.19,0.0021,UNMAPPED,,,,,,,,128,128,RGB
01_Assets_Organizados,UI/skills/rogue/ambush.webp,UI,ambush.webp,.webp,4404,4.3,0.0042,UNMAPPED,,,,,,,,128,128,RGB
01_Assets_Organizados,UI/items/amethyst_silver_armor_plate.webp,UI,amethyst_silver_armor_plate.webp,.webp,2482,2.42,0.0024,UNMAPPED,,,,,,,,128,128,RGB
01_Assets_Organizados,UI/skills/shaman/ancestor_return.webp,UI,ancestor_return.webp,.webp,5708,5.57,0.0054,UNMAPPED,,,,,,,,128,128,RGB
01_Assets_Organizados,UI/items/ancient_crypt_door.webp,UI,ancient_crypt_door.webp,.webp,3852,3.76,0.0037,UNMAPPED,,,,,,,,128,128,RGB
01_Assets_Organizados,UI/mobs/ancient_guardian.webp,UI,ancient_guardian.webp,.webp,2840,2.77,0.0027,UNMAPPED,,,,,,,,128,128,RGB
01_Assets_Organizados,UI/skills/warrior/anger_management.webp,UI,anger_management.webp,.webp,8260,8.07,0.0079,UNMAPPED,,,,,,,,128,128,RGB
01_Assets_Organizados,UI/items/anglers_feast_platter.webp,UI,anglers_feast_platter.webp,.webp,6194,6.05,0.0059,UNMAPPED,,,,,,,,128,128,RGB
01_Assets_Organizados,UI/items/apprentice_robe.webp,UI,apprentice_robe.webp,.webp,2504,2.45,0.0024,UNMAPPED,,,,,,,,128,128,RGB
01_Assets_Organizados,UI/items/apprentice_staff.webp,UI,apprentice_staff.webp,.webp,1190,1.16,0.0011,UNMAPPED,,,,,,,,128,128,RGB
01_Assets_Organizados,UI/mobs/apprentice_wren.webp,UI,apprentice_wren.webp,.webp,2778,2.71,0.0026,UNMAPPED,,,,,,,,128,128,RGB
01_Assets_Organizados,UI/specs/mage/arcane.webp,UI,arcane.webp,.webp,10832,10.58,0.0103,UNMAPPED,,,,,,,,128,128,RGB
01_Assets_Organizados,UI/items/arcane_dust.webp,UI,arcane_dust.webp,.webp,972,0.95,0.0009,UNMAPPED,,,,,,,,128,128,RGB
01_Assets_Organizados,UI/items/arcane_essence.webp,UI,arcane_essence.webp,.webp,1260,1.23,0.0012,UNMAPPED,,,,,,,,128,128,RGB
01_Assets_Organizados,UI/skills/mage/arcane_explosion.webp,UI,arcane_explosion.webp,.webp,3714,3.63,0.0035,UNMAPPED,,,,,,,,128,128,RGBA
01_Assets_Organizados,UI/skills/mage/arcane_intellect.webp,UI,arcane_intellect.webp,.webp,4990,4.87,0.0048,UNMAPPED,,,,,,,,128,128,RGBA
01_Assets_Organizados,UI/skills/mage/arcane_missiles.webp,UI,arcane_missiles.webp,.webp,8352,8.16,0.008,UNMAPPED,,,,,,,,128,128,RGB
01_Assets_Organizados,UI/skills/mage/arcane_power.webp,UI,arcane_power.webp,.webp,5352,5.23,0.0051,UNMAPPED,,,,,,,,128,128,RGB
01_Assets_Organizados,UI/items/arcane_shard.webp,UI,arcane_shard.webp,.webp,1812,1.77,0.0017,UNMAPPED,,,,,,,,128,128,RGB
01_Assets_Organizados,UI/skills/hunter/arcane_shot.webp,UI,arcane_shot.webp,.webp,4052,3.96,0.0039,UNMAPPED,,,,,,,,128,128,RGB
01_Assets_Organizados,UI/skills/mage/arcane_surge.webp,UI,arcane_surge.webp,.webp,6190,6.04,0.0059,UNMAPPED,,,,,,,,128,128,RGB
01_Assets_Organizados,UI/items/arcanite_bar.webp,UI,arcanite_bar.webp,.webp,1910,1.87,0.0018,UNMAPPED,,,,,,,,128,128,RGB
01_Assets_Organizados,UI/items/arcanite_mining_pick.webp,UI,arcanite_mining_pick.webp,.webp,1820,1.78,0.0017,UNMAPPED,,,,,,,,128,128,RGB
01_Assets_Organizados,UI/items/arcanite_war_axe.webp,UI,arcanite_war_axe.webp,.webp,2118,2.07,0.002,UNMAPPED,,,,,,,,128,128,RGB
01_Assets_Organizados,UI/professions/archetype_apothecary.webp,UI,archetype_apothecary.webp,.webp,5448,5.32,0.0052,UNMAPPED,,,,,,,,128,128,RGBA
01_Assets_Organizados,UI/professions/archetype_arcanist.webp,UI,archetype_arcanist.webp,.webp,4960,4.84,0.0047,UNMAPPED,,,,,,,,128,128,RGBA
01_Assets_Organizados,UI/professions/archetype_bladewright.webp,UI,archetype_bladewright.webp,.webp,4110,4.01,0.0039,UNMAPPED,,,,,,,,128,128,RGBA
01_Assets_Organizados,UI/professions/archetype_bombardier.webp,UI,archetype_bombardier.webp,.webp,5098,4.98,0.0049,UNMAPPED,,,,,,,,128,128,RGBA
01_Assets_Organizados,UI/professions/archetype_cogsmith.webp,UI,archetype_cogsmith.webp,.webp,5506,5.38,0.0053,UNMAPPED,,,,,,,,128,128,RGBA
01_Assets_Organizados,UI/professions/archetype_gembinder.webp,UI,archetype_gembinder.webp,.webp,5048,4.93,0.0048,UNMAPPED,,,,,,,,128,128,RGBA
01_Assets_Organizados,UI/professions/archetype_mageweaver.webp,UI,archetype_mageweaver.webp,.webp,4612,4.5,0.0044,UNMAPPED,,,,,,,,128,128,RGBA
01_Assets_Organizados,UI/professions/archetype_outfitter.webp,UI,archetype_outfitter.webp,.webp,5370,5.24,0.0051,UNMAPPED,,,,,,,,128,128,RGBA
01_Assets_Organizados,UI/professions/archetype_smith.webp,UI,archetype_smith.webp,.webp,5542,5.41,0.0053,UNMAPPED,,,,,,,,128,128,RGBA
01_Assets_Organizados,UI/professions/archetype_trapper.webp,UI,archetype_trapper.webp,.webp,4796,4.68,0.0046,UNMAPPED,,,,,,,,128,128,RGBA
01_Assets_Organizados,UI/items/architects_cornerstone.webp,UI,architects_cornerstone.webp,.webp,5166,5.04,0.0049,UNMAPPED,,,,,,,,128,128,RGB
01_Assets_Organizados,UI/chrome/arena.webp,UI,arena.webp,.webp,8290,8.1,0.0079,UNMAPPED,,,,,,,,128,128,RGBA
01_Assets_Organizados,UI/specs/warrior/arms.webp,UI,arms.webp,.webp,6288,6.14,0.006,UNMAPPED,,,,,,,,128,128,RGB
01_Assets_Organizados,UI/skills/warlock/army_of_the_dead.webp,UI,army_of_the_dead.webp,.webp,5504,5.38,0.0052,UNMAPPED,,,,,,,,128,128,RGB
01_Assets_Organizados,UI/cursors/arrow.png,UI,arrow.png,.png,2653,2.59,0.0025,UNMAPPED,,,,,,,,28,28,RGBA
01_Assets_Organizados,UI/items/artisans_eye.webp,UI,artisans_eye.webp,.webp,2138,2.09,0.002,UNMAPPED,,,,,,,,128,128,RGB
01_Assets_Organizados,UI/mobs/ashbone_raider.webp,UI,ashbone_raider.webp,.webp,2910,2.84,0.0028,UNMAPPED,,,,,,,,128,128,RGB
01_Assets_Organizados,UI/items/ashbone_war_brand.webp,UI,ashbone_war_brand.webp,.webp,1772,1.73,0.0017,UNMAPPED,,,,,,,,128,128,RGB
01_Assets_Organizados,UI/mobs/ashbone_warcaller.webp,UI,ashbone_warcaller.webp,.webp,2836,2.77,0.0027,UNMAPPED,,,,,,,,128,128,RGB
01_Assets_Organizados,UI/items/ashen_focus_ring.webp,UI,ashen_focus_ring.webp,.webp,3826,3.74,0.0036,UNMAPPED,,,,,,,,128,128,RGB
01_Assets_Organizados,UI/store/armory/ashspark_dagger.webp,UI,ashspark_dagger.webp,.webp,8812,8.61,0.0084,UNMAPPED,,,,,,,,512,512,RGB
01_Assets_Organizados,UI/weapons/ashspark_shiv.jpg,UI,ashspark_shiv.jpg,.jpg,808,0.79,0.0008,UNMAPPED,,,,,,,,128,128,RGB
01_Assets_Organizados,UI/items/ashstalker_cowl.webp,UI,ashstalker_cowl.webp,.webp,3966,3.87,0.0038,UNMAPPED,,,,,,,,128,128,RGB
01_Assets_Organizados,UI/items/ashstalker_grips.webp,UI,ashstalker_grips.webp,.webp,3882,3.79,0.0037,UNMAPPED,,,,,,,,128,128,RGB
01_Assets_Organizados,UI/items/ashstalker_harness.webp,UI,ashstalker_harness.webp,.webp,3974,3.88,0.0038,UNMAPPED,,,,,,,,128,128,RGB
01_Assets_Organizados,UI/items/ashstalker_legguards.webp,UI,ashstalker_legguards.webp,.webp,3888,3.8,0.0037,UNMAPPED,,,,,,,,128,128,RGB
01_Assets_Organizados,UI/items/ashstalker_shoulderguards.webp,UI,ashstalker_shoulderguards.webp,.webp,3818,3.73,0.0036,UNMAPPED,,,,,,,,128,128,RGB
01_Assets_Organizados,UI/items/ashstalker_treads.webp,UI,ashstalker_treads.webp,.webp,3886,3.79,0.0037,UNMAPPED,,,,,,,,128,128,RGB
01_Assets_Organizados,UI/items/ashstalker_waistband.webp,UI,ashstalker_waistband.webp,.webp,4414,4.31,0.0042,UNMAPPED,,,,,,,,128,128,RGB
01_Assets_Organizados,UI/items/ashwood_axe.webp,UI,ashwood_axe.webp,.webp,4090,3.99,0.0039,UNMAPPED,,,,,,,,128,128,RGB
01_Assets_Organizados,UI/items/ashwood_log.webp,UI,ashwood_log.webp,.webp,1926,1.88,0.0018,UNMAPPED,,,,,,,,128,128,RGB
01_Assets_Organizados,UI/items/ashwood_smoked_eel.webp,UI,ashwood_smoked_eel.webp,.webp,4946,4.83,0.0047,UNMAPPED,,,,,,,,128,128,RGB
01_Assets_Organizados,UI/skills/hunter/aspect_of_the_cheetah.webp,UI,aspect_of_the_cheetah.webp,.webp,3812,3.72,0.0036,UNMAPPED,,,,,,,,128,128,RGB
01_Assets_Organizados,UI/skills/hunter/aspect_of_the_hawk.webp,UI,aspect_of_the_hawk.webp,.webp,4554,4.45,0.0043,UNMAPPED,,,,,,,,128,128,RGBA
01_Assets_Organizados,UI/skills/hunter/aspect_of_the_monkey.webp,UI,aspect_of_the_monkey.webp,.webp,3234,3.16,0.0031,UNMAPPED,,,,,,,,128,128,RGB
01_Assets_Organizados,UI/skills/hunter/aspect_of_the_wild.webp,UI,aspect_of_the_wild.webp,.webp,4574,4.47,0.0044,UNMAPPED,,,,,,,,128,128,RGB
01_Assets_Organizados,UI/specs/rogue/assassination.webp,UI,assassination.webp,.webp,4682,4.57,0.0045,UNMAPPED,,,,,,,,128,128,RGB
01_Assets_Organizados,UI/store/armory/astravyr_dagger.webp,UI,astravyr_dagger.webp,.webp,12500,12.21,0.0119,UNMAPPED,,,,,,,,512,512,RGB
01_Assets_Organizados,UI/weapons/astravyr_fang_of_the_fallen_star.jpg,UI,astravyr_fang_of_the_fallen_star.jpg,.jpg,777,0.76,0.0007,UNMAPPED,,,,,,,,128,128,RGB
01_Assets_Organizados,UI/cursors/attack-sword.png,UI,attack-sword.png,.png,1067,1.04,0.001,UNMAPPED,,,,,,,,25,32,RGBA
01_Assets_Organizados,UI/skills/warrior/attack.webp,UI,attack.webp,.webp,7612,7.43,0.0073,UNMAPPED,,,,,,,,128,128,RGB
01_Assets_Organizados,UI/skills/paladin/aura_mastery.webp,UI,aura_mastery.webp,.webp,7840,7.66,0.0075,UNMAPPED,,,,,,,,128,128,RGB
01_Assets_Organizados,UI/mobs/aurelhorn.webp,UI,aurelhorn.webp,.webp,2810,2.74,0.0027,UNMAPPED,,,,,,,,128,128,RGB
01_Assets_Organizados,UI/items/aurora_mote.webp,UI,aurora_mote.webp,.webp,1986,1.94,0.0019,UNMAPPED,,,,,,,,128,128,RGB
01_Assets_Organizados,UI/skills/warrior/avatar.webp,UI,avatar.webp,.webp,9776,9.55,0.0093,UNMAPPED,,,,,,,,128,128,RGB
01_Assets_Organizados,UI/skills/paladin/avenging_wrath.webp,UI,avenging_wrath.webp,.webp,5768,5.63,0.0055,UNMAPPED,,,,,,,,128,128,RGB
01_Assets_Organizados,UI/weapons/axe_a.jpg,UI,axe_a.jpg,.jpg,1623,1.58,0.0015,UNMAPPED,,,,,,,,128,128,RGB
01_Assets_Organizados,UI/weapons/axe_b.jpg,UI,axe_b.jpg,.jpg,1603,1.57,0.0015,UNMAPPED,,,,,,,,128,128,RGB
01_Assets_Organizados,UI/weapons/axe_c.jpg,UI,axe_c.jpg,.jpg,1629,1.59,0.0016,UNMAPPED,,,,,,,,128,128,RGB
01_Assets_Organizados,UI/weapons/axe_d.jpg,UI,axe_d.jpg,.jpg,1580,1.54,0.0015,UNMAPPED,,,,,,,,128,128,RGB
01_Assets_Organizados,UI/items/backpack.webp,UI,backpack.webp,.webp,2926,2.86,0.0028,UNMAPPED,,,,,,,,128,128,RGB
01_Assets_Organizados,UI/skills/rogue/backstab.webp,UI,backstab.webp,.webp,4242,4.14,0.004,UNMAPPED,,,,,,,,128,128,RGB
01_Assets_Organizados,UI/chrome/bags.webp,UI,bags.webp,.webp,6088,5.95,0.0058,UNMAPPED,,,,,,,,128,128,RGBA
01_Assets_Organizados,UI/items/baked_bread.webp,UI,baked_bread.webp,.webp,3138,3.06,0.003,UNMAPPED,,,,,,,,128,128,RGB
01_Assets_Organizados,UI/specs/druid/balance.webp,UI,balance.webp,.webp,6636,6.48,0.0063,UNMAPPED,,,,,,,,128,128,RGB
01_Assets_Organizados,UI/chrome/ball.webp,UI,ball.webp,.webp,7592,7.41,0.0072,UNMAPPED,,,,,,,,128,128,RGBA
01_Assets_Organizados,UI/items/bandit_bandana.webp,UI,bandit_bandana.webp,.webp,2410,2.35,0.0023,UNMAPPED,,,,,,,,128,128,RGB
01_Assets_Organizados,UI/skills/druid/barkskin.webp,UI,barkskin.webp,.webp,4922,4.81,0.0047,UNMAPPED,,,,,,,,128,128,RGBA
01_Assets_Organizados,UI/items/barrow_grave_offering.webp,UI,barrow_grave_offering.webp,.webp,3204,3.13,0.0031,UNMAPPED,,,,,,,,128,128,RGB
01_Assets_Organizados,UI/mobs/barrow_king.webp,UI,barrow_king.webp,.webp,2312,2.26,0.0022,UNMAPPED,,,,,,,,128,128,RGB
01_Assets_Organizados,UI/mobs/barrow_wight.webp,UI,barrow_wight.webp,.webp,2760,2.7,0.0026,UNMAPPED,,,,,,,,128,128,RGB
01_Assets_Organizados,UI/items/barrowshade_mantle.webp,UI,barrowshade_mantle.webp,.webp,2680,2.62,0.0026,UNMAPPED,,,,,,,,128,128,RGB
01_Assets_Organizados,UI/skills/druid/bash.webp,UI,bash.webp,.webp,4522,4.42,0.0043,UNMAPPED,,,,,,,,128,128,RGBA
01_Assets_Organizados,UI/items/basin_stalkers_tunic.webp,UI,basin_stalkers_tunic.webp,.webp,3770,3.68,0.0036,UNMAPPED,,,,,,,,128,128,RGB
01_Assets_Organizados,UI/mobs/bastion_revenant.webp,UI,bastion_revenant.webp,.webp,2268,2.21,0.0022,UNMAPPED,,,,,,,,128,128,RGB
01_Assets_Organizados,UI/skills/paladin/bastion_rite.webp,UI,bastion_rite.webp,.webp,7438,7.26,0.0071,UNMAPPED,,,,,,,,128,128,RGB
01_Assets_Organizados,UI/skills/paladin/bastion_sweep.webp,UI,bastion_sweep.webp,.webp,6186,6.04,0.0059,UNMAPPED,,,,,,,,128,128,RGB
01_Assets_Organizados,UI/items/bastion_ward_stone.webp,UI,bastion_ward_stone.webp,.webp,3184,3.11,0.003,UNMAPPED,,,,,,,,128,128,RGB
01_Assets_Organizados,UI/skills/warrior/battle_rhythm.webp,UI,battle_rhythm.webp,.webp,9132,8.92,0.0087,UNMAPPED,,,,,,,,128,128,RGB
01_Assets_Organizados,UI/skills/warrior/battle_shout.webp,UI,battle_shout.webp,.webp,5076,4.96,0.0048,UNMAPPED,,,,,,,,128,128,RGBA
01_Assets_Organizados,UI/skills/warrior/battle_stance.webp,UI,battle_stance.webp,.webp,4486,4.38,0.0043,UNMAPPED,,,,,,,,128,128,RGB
01_Assets_Organizados,UI/skills/paladin/beacon_of_light.webp,UI,beacon_of_light.webp,.webp,4438,4.33,0.0042,UNMAPPED,,,,,,,,128,128,RGB
01_Assets_Organizados,UI/skills/druid/bear_charge.webp,UI,bear_charge.webp,.webp,5300,5.18,0.0051,UNMAPPED,,,,,,,,128,128,RGB
01_Assets_Organizados,UI/skills/druid/bear_form.webp,UI,bear_form.webp,.webp,4282,4.18,0.0041,UNMAPPED,,,,,,,,128,128,RGBA
01_Assets_Organizados,UI/crests/families/beast.webp,UI,beast.webp,.webp,15984,15.61,0.0152,UNMAPPED,,,,,,,,256,256,RGB
01_Assets_Organizados,UI/specs/hunter/beast_mastery.webp,UI,beast_mastery.webp,.webp,7320,7.15,0.007,UNMAPPED,,,,,,,,128,128,RGB
01_Assets_Organizados,UI/skills/druid/berserk.webp,UI,berserk.webp,.webp,5596,5.46,0.0053,UNMAPPED,,,,,,,,128,128,RGB
01_Assets_Organizados,UI/skills/warrior/berserker_rage.webp,UI,berserker_rage.webp,.webp,4832,4.72,0.0046,UNMAPPED,,,,,,,,128,128,RGB
01_Assets_Organizados,UI/skills/warrior/berserker_stance.webp,UI,berserker_stance.webp,.webp,9254,9.04,0.0088,UNMAPPED,,,,,,,,128,128,RGB
01_Assets_Organizados,UI/skills/hunter/bestial_wrath.webp,UI,bestial_wrath.webp,.webp,4376,4.27,0.0042,UNMAPPED,,,,,,,,128,128,RGB
01_Assets_Organizados,UI/items/blackwater_vanguard_chest.webp,UI,blackwater_vanguard_chest.webp,.webp,4386,4.28,0.0042,UNMAPPED,,,,,,,,128,128,RGB
01_Assets_Organizados,UI/skills/rogue/blade_flurry.webp,UI,blade_flurry.webp,.webp,4192,4.09,0.004,UNMAPPED,,,,,,,,128,128,RGB
01_Assets_Organizados,UI/skills/warrior/bladestorm.webp,UI,bladestorm.webp,.webp,10612,10.36,0.0101,UNMAPPED,,,,,,,,128,128,RGB
01_Assets_Organizados,UI/skills/mage/blazing_barrier.webp,UI,blazing_barrier.webp,.webp,6994,6.83,0.0067,UNMAPPED,,,,,,,,128,128,RGB
01_Assets_Organizados,UI/items/blessed_embers.webp,UI,blessed_embers.webp,.webp,2972,2.9,0.0028,UNMAPPED,,,,,,,,128,128,RGB
01_Assets_Organizados,UI/items/blessed_wax.webp,UI,blessed_wax.webp,.webp,2610,2.55,0.0025,UNMAPPED,,,,,,,,128,128,RGB
01_Assets_Organizados,UI/skills/paladin/blessing_of_might.webp,UI,blessing_of_might.webp,.webp,3750,3.66,0.0036,UNMAPPED,,,,,,,,128,128,RGBA
01_Assets_Organizados,UI/skills/rogue/blind.webp,UI,blind.webp,.webp,3030,2.96,0.0029,UNMAPPED,,,,,,,,128,128,RGBA
01_Assets_Organizados,UI/skills/mage/blink.webp,UI,blink.webp,.webp,5250,5.13,0.005,UNMAPPED,,,,,,,,128,128,RGB
01_Assets_Organizados,UI/skills/mage/blink_while_casting.webp,UI,blink_while_casting.webp,.webp,7626,7.45,0.0073,UNMAPPED,,,,,,,,128,128,RGB
01_Assets_Organizados,UI/skills/mage/blizzard.webp,UI,blizzard.webp,.webp,8118,7.93,0.0077,UNMAPPED,,,,,,,,128,128,RGB
01_Assets_Organizados,UI/skills/warrior/bloodbath.webp,UI,bloodbath.webp,.webp,9618,9.39,0.0092,UNMAPPED,,,,,,,,128,128,RGB
01_Assets_Organizados,UI/skills/hunter/bloodhook.webp,UI,bloodhook.webp,.webp,3954,3.86,0.0038,UNMAPPED,,,,,,,,128,128,RGB
01_Assets_Organizados,UI/skills/shaman/bloodlust.webp,UI,bloodlust.webp,.webp,8270,8.08,0.0079,UNMAPPED,,,,,,,,128,128,RGB
01_Assets_Organizados,UI/items/bloodmane_war_legguards.webp,UI,bloodmane_war_legguards.webp,.webp,2738,2.67,0.0026,UNMAPPED,,,,,,,,128,128,RGB
01_Assets_Organizados,UI/items/bloodmane_warleggings.webp,UI,bloodmane_warleggings.webp,.webp,1896,1.85,0.0018,UNMAPPED,,,,,,,,128,128,RGB
01_Assets_Organizados,UI/skills/warrior/bloodrage.webp,UI,bloodrage.webp,.webp,3586,3.5,0.0034,UNMAPPED,,,,,,,,128,128,RGB
01_Assets_Organizados,UI/skills/warrior/bloodthirst.webp,UI,bloodthirst.webp,.webp,4874,4.76,0.0046,UNMAPPED,,,,,,,,128,128,RGB
01_Assets_Organizados,UI/skills/hunter/bloodtrail_assault.webp,UI,bloodtrail_assault.webp,.webp,3474,3.39,0.0033,UNMAPPED,,,,,,,,128,128,RGB
01_Assets_Organizados,UI/items/boar_hide.webp,UI,boar_hide.webp,.webp,2746,2.68,0.0026,UNMAPPED,,,,,,,,128,128,RGB
01_Assets_Organizados,UI/skills/rogue/body_blow.webp,UI,body_blow.webp,.webp,3784,3.7,0.0036,UNMAPPED,,,,,,,,128,128,RGB
01_Assets_Organizados,UI/mobs/bog_bloat.webp,UI,bog_bloat.webp,.webp,1788,1.75,0.0017,UNMAPPED,,,,,,,,128,128,RGB
01_Assets_Organizados,UI/items/bogiron_hauberk.webp,UI,bogiron_hauberk.webp,.webp,2272,2.22,0.0022,UNMAPPED,,,,,,,,128,128,RGB
01_Assets_Organizados,UI/items/bogiron_mace.webp,UI,bogiron_mace.webp,.webp,1702,1.66,0.0016,UNMAPPED,,,,,,,,128,128,RGB
01_Assets_Organizados,UI/items/bogiron_nugget.webp,UI,bogiron_nugget.webp,.webp,2838,2.77,0.0027,UNMAPPED,,,,,,,,128,128,RGB
01_Assets_Organizados,UI/mobs/bogtoad.webp,UI,bogtoad.webp,.webp,1866,1.82,0.0018,UNMAPPED,,,,,,,,128,128,RGB
01_Assets_Organizados,UI/skills/warlock/bone_armor.webp,UI,bone_armor.webp,.webp,4220,4.12,0.004,UNMAPPED,,,,,,,,128,128,RGB
01_Assets_Organizados,UI/items/bone_fragments.webp,UI,bone_fragments.webp,.webp,2398,2.34,0.0023,UNMAPPED,,,,,,,,128,128,RGB
01_Assets_Organizados,UI/items/bonechill_cord.webp,UI,bonechill_cord.webp,.webp,4564,4.46,0.0044,UNMAPPED,,,,,,,,128,128,RGB
01_Assets_Organizados,UI/items/bonechill_striders.webp,UI,bonechill_striders.webp,.webp,5500,5.37,0.0052,UNMAPPED,,,,,,,,128,128,RGB
01_Assets_Organizados,UI/mobs/bonechill_widow.webp,UI,bonechill_widow.webp,.webp,1758,1.72,0.0017,UNMAPPED,,,,,,,,128,128,RGB
01_Assets_Organizados,UI/mobs/boneclad_revenant.webp,UI,boneclad_revenant.webp,.webp,2300,2.25,0.0022,UNMAPPED,,,,,,,,128,128,RGB
01_Assets_Organizados,UI/items/boneglass_shiv.webp,UI,boneglass_shiv.webp,.webp,1846,1.8,0.0018,UNMAPPED,,,,,,,,128,128,RGB
01_Assets_Organizados,UI/items/boneguard_breastplate.webp,UI,boneguard_breastplate.webp,.webp,3814,3.72,0.0036,UNMAPPED,,,,,,,,128,128,RGB
01_Assets_Organizados,UI/items/bonelord_mantle.webp,UI,bonelord_mantle.webp,.webp,2954,2.88,0.0028,UNMAPPED,,,,,,,,128,128,RGB
01_Assets_Organizados,UI/items/boneplate_vest.webp,UI,boneplate_vest.webp,.webp,2976,2.91,0.0028,UNMAPPED,,,,,,,,128,128,RGB
01_Assets_Organizados,UI/items/bonewrought_bulwark.webp,UI,bonewrought_bulwark.webp,.webp,6592,6.44,0.0063,UNMAPPED,,,,,,,,128,128,RGB
01_Assets_Organizados,UI/items/bonewrought_greatsword.webp,UI,bonewrought_greatsword.webp,.webp,1952,1.91,0.0019,UNMAPPED,,,,,,,,128,128,RGB
01_Assets_Organizados,UI/chrome/book.webp,UI,book.webp,.webp,7484,7.31,0.0071,UNMAPPED,,,,,,,,128,128,RGBA
01_Assets_Organizados,UI/crests/status/boss.webp,UI,boss.webp,.webp,14370,14.03,0.0137,UNMAPPED,,,,,,,,256,256,RGB
01_Assets_Organizados,UI/mobs/bound_guardian.webp,UI,bound_guardian.webp,.webp,2796,2.73,0.0027,UNMAPPED,,,,,,,,128,128,RGB
01_Assets_Organizados,UI/dungeons/bound_guardian.webp,UI,bound_guardian.webp,.webp,3294,3.22,0.0031,UNMAPPED,,,,,,,,128,128,RGBA
01_Assets_Organizados,UI/items/boundstone_girdle.webp,UI,boundstone_girdle.webp,.webp,2746,2.68,0.0026,UNMAPPED,,,,,,,,128,128,RGB
01_Assets_Organizados,UI/items/boundstone_helm.webp,UI,boundstone_helm.webp,.webp,2510,2.45,0.0024,UNMAPPED,,,,,,,,128,128,RGB
01_Assets_Organizados,UI/skills/mage/brain_freeze.webp,UI,brain_freeze.webp,.webp,5886,5.75,0.0056,UNMAPPED,,,,,,,,128,128,RGB
01_Assets_Organizados,UI/mobs/brakka_wallbreaker.webp,UI,brakka_wallbreaker.webp,.webp,1682,1.64,0.0016,UNMAPPED,,,,,,,,128,128,RGB
01_Assets_Organizados,UI/items/bramblehide_jerkin.webp,UI,bramblehide_jerkin.webp,.webp,3094,3.02,0.003,UNMAPPED,,,,,,,,128,128,RGB
01_Assets_Organizados,UI/store/armory/brasscap_axe.webp,UI,brasscap_axe.webp,.webp,8074,7.88,0.0077,UNMAPPED,,,,,,,,512,512,RGB
01_Assets_Organizados,UI/weapons/brasscap_hatchet.jpg,UI,brasscap_hatchet.jpg,.jpg,968,0.95,0.0009,UNMAPPED,,,,,,,,128,128,RGB
01_Assets_Organizados,UI/store/armory/brasscrown_staff.webp,UI,brasscrown_staff.webp,.webp,6244,6.1,0.006,UNMAPPED,,,,,,,,512,512,RGB
01_Assets_Organizados,UI/weapons/brasscrown_walking_staff.jpg,UI,brasscrown_walking_staff.jpg,.jpg,854,0.83,0.0008,UNMAPPED,,,,,,,,128,128,RGB
01_Assets_Organizados,UI/mobs/breach_wretch.webp,UI,breach_wretch.webp,.webp,1672,1.63,0.0016,UNMAPPED,,,,,,,,128,128,RGB
01_Assets_Organizados,UI/skills/warrior/breachmaker.webp,UI,breachmaker.webp,.webp,5590,5.46,0.0053,UNMAPPED,,,,,,,,128,128,RGB
01_Assets_Organizados,UI/items/breakscarred_steel.webp,UI,breakscarred_steel.webp,.webp,2102,2.05,0.002,UNMAPPED,,,,,,,,128,128,RGB
01_Assets_Organizados,UI/items/briarroot_staff.webp,UI,briarroot_staff.webp,.webp,1514,1.48,0.0014,UNMAPPED,,,,,,,,128,128,RGB
01_Assets_Organizados,UI/items/bridgemere_toll_chest.webp,UI,bridgemere_toll_chest.webp,.webp,2236,2.18,0.0021,UNMAPPED,,,,,,,,128,128,RGB
01_Assets_Organizados,UI/items/brightwood_venison.webp,UI,brightwood_venison.webp,.webp,2558,2.5,0.0024,UNMAPPED,,,,,,,,128,128,RGB
01_Assets_Organizados,UI/items/briny_idol.webp,UI,briny_idol.webp,.webp,2304,2.25,0.0022,UNMAPPED,,,,,,,,128,128,RGB
01_Assets_Organizados,UI/items/bristleback_maul.webp,UI,bristleback_maul.webp,.webp,1344,1.31,0.0013,UNMAPPED,,,,,,,,128,128,RGB
01_Assets_Organizados,UI/items/bristlehide_spaulders.webp,UI,bristlehide_spaulders.webp,.webp,4204,4.11,0.004,UNMAPPED,,,,,,,,128,128,RGB
01_Assets_Organizados,UI/items/bronze_sickle.webp,UI,bronze_sickle.webp,.webp,3026,2.96,0.0029,UNMAPPED,,,,,,,,128,128,RGB
01_Assets_Organizados,UI/items/bronzework_mace.webp,UI,bronzework_mace.webp,.webp,1698,1.66,0.0016,UNMAPPED,,,,,,,,128,128,RGB
01_Assets_Organizados,UI/items/broodmother_carapace.webp,UI,broodmother_carapace.webp,.webp,3176,3.1,0.003,UNMAPPED,,,,,,,,128,128,RGB
01_Assets_Organizados,UI/items/broodmother_silk_robe.webp,UI,broodmother_silk_robe.webp,.webp,2646,2.58,0.0025,UNMAPPED,,,,,,,,128,128,RGB
01_Assets_Organizados,UI/mobs/brutok_skullsmasher.webp,UI,brutok_skullsmasher.webp,.webp,1670,1.63,0.0016,UNMAPPED,,,,,,,,128,128,RGB
01_Assets_Organizados,UI/items/brutoks_maul.webp,UI,brutoks_maul.webp,.webp,1872,1.83,0.0018,UNMAPPED,,,,,,,,128,128,RGB
01_Assets_Organizados,UI/items/bulwark_rusted_pauldrons.webp,UI,bulwark_rusted_pauldrons.webp,.webp,4248,4.15,0.0041,UNMAPPED,,,,,,,,128,128,RGB
01_Assets_Organizados,UI/crests/families/burrower.webp,UI,burrower.webp,.webp,14096,13.77,0.0134,UNMAPPED,,,,,,,,256,256,RGB
01_Assets_Organizados,UI/items/canopy_silk_hank.webp,UI,canopy_silk_hank.webp,.webp,1718,1.68,0.0016,UNMAPPED,,,,,,,,128,128,RGB
01_Assets_Organizados,UI/mobs/canopy_weaver.webp,UI,canopy_weaver.webp,.webp,1688,1.65,0.0016,UNMAPPED,,,,,,,,128,128,RGB
01_Assets_Organizados,UI/items/cantors_drowned_sash.webp,UI,cantors_drowned_sash.webp,.webp,4116,4.02,0.0039,UNMAPPED,,,,,,,,128,128,RGB
01_Assets_Organizados,UI/mobs/captain_verlan.webp,UI,captain_verlan.webp,.webp,2752,2.69,0.0026,UNMAPPED,,,,,,,,128,128,RGB
01_Assets_Organizados,UI/items/captains_crest.webp,UI,captains_crest.webp,.webp,2502,2.44,0.0024,UNMAPPED,,,,,,,,128,128,RGB
01_Assets_Organizados,UI/items/caravan_quilted_vest.webp,UI,caravan_quilted_vest.webp,.webp,2518,2.46,0.0024,UNMAPPED,,,,,,,,128,128,RGB
01_Assets_Organizados,UI/items/caravan_warden_dirk.webp,UI,caravan_warden_dirk.webp,.webp,2486,2.43,0.0024,UNMAPPED,,,,,,,,128,128,RGB
01_Assets_Organizados,UI/chrome/cards.webp,UI,cards.webp,.webp,9106,8.89,0.0087,UNMAPPED,,,,,,,,128,128,RGBA
01_Assets_Organizados,UI/mobs/castaway_navigator.webp,UI,castaway_navigator.webp,.webp,2662,2.6,0.0025,UNMAPPED,,,,,,,,128,128,RGB
01_Assets_Organizados,UI/skills/druid/cat_form.webp,UI,cat_form.webp,.webp,4320,4.22,0.0041,UNMAPPED,,,,,,,,128,128,RGBA
01_Assets_Organizados,UI/skills/shaman/chain_heal.webp,UI,chain_heal.webp,.webp,5770,5.63,0.0055,UNMAPPED,,,,,,,,128,128,RGB
01_Assets_Organizados,UI/skills/shaman/chain_lightning.webp,UI,chain_lightning.webp,.webp,6536,6.38,0.0062,UNMAPPED,,,,,,,,128,128,RGB
01_Assets_Organizados,UI/skills/druid/challenging_roar.webp,UI,challenging_roar.webp,.webp,3928,3.84,0.0037,UNMAPPED,,,,,,,,128,128,RGB
01_Assets_Organizados,UI/skills/warlock/chaos_bolt.webp,UI,chaos_bolt.webp,.webp,7082,6.92,0.0068,UNMAPPED,,,,,,,,128,128,RGB
01_Assets_Organizados,UI/chrome/character.webp,UI,character.webp,.webp,7574,7.4,0.0072,UNMAPPED,,,,,,,,128,128,RGBA
01_Assets_Organizados,UI/skills/warrior/charge.webp,UI,charge.webp,.webp,4036,3.94,0.0038,UNMAPPED,,,,,,,,128,128,RGB
01_Assets_Organizados,UI/skills/rogue/cheap_shot.webp,UI,cheap_shot.webp,.webp,3566,3.48,0.0034,UNMAPPED,,,,,,,,128,128,RGB
01_Assets_Organizados,UI/chrome/chest.webp,UI,chest.webp,.webp,8610,8.41,0.0082,UNMAPPED,,,,,,,,128,128,RGBA
01_Assets_Organizados,UI/items/chipped_tusk.webp,UI,chipped_tusk.webp,.webp,1984,1.94,0.0019,UNMAPPED,,,,,,,,128,128,RGB
01_Assets_Organizados,UI/items/choir_blessed_spaulders.webp,UI,choir_blessed_spaulders.webp,.webp,5344,5.22,0.0051,UNMAPPED,,,,,,,,128,128,RGB
01_Assets_Organizados,UI/skills/priest/choir_of_deliverance.webp,UI,choir_of_deliverance.webp,.webp,5816,5.68,0.0055,UNMAPPED,,,,,,,,128,128,RGB
01_Assets_Organizados,UI/mobs/choir_thrall.webp,UI,choir_thrall.webp,.webp,1456,1.42,0.0014,UNMAPPED,,,,,,,,128,128,RGB
01_Assets_Organizados,UI/mobs/choirmother_selthe.webp,UI,choirmother_selthe.webp,.webp,2234,2.18,0.0021,UNMAPPED,,,,,,,,128,128,RGB
01_Assets_Organizados,UI/dungeons/choirmother_selthe.webp,UI,choirmother_selthe.webp,.webp,3628,3.54,0.0035,UNMAPPED,,,,,,,,128,128,RGBA
01_Assets_Organizados,UI/items/choirmothers_casque.webp,UI,choirmothers_casque.webp,.webp,4908,4.79,0.0047,UNMAPPED,,,,,,,,128,128,RGB
01_Assets_Organizados,UI/deeds/chr_amberfall_first_cast.webp,UI,chr_amberfall_first_cast.webp,.webp,5438,5.31,0.0052,UNMAPPED,,,,,,,,128,128,RGBA
01_Assets_Organizados,UI/deeds/chr_amberfall_gatherer.webp,UI,chr_amberfall_gatherer.webp,.webp,5324,5.2,0.0051,UNMAPPED,,,,,,,,128,128,RGBA
01_Assets_Organizados,UI/deeds/chr_drakemaw_broodlord.webp,UI,chr_drakemaw_broodlord.webp,.webp,4908,4.79,0.0047,UNMAPPED,,,,,,,,128,128,RGBA
01_Assets_Organizados,UI/deeds/chr_evergarden_first_cast.webp,UI,chr_evergarden_first_cast.webp,.webp,5886,5.75,0.0056,UNMAPPED,,,,,,,,128,128,RGBA
01_Assets_Organizados,UI/deeds/chr_evergarden_gatherer.webp,UI,chr_evergarden_gatherer.webp,.webp,6148,6.0,0.0059,UNMAPPED,,,,,,,,128,128,RGBA
01_Assets_Organizados,UI/deeds/chr_farshore_first_cast.webp,UI,chr_farshore_first_cast.webp,.webp,5066,4.95,0.0048,UNMAPPED,,,,,,,,128,128,RGBA
01_Assets_Organizados,UI/deeds/chr_farshore_gatherer.webp,UI,chr_farshore_gatherer.webp,.webp,4920,4.8,0.0047,UNMAPPED,,,,,,,,128,128,RGBA
01_Assets_Organizados,UI/deeds/chr_frostveil_first_cast.webp,UI,chr_frostveil_first_cast.webp,.webp,6152,6.01,0.0059,UNMAPPED,,,,,,,,128,128,RGBA
01_Assets_Organizados,UI/deeds/chr_frostveil_gatherer.webp,UI,chr_frostveil_gatherer.webp,.webp,5758,5.62,0.0055,UNMAPPED,,,,,,,,128,128,RGBA
01_Assets_Organizados,UI/deeds/chr_galecrest_first_cast.webp,UI,chr_galecrest_first_cast.webp,.webp,4658,4.55,0.0044,UNMAPPED,,,,,,,,128,128,RGBA
01_Assets_Organizados,UI/deeds/chr_galecrest_gatherer.webp,UI,chr_galecrest_gatherer.webp,.webp,4734,4.62,0.0045,UNMAPPED,,,,,,,,128,128,RGBA
01_Assets_Organizados,UI/deeds/chr_gleamstag.webp,UI,chr_gleamstag.webp,.webp,5054,4.94,0.0048,UNMAPPED,,,,,,,,128,128,RGBA
01_Assets_Organizados,UI/deeds/chr_hollow_rares.webp,UI,chr_hollow_rares.webp,.webp,5220,5.1,0.005,UNMAPPED,,,,,,,,128,128,RGBA
01_Assets_Organizados,UI/deeds/chr_marsh_chapter_i.webp,UI,chr_marsh_chapter_i.webp,.webp,4834,4.72,0.0046,UNMAPPED,,,,,,,,128,128,RGBA
01_Assets_Organizados,UI/deeds/chr_marsh_chapter_ii.webp,UI,chr_marsh_chapter_ii.webp,.webp,4586,4.48,0.0044,UNMAPPED,,,,,,,,128,128,RGBA
01_Assets_Organizados,UI/deeds/chr_marsh_chapter_iii.webp,UI,chr_marsh_chapter_iii.webp,.webp,4928,4.81,0.0047,UNMAPPED,,,,,,,,128,128,RGBA
01_Assets_Organizados,UI/deeds/chr_marsh_first_cast.webp,UI,chr_marsh_first_cast.webp,.webp,5086,4.97,0.0049,UNMAPPED,,,,,,,,128,128,RGBA
01_Assets_Organizados,UI/deeds/chr_marsh_gatherer.webp,UI,chr_marsh_gatherer.webp,.webp,5274,5.15,0.005,UNMAPPED,,,,,,,,128,128,RGBA
01_Assets_Organizados,UI/deeds/chr_marsh_hush_the_mending.webp,UI,chr_marsh_hush_the_mending.webp,.webp,4514,4.41,0.0043,UNMAPPED,,,,,,,,128,128,RGBA
01_Assets_Organizados,UI/deeds/chr_marsh_rares.webp,UI,chr_marsh_rares.webp,.webp,6030,5.89,0.0058,UNMAPPED,,,,,,,,128,128,RGBA
01_Assets_Organizados,UI/deeds/chr_marsh_rares_ii.webp,UI,chr_marsh_rares_ii.webp,.webp,4678,4.57,0.0045,UNMAPPED,,,,,,,,128,128,RGBA
01_Assets_Organizados,UI/deeds/chr_marsh_unburst.webp,UI,chr_marsh_unburst.webp,.webp,4946,4.83,0.0047,UNMAPPED,,,,,,,,128,128,RGBA
01_Assets_Organizados,UI/deeds/chr_maw_matriarch.webp,UI,chr_maw_matriarch.webp,.webp,4612,4.5,0.0044,UNMAPPED,,,,,,,,128,128,RGBA
01_Assets_Organizados,UI/deeds/chr_nightbloom_first_cast.webp,UI,chr_nightbloom_first_cast.webp,.webp,7130,6.96,0.0068,UNMAPPED,,,,,,,,128,128,RGBA
01_Assets_Organizados,UI/deeds/chr_nightbloom_gatherer.webp,UI,chr_nightbloom_gatherer.webp,.webp,7820,7.64,0.0075,UNMAPPED,,,,,,,,128,128,RGBA
01_Assets_Organizados,UI/deeds/chr_palmreach_first_cast.webp,UI,chr_palmreach_first_cast.webp,.webp,6022,5.88,0.0057,UNMAPPED,,,,,,,,128,128,RGBA
01_Assets_Organizados,UI/deeds/chr_palmreach_gatherer.webp,UI,chr_palmreach_gatherer.webp,.webp,6174,6.03,0.0059,UNMAPPED,,,,,,,,128,128,RGBA
01_Assets_Organizados,UI/deeds/chr_peaks_chapter_i.webp,UI,chr_peaks_chapter_i.webp,.webp,5374,5.25,0.0051,UNMAPPED,,,,,,,,128,128,RGBA
01_Assets_Organizados,UI/deeds/chr_peaks_chapter_ii.webp,UI,chr_peaks_chapter_ii.webp,.webp,5692,5.56,0.0054,UNMAPPED,,,,,,,,128,128,RGBA
01_Assets_Organizados,UI/deeds/chr_peaks_chapter_iii.webp,UI,chr_peaks_chapter_iii.webp,.webp,5174,5.05,0.0049,UNMAPPED,,,,,,,,128,128,RGBA
01_Assets_Organizados,UI/deeds/chr_peaks_gatherer.webp,UI,chr_peaks_gatherer.webp,.webp,5202,5.08,0.005,UNMAPPED,,,,,,,,128,128,RGBA
01_Assets_Organizados,UI/deeds/chr_peaks_glimmer_cast.webp,UI,chr_peaks_glimmer_cast.webp,.webp,4860,4.75,0.0046,UNMAPPED,,,,,,,,128,128,RGBA
01_Assets_Organizados,UI/deeds/chr_peaks_moongate.webp,UI,chr_peaks_moongate.webp,.webp,5416,5.29,0.0052,UNMAPPED,,,,,,,,128,128,RGBA
01_Assets_Organizados,UI/deeds/chr_peaks_rares.webp,UI,chr_peaks_rares.webp,.webp,5762,5.63,0.0055,UNMAPPED,,,,,,,,128,128,RGBA
01_Assets_Organizados,UI/deeds/chr_peaks_rares_ii.webp,UI,chr_peaks_rares_ii.webp,.webp,5180,5.06,0.0049,UNMAPPED,,,,,,,,128,128,RGBA
01_Assets_Organizados,UI/deeds/chr_peaks_sparring.webp,UI,chr_peaks_sparring.webp,.webp,5948,5.81,0.0057,UNMAPPED,,,,,,,,128,128,RGBA
01_Assets_Organizados,UI/deeds/chr_peaks_waking_witness.webp,UI,chr_peaks_waking_witness.webp,.webp,5062,4.94,0.0048,UNMAPPED,,,,,,,,128,128,RGBA
01_Assets_Organizados,UI/deeds/chr_vale_chapter_i.webp,UI,chr_vale_chapter_i.webp,.webp,5796,5.66,0.0055,UNMAPPED,,,,,,,,128,128,RGBA
01_Assets_Organizados,UI/deeds/chr_vale_chapter_ii.webp,UI,chr_vale_chapter_ii.webp,.webp,5440,5.31,0.0052,UNMAPPED,,,,,,,,128,128,RGBA
01_Assets_Organizados,UI/deeds/chr_vale_chapter_iii.webp,UI,chr_vale_chapter_iii.webp,.webp,5874,5.74,0.0056,UNMAPPED,,,,,,,,128,128,RGBA
01_Assets_Organizados,UI/deeds/chr_vale_cup_debut.webp,UI,chr_vale_cup_debut.webp,.webp,4848,4.73,0.0046,UNMAPPED,,,,,,,,128,128,RGBA
01_Assets_Organizados,UI/deeds/chr_vale_first_cast.webp,UI,chr_vale_first_cast.webp,.webp,5218,5.1,0.005,UNMAPPED,,,,,,,,128,128,RGBA
01_Assets_Organizados,UI/deeds/chr_vale_gatherer.webp,UI,chr_vale_gatherer.webp,.webp,5300,5.18,0.0051,UNMAPPED,,,,,,,,128,128,RGBA
01_Assets_Organizados,UI/deeds/chr_vale_packbreaker.webp,UI,chr_vale_packbreaker.webp,.webp,4820,4.71,0.0046,UNMAPPED,,,,,,,,128,128,RGBA
01_Assets_Organizados,UI/deeds/chr_vale_rares.webp,UI,chr_vale_rares.webp,.webp,5960,5.82,0.0057,UNMAPPED,,,,,,,,128,128,RGBA
01_Assets_Organizados,UI/deeds/chr_willowfen_first_cast.webp,UI,chr_willowfen_first_cast.webp,.webp,4906,4.79,0.0047,UNMAPPED,,,,,,,,128,128,RGBA
01_Assets_Organizados,UI/deeds/chr_willowfen_gatherer.webp,UI,chr_willowfen_gatherer.webp,.webp,5056,4.94,0.0048,UNMAPPED,,,,,,,,128,128,RGBA
01_Assets_Organizados,UI/deeds/chr_wraithwood_first_cast.webp,UI,chr_wraithwood_first_cast.webp,.webp,5220,5.1,0.005,UNMAPPED,,,,,,,,128,128,RGBA
01_Assets_Organizados,UI/deeds/chr_wraithwood_gatherer.webp,UI,chr_wraithwood_gatherer.webp,.webp,5524,5.39,0.0053,UNMAPPED,,,,,,,,128,128,RGBA
01_Assets_Organizados,UI/procs/chronomancy-phoenix-v2.webp,UI,chronomancy-phoenix-v2.webp,.webp,328012,320.32,0.3128,UNMAPPED,,,,,,,,768,512,RGBA
01_Assets_Organizados,UI/items/chunk_of_ore.webp,UI,chunk_of_ore.webp,.webp,4764,4.65,0.0045,UNMAPPED,,,,,,,,128,128,RGB
01_Assets_Organizados,UI/items/cinder_sigil_pendant.webp,UI,cinder_sigil_pendant.webp,.webp,3936,3.84,0.0038,UNMAPPED,,,,,,,,128,128,RGB
01_Assets_Organizados,UI/weapons/cinderbrand.jpg,UI,cinderbrand.jpg,.jpg,831,0.81,0.0008,UNMAPPED,,,,,,,,128,128,RGB
01_Assets_Organizados,UI/store/armory/cinderbrand_sword.webp,UI,cinderbrand_sword.webp,.webp,9132,8.92,0.0087,UNMAPPED,,,,,,,,512,512,RGB
01_Assets_Organizados,UI/skills/warlock/cinderhide.webp,UI,cinderhide.webp,.webp,8862,8.65,0.0085,UNMAPPED,,,,,,,,128,128,RGB
01_Assets_Organizados,UI/weapons/cinderlatch.jpg,UI,cinderlatch.jpg,.jpg,921,0.9,0.0009,UNMAPPED,,,,,,,,128,128,RGB
01_Assets_Organizados,UI/store/armory/cinderlatch_crossbow.webp,UI,cinderlatch_crossbow.webp,.webp,12676,12.38,0.0121,UNMAPPED,,,,,,,,512,512,RGB
01_Assets_Organizados,UI/items/cinderwalk_treads.webp,UI,cinderwalk_treads.webp,.webp,1514,1.48,0.0014,UNMAPPED,,,,,,,,128,128,RGB
01_Assets_Organizados,UI/items/cinderweave_cord.webp,UI,cinderweave_cord.webp,.webp,4518,4.41,0.0043,UNMAPPED,,,,,,,,128,128,RGB
01_Assets_Organizados,UI/items/cinderweave_cowl.webp,UI,cinderweave_cowl.webp,.webp,4114,4.02,0.0039,UNMAPPED,,,,,,,,128,128,RGB
01_Assets_Organizados,UI/items/cinderweave_handwraps.webp,UI,cinderweave_handwraps.webp,.webp,4248,4.15,0.0041,UNMAPPED,,,,,,,,128,128,RGB
01_Assets_Organizados,UI/items/cinderweave_legwraps.webp,UI,cinderweave_legwraps.webp,.webp,4796,4.68,0.0046,UNMAPPED,,,,,,,,128,128,RGB
01_Assets_Organizados,UI/items/cinderweave_mantle.webp,UI,cinderweave_mantle.webp,.webp,4174,4.08,0.004,UNMAPPED,,,,,,,,128,128,RGB
01_Assets_Organizados,UI/items/cinderweave_raiment.webp,UI,cinderweave_raiment.webp,.webp,4590,4.48,0.0044,UNMAPPED,,,,,,,,128,128,RGB
01_Assets_Organizados,UI/items/cinderweave_slippers.webp,UI,cinderweave_slippers.webp,.webp,3528,3.45,0.0034,UNMAPPED,,,,,,,,128,128,RGB
01_Assets_Organizados,UI/mobs/cindraleth_maw_matriarch.webp,UI,cindraleth_maw_matriarch.webp,.webp,2474,2.42,0.0024,UNMAPPED,,,,,,,,128,128,RGB
01_Assets_Organizados,UI/skills/druid/claw.webp,UI,claw.webp,.webp,3884,3.79,0.0037,UNMAPPED,,,,,,,,128,128,RGBA
01_Assets_Organizados,UI/skills/warrior/cleave.webp,UI,cleave.webp,.webp,3244,3.17,0.0031,UNMAPPED,,,,,,,,128,128,RGBA
01_Assets_Organizados,UI/skills/warrior/cleaving_blows.webp,UI,cleaving_blows.webp,.webp,3664,3.58,0.0035,UNMAPPED,,,,,,,,128,128,RGB
01_Assets_Organizados,UI/skills/rogue/cloak_of_shadows.webp,UI,cloak_of_shadows.webp,.webp,3324,3.25,0.0032,UNMAPPED,,,,,,,,128,128,RGB
01_Assets_Organizados,UI/deeds/cmb_critical_eye.webp,UI,cmb_critical_eye.webp,.webp,5470,5.34,0.0052,UNMAPPED,,,,,,,,128,128,RGBA
01_Assets_Organizados,UI/deeds/cmb_first_blood.webp,UI,cmb_first_blood.webp,.webp,4988,4.87,0.0048,UNMAPPED,,,,,,,,128,128,RGBA
01_Assets_Organizados,UI/deeds/cmb_first_fall.webp,UI,cmb_first_fall.webp,.webp,5284,5.16,0.005,UNMAPPED,,,,,,,,128,128,RGBA
01_Assets_Organizados,UI/deeds/cmb_giantslayer.webp,UI,cmb_giantslayer.webp,.webp,4914,4.8,0.0047,UNMAPPED,,,,,,,,128,128,RGBA
01_Assets_Organizados,UI/deeds/cmb_heavy_hitter.webp,UI,cmb_heavy_hitter.webp,.webp,5114,4.99,0.0049,UNMAPPED,,,,,,,,128,128,RGBA
01_Assets_Organizados,UI/deeds/cmb_legion_of_one.webp,UI,cmb_legion_of_one.webp,.webp,5222,5.1,0.005,UNMAPPED,,,,,,,,128,128,RGBA
01_Assets_Organizados,UI/deeds/cmb_slayer.webp,UI,cmb_slayer.webp,.webp,4966,4.85,0.0047,UNMAPPED,,,,,,,,128,128,RGBA
01_Assets_Organizados,UI/deeds/cmb_thunzharr.webp,UI,cmb_thunzharr.webp,.webp,5216,5.09,0.005,UNMAPPED,,,,,,,,128,128,RGBA
01_Assets_Organizados,UI/deeds/cmb_thunzharr_ten.webp,UI,cmb_thunzharr_ten.webp,.webp,5612,5.48,0.0054,UNMAPPED,,,,,,,,128,128,RGBA
01_Assets_Organizados,UI/deeds/cmb_thunzharr_unbroken.webp,UI,cmb_thunzharr_unbroken.webp,.webp,5122,5.0,0.0049,UNMAPPED,,,,,,,,128,128,RGBA
01_Assets_Organizados,UI/deeds/col_all_slots.webp,UI,col_all_slots.webp,.webp,5200,5.08,0.005,UNMAPPED,,,,,,,,128,128,RGBA
01_Assets_Organizados,UI/deeds/col_ancient_heartwood.webp,UI,col_ancient_heartwood.webp,.webp,5050,4.93,0.0048,UNMAPPED,,,,,,,,128,128,RGBA
01_Assets_Organizados,UI/deeds/col_discovery_150.webp,UI,col_discovery_150.webp,.webp,5816,5.68,0.0055,UNMAPPED,,,,,,,,128,128,RGBA
01_Assets_Organizados,UI/deeds/col_discovery_25.webp,UI,col_discovery_25.webp,.webp,6124,5.98,0.0058,UNMAPPED,,,,,,,,128,128,RGBA
01_Assets_Organizados,UI/deeds/col_discovery_250.webp,UI,col_discovery_250.webp,.webp,5516,5.39,0.0053,UNMAPPED,,,,,,,,128,128,RGBA
01_Assets_Organizados,UI/deeds/col_discovery_75.webp,UI,col_discovery_75.webp,.webp,6616,6.46,0.0063,UNMAPPED,,,,,,,,128,128,RGBA
01_Assets_Organizados,UI/deeds/col_first_epic.webp,UI,col_first_epic.webp,.webp,5010,4.89,0.0048,UNMAPPED,,,,,,,,128,128,RGBA
01_Assets_Organizados,UI/deeds/col_first_legendary.webp,UI,col_first_legendary.webp,.webp,5324,5.2,0.0051,UNMAPPED,,,,,,,,128,128,RGBA
01_Assets_Organizados,UI/deeds/col_first_rare.webp,UI,col_first_rare.webp,.webp,4862,4.75,0.0046,UNMAPPED,,,,,,,,128,128,RGBA
01_Assets_Organizados,UI/deeds/col_full_creel.webp,UI,col_full_creel.webp,.webp,5998,5.86,0.0057,UNMAPPED,,,,,,,,128,128,RGBA
01_Assets_Organizados,UI/deeds/col_glimmerfin.webp,UI,col_glimmerfin.webp,.webp,5238,5.12,0.005,UNMAPPED,,,,,,,,128,128,RGBA
01_Assets_Organizados,UI/deeds/col_junk_drawer.webp,UI,col_junk_drawer.webp,.webp,5418,5.29,0.0052,UNMAPPED,,,,,,,,128,128,RGBA
01_Assets_Organizados,UI/deeds/col_moonlit_bloom.webp,UI,col_moonlit_bloom.webp,.webp,4914,4.8,0.0047,UNMAPPED,,,,,,,,128,128,RGBA
01_Assets_Organizados,UI/deeds/col_perfect_specimen.webp,UI,col_perfect_specimen.webp,.webp,4700,4.59,0.0045,UNMAPPED,,,,,,,,128,128,RGBA
01_Assets_Organizados,UI/deeds/col_pristine_vein.webp,UI,col_pristine_vein.webp,.webp,4600,4.49,0.0044,UNMAPPED,,,,,,,,128,128,RGBA
01_Assets_Organizados,UI/deeds/col_quartermaster_buyout.webp,UI,col_quartermaster_buyout.webp,.webp,5426,5.3,0.0052,UNMAPPED,,,,,,,,128,128,RGBA
01_Assets_Organizados,UI/deeds/col_reliquary_complete.webp,UI,col_reliquary_complete.webp,.webp,6106,5.96,0.0058,UNMAPPED,,,,,,,,128,128,RGBA
01_Assets_Organizados,UI/deeds/col_reliquary_conquerors.webp,UI,col_reliquary_conquerors.webp,.webp,5472,5.34,0.0052,UNMAPPED,,,,,,,,128,128,RGBA
01_Assets_Organizados,UI/deeds/col_reliquary_illum_gravewyrm_heroic.webp,UI,col_reliquary_illum_gravewyrm_heroic.webp,.webp,5616,5.48,0.0054,UNMAPPED,,,,,,,,128,128,RGBA
01_Assets_Organizados,UI/deeds/col_reliquary_illum_nythraxis_heroic.webp,UI,col_reliquary_illum_nythraxis_heroic.webp,.webp,7082,6.92,0.0068,UNMAPPED,,,,,,,,128,128,RGBA
01_Assets_Organizados,UI/deeds/col_reliquary_illum_thunzharr.webp,UI,col_reliquary_illum_thunzharr.webp,.webp,5460,5.33,0.0052,UNMAPPED,,,,,,,,128,128,RGBA
01_Assets_Organizados,UI/deeds/col_reliquary_rank_2.webp,UI,col_reliquary_rank_2.webp,.webp,5684,5.55,0.0054,UNMAPPED,,,,,,,,128,128,RGBA
01_Assets_Organizados,UI/deeds/col_reliquary_rank_3.webp,UI,col_reliquary_rank_3.webp,.webp,5552,5.42,0.0053,UNMAPPED,,,,,,,,128,128,RGBA
01_Assets_Organizados,UI/deeds/col_reliquary_rank_4.webp,UI,col_reliquary_rank_4.webp,.webp,5568,5.44,0.0053,UNMAPPED,,,,,,,,128,128,RGBA
01_Assets_Organizados,UI/deeds/col_reliquary_rank_5.webp,UI,col_reliquary_rank_5.webp,.webp,7298,7.13,0.007,UNMAPPED,,,,,,,,128,128,RGBA
01_Assets_Organizados,UI/deeds/col_set_boundstone_vanguard.webp,UI,col_set_boundstone_vanguard.webp,.webp,6160,6.02,0.0059,UNMAPPED,,,,,,,,128,128,RGBA
01_Assets_Organizados,UI/deeds/col_set_crownforged.webp,UI,col_set_crownforged.webp,.webp,6108,5.96,0.0058,UNMAPPED,,,,,,,,128,128,RGBA
01_Assets_Organizados,UI/deeds/col_set_deathlord.webp,UI,col_set_deathlord.webp,.webp,6032,5.89,0.0058,UNMAPPED,,,,,,,,128,128,RGBA
01_Assets_Organizados,UI/deeds/col_set_greyjaw_stalker.webp,UI,col_set_greyjaw_stalker.webp,.webp,5656,5.52,0.0054,UNMAPPED,,,,,,,,128,128,RGBA
01_Assets_Organizados,UI/deeds/col_set_necromancers.webp,UI,col_set_necromancers.webp,.webp,4784,4.67,0.0046,UNMAPPED,,,,,,,,128,128,RGBA
01_Assets_Organizados,UI/deeds/col_set_nighttalon.webp,UI,col_set_nighttalon.webp,.webp,5678,5.54,0.0054,UNMAPPED,,,,,,,,128,128,RGBA
01_Assets_Organizados,UI/deeds/col_set_soulflame.webp,UI,col_set_soulflame.webp,.webp,5276,5.15,0.005,UNMAPPED,,,,,,,,128,128,RGBA
01_Assets_Organizados,UI/deeds/col_set_stormcallers.webp,UI,col_set_stormcallers.webp,.webp,5320,5.2,0.0051,UNMAPPED,,,,,,,,128,128,RGBA
01_Assets_Organizados,UI/deeds/col_set_vale_arcanist.webp,UI,col_set_vale_arcanist.webp,.webp,5364,5.24,0.0051,UNMAPPED,,,,,,,,128,128,RGBA
01_Assets_Organizados,UI/deeds/col_set_wyrmshadow.webp,UI,col_set_wyrmshadow.webp,.webp,4876,4.76,0.0047,UNMAPPED,,,,,,,,128,128,RGBA
01_Assets_Organizados,UI/deeds/col_seven_regalia.webp,UI,col_seven_regalia.webp,.webp,5816,5.68,0.0055,UNMAPPED,,,,,,,,128,128,RGBA
01_Assets_Organizados,UI/deeds/col_true_colors.webp,UI,col_true_colors.webp,.webp,5952,5.81,0.0057,UNMAPPED,,,,,,,,128,128,RGBA
01_Assets_Organizados,UI/skills/rogue/cold_blood.webp,UI,cold_blood.webp,.webp,2952,2.88,0.0028,UNMAPPED,,,,,,,,128,128,RGB
01_Assets_Organizados,UI/skills/hunter/cold_focus.webp,UI,cold_focus.webp,.webp,5432,5.3,0.0052,UNMAPPED,,,,,,,,128,128,RGB
01_Assets_Organizados,UI/skills/mage/cold_snap.webp,UI,cold_snap.webp,.webp,9000,8.79,0.0086,UNMAPPED,,,,,,,,128,128,RGB
01_Assets_Organizados,UI/skills/mage/collective_reversal.webp,UI,collective_reversal.webp,.webp,8154,7.96,0.0078,UNMAPPED,,,,,,,,128,128,RGB
01_Assets_Organizados,UI/skills/warrior/colossal_might.webp,UI,colossal_might.webp,.webp,7426,7.25,0.0071,UNMAPPED,,,,,,,,128,128,RGB
01_Assets_Organizados,UI/specs/rogue/combat.webp,UI,combat.webp,.webp,6716,6.56,0.0064,UNMAPPED,,,,,,,,128,128,RGB
01_Assets_Organizados,UI/crests/status/combat.webp,UI,combat.webp,.webp,16212,15.83,0.0155,UNMAPPED,,,,,,,,256,256,RGB
01_Assets_Organizados,UI/skills/warrior/combat_mastery.webp,UI,combat_mastery.webp,.webp,5768,5.63,0.0055,UNMAPPED,,,,,,,,128,128,RGB
01_Assets_Organizados,UI/skills/mage/combustion.webp,UI,combustion.webp,.webp,8512,8.31,0.0081,UNMAPPED,,,,,,,,128,128,RGB
01_Assets_Organizados,UI/skills/hunter/concussive_shot.webp,UI,concussive_shot.webp,.webp,4374,4.27,0.0042,UNMAPPED,,,,,,,,128,128,RGB
01_Assets_Organizados,UI/skills/mage/cone_of_cold.webp,UI,cone_of_cold.webp,.webp,5438,5.31,0.0052,UNMAPPED,,,,,,,,128,128,RGB
01_Assets_Organizados,UI/skills/warlock/conflagrate.webp,UI,conflagrate.webp,.webp,7374,7.2,0.007,UNMAPPED,,,,,,,,128,128,RGB
01_Assets_Organizados,UI/skills/mage/conjure_food.webp,UI,conjure_food.webp,.webp,3172,3.1,0.003,UNMAPPED,,,,,,,,128,128,RGB
01_Assets_Organizados,UI/skills/mage/conjure_water.webp,UI,conjure_water.webp,.webp,4074,3.98,0.0039,UNMAPPED,,,,,,,,128,128,RGBA
01_Assets_Organizados,UI/items/conjured_bread.webp,UI,conjured_bread.webp,.webp,3210,3.13,0.0031,UNMAPPED,,,,,,,,128,128,RGB
01_Assets_Organizados,UI/items/conjured_bread2.webp,UI,conjured_bread2.webp,.webp,3040,2.97,0.0029,UNMAPPED,,,,,,,,128,128,RGB
01_Assets_Organizados,UI/items/conjured_bread3.webp,UI,conjured_bread3.webp,.webp,3584,3.5,0.0034,UNMAPPED,,,,,,,,128,128,RGB
01_Assets_Organizados,UI/items/conjured_bread4.webp,UI,conjured_bread4.webp,.webp,4164,4.07,0.004,UNMAPPED,,,,,,,,128,128,RGB
01_Assets_Organizados,UI/items/conjured_water.webp,UI,conjured_water.webp,.webp,2984,2.91,0.0028,UNMAPPED,,,,,,,,128,128,RGB
01_Assets_Organizados,UI/items/conjured_water2.webp,UI,conjured_water2.webp,.webp,2770,2.71,0.0026,UNMAPPED,,,,,,,,128,128,RGB
01_Assets_Organizados,UI/items/conjured_water3.webp,UI,conjured_water3.webp,.webp,2844,2.78,0.0027,UNMAPPED,,,,,,,,128,128,RGB
01_Assets_Organizados,UI/items/conjured_water4.webp,UI,conjured_water4.webp,.webp,4372,4.27,0.0042,UNMAPPED,,,,,,,,128,128,RGB
01_Assets_Organizados,UI/skills/paladin/consecration.webp,UI,consecration.webp,.webp,4710,4.6,0.0045,UNMAPPED,,,,,,,,128,128,RGBA
01_Assets_Organizados,UI/items/cooking_salt.webp,UI,cooking_salt.webp,.webp,1842,1.8,0.0018,UNMAPPED,,,,,,,,128,128,RGB
01_Assets_Organizados,UI/items/copper_bearded_axe.webp,UI,copper_bearded_axe.webp,.webp,2218,2.17,0.0021,UNMAPPED,,,,,,,,128,128,RGB
01_Assets_Organizados,UI/items/copper_flanged_mace.webp,UI,copper_flanged_mace.webp,.webp,2154,2.1,0.0021,UNMAPPED,,,,,,,,128,128,RGB
01_Assets_Organizados,UI/items/copper_mining_pick.webp,UI,copper_mining_pick.webp,.webp,2172,2.12,0.0021,UNMAPPED,,,,,,,,128,128,RGB
01_Assets_Organizados,UI/items/copper_ore.webp,UI,copper_ore.webp,.webp,2252,2.2,0.0021,UNMAPPED,,,,,,,,128,128,RGB
01_Assets_Organizados,UI/items/coppermail_gauntlets.webp,UI,coppermail_gauntlets.webp,.webp,4618,4.51,0.0044,UNMAPPED,,,,,,,,128,128,RGB
01_Assets_Organizados,UI/items/coppermail_sabatons.webp,UI,coppermail_sabatons.webp,.webp,4026,3.93,0.0038,UNMAPPED,,,,,,,,128,128,RGB
01_Assets_Organizados,UI/items/corpse_candle_focus.webp,UI,corpse_candle_focus.webp,.webp,1822,1.78,0.0017,UNMAPPED,,,,,,,,128,128,RGB
01_Assets_Organizados,UI/skills/warlock/corpse_explosion.webp,UI,corpse_explosion.webp,.webp,6384,6.23,0.0061,UNMAPPED,,,,,,,,128,128,RGB
01_Assets_Organizados,UI/mobs/corrupted_priest_malric.webp,UI,corrupted_priest_malric.webp,.webp,2670,2.61,0.0025,UNMAPPED,,,,,,,,128,128,RGB
01_Assets_Organizados,UI/dungeons/corrupted_priest_malric.webp,UI,corrupted_priest_malric.webp,.webp,4218,4.12,0.004,UNMAPPED,,,,,,,,128,128,RGBA
01_Assets_Organizados,UI/mobs/corrupted_sporeling.webp,UI,corrupted_sporeling.webp,.webp,1510,1.47,0.0014,UNMAPPED,,,,,,,,128,128,RGB
01_Assets_Organizados,UI/skills/warlock/corruption.webp,UI,corruption.webp,.webp,4306,4.21,0.0041,UNMAPPED,,,,,,,,128,128,RGB
01_Assets_Organizados,UI/weapons/cosmarch_spire_of_the_endless_void.jpg,UI,cosmarch_spire_of_the_endless_void.jpg,.jpg,933,0.91,0.0009,UNMAPPED,,,,,,,,128,128,RGB
01_Assets_Organizados,UI/store/armory/cosmarch_staff.webp,UI,cosmarch_staff.webp,.webp,20144,19.67,0.0192,UNMAPPED,,,,,,,,512,512,RGB
01_Assets_Organizados,UI/skills/hunter/counter_shot.webp,UI,counter_shot.webp,.webp,4822,4.71,0.0046,UNMAPPED,,,,,,,,128,128,RGB
01_Assets_Organizados,UI/skills/mage/counterspell.webp,UI,counterspell.webp,.webp,8150,7.96,0.0078,UNMAPPED,,,,,,,,128,128,RGB
01_Assets_Organizados,UI/skills/warlock/coven.webp,UI,coven.webp,.webp,4558,4.45,0.0043,UNMAPPED,,,,,,,,128,128,RGB
01_Assets_Organizados,UI/items/cracked_fetish.webp,UI,cracked_fetish.webp,.webp,2288,2.23,0.0022,UNMAPPED,,,,,,,,128,128,RGB
01_Assets_Organizados,UI/items/cracked_ogre_tusk.webp,UI,cracked_ogre_tusk.webp,.webp,3108,3.04,0.003,UNMAPPED,,,,,,,,128,128,RGB
01_Assets_Organizados,UI/items/cracked_wyrm_scale.webp,UI,cracked_wyrm_scale.webp,.webp,3110,3.04,0.003,UNMAPPED,,,,,,,,128,128,RGB
01_Assets_Organizados,UI/chrome/crafting.webp,UI,crafting.webp,.webp,6690,6.53,0.0064,UNMAPPED,,,,,,,,128,128,RGBA
01_Assets_Organizados,UI/items/crag_warden_cudgel.webp,UI,crag_warden_cudgel.webp,.webp,2554,2.49,0.0024,UNMAPPED,,,,,,,,128,128,RGB
01_Assets_Organizados,UI/items/craghorn_staff.webp,UI,craghorn_staff.webp,.webp,1734,1.69,0.0017,UNMAPPED,,,,,,,,128,128,RGB
01_Assets_Organizados,UI/items/cragmaw_huntcord.webp,UI,cragmaw_huntcord.webp,.webp,2788,2.72,0.0027,UNMAPPED,,,,,,,,128,128,RGB
01_Assets_Organizados,UI/items/cragmaw_huntquiver.webp,UI,cragmaw_huntquiver.webp,.webp,2680,2.62,0.0026,UNMAPPED,,,,,,,,128,128,RGB
01_Assets_Organizados,UI/items/cragmaw_prowlboots.webp,UI,cragmaw_prowlboots.webp,.webp,2460,2.4,0.0023,UNMAPPED,,,,,,,,128,128,RGB
01_Assets_Organizados,UI/items/cragprowl_belt.webp,UI,cragprowl_belt.webp,.webp,4092,4.0,0.0039,UNMAPPED,,,,,,,,128,128,RGB
01_Assets_Organizados,UI/items/cragthorn_greatstaff.webp,UI,cragthorn_greatstaff.webp,.webp,2892,2.82,0.0028,UNMAPPED,,,,,,,,128,128,RGB
01_Assets_Organizados,UI/items/cragwalker_boots.webp,UI,cragwalker_boots.webp,.webp,2268,2.21,0.0022,UNMAPPED,,,,,,,,128,128,RGB
01_Assets_Organizados,UI/items/cragward_pauldrons.webp,UI,cragward_pauldrons.webp,.webp,4172,4.07,0.004,UNMAPPED,,,,,,,,128,128,RGB
01_Assets_Organizados,UI/items/crimson_amber_armor_plate.webp,UI,crimson_amber_armor_plate.webp,.webp,2640,2.58,0.0025,UNMAPPED,,,,,,,,128,128,RGB
01_Assets_Organizados,UI/skills/rogue/crippling_poison.webp,UI,crippling_poison.webp,.webp,3162,3.09,0.003,UNMAPPED,,,,,,,,128,128,RGB
01_Assets_Organizados,UI/items/crossroads_saber.webp,UI,crossroads_saber.webp,.webp,2010,1.96,0.0019,UNMAPPED,,,,,,,,128,128,RGB
01_Assets_Organizados,UI/chrome/crown.webp,UI,crown.webp,.webp,6616,6.46,0.0063,UNMAPPED,,,,,,,,128,128,RGBA
01_Assets_Organizados,UI/items/crownforged_dreadhelm.webp,UI,crownforged_dreadhelm.webp,.webp,2644,2.58,0.0025,UNMAPPED,,,,,,,,128,128,RGB
01_Assets_Organizados,UI/items/crownforged_gauntlets.webp,UI,crownforged_gauntlets.webp,.webp,3410,3.33,0.0033,UNMAPPED,,,,,,,,128,128,RGB
01_Assets_Organizados,UI/items/crownforged_girdle.webp,UI,crownforged_girdle.webp,.webp,3098,3.03,0.003,UNMAPPED,,,,,,,,128,128,RGB
01_Assets_Organizados,UI/items/crownforged_warspaulders.webp,UI,crownforged_warspaulders.webp,.webp,5668,5.54,0.0054,UNMAPPED,,,,,,,,128,128,RGB
01_Assets_Organizados,UI/skills/warlock/cruel_pact.webp,UI,cruel_pact.webp,.webp,3742,3.65,0.0036,UNMAPPED,,,,,,,,128,128,RGB
01_Assets_Organizados,UI/skills/paladin/crusader_strike.webp,UI,crusader_strike.webp,.webp,5454,5.33,0.0052,UNMAPPED,,,,,,,,128,128,RGB
01_Assets_Organizados,UI/skills/warrior/crushing_charge.webp,UI,crushing_charge.webp,.webp,7768,7.59,0.0074,UNMAPPED,,,,,,,,128,128,RGB
01_Assets_Organizados,UI/items/crypt_keystone.webp,UI,crypt_keystone.webp,.webp,2626,2.56,0.0025,UNMAPPED,,,,,,,,128,128,RGB
01_Assets_Organizados,UI/items/crypt_ritual_circle.webp,UI,crypt_ritual_circle.webp,.webp,2850,2.78,0.0027,UNMAPPED,,,,,,,,128,128,RGB
01_Assets_Organizados,UI/mobs/crypt_shambler.webp,UI,crypt_shambler.webp,.webp,2548,2.49,0.0024,UNMAPPED,,,,,,,,128,128,RGB
01_Assets_Organizados,UI/items/cryptbloom_shoulderguards.webp,UI,cryptbloom_shoulderguards.webp,.webp,4644,4.54,0.0044,UNMAPPED,,,,,,,,128,128,RGB
01_Assets_Organizados,UI/items/cryptbone_greaves.webp,UI,cryptbone_greaves.webp,.webp,1890,1.85,0.0018,UNMAPPED,,,,,,,,128,128,RGB
01_Assets_Organizados,UI/items/cryptbone_helm.webp,UI,cryptbone_helm.webp,.webp,2680,2.62,0.0026,UNMAPPED,,,,,,,,128,128,RGB
01_Assets_Organizados,UI/items/cryptbone_pauldrons.webp,UI,cryptbone_pauldrons.webp,.webp,4858,4.74,0.0046,UNMAPPED,,,,,,,,128,128,RGB
01_Assets_Organizados,UI/items/cryptplate_helm.webp,UI,cryptplate_helm.webp,.webp,4382,4.28,0.0042,UNMAPPED,,,,,,,,128,128,RGB
01_Assets_Organizados,UI/items/cryptstalker_jerkin.webp,UI,cryptstalker_jerkin.webp,.webp,3050,2.98,0.0029,UNMAPPED,,,,,,,,128,128,RGB
01_Assets_Organizados,UI/items/cult_cipher.webp,UI,cult_cipher.webp,.webp,2830,2.76,0.0027,UNMAPPED,,,,,,,,128,128,RGB
01_Assets_Organizados,UI/items/cultist_flayer.webp,UI,cultist_flayer.webp,.webp,1630,1.59,0.0016,UNMAPPED,,,,,,,,128,128,RGB
01_Assets_Organizados,UI/skills/warlock/curse_of_agony.webp,UI,curse_of_agony.webp,.webp,4360,4.26,0.0042,UNMAPPED,,,,,,,,128,128,RGB
01_Assets_Organizados,UI/skills/warlock/curse_of_exhaustion.webp,UI,curse_of_exhaustion.webp,.webp,5358,5.23,0.0051,UNMAPPED,,,,,,,,128,128,RGB
01_Assets_Organizados,UI/skills/warlock/cursed_accomplice.webp,UI,cursed_accomplice.webp,.webp,4248,4.15,0.0041,UNMAPPED,,,,,,,,128,128,RGB
01_Assets_Organizados,UI/items/curved_tusk.webp,UI,curved_tusk.webp,.webp,2270,2.22,0.0022,UNMAPPED,,,,,,,,128,128,RGB
01_Assets_Organizados,UI/items/cyan_magenta_armor_plate.webp,UI,cyan_magenta_armor_plate.webp,.webp,2632,2.57,0.0025,UNMAPPED,,,,,,,,128,128,RGB
01_Assets_Organizados,UI/weapons/dagger_a.jpg,UI,dagger_a.jpg,.jpg,1311,1.28,0.0013,UNMAPPED,,,,,,,,128,128,RGB
01_Assets_Organizados,UI/weapons/dagger_b.jpg,UI,dagger_b.jpg,.jpg,1374,1.34,0.0013,UNMAPPED,,,,,,,,128,128,RGB
01_Assets_Organizados,UI/weapons/dagger_c.jpg,UI,dagger_c.jpg,.jpg,1570,1.53,0.0015,UNMAPPED,,,,,,,,128,128,RGB
01_Assets_Organizados,UI/skills/warlock/dark_pact.webp,UI,dark_pact.webp,.webp,3724,3.64,0.0036,UNMAPPED,,,,,,,,128,128,RGB
01_Assets_Organizados,UI/skills/druid/dash.webp,UI,dash.webp,.webp,3354,3.28,0.0032,UNMAPPED,,,,,,,,128,128,RGBA
01_Assets_Organizados,UI/skills/paladin/dawn_devotion.webp,UI,dawn_devotion.webp,.webp,6698,6.54,0.0064,UNMAPPED,,,,,,,,128,128,RGB
01_Assets_Organizados,UI/skills/paladin/dawnfall.webp,UI,dawnfall.webp,.webp,5990,5.85,0.0057,UNMAPPED,,,,,,,,128,128,RGB
01_Assets_Organizados,UI/skills/paladin/dawns_embrace.webp,UI,dawns_embrace.webp,.webp,5098,4.98,0.0049,UNMAPPED,,,,,,,,128,128,RGB
01_Assets_Organizados,UI/items/deacon_reliquary_helm.webp,UI,deacon_reliquary_helm.webp,.webp,2670,2.61,0.0025,UNMAPPED,,,,,,,,128,128,RGB
01_Assets_Organizados,UI/mobs/deacon_varric.webp,UI,deacon_varric.webp,.webp,2200,2.15,0.0021,UNMAPPED,,,,,,,,128,128,RGB
01_Assets_Organizados,UI/mobs/deacon_voss.webp,UI,deacon_voss.webp,.webp,2102,2.05,0.002,UNMAPPED,,,,,,,,128,128,RGB
01_Assets_Organizados,UI/items/deacons_cleaver.webp,UI,deacons_cleaver.webp,.webp,2200,2.15,0.0021,UNMAPPED,,,,,,,,128,128,RGB
01_Assets_Organizados,UI/crests/status/dead.webp,UI,dead.webp,.webp,10444,10.2,0.01,UNMAPPED,,,,,,,,256,256,RGB
01_Assets_Organizados,UI/skills/rogue/deadly_poison.webp,UI,deadly_poison.webp,.webp,4554,4.45,0.0043,UNMAPPED,,,,,,,,128,128,RGB
01_Assets_Organizados,UI/skills/warlock/death_coil.webp,UI,death_coil.webp,.webp,5518,5.39,0.0053,UNMAPPED,,,,,,,,128,128,RGB
01_Assets_Organizados,UI/items/deathless_greatblade.webp,UI,deathless_greatblade.webp,.webp,2078,2.03,0.002,UNMAPPED,,,,,,,,128,128,RGB
01_Assets_Organizados,UI/items/deathless_heartwood.webp,UI,deathless_heartwood.webp,.webp,2570,2.51,0.0025,UNMAPPED,,,,,,,,128,128,RGB
01_Assets_Organizados,UI/items/deathless_warguard_legmail.webp,UI,deathless_warguard_legmail.webp,.webp,4572,4.46,0.0044,UNMAPPED,,,,,,,,128,128,RGB
01_Assets_Organizados,UI/items/deathlord_legguards.webp,UI,deathlord_legguards.webp,.webp,2208,2.16,0.0021,UNMAPPED,,,,,,,,128,128,RGB
01_Assets_Organizados,UI/items/deathlord_sabatons.webp,UI,deathlord_sabatons.webp,.webp,2896,2.83,0.0028,UNMAPPED,,,,,,,,128,128,RGB
01_Assets_Organizados,UI/items/deathlord_warplate.webp,UI,deathlord_warplate.webp,.webp,3404,3.32,0.0032,UNMAPPED,,,,,,,,128,128,RGB
01_Assets_Organizados,UI/items/deathlords_dread_visage.webp,UI,deathlords_dread_visage.webp,.webp,2172,2.12,0.0021,UNMAPPED,,,,,,,,128,128,RGB
01_Assets_Organizados,UI/mobs/deathstalker_voss.webp,UI,deathstalker_voss.webp,.webp,2544,2.48,0.0024,UNMAPPED,,,,,,,,128,128,RGB
01_Assets_Organizados,UI/dungeons/deathstalker_voss.webp,UI,deathstalker_voss.webp,.webp,3646,3.56,0.0035,UNMAPPED,,,,,,,,128,128,RGBA
01_Assets_Organizados,UI/skills/mage/deep_freeze.webp,UI,deep_freeze.webp,.webp,4740,4.63,0.0045,UNMAPPED,,,,,,,,128,128,RGB
01_Assets_Organizados,UI/skills/warrior/deep_wounds.webp,UI,deep_wounds.webp,.webp,5012,4.89,0.0048,UNMAPPED,,,,,,,,128,128,RGB
01_Assets_Organizados,UI/mobs/deepfen_murloc.webp,UI,deepfen_murloc.webp,.webp,1762,1.72,0.0017,UNMAPPED,,,,,,,,128,128,RGB
01_Assets_Organizados,UI/items/deepfen_pearl.webp,UI,deepfen_pearl.webp,.webp,2230,2.18,0.0021,UNMAPPED,,,,,,,,128,128,RGB
01_Assets_Organizados,UI/mobs/deepfen_spearjaw.webp,UI,deepfen_spearjaw.webp,.webp,1608,1.57,0.0015,UNMAPPED,,,,,,,,128,128,RGB
01_Assets_Organizados,UI/mobs/deeprock_kobold.webp,UI,deeprock_kobold.webp,.webp,1686,1.65,0.0016,UNMAPPED,,,,,,,,128,128,RGB
01_Assets_Organizados,UI/skills/warrior/defensive_stance.webp,UI,defensive_stance.webp,.webp,6122,5.98,0.0058,UNMAPPED,,,,,,,,128,128,RGB
01_Assets_Organizados,UI/skills/warrior/defiant_bellow.webp,UI,defiant_bellow.webp,.webp,9098,8.88,0.0087,UNMAPPED,,,,,,,,128,128,RGB
01_Assets_Organizados,UI/map-markers/delve_entrance.webp,UI,delve_entrance.webp,.webp,2312,2.26,0.0022,UNMAPPED,,,,,,,,64,64,RGBA
01_Assets_Organizados,UI/map-markers/delve_passage.webp,UI,delve_passage.webp,.webp,2170,2.12,0.0021,UNMAPPED,,,,,,,,64,64,RGBA
01_Assets_Organizados,UI/map-markers/delve_surface_exit.webp,UI,delve_surface_exit.webp,.webp,2248,2.2,0.0021,UNMAPPED,,,,,,,,64,64,RGBA
01_Assets_Organizados,UI/crests/families/demon.webp,UI,demon.webp,.webp,12704,12.41,0.0121,UNMAPPED,,,,,,,,256,256,RGB
01_Assets_Organizados,UI/skills/warlock/demon_skin.webp,UI,demon_skin.webp,.webp,5500,5.37,0.0052,UNMAPPED,,,,,,,,128,128,RGB
01_Assets_Organizados,UI/specs/warlock/demonology.webp,UI,demonology.webp,.webp,6862,6.7,0.0065,UNMAPPED,,,,,,,,128,128,RGB
01_Assets_Organizados,UI/skills/druid/demoralizing_roar.webp,UI,demoralizing_roar.webp,.webp,4878,4.76,0.0047,UNMAPPED,,,,,,,,128,128,RGB
01_Assets_Organizados,UI/skills/warrior/demoralizing_shout.webp,UI,demoralizing_shout.webp,.webp,4962,4.85,0.0047,UNMAPPED,,,,,,,,128,128,RGBA
01_Assets_Organizados,UI/skills/priest/desperate_prayer.webp,UI,desperate_prayer.webp,.webp,4450,4.35,0.0042,UNMAPPED,,,,,,,,128,128,RGB
01_Assets_Organizados,UI/specs/warlock/destruction.webp,UI,destruction.webp,.webp,7408,7.23,0.0071,UNMAPPED,,,,,,,,128,128,RGB
01_Assets_Organizados,UI/skills/hunter/deterrence.webp,UI,deterrence.webp,.webp,4516,4.41,0.0043,UNMAPPED,,,,,,,,128,128,RGB
01_Assets_Organizados,UI/skills/paladin/devotion_aura.webp,UI,devotion_aura.webp,.webp,3616,3.53,0.0034,UNMAPPED,,,,,,,,128,128,RGBA
01_Assets_Organizados,UI/skills/paladin/devotion_ward.webp,UI,devotion_ward.webp,.webp,5506,5.38,0.0053,UNMAPPED,,,,,,,,128,128,RGB
01_Assets_Organizados,UI/chrome/dfinder.webp,UI,dfinder.webp,.webp,7040,6.88,0.0067,UNMAPPED,,,,,,,,128,128,RGBA
01_Assets_Organizados,UI/deeds/dgn_boss_clears_50.webp,UI,dgn_boss_clears_50.webp,.webp,5240,5.12,0.005,UNMAPPED,,,,,,,,128,128,RGBA
01_Assets_Organizados,UI/deeds/dgn_deepward.webp,UI,dgn_deepward.webp,.webp,6772,6.61,0.0065,UNMAPPED,,,,,,,,128,128,RGBA
01_Assets_Organizados,UI/deeds/dgn_drowned_temple.webp,UI,dgn_drowned_temple.webp,.webp,4868,4.75,0.0046,UNMAPPED,,,,,,,,128,128,RGBA
01_Assets_Organizados,UI/deeds/dgn_drowned_temple_heroic.webp,UI,dgn_drowned_temple_heroic.webp,.webp,5546,5.42,0.0053,UNMAPPED,,,,,,,,128,128,RGBA
01_Assets_Organizados,UI/deeds/dgn_gravewyrm_sanctum.webp,UI,dgn_gravewyrm_sanctum.webp,.webp,5034,4.92,0.0048,UNMAPPED,,,,,,,,128,128,RGBA
01_Assets_Organizados,UI/deeds/dgn_gravewyrm_sanctum_heroic.webp,UI,dgn_gravewyrm_sanctum_heroic.webp,.webp,5556,5.43,0.0053,UNMAPPED,,,,,,,,128,128,RGBA
01_Assets_Organizados,UI/deeds/dgn_hollow_crypt.webp,UI,dgn_hollow_crypt.webp,.webp,4846,4.73,0.0046,UNMAPPED,,,,,,,,128,128,RGBA
01_Assets_Organizados,UI/deeds/dgn_hollow_crypt_heroic.webp,UI,dgn_hollow_crypt_heroic.webp,.webp,5438,5.31,0.0052,UNMAPPED,,,,,,,,128,128,RGBA
01_Assets_Organizados,UI/deeds/dgn_korzul_flawless.webp,UI,dgn_korzul_flawless.webp,.webp,6690,6.53,0.0064,UNMAPPED,,,,,,,,128,128,RGBA
01_Assets_Organizados,UI/deeds/dgn_mark_circuit.webp,UI,dgn_mark_circuit.webp,.webp,6050,5.91,0.0058,UNMAPPED,,,,,,,,128,128,RGBA
01_Assets_Organizados,UI/deeds/dgn_morthen_flawless.webp,UI,dgn_morthen_flawless.webp,.webp,5226,5.1,0.005,UNMAPPED,,,,,,,,128,128,RGBA
01_Assets_Organizados,UI/deeds/dgn_morthen_trio.webp,UI,dgn_morthen_trio.webp,.webp,5110,4.99,0.0049,UNMAPPED,,,,,,,,128,128,RGBA
01_Assets_Organizados,UI/deeds/dgn_nythraxis.webp,UI,dgn_nythraxis.webp,.webp,5318,5.19,0.0051,UNMAPPED,,,,,,,,128,128,RGBA
01_Assets_Organizados,UI/deeds/dgn_nythraxis_crypt.webp,UI,dgn_nythraxis_crypt.webp,.webp,5060,4.94,0.0048,UNMAPPED,,,,,,,,128,128,RGBA
01_Assets_Organizados,UI/deeds/dgn_nythraxis_deathless.webp,UI,dgn_nythraxis_deathless.webp,.webp,5976,5.84,0.0057,UNMAPPED,,,,,,,,128,128,RGBA
01_Assets_Organizados,UI/deeds/dgn_nythraxis_gravebreaker.webp,UI,dgn_nythraxis_gravebreaker.webp,.webp,5880,5.74,0.0056,UNMAPPED,,,,,,,,128,128,RGBA
01_Assets_Organizados,UI/deeds/dgn_nythraxis_heroic.webp,UI,dgn_nythraxis_heroic.webp,.webp,5752,5.62,0.0055,UNMAPPED,,,,,,,,128,128,RGBA
01_Assets_Organizados,UI/deeds/dgn_nythraxis_wardens.webp,UI,dgn_nythraxis_wardens.webp,.webp,5202,5.08,0.005,UNMAPPED,,,,,,,,128,128,RGBA
01_Assets_Organizados,UI/deeds/dgn_olen_arc.webp,UI,dgn_olen_arc.webp,.webp,5530,5.4,0.0053,UNMAPPED,,,,,,,,128,128,RGBA
01_Assets_Organizados,UI/deeds/dgn_rift.webp,UI,dgn_rift.webp,.webp,4832,4.72,0.0046,UNMAPPED,,,,,,,,128,128,RGBA
01_Assets_Organizados,UI/deeds/dgn_rift_s_rank.webp,UI,dgn_rift_s_rank.webp,.webp,5510,5.38,0.0053,UNMAPPED,,,,,,,,128,128,RGBA
01_Assets_Organizados,UI/deeds/dgn_sanctum_speed.webp,UI,dgn_sanctum_speed.webp,.webp,5680,5.55,0.0054,UNMAPPED,,,,,,,,128,128,RGBA
01_Assets_Organizados,UI/deeds/dgn_sunken_bastion.webp,UI,dgn_sunken_bastion.webp,.webp,4812,4.7,0.0046,UNMAPPED,,,,,,,,128,128,RGBA
01_Assets_Organizados,UI/deeds/dgn_sunken_bastion_heroic.webp,UI,dgn_sunken_bastion_heroic.webp,.webp,5540,5.41,0.0053,UNMAPPED,,,,,,,,128,128,RGBA
01_Assets_Organizados,UI/deeds/dgn_thornpeak_rounds.webp,UI,dgn_thornpeak_rounds.webp,.webp,6798,6.64,0.0065,UNMAPPED,,,,,,,,128,128,RGBA
01_Assets_Organizados,UI/deeds/dgn_vael_thralls.webp,UI,dgn_vael_thralls.webp,.webp,6122,5.98,0.0058,UNMAPPED,,,,,,,,128,128,RGBA
01_Assets_Organizados,UI/deeds/dgn_velkhar_bonewalkers.webp,UI,dgn_velkhar_bonewalkers.webp,.webp,4846,4.73,0.0046,UNMAPPED,,,,,,,,128,128,RGBA
01_Assets_Organizados,UI/deeds/dgn_wildheart_basin.webp,UI,dgn_wildheart_basin.webp,.webp,4872,4.76,0.0046,UNMAPPED,,,,,,,,128,128,RGBA
01_Assets_Organizados,UI/deeds/dgn_wildheart_basin_heroic.webp,UI,dgn_wildheart_basin_heroic.webp,.webp,5996,5.86,0.0057,UNMAPPED,,,,,,,,128,128,RGBA
01_Assets_Organizados,UI/deeds/dgn_ysolei_flawless.webp,UI,dgn_ysolei_flawless.webp,.webp,4792,4.68,0.0046,UNMAPPED,,,,,,,,128,128,RGBA
01_Assets_Organizados,UI/deeds/dgn_ysolei_moonspawn.webp,UI,dgn_ysolei_moonspawn.webp,.webp,4842,4.73,0.0046,UNMAPPED,,,,,,,,128,128,RGBA
01_Assets_Organizados,UI/skills/warrior/diabolical_twinstrike.webp,UI,diabolical_twinstrike.webp,.webp,4040,3.95,0.0039,UNMAPPED,,,,,,,,128,128,RGB
01_Assets_Organizados,UI/skills/warrior/die_by_sword.webp,UI,die_by_sword.webp,.webp,8530,8.33,0.0081,UNMAPPED,,,,,,,,128,128,RGB
01_Assets_Organizados,UI/items/direfang_greatblade.webp,UI,direfang_greatblade.webp,.webp,1986,1.94,0.0019,UNMAPPED,,,,,,,,128,128,RGB
01_Assets_Organizados,UI/items/direfang_quiver.webp,UI,direfang_quiver.webp,.webp,3442,3.36,0.0033,UNMAPPED,,,,,,,,128,128,RGB
01_Assets_Organizados,UI/specs/priest/discipline.webp,UI,discipline.webp,.webp,6950,6.79,0.0066,UNMAPPED,,,,,,,,128,128,RGB
01_Assets_Organizados,UI/skills/hunter/dismiss_pet.webp,UI,dismiss_pet.webp,.webp,3502,3.42,0.0033,UNMAPPED,,,,,,,,128,128,RGBA
01_Assets_Organizados,UI/skills/paladin/divine_ascension.webp,UI,divine_ascension.webp,.webp,5528,5.4,0.0053,UNMAPPED,,,,,,,,128,128,RGB
01_Assets_Organizados,UI/skills/paladin/divine_protection.webp,UI,divine_protection.webp,.webp,3196,3.12,0.003,UNMAPPED,,,,,,,,128,128,RGBA
01_Assets_Organizados,UI/deeds/dlv_clears_50.webp,UI,dlv_clears_50.webp,.webp,5128,5.01,0.0049,UNMAPPED,,,,,,,,128,128,RGBA
01_Assets_Organizados,UI/deeds/dlv_companion_max.webp,UI,dlv_companion_max.webp,.webp,6044,5.9,0.0058,UNMAPPED,,,,,,,,128,128,RGBA
01_Assets_Organizados,UI/deeds/dlv_companions_both.webp,UI,dlv_companions_both.webp,.webp,6118,5.97,0.0058,UNMAPPED,,,,,,,,128,128,RGBA
01_Assets_Organizados,UI/deeds/dlv_litany.webp,UI,dlv_litany.webp,.webp,5520,5.39,0.0053,UNMAPPED,,,,,,,,128,128,RGBA
01_Assets_Organizados,UI/deeds/dlv_litany_heroic.webp,UI,dlv_litany_heroic.webp,.webp,5454,5.33,0.0052,UNMAPPED,,,,,,,,128,128,RGBA
01_Assets_Organizados,UI/deeds/dlv_lore_journal.webp,UI,dlv_lore_journal.webp,.webp,6192,6.05,0.0059,UNMAPPED,,,,,,,,128,128,RGBA
01_Assets_Organizados,UI/deeds/dlv_nhalia_bells.webp,UI,dlv_nhalia_bells.webp,.webp,6020,5.88,0.0057,UNMAPPED,,,,,,,,128,128,RGBA
01_Assets_Organizados,UI/deeds/dlv_reliquary.webp,UI,dlv_reliquary.webp,.webp,5888,5.75,0.0056,UNMAPPED,,,,,,,,128,128,RGBA
01_Assets_Organizados,UI/deeds/dlv_reliquary_heroic.webp,UI,dlv_reliquary_heroic.webp,.webp,6172,6.03,0.0059,UNMAPPED,,,,,,,,128,128,RGBA
01_Assets_Organizados,UI/deeds/dlv_rite_flawless.webp,UI,dlv_rite_flawless.webp,.webp,6708,6.55,0.0064,UNMAPPED,,,,,,,,128,128,RGBA
01_Assets_Organizados,UI/deeds/dlv_solo_heroic.webp,UI,dlv_solo_heroic.webp,.webp,5090,4.97,0.0049,UNMAPPED,,,,,,,,128,128,RGBA
01_Assets_Organizados,UI/deeds/dlv_tumbler_premium.webp,UI,dlv_tumbler_premium.webp,.webp,6226,6.08,0.0059,UNMAPPED,,,,,,,,128,128,RGBA
01_Assets_Organizados,UI/deeds/dlv_varric_ringers.webp,UI,dlv_varric_ringers.webp,.webp,5132,5.01,0.0049,UNMAPPED,,,,,,,,128,128,RGBA
01_Assets_Organizados,UI/chrome/donate.webp,UI,donate.webp,.webp,5866,5.73,0.0056,UNMAPPED,,,,,,,,128,128,RGBA
01_Assets_Organizados,UI/skills/mage/double_blink.webp,UI,double_blink.webp,.webp,7392,7.22,0.007,UNMAPPED,,,,,,,,128,128,RGB
01_Assets_Organizados,UI/skills/warrior/double_charge.webp,UI,double_charge.webp,.webp,6832,6.67,0.0065,UNMAPPED,,,,,,,,128,128,RGB
01_Assets_Organizados,UI/mobs/downs_bandit.webp,UI,downs_bandit.webp,.webp,1722,1.68,0.0016,UNMAPPED,,,,,,,,128,128,RGB
01_Assets_Organizados,UI/crests/families/dragonkin.webp,UI,dragonkin.webp,.webp,14924,14.57,0.0142,UNMAPPED,,,,,,,,256,256,RGB
01_Assets_Organizados,UI/mobs/dragonkin_broodguard.webp,UI,dragonkin_broodguard.webp,.webp,2058,2.01,0.002,UNMAPPED,,,,,,,,128,128,RGB
01_Assets_Organizados,UI/mobs/dragonkin_egg.webp,UI,dragonkin_egg.webp,.webp,2102,2.05,0.002,UNMAPPED,,,,,,,,128,128,RGB
01_Assets_Organizados,UI/mobs/dragonkin_whelp.webp,UI,dragonkin_whelp.webp,.webp,2058,2.01,0.002,UNMAPPED,,,,,,,,128,128,RGB
01_Assets_Organizados,UI/skills/mage/dragons_breath.webp,UI,dragons_breath.webp,.webp,6068,5.93,0.0058,UNMAPPED,,,,,,,,128,128,RGB
01_Assets_Organizados,UI/skills/warlock/drain_life.webp,UI,drain_life.webp,.webp,2972,2.9,0.0028,UNMAPPED,,,,,,,,128,128,RGB
01_Assets_Organizados,UI/mobs/drakemaw_broodlord.webp,UI,drakemaw_broodlord.webp,.webp,2478,2.42,0.0024,UNMAPPED,,,,,,,,128,128,RGB
01_Assets_Organizados,UI/items/dreamroot_boots.webp,UI,dreamroot_boots.webp,.webp,5480,5.35,0.0052,UNMAPPED,,,,,,,,128,128,RGB
01_Assets_Organizados,UI/items/drogmar_warboots.webp,UI,drogmar_warboots.webp,.webp,2154,2.1,0.0021,UNMAPPED,,,,,,,,128,128,RGB
01_Assets_Organizados,UI/items/drogmars_skullcleaver.webp,UI,drogmars_skullcleaver.webp,.webp,2676,2.61,0.0026,UNMAPPED,,,,,,,,128,128,RGB
01_Assets_Organizados,UI/items/drovers_staff.webp,UI,drovers_staff.webp,.webp,1864,1.82,0.0018,UNMAPPED,,,,,,,,128,128,RGB
01_Assets_Organizados,UI/mobs/drowned_cantor.webp,UI,drowned_cantor.webp,.webp,2078,2.03,0.002,UNMAPPED,,,,,,,,128,128,RGB
01_Assets_Organizados,UI/items/drowned_choir_fang.webp,UI,drowned_choir_fang.webp,.webp,2474,2.42,0.0024,UNMAPPED,,,,,,,,128,128,RGB
01_Assets_Organizados,UI/mobs/drowned_dead.webp,UI,drowned_dead.webp,.webp,2768,2.7,0.0026,UNMAPPED,,,,,,,,128,128,RGB
01_Assets_Organizados,UI/mobs/drowned_deckhand.webp,UI,drowned_deckhand.webp,.webp,2780,2.71,0.0027,UNMAPPED,,,,,,,,128,128,RGB
01_Assets_Organizados,UI/items/drowned_offering.webp,UI,drowned_offering.webp,.webp,2206,2.15,0.0021,UNMAPPED,,,,,,,,128,128,RGB
01_Assets_Organizados,UI/items/drowned_prayer_leggings.webp,UI,drowned_prayer_leggings.webp,.webp,2026,1.98,0.0019,UNMAPPED,,,,,,,,128,128,RGB
01_Assets_Organizados,UI/items/drowned_prayer_sandals.webp,UI,drowned_prayer_sandals.webp,.webp,2760,2.7,0.0026,UNMAPPED,,,,,,,,128,128,RGB
01_Assets_Organizados,UI/mobs/drowned_templeguard.webp,UI,drowned_templeguard.webp,.webp,2796,2.73,0.0027,UNMAPPED,,,,,,,,128,128,RGB
01_Assets_Organizados,UI/mobs/drowned_thrall.webp,UI,drowned_thrall.webp,.webp,2768,2.7,0.0026,UNMAPPED,,,,,,,,128,128,RGB
01_Assets_Organizados,UI/items/drowned_tide_scepter.webp,UI,drowned_tide_scepter.webp,.webp,2164,2.11,0.0021,UNMAPPED,,,,,,,,128,128,RGB
01_Assets_Organizados,UI/mobs/drowned_votary.webp,UI,drowned_votary.webp,.webp,2760,2.7,0.0026,UNMAPPED,,,,,,,,128,128,RGB
01_Assets_Organizados,UI/mobs/drowned_warlord.webp,UI,drowned_warlord.webp,.webp,2748,2.68,0.0026,UNMAPPED,,,,,,,,128,128,RGB
01_Assets_Organizados,UI/items/drownedguard_breastplate.webp,UI,drownedguard_breastplate.webp,.webp,2086,2.04,0.002,UNMAPPED,,,,,,,,128,128,RGB
01_Assets_Organizados,UI/items/drownedmoon_kris.webp,UI,drownedmoon_kris.webp,.webp,2056,2.01,0.002,UNMAPPED,,,,,,,,128,128,RGB
01_Assets_Organizados,UI/items/drownedmoon_maul.webp,UI,drownedmoon_maul.webp,.webp,2640,2.58,0.0025,UNMAPPED,,,,,,,,128,128,RGB
01_Assets_Organizados,UI/items/drownedmoon_scepter.webp,UI,drownedmoon_scepter.webp,.webp,1720,1.68,0.0016,UNMAPPED,,,,,,,,128,128,RGB
01_Assets_Organizados,UI/items/drownstep_sabatons.webp,UI,drownstep_sabatons.webp,.webp,2546,2.49,0.0024,UNMAPPED,,,,,,,,128,128,RGB
01_Assets_Organizados,UI/items/drownstep_slippers.webp,UI,drownstep_slippers.webp,.webp,1750,1.71,0.0017,UNMAPPED,,,,,,,,128,128,RGB
01_Assets_Organizados,UI/items/drownstep_treads.webp,UI,drownstep_treads.webp,.webp,2328,2.27,0.0022,UNMAPPED,,,,,,,,128,128,RGB
01_Assets_Organizados,UI/mobs/drowsy_croaker.webp,UI,drowsy_croaker.webp,.webp,1862,1.82,0.0018,UNMAPPED,,,,,,,,128,128,RGB
01_Assets_Organizados,UI/classes/druid.webp,UI,druid.webp,.webp,12724,12.43,0.0121,UNMAPPED,,,,,,,,256,256,RGB
01_Assets_Organizados,UI/mobs/dune_troll.webp,UI,dune_troll.webp,.webp,2082,2.03,0.002,UNMAPPED,,,,,,,,128,128,RGB
01_Assets_Organizados,UI/map-markers/dungeon_entrance.webp,UI,dungeon_entrance.webp,.webp,2584,2.52,0.0025,UNMAPPED,,,,,,,,64,64,RGBA
01_Assets_Organizados,UI/map-markers/dungeon_exit.webp,UI,dungeon_exit.webp,.webp,2372,2.32,0.0023,UNMAPPED,,,,,,,,64,64,RGBA
01_Assets_Organizados,UI/items/duskfang_dirk.webp,UI,duskfang_dirk.webp,.webp,1670,1.63,0.0016,UNMAPPED,,,,,,,,128,128,RGB
01_Assets_Organizados,UI/items/duskhide_wraps.webp,UI,duskhide_wraps.webp,.webp,3658,3.57,0.0035,UNMAPPED,,,,,,,,128,128,RGB
01_Assets_Organizados,UI/items/duskthorn_mantle.webp,UI,duskthorn_mantle.webp,.webp,3842,3.75,0.0037,UNMAPPED,,,,,,,,128,128,RGB
01_Assets_Organizados,UI/items/duskwhisper.webp,UI,duskwhisper.webp,.webp,1684,1.64,0.0016,UNMAPPED,,,,,,,,128,128,RGB
01_Assets_Organizados,UI/mobs/duskwisp.webp,UI,duskwisp.webp,.webp,1868,1.82,0.0018,UNMAPPED,,,,,,,,128,128,RGB
01_Assets_Organizados,UI/items/duskwisp_essence.webp,UI,duskwisp_essence.webp,.webp,1196,1.17,0.0011,UNMAPPED,,,,,,,,128,128,RGB
01_Assets_Organizados,UI/skills/shaman/earth_shock.webp,UI,earth_shock.webp,.webp,3806,3.72,0.0036,UNMAPPED,,,,,,,,128,128,RGBA
01_Assets_Organizados,UI/skills/shaman/earthbind.webp,UI,earthbind.webp,.webp,6740,6.58,0.0064,UNMAPPED,,,,,,,,128,128,RGB
01_Assets_Organizados,UI/skills/shaman/earthquake.webp,UI,earthquake.webp,.webp,6496,6.34,0.0062,UNMAPPED,,,,,,,,128,128,RGB
01_Assets_Organizados,UI/items/eastbrook_arming_sword.webp,UI,eastbrook_arming_sword.webp,.webp,1714,1.67,0.0016,UNMAPPED,,,,,,,,128,128,RGB
01_Assets_Organizados,UI/items/eastbrook_buckler.webp,UI,eastbrook_buckler.webp,.webp,3286,3.21,0.0031,UNMAPPED,,,,,,,,128,128,RGB
01_Assets_Organizados,UI/items/eastbrook_chain_vest.webp,UI,eastbrook_chain_vest.webp,.webp,2808,2.74,0.0027,UNMAPPED,,,,,,,,128,128,RGB
01_Assets_Organizados,UI/items/eastbrook_druids_hide.webp,UI,eastbrook_druids_hide.webp,.webp,4140,4.04,0.0039,UNMAPPED,,,,,,,,128,128,RGB
01_Assets_Organizados,UI/items/eastbrook_greatsword.webp,UI,eastbrook_greatsword.webp,.webp,1790,1.75,0.0017,UNMAPPED,,,,,,,,128,128,RGB
01_Assets_Organizados,UI/items/eastbrook_ritual_vestments.webp,UI,eastbrook_ritual_vestments.webp,.webp,4974,4.86,0.0047,UNMAPPED,,,,,,,,128,128,RGB
01_Assets_Organizados,UI/items/eastbrook_warded_leggings.webp,UI,eastbrook_warded_leggings.webp,.webp,3350,3.27,0.0032,UNMAPPED,,,,,,,,128,128,RGB
01_Assets_Organizados,UI/items/eastbrook_wool_trousers.webp,UI,eastbrook_wool_trousers.webp,.webp,1608,1.57,0.0015,UNMAPPED,,,,,,,,128,128,RGB
01_Assets_Organizados,UI/mobs/edda_reedhand.webp,UI,edda_reedhand.webp,.webp,2404,2.35,0.0023,UNMAPPED,,,,,,,,128,128,RGB
01_Assets_Organizados,UI/items/eelscale_leggings.webp,UI,eelscale_leggings.webp,.webp,1880,1.84,0.0018,UNMAPPED,,,,,,,,128,128,RGB
01_Assets_Organizados,UI/items/eelscale_treads.webp,UI,eelscale_treads.webp,.webp,2782,2.72,0.0027,UNMAPPED,,,,,,,,128,128,RGB
01_Assets_Organizados,UI/items/eelskin_mudwaders.webp,UI,eelskin_mudwaders.webp,.webp,2238,2.19,0.0021,UNMAPPED,,,,,,,,128,128,RGB
01_Assets_Organizados,UI/items/eelskin_tunic.webp,UI,eelskin_tunic.webp,.webp,4026,3.93,0.0038,UNMAPPED,,,,,,,,128,128,RGB
01_Assets_Organizados,UI/items/elder_bark.webp,UI,elder_bark.webp,.webp,2050,2.0,0.002,UNMAPPED,,,,,,,,128,128,RGB
01_Assets_Organizados,UI/items/elderwood_axe.webp,UI,elderwood_axe.webp,.webp,5132,5.01,0.0049,UNMAPPED,,,,,,,,128,128,RGB
01_Assets_Organizados,UI/items/elderwood_battle_staff.webp,UI,elderwood_battle_staff.webp,.webp,2090,2.04,0.002,UNMAPPED,,,,,,,,128,128,RGB
01_Assets_Organizados,UI/items/elderwood_log.webp,UI,elderwood_log.webp,.webp,2676,2.61,0.0026,UNMAPPED,,,,,,,,128,128,RGB
01_Assets_Organizados,UI/specs/shaman/elemental.webp,UI,elemental.webp,.webp,8026,7.84,0.0077,UNMAPPED,,,,,,,,128,128,RGB
01_Assets_Organizados,UI/crests/families/elemental.webp,UI,elemental.webp,.webp,17494,17.08,0.0167,UNMAPPED,,,,,,,,256,256,RGB
01_Assets_Organizados,UI/skills/mage/elemental_convergence.webp,UI,elemental_convergence.webp,.webp,8670,8.47,0.0083,UNMAPPED,,,,,,,,128,128,RGB
01_Assets_Organizados,UI/skills/shaman/elemental_mastery.webp,UI,elemental_mastery.webp,.webp,6918,6.76,0.0066,UNMAPPED,,,,,,,,128,128,RGB
01_Assets_Organizados,UI/skills/shaman/elemental_trance.webp,UI,elemental_trance.webp,.webp,5046,4.93,0.0048,UNMAPPED,,,,,,,,128,128,RGB
01_Assets_Organizados,UI/ranks/elite-dragon-frame.webp,UI,elite-dragon-frame.webp,.webp,17126,16.72,0.0163,UNMAPPED,,,,,,,,256,256,RGBA
01_Assets_Organizados,UI/items/elixir_of_the_bear.webp,UI,elixir_of_the_bear.webp,.webp,2150,2.1,0.0021,UNMAPPED,,,,,,,,128,128,RGB
01_Assets_Organizados,UI/items/elixir_of_the_boar.webp,UI,elixir_of_the_boar.webp,.webp,4354,4.25,0.0042,UNMAPPED,,,,,,,,128,128,RGB
01_Assets_Organizados,UI/items/elixir_of_the_serpent.webp,UI,elixir_of_the_serpent.webp,.webp,4748,4.64,0.0045,UNMAPPED,,,,,,,,128,128,RGB
01_Assets_Organizados,UI/weapons/emberbite.jpg,UI,emberbite.jpg,.jpg,988,0.96,0.0009,UNMAPPED,,,,,,,,128,128,RGB
01_Assets_Organizados,UI/store/armory/emberbite_axe.webp,UI,emberbite_axe.webp,.webp,14826,14.48,0.0141,UNMAPPED,,,,,,,,512,512,RGB
01_Assets_Organizados,UI/weapons/emberfang_sword.jpg,UI,emberfang_sword.jpg,.jpg,867,0.85,0.0008,UNMAPPED,,,,,,,,128,128,RGB
01_Assets_Organizados,UI/items/emberfang_warblade.webp,UI,emberfang_warblade.webp,.webp,2270,2.22,0.0022,UNMAPPED,,,,,,,,128,128,RGB
01_Assets_Organizados,UI/items/emberforge_gauntlets.webp,UI,emberforge_gauntlets.webp,.webp,3138,3.06,0.003,UNMAPPED,,,,,,,,128,128,RGB
01_Assets_Organizados,UI/items/emberforged_bulwark.webp,UI,emberforged_bulwark.webp,.webp,2494,2.44,0.0024,UNMAPPED,,,,,,,,128,128,RGB
01_Assets_Organizados,UI/items/emberglass_warstaff.webp,UI,emberglass_warstaff.webp,.webp,2070,2.02,0.002,UNMAPPED,,,,,,,,128,128,RGB
01_Assets_Organizados,UI/mobs/emberkin.webp,UI,emberkin.webp,.webp,1862,1.82,0.0018,UNMAPPED,,,,,,,,128,128,RGB
01_Assets_Organizados,UI/skills/warlock/emberkin_felbolt.webp,UI,emberkin_felbolt.webp,.webp,3470,3.39,0.0033,UNMAPPED,,,,,,,,128,128,RGB
01_Assets_Organizados,UI/items/emberwing_cinderscale.webp,UI,emberwing_cinderscale.webp,.webp,2308,2.25,0.0022,UNMAPPED,,,,,,,,128,128,RGB
01_Assets_Organizados,UI/mobs/emberwing_drake.webp,UI,emberwing_drake.webp,.webp,2260,2.21,0.0022,UNMAPPED,,,,,,,,128,128,RGB
01_Assets_Organizados,UI/items/emberwing_legguards.webp,UI,emberwing_legguards.webp,.webp,2170,2.12,0.0021,UNMAPPED,,,,,,,,128,128,RGB
01_Assets_Organizados,UI/items/emberwing_scale.webp,UI,emberwing_scale.webp,.webp,2414,2.36,0.0023,UNMAPPED,,,,,,,,128,128,RGB
01_Assets_Organizados,UI/weapons/emberwish_mote_of_the_dying_sun.jpg,UI,emberwish_mote_of_the_dying_sun.jpg,.jpg,706,0.69,0.0007,UNMAPPED,,,,,,,,128,128,RGB
01_Assets_Organizados,UI/store/armory/emberwish_wand.webp,UI,emberwish_wand.webp,.webp,14580,14.24,0.0139,UNMAPPED,,,,,,,,512,512,RGB
01_Assets_Organizados,UI/items/emberwood_staff.webp,UI,emberwood_staff.webp,.webp,1942,1.9,0.0019,UNMAPPED,,,,,,,,128,128,RGB
01_Assets_Organizados,UI/weapons/emberwrought_wand.jpg,UI,emberwrought_wand.jpg,.jpg,696,0.68,0.0007,UNMAPPED,,,,,,,,128,128,RGB
01_Assets_Organizados,UI/store/armory/emberwrought_wand.webp,UI,emberwrought_wand.webp,.webp,7216,7.05,0.0069,UNMAPPED,,,,,,,,512,512,RGB
01_Assets_Organizados,UI/skills/warrior/emboldening_roar.webp,UI,emboldening_roar.webp,.webp,8236,8.04,0.0079,UNMAPPED,,,,,,,,128,128,RGB
01_Assets_Organizados,UI/items/embroidered_mantle.webp,UI,embroidered_mantle.webp,.webp,4158,4.06,0.004,UNMAPPED,,,,,,,,128,128,RGB
01_Assets_Organizados,UI/emotes/emote-bow.png,UI,emote-bow.png,.png,112669,110.03,0.1074,UNMAPPED,,,,,,,,256,256,RGBA
01_Assets_Organizados,UI/emotes/emote-cheer.png,UI,emote-cheer.png,.png,87896,85.84,0.0838,UNMAPPED,,,,,,,,256,256,RGBA
01_Assets_Organizados,UI/emotes/emote-clap.png,UI,emote-clap.png,.png,113910,111.24,0.1086,UNMAPPED,,,,,,,,256,256,RGBA
01_Assets_Organizados,UI/emotes/emote-cry.png,UI,emote-cry.png,.png,101203,98.83,0.0965,UNMAPPED,,,,,,,,256,256,RGBA
01_Assets_Organizados,UI/emotes/emote-dance.png,UI,emote-dance.png,.png,108159,105.62,0.1031,UNMAPPED,,,,,,,,256,256,RGBA
01_Assets_Organizados,UI/emotes/emote-flex.png,UI,emote-flex.png,.png,103602,101.17,0.0988,UNMAPPED,,,,,,,,256,256,RGBA
01_Assets_Organizados,UI/emotes/emote-kneel.png,UI,emote-kneel.png,.png,115309,112.61,0.11,UNMAPPED,,,,,,,,256,256,RGBA
01_Assets_Organizados,UI/emotes/emote-laugh.png,UI,emote-laugh.png,.png,111128,108.52,0.106,UNMAPPED,,,,,,,,256,256,RGBA
01_Assets_Organizados,UI/emotes/emote-point.png,UI,emote-point.png,.png,103493,101.07,0.0987,UNMAPPED,,,,,,,,256,256,RGBA
01_Assets_Organizados,UI/emotes/emote-question.png,UI,emote-question.png,.png,88810,86.73,0.0847,UNMAPPED,,,,,,,,256,256,RGBA
01_Assets_Organizados,UI/emotes/emote-roar.png,UI,emote-roar.png,.png,86512,84.48,0.0825,UNMAPPED,,,,,,,,256,256,RGBA
01_Assets_Organizados,UI/emotes/emote-salute.png,UI,emote-salute.png,.png,85959,83.94,0.082,UNMAPPED,,,,,,,,256,256,RGBA
01_Assets_Organizados,UI/emotes/emote-wave.png,UI,emote-wave.png,.png,111355,108.75,0.1062,UNMAPPED,,,,,,,,256,256,RGBA
01_Assets_Organizados,UI/chrome/emote.webp,UI,emote.webp,.webp,6312,6.16,0.006,UNMAPPED,,,,,,,,128,128,RGBA
01_Assets_Organizados,UI/store/armory/encore_bow.webp,UI,encore_bow.webp,.webp,18120,17.7,0.0173,UNMAPPED,,,,,,,,512,512,RGB
01_Assets_Organizados,UI/weapons/encore_the_second_falling_star.jpg,UI,encore_the_second_falling_star.jpg,.jpg,873,0.85,0.0008,UNMAPPED,,,,,,,,128,128,RGB
01_Assets_Organizados,UI/specs/shaman/enhancement.webp,UI,enhancement.webp,.webp,8426,8.23,0.008,UNMAPPED,,,,,,,,128,128,RGB
01_Assets_Organizados,UI/skills/druid/enrage.webp,UI,enrage.webp,.webp,4856,4.74,0.0046,UNMAPPED,,,,,,,,128,128,RGBA
01_Assets_Organizados,UI/skills/warrior/enrage_passive.webp,UI,enrage_passive.webp,.webp,3844,3.75,0.0037,UNMAPPED,,,,,,,,128,128,RGB
01_Assets_Organizados,UI/skills/druid/entangling_roots.webp,UI,entangling_roots.webp,.webp,4406,4.3,0.0042,UNMAPPED,,,,,,,,128,128,RGBA
01_Assets_Organizados,UI/skills/rogue/evasion.webp,UI,evasion.webp,.webp,4458,4.35,0.0043,UNMAPPED,,,,,,,,128,128,RGB
01_Assets_Organizados,UI/items/event_skin_token.webp,UI,event_skin_token.webp,.webp,2742,2.68,0.0026,UNMAPPED,,,,,,,,128,128,RGB
01_Assets_Organizados,UI/items/evergarden_bloom_clipping.webp,UI,evergarden_bloom_clipping.webp,.webp,2338,2.28,0.0022,UNMAPPED,,,,,,,,128,128,RGB
01_Assets_Organizados,UI/items/evergarden_statue_rubbing.webp,UI,evergarden_statue_rubbing.webp,.webp,3676,3.59,0.0035,UNMAPPED,,,,,,,,128,128,RGB
01_Assets_Organizados,UI/store/armory/everwinter_wand.webp,UI,everwinter_wand.webp,.webp,9518,9.29,0.0091,UNMAPPED,,,,,,,,512,512,RGB
01_Assets_Organizados,UI/skills/warlock/evil_eye.webp,UI,evil_eye.webp,.webp,3652,3.57,0.0035,UNMAPPED,,,,,,,,128,128,RGB
01_Assets_Organizados,UI/skills/rogue/eviscerate.webp,UI,eviscerate.webp,.webp,4582,4.47,0.0044,UNMAPPED,,,,,,,,128,128,RGB
01_Assets_Organizados,UI/skills/mage/evocation.webp,UI,evocation.webp,.webp,6796,6.64,0.0065,UNMAPPED,,,,,,,,128,128,RGB
01_Assets_Organizados,UI/skills/warrior/execute.webp,UI,execute.webp,.webp,7856,7.67,0.0075,UNMAPPED,,,,,,,,128,128,RGB
01_Assets_Organizados,UI/skills/paladin/exorcism.webp,UI,exorcism.webp,.webp,3654,3.57,0.0035,UNMAPPED,,,,,,,,128,128,RGBA
01_Assets_Organizados,UI/deeds/exp_first_herb.webp,UI,exp_first_herb.webp,.webp,5302,5.18,0.0051,UNMAPPED,,,,,,,,128,128,RGBA
01_Assets_Organizados,UI/deeds/exp_first_ore.webp,UI,exp_first_ore.webp,.webp,5980,5.84,0.0057,UNMAPPED,,,,,,,,128,128,RGBA
01_Assets_Organizados,UI/deeds/exp_first_timber.webp,UI,exp_first_timber.webp,.webp,5880,5.74,0.0056,UNMAPPED,,,,,,,,128,128,RGBA
01_Assets_Organizados,UI/deeds/exp_long_road_north.webp,UI,exp_long_road_north.webp,.webp,5474,5.35,0.0052,UNMAPPED,,,,,,,,128,128,RGBA
01_Assets_Organizados,UI/deeds/exp_marsh_wayfarer.webp,UI,exp_marsh_wayfarer.webp,.webp,5356,5.23,0.0051,UNMAPPED,,,,,,,,128,128,RGBA
01_Assets_Organizados,UI/deeds/exp_peaks_wayfarer.webp,UI,exp_peaks_wayfarer.webp,.webp,5372,5.25,0.0051,UNMAPPED,,,,,,,,128,128,RGBA
01_Assets_Organizados,UI/deeds/exp_something_shiny.webp,UI,exp_something_shiny.webp,.webp,5564,5.43,0.0053,UNMAPPED,,,,,,,,128,128,RGBA
01_Assets_Organizados,UI/deeds/exp_vale_wayfarer.webp,UI,exp_vale_wayfarer.webp,.webp,5376,5.25,0.0051,UNMAPPED,,,,,,,,128,128,RGBA
01_Assets_Organizados,UI/deeds/exp_world_traveler.webp,UI,exp_world_traveler.webp,.webp,5770,5.63,0.0055,UNMAPPED,,,,,,,,128,128,RGBA
01_Assets_Organizados,UI/skills/rogue/expose_armor.webp,UI,expose_armor.webp,.webp,5892,5.75,0.0056,UNMAPPED,,,,,,,,128,128,RGB
01_Assets_Organizados,UI/skills/druid/faerie_fire.webp,UI,faerie_fire.webp,.webp,4076,3.98,0.0039,UNMAPPED,,,,,,,,128,128,RGBA
01_Assets_Organizados,UI/skills/paladin/faithforged_guard.webp,UI,faithforged_guard.webp,.webp,6548,6.39,0.0062,UNMAPPED,,,,,,,,128,128,RGB
01_Assets_Organizados,UI/mobs/fallen_captain_aldren.webp,UI,fallen_captain_aldren.webp,.webp,2324,2.27,0.0022,UNMAPPED,,,,,,,,128,128,RGB
01_Assets_Organizados,UI/dungeons/fallen_captain_aldren.webp,UI,fallen_captain_aldren.webp,.webp,4992,4.88,0.0048,UNMAPPED,,,,,,,,128,128,RGBA
01_Assets_Organizados,UI/items/fang_of_korzul.webp,UI,fang_of_korzul.webp,.webp,2348,2.29,0.0022,UNMAPPED,,,,,,,,128,128,RGB
01_Assets_Organizados,UI/items/fanglords_beastspear.webp,UI,fanglords_beastspear.webp,.webp,1918,1.87,0.0018,UNMAPPED,,,,,,,,128,128,RGB
01_Assets_Organizados,UI/items/farshore_salt_moss.webp,UI,farshore_salt_moss.webp,.webp,3188,3.11,0.003,UNMAPPED,,,,,,,,128,128,RGB
01_Assets_Organizados,UI/skills/warrior/faultline.webp,UI,faultline.webp,.webp,9084,8.87,0.0087,UNMAPPED,,,,,,,,128,128,RGB
01_Assets_Organizados,UI/skills/warlock/fear.webp,UI,fear.webp,.webp,2924,2.86,0.0028,UNMAPPED,,,,,,,,128,128,RGB
01_Assets_Organizados,UI/deeds/feat_book_complete.webp,UI,feat_book_complete.webp,.webp,5258,5.13,0.005,UNMAPPED,,,,,,,,128,128,RGBA
01_Assets_Organizados,UI/deeds/feat_brightwood_relic.webp,UI,feat_brightwood_relic.webp,.webp,5234,5.11,0.005,UNMAPPED,,,,,,,,128,128,RGBA
01_Assets_Organizados,UI/deeds/feat_era_cap.webp,UI,feat_era_cap.webp,.webp,5690,5.56,0.0054,UNMAPPED,,,,,,,,128,128,RGBA
01_Assets_Organizados,UI/items/felling_axe.webp,UI,felling_axe.webp,.webp,1692,1.65,0.0016,UNMAPPED,,,,,,,,128,128,RGB
01_Assets_Organizados,UI/items/fen_muster_order.webp,UI,fen_muster_order.webp,.webp,2382,2.33,0.0023,UNMAPPED,,,,,,,,128,128,RGB
01_Assets_Organizados,UI/items/fen_reaver_glaive.webp,UI,fen_reaver_glaive.webp,.webp,1854,1.81,0.0018,UNMAPPED,,,,,,,,128,128,RGB
01_Assets_Organizados,UI/mobs/fen_sprite.webp,UI,fen_sprite.webp,.webp,1710,1.67,0.0016,UNMAPPED,,,,,,,,128,128,RGB
01_Assets_Organizados,UI/mobs/fen_troll.webp,UI,fen_troll.webp,.webp,2034,1.99,0.0019,UNMAPPED,,,,,,,,128,128,RGB
01_Assets_Organizados,UI/items/fenbark_leggings.webp,UI,fenbark_leggings.webp,.webp,4172,4.07,0.004,UNMAPPED,,,,,,,,128,128,RGB
01_Assets_Organizados,UI/items/fenbridge_hide_belt.webp,UI,fenbridge_hide_belt.webp,.webp,3268,3.19,0.0031,UNMAPPED,,,,,,,,128,128,RGB
01_Assets_Organizados,UI/items/fenbridge_hide_boots.webp,UI,fenbridge_hide_boots.webp,.webp,4148,4.05,0.004,UNMAPPED,,,,,,,,128,128,RGB
01_Assets_Organizados,UI/items/fenbridge_hide_leggings.webp,UI,fenbridge_hide_leggings.webp,.webp,3250,3.17,0.0031,UNMAPPED,,,,,,,,128,128,RGB
01_Assets_Organizados,UI/items/fenbridge_rye.webp,UI,fenbridge_rye.webp,.webp,2076,2.03,0.002,UNMAPPED,,,,,,,,128,128,RGB
01_Assets_Organizados,UI/items/fenmist_robe.webp,UI,fenmist_robe.webp,.webp,2336,2.28,0.0022,UNMAPPED,,,,,,,,128,128,RGB
01_Assets_Organizados,UI/items/fenreed_staff.webp,UI,fenreed_staff.webp,.webp,1352,1.32,0.0013,UNMAPPED,,,,,,,,128,128,RGB
01_Assets_Organizados,UI/items/fenshadow_maul.webp,UI,fenshadow_maul.webp,.webp,1748,1.71,0.0017,UNMAPPED,,,,,,,,128,128,RGB
01_Assets_Organizados,UI/items/fenwalker_boots.webp,UI,fenwalker_boots.webp,.webp,2390,2.33,0.0023,UNMAPPED,,,,,,,,128,128,RGB
01_Assets_Organizados,UI/items/fenwarden_sabatons.webp,UI,fenwarden_sabatons.webp,.webp,4050,3.96,0.0039,UNMAPPED,,,,,,,,128,128,RGB
01_Assets_Organizados,UI/items/fenway_mooring_line.webp,UI,fenway_mooring_line.webp,.webp,2244,2.19,0.0021,UNMAPPED,,,,,,,,128,128,RGB
01_Assets_Organizados,UI/specs/druid/feral.webp,UI,feral.webp,.webp,7762,7.58,0.0074,UNMAPPED,,,,,,,,128,128,RGB
01_Assets_Organizados,UI/skills/druid/feral_charge.webp,UI,feral_charge.webp,.webp,5664,5.53,0.0054,UNMAPPED,,,,,,,,128,128,RGB
01_Assets_Organizados,UI/skills/druid/ferocious_bite.webp,UI,ferocious_bite.webp,.webp,5878,5.74,0.0056,UNMAPPED,,,,,,,,128,128,RGBA
01_Assets_Organizados,UI/skills/hunter/fieldcraft_reentry.webp,UI,fieldcraft_reentry.webp,.webp,3618,3.53,0.0035,UNMAPPED,,,,,,,,128,128,RGB
01_Assets_Organizados,UI/items/final_argument_greatblade.webp,UI,final_argument_greatblade.webp,.webp,2136,2.09,0.002,UNMAPPED,,,,,,,,128,128,RGB
01_Assets_Organizados,UI/skills/paladin/final_edict.webp,UI,final_edict.webp,.webp,6842,6.68,0.0065,UNMAPPED,,,,,,,,128,128,RGB
01_Assets_Organizados,UI/items/final_oath_medallion.webp,UI,final_oath_medallion.webp,.webp,4704,4.59,0.0045,UNMAPPED,,,,,,,,128,128,RGB
01_Assets_Organizados,UI/items/fine_ashwood_log.webp,UI,fine_ashwood_log.webp,.webp,1524,1.49,0.0015,UNMAPPED,,,,,,,,128,128,RGB
01_Assets_Organizados,UI/items/fine_copper_ore.webp,UI,fine_copper_ore.webp,.webp,3068,3.0,0.0029,UNMAPPED,,,,,,,,128,128,RGB
01_Assets_Organizados,UI/items/fine_elderwood_log.webp,UI,fine_elderwood_log.webp,.webp,2616,2.55,0.0025,UNMAPPED,,,,,,,,128,128,RGB
01_Assets_Organizados,UI/items/fine_goldleaf_herb.webp,UI,fine_goldleaf_herb.webp,.webp,3032,2.96,0.0029,UNMAPPED,,,,,,,,128,128,RGB
01_Assets_Organizados,UI/items/fine_iron_ore.webp,UI,fine_iron_ore.webp,.webp,2510,2.45,0.0024,UNMAPPED,,,,,,,,128,128,RGB
01_Assets_Organizados,UI/items/fine_ironbark_log.webp,UI,fine_ironbark_log.webp,.webp,2376,2.32,0.0023,UNMAPPED,,,,,,,,128,128,RGB
01_Assets_Organizados,UI/items/fine_silverleaf_herb.webp,UI,fine_silverleaf_herb.webp,.webp,2094,2.04,0.002,UNMAPPED,,,,,,,,128,128,RGB
01_Assets_Organizados,UI/items/fine_sunpetal_herb.webp,UI,fine_sunpetal_herb.webp,.webp,2514,2.46,0.0024,UNMAPPED,,,,,,,,128,128,RGB
01_Assets_Organizados,UI/items/fine_thorium_ore.webp,UI,fine_thorium_ore.webp,.webp,2502,2.44,0.0024,UNMAPPED,,,,,,,,128,128,RGB
01_Assets_Organizados,UI/skills/mage/fingers_of_frost.webp,UI,fingers_of_frost.webp,.webp,5366,5.24,0.0051,UNMAPPED,,,,,,,,128,128,RGB
01_Assets_Organizados,UI/procs/fire-phoenix-v2.webp,UI,fire-phoenix-v2.webp,.webp,286488,279.77,0.2732,UNMAPPED,,,,,,,,683,512,RGBA
01_Assets_Organizados,UI/specs/mage/fire.webp,UI,fire.webp,.webp,11498,11.23,0.011,UNMAPPED,,,,,,,,128,128,RGB
01_Assets_Organizados,UI/skills/mage/fire_blast.webp,UI,fire_blast.webp,.webp,4192,4.09,0.004,UNMAPPED,,,,,,,,128,128,RGB
01_Assets_Organizados,UI/skills/mage/fireball.webp,UI,fireball.webp,.webp,7096,6.93,0.0068,UNMAPPED,,,,,,,,128,128,RGB
01_Assets_Organizados,UI/skills/mage/fireball_form.webp,UI,fireball_form.webp,.webp,7390,7.22,0.007,UNMAPPED,,,,,,,,128,128,RGB
01_Assets_Organizados,UI/items/firebottle.webp,UI,firebottle.webp,.webp,2636,2.57,0.0025,UNMAPPED,,,,,,,,128,128,RGB
01_Assets_Organizados,UI/items/first_blood_razor.webp,UI,first_blood_razor.webp,.webp,1852,1.81,0.0018,UNMAPPED,,,,,,,,128,128,RGB
01_Assets_Organizados,UI/mobs/fisher_bram.webp,UI,fisher_bram.webp,.webp,2572,2.51,0.0025,UNMAPPED,,,,,,,,128,128,RGB
01_Assets_Organizados,UI/skills/shaman/flame_shock.webp,UI,flame_shock.webp,.webp,4028,3.93,0.0038,UNMAPPED,,,,,,,,128,128,RGB
01_Assets_Organizados,UI/skills/mage/flamestrike.webp,UI,flamestrike.webp,.webp,5826,5.69,0.0056,UNMAPPED,,,,,,,,128,128,RGB
01_Assets_Organizados,UI/skills/shaman/flametongue_weapon.webp,UI,flametongue_weapon.webp,.webp,2886,2.82,0.0028,UNMAPPED,,,,,,,,128,128,RGB
01_Assets_Organizados,UI/skills/priest/flash_heal.webp,UI,flash_heal.webp,.webp,3402,3.32,0.0032,UNMAPPED,,,,,,,,128,128,RGBA
01_Assets_Organizados,UI/skills/paladin/flash_of_light.webp,UI,flash_of_light.webp,.webp,2832,2.77,0.0027,UNMAPPED,,,,,,,,128,128,RGBA
01_Assets_Organizados,UI/items/fleetblood_band.webp,UI,fleetblood_band.webp,.webp,3624,3.54,0.0035,UNMAPPED,,,,,,,,128,128,RGB
01_Assets_Organizados,UI/weapons/fletcher_s_guild_bow.jpg,UI,fletcher_s_guild_bow.jpg,.jpg,901,0.88,0.0009,UNMAPPED,,,,,,,,128,128,RGB
01_Assets_Organizados,UI/store/armory/fletcher_s_guild_bow.webp,UI,fletcher_s_guild_bow.webp,.webp,7656,7.48,0.0073,UNMAPPED,,,,,,,,512,512,RGB
01_Assets_Organizados,UI/skills/mage/flurry.webp,UI,flurry.webp,.webp,7386,7.21,0.007,UNMAPPED,,,,,,,,128,128,RGB
01_Assets_Organizados,UI/skills/rogue/flurry_of_knives.webp,UI,flurry_of_knives.webp,.webp,4178,4.08,0.004,UNMAPPED,,,,,,,,128,128,RGB
01_Assets_Organizados,UI/items/footpad_jerkin.webp,UI,footpad_jerkin.webp,.webp,2244,2.19,0.0021,UNMAPPED,,,,,,,,128,128,RGB
01_Assets_Organizados,UI/items/forest_pink_armor_plate.webp,UI,forest_pink_armor_plate.webp,.webp,2264,2.21,0.0022,UNMAPPED,,,,,,,,128,128,RGB
01_Assets_Organizados,UI/mobs/forest_wolf.webp,UI,forest_wolf.webp,.webp,1850,1.81,0.0018,UNMAPPED,,,,,,,,128,128,RGB
01_Assets_Organizados,UI/store/armory/forgeheart_staff.webp,UI,forgeheart_staff.webp,.webp,8580,8.38,0.0082,UNMAPPED,,,,,,,,512,512,RGB
01_Assets_Organizados,UI/weapons/forgeheart_stave.jpg,UI,forgeheart_stave.jpg,.jpg,884,0.86,0.0008,UNMAPPED,,,,,,,,128,128,RGB
01_Assets_Organizados,UI/items/fountain_court_mantle.webp,UI,fountain_court_mantle.webp,.webp,3170,3.1,0.003,UNMAPPED,,,,,,,,128,128,RGB
01_Assets_Organizados,UI/items/frayed_prayer_beads.webp,UI,frayed_prayer_beads.webp,.webp,2998,2.93,0.0029,UNMAPPED,,,,,,,,128,128,RGB
01_Assets_Organizados,UI/skills/druid/frenzied_regeneration.webp,UI,frenzied_regeneration.webp,.webp,5800,5.66,0.0055,UNMAPPED,,,,,,,,128,128,RGB
01_Assets_Organizados,UI/cursors/friendly-shield.png,UI,friendly-shield.png,.png,1938,1.89,0.0018,UNMAPPED,,,,,,,,26,32,RGBA
01_Assets_Organizados,UI/procs/frost-phoenix-v1.webp,UI,frost-phoenix-v1.webp,.webp,136872,133.66,0.1305,UNMAPPED,,,,,,,,768,576,RGBA
01_Assets_Organizados,UI/specs/mage/frost.webp,UI,frost.webp,.webp,10660,10.41,0.0102,UNMAPPED,,,,,,,,128,128,RGB
01_Assets_Organizados,UI/skills/mage/frost_armor.webp,UI,frost_armor.webp,.webp,4104,4.01,0.0039,UNMAPPED,,,,,,,,128,128,RGBA
01_Assets_Organizados,UI/skills/mage/frost_nova.webp,UI,frost_nova.webp,.webp,5694,5.56,0.0054,UNMAPPED,,,,,,,,128,128,RGBA
01_Assets_Organizados,UI/skills/shaman/frost_shock.webp,UI,frost_shock.webp,.webp,4504,4.4,0.0043,UNMAPPED,,,,,,,,128,128,RGB
01_Assets_Organizados,UI/skills/hunter/frost_trap.webp,UI,frost_trap.webp,.webp,3410,3.33,0.0033,UNMAPPED,,,,,,,,128,128,RGB
01_Assets_Organizados,UI/weapons/frostbite.jpg,UI,frostbite.jpg,.jpg,889,0.87,0.0008,UNMAPPED,,,,,,,,128,128,RGB
01_Assets_Organizados,UI/store/armory/frostbite_dagger.webp,UI,frostbite_dagger.webp,.webp,9076,8.86,0.0087,UNMAPPED,,,,,,,,512,512,RGB
01_Assets_Organizados,UI/skills/mage/frostbolt.webp,UI,frostbolt.webp,.webp,8512,8.31,0.0081,UNMAPPED,,,,,,,,128,128,RGB
01_Assets_Organizados,UI/skills/shaman/frostbrand_weapon.webp,UI,frostbrand_weapon.webp,.webp,3382,3.3,0.0032,UNMAPPED,,,,,,,,128,128,RGBA
01_Assets_Organizados,UI/items/frostgill_chowder.webp,UI,frostgill_chowder.webp,.webp,4664,4.55,0.0044,UNMAPPED,,,,,,,,128,128,RGB
01_Assets_Organizados,UI/skills/hunter/frostjaw_trap.webp,UI,frostjaw_trap.webp,.webp,6272,6.12,0.006,UNMAPPED,,,,,,,,128,128,RGB
01_Assets_Organizados,UI/items/frostmane_mantle.webp,UI,frostmane_mantle.webp,.webp,3812,3.72,0.0036,UNMAPPED,,,,,,,,128,128,RGB
01_Assets_Organizados,UI/mobs/frostmane_yeti.webp,UI,frostmane_yeti.webp,.webp,2076,2.03,0.002,UNMAPPED,,,,,,,,128,128,RGB
01_Assets_Organizados,UI/skills/mage/frozen_orb.webp,UI,frozen_orb.webp,.webp,7862,7.68,0.0075,UNMAPPED,,,,,,,,128,128,RGB
01_Assets_Organizados,UI/skills/warlock/funeral_harvest.webp,UI,funeral_harvest.webp,.webp,3652,3.57,0.0035,UNMAPPED,,,,,,,,128,128,RGB
01_Assets_Organizados,UI/skills/warrior/furious_mending.webp,UI,furious_mending.webp,.webp,8756,8.55,0.0084,UNMAPPED,,,,,,,,128,128,RGB
01_Assets_Organizados,UI/specs/warrior/fury.webp,UI,fury.webp,.webp,7918,7.73,0.0076,UNMAPPED,,,,,,,,128,128,RGB
01_Assets_Organizados,UI/items/furyforged_gauntlets.webp,UI,furyforged_gauntlets.webp,.webp,4970,4.85,0.0047,UNMAPPED,,,,,,,,128,128,RGB
01_Assets_Organizados,UI/items/furyforged_girdle.webp,UI,furyforged_girdle.webp,.webp,3988,3.89,0.0038,UNMAPPED,,,,,,,,128,128,RGB
01_Assets_Organizados,UI/items/furyforged_legguards.webp,UI,furyforged_legguards.webp,.webp,4062,3.97,0.0039,UNMAPPED,,,,,,,,128,128,RGB
01_Assets_Organizados,UI/items/furyforged_sabatons.webp,UI,furyforged_sabatons.webp,.webp,4350,4.25,0.0041,UNMAPPED,,,,,,,,128,128,RGB
01_Assets_Organizados,UI/items/furyforged_warhelm.webp,UI,furyforged_warhelm.webp,.webp,4022,3.93,0.0038,UNMAPPED,,,,,,,,128,128,RGB
01_Assets_Organizados,UI/items/furyforged_warplate.webp,UI,furyforged_warplate.webp,.webp,4996,4.88,0.0048,UNMAPPED,,,,,,,,128,128,RGB
01_Assets_Organizados,UI/items/furyforged_warspaulders.webp,UI,furyforged_warspaulders.webp,.webp,4598,4.49,0.0044,UNMAPPED,,,,,,,,128,128,RGB
01_Assets_Organizados,UI/mobs/gale_wisp.webp,UI,gale_wisp.webp,.webp,2122,2.07,0.002,UNMAPPED,,,,,,,,128,128,RGB
01_Assets_Organizados,UI/items/galecrest_ram_wool.webp,UI,galecrest_ram_wool.webp,.webp,2918,2.85,0.0028,UNMAPPED,,,,,,,,128,128,RGB
01_Assets_Organizados,UI/skills/shaman/galeheart_weapon.webp,UI,galeheart_weapon.webp,.webp,7318,7.15,0.007,UNMAPPED,,,,,,,,128,128,RGB
01_Assets_Organizados,UI/items/gallowmere_grave_candle.webp,UI,gallowmere_grave_candle.webp,.webp,1922,1.88,0.0018,UNMAPPED,,,,,,,,128,128,RGB
01_Assets_Organizados,UI/items/game_meat.webp,UI,game_meat.webp,.webp,2078,2.03,0.002,UNMAPPED,,,,,,,,128,128,RGB
01_Assets_Organizados,UI/skills/rogue/garrote.webp,UI,garrote.webp,.webp,2288,2.23,0.0022,UNMAPPED,,,,,,,,128,128,RGB
01_Assets_Organizados,UI/professions/gather_fishing.webp,UI,gather_fishing.webp,.webp,6704,6.55,0.0064,UNMAPPED,,,,,,,,128,128,RGBA
01_Assets_Organizados,UI/map-markers/gather_herb.webp,UI,gather_herb.webp,.webp,2120,2.07,0.002,UNMAPPED,,,,,,,,64,64,RGBA
01_Assets_Organizados,UI/professions/gather_herbalism.webp,UI,gather_herbalism.webp,.webp,5554,5.42,0.0053,UNMAPPED,,,,,,,,128,128,RGBA
01_Assets_Organizados,UI/professions/gather_logging.webp,UI,gather_logging.webp,.webp,5302,5.18,0.0051,UNMAPPED,,,,,,,,128,128,RGBA
01_Assets_Organizados,UI/professions/gather_mining.webp,UI,gather_mining.webp,.webp,5112,4.99,0.0049,UNMAPPED,,,,,,,,128,128,RGBA
01_Assets_Organizados,UI/map-markers/gather_ore.webp,UI,gather_ore.webp,.webp,1838,1.79,0.0018,UNMAPPED,,,,,,,,64,64,RGBA
01_Assets_Organizados,UI/map-markers/gather_wood.webp,UI,gather_wood.webp,.webp,2696,2.63,0.0026,UNMAPPED,,,,,,,,64,64,RGBA
01_Assets_Organizados,UI/items/gatherers_cache.webp,UI,gatherers_cache.webp,.webp,2892,2.82,0.0028,UNMAPPED,,,,,,,,128,128,RGB
01_Assets_Organizados,UI/items/gathering_sickle.webp,UI,gathering_sickle.webp,.webp,1906,1.86,0.0018,UNMAPPED,,,,,,,,128,128,RGB
01_Assets_Organizados,UI/cursors/gauntlet.png,UI,gauntlet.png,.png,3033,2.96,0.0029,UNMAPPED,,,,,,,,32,32,RGBA
01_Assets_Organizados,UI/skills/shaman/ghost_wolf.webp,UI,ghost_wolf.webp,.webp,3628,3.54,0.0035,UNMAPPED,,,,,,,,128,128,RGBA
01_Assets_Organizados,UI/items/ghostly_essence.webp,UI,ghostly_essence.webp,.webp,2638,2.58,0.0025,UNMAPPED,,,,,,,,128,128,RGB
01_Assets_Organizados,UI/skills/rogue/ghostly_strike.webp,UI,ghostly_strike.webp,.webp,3842,3.75,0.0037,UNMAPPED,,,,,,,,128,128,RGB
01_Assets_Organizados,UI/items/gilded_sap_clot.webp,UI,gilded_sap_clot.webp,.webp,2902,2.83,0.0028,UNMAPPED,,,,,,,,128,128,RGB
01_Assets_Organizados,UI/mobs/gilded_stag.webp,UI,gilded_stag.webp,.webp,2178,2.13,0.0021,UNMAPPED,,,,,,,,128,128,RGB
01_Assets_Organizados,UI/skills/mage/glacial_front.webp,UI,glacial_front.webp,.webp,6054,5.91,0.0058,UNMAPPED,,,,,,,,128,128,RGB
01_Assets_Organizados,UI/skills/mage/glacial_spike.webp,UI,glacial_spike.webp,.webp,6160,6.02,0.0059,UNMAPPED,,,,,,,,128,128,RGB
01_Assets_Organizados,UI/items/glacier_melt.webp,UI,glacier_melt.webp,.webp,2616,2.55,0.0025,UNMAPPED,,,,,,,,128,128,RGB
01_Assets_Organizados,UI/weapons/glaciersplit.jpg,UI,glaciersplit.jpg,.jpg,908,0.89,0.0009,UNMAPPED,,,,,,,,128,128,RGB
01_Assets_Organizados,UI/store/armory/glaciersplit_axe.webp,UI,glaciersplit_axe.webp,.webp,11484,11.21,0.011,UNMAPPED,,,,,,,,512,512,RGB
01_Assets_Organizados,UI/items/glass_vial.webp,UI,glass_vial.webp,.webp,1844,1.8,0.0018,UNMAPPED,,,,,,,,128,128,RGB
01_Assets_Organizados,UI/items/gleaming_antler.webp,UI,gleaming_antler.webp,.webp,1926,1.88,0.0018,UNMAPPED,,,,,,,,128,128,RGB
01_Assets_Organizados,UI/mobs/gleamstag.webp,UI,gleamstag.webp,.webp,2580,2.52,0.0025,UNMAPPED,,,,,,,,128,128,RGB
01_Assets_Organizados,UI/items/gleamstag_charm.webp,UI,gleamstag_charm.webp,.webp,2846,2.78,0.0027,UNMAPPED,,,,,,,,128,128,RGB
01_Assets_Organizados,UI/items/gleamwood_stave.webp,UI,gleamwood_stave.webp,.webp,1818,1.78,0.0017,UNMAPPED,,,,,,,,128,128,RGB
01_Assets_Organizados,UI/items/glimmerfin_koi.webp,UI,glimmerfin_koi.webp,.webp,2660,2.6,0.0025,UNMAPPED,,,,,,,,128,128,RGB
01_Assets_Organizados,UI/mobs/glimmermere_wader.webp,UI,glimmermere_wader.webp,.webp,1740,1.7,0.0017,UNMAPPED,,,,,,,,128,128,RGB
01_Assets_Organizados,UI/mobs/glimmerscale_lurker.webp,UI,glimmerscale_lurker.webp,.webp,1776,1.73,0.0017,UNMAPPED,,,,,,,,128,128,RGB
01_Assets_Organizados,UI/mobs/glimmerwisp.webp,UI,glimmerwisp.webp,.webp,2146,2.1,0.002,UNMAPPED,,,,,,,,128,128,RGB
01_Assets_Organizados,UI/mobs/gloam_fox.webp,UI,gloam_fox.webp,.webp,1990,1.94,0.0019,UNMAPPED,,,,,,,,128,128,RGB
01_Assets_Organizados,UI/mobs/gloam_strider.webp,UI,gloam_strider.webp,.webp,1592,1.55,0.0015,UNMAPPED,,,,,,,,128,128,RGB
01_Assets_Organizados,UI/items/gloamfield_nightbloom.webp,UI,gloamfield_nightbloom.webp,.webp,2338,2.28,0.0022,UNMAPPED,,,,,,,,128,128,RGB
01_Assets_Organizados,UI/mobs/gloomshade.webp,UI,gloomshade.webp,.webp,2648,2.59,0.0025,UNMAPPED,,,,,,,,128,128,RGB
01_Assets_Organizados,UI/skills/warlock/gloomshade_abyssal_chain.webp,UI,gloomshade_abyssal_chain.webp,.webp,4766,4.65,0.0045,UNMAPPED,,,,,,,,128,128,RGB
01_Assets_Organizados,UI/items/glowing_wax.webp,UI,glowing_wax.webp,.webp,2310,2.26,0.0022,UNMAPPED,,,,,,,,128,128,RGB
01_Assets_Organizados,UI/items/gnarled_staff.webp,UI,gnarled_staff.webp,.webp,1748,1.71,0.0017,UNMAPPED,,,,,,,,128,128,RGB
01_Assets_Organizados,UI/items/goldleaf_game_stew.webp,UI,goldleaf_game_stew.webp,.webp,5660,5.53,0.0054,UNMAPPED,,,,,,,,128,128,RGB
01_Assets_Organizados,UI/items/goldleaf_healing_draught.webp,UI,goldleaf_healing_draught.webp,.webp,4098,4.0,0.0039,UNMAPPED,,,,,,,,128,128,RGB
01_Assets_Organizados,UI/items/goldleaf_herb.webp,UI,goldleaf_herb.webp,.webp,2682,2.62,0.0026,UNMAPPED,,,,,,,,128,128,RGB
01_Assets_Organizados,UI/items/goldleaf_mana_draught.webp,UI,goldleaf_mana_draught.webp,.webp,4116,4.02,0.0039,UNMAPPED,,,,,,,,128,128,RGB
01_Assets_Organizados,UI/items/goldleaf_sickle.webp,UI,goldleaf_sickle.webp,.webp,3804,3.71,0.0036,UNMAPPED,,,,,,,,128,128,RGB
01_Assets_Organizados,UI/items/goldweave_leggings.webp,UI,goldweave_leggings.webp,.webp,3646,3.56,0.0035,UNMAPPED,,,,,,,,128,128,RGB
01_Assets_Organizados,UI/items/goldweave_robe.webp,UI,goldweave_robe.webp,.webp,4820,4.71,0.0046,UNMAPPED,,,,,,,,128,128,RGB
01_Assets_Organizados,UI/mobs/gorrak.webp,UI,gorrak.webp,.webp,2536,2.48,0.0024,UNMAPPED,,,,,,,,128,128,RGB
01_Assets_Organizados,UI/items/gorraks_cleaver.webp,UI,gorraks_cleaver.webp,.webp,1966,1.92,0.0019,UNMAPPED,,,,,,,,128,128,RGB
01_Assets_Organizados,UI/items/gorraks_cruel_chopper.webp,UI,gorraks_cruel_chopper.webp,.webp,1744,1.7,0.0017,UNMAPPED,,,,,,,,128,128,RGB
01_Assets_Organizados,UI/skills/rogue/gouge.webp,UI,gouge.webp,.webp,3250,3.17,0.0031,UNMAPPED,,,,,,,,128,128,RGB
01_Assets_Organizados,UI/skills/paladin/grace_devotion.webp,UI,grace_devotion.webp,.webp,7222,7.05,0.0069,UNMAPPED,,,,,,,,128,128,RGB
01_Assets_Organizados,UI/mobs/grand_necromancer_velkhar.webp,UI,grand_necromancer_velkhar.webp,.webp,2102,2.05,0.002,UNMAPPED,,,,,,,,128,128,RGB
01_Assets_Organizados,UI/dungeons/grand_necromancer_velkhar.webp,UI,grand_necromancer_velkhar.webp,.webp,3188,3.11,0.003,UNMAPPED,,,,,,,,128,128,RGBA
01_Assets_Organizados,UI/items/graskbreaker_girdle.webp,UI,graskbreaker_girdle.webp,.webp,2280,2.23,0.0022,UNMAPPED,,,,,,,,128,128,RGB
01_Assets_Organizados,UI/items/grave_captain_voss.webp,UI,grave_captain_voss.webp,.webp,3554,3.47,0.0034,UNMAPPED,,,,,,,,128,128,RGB
01_Assets_Organizados,UI/items/grave_high_priest_malric.webp,UI,grave_high_priest_malric.webp,.webp,2224,2.17,0.0021,UNMAPPED,,,,,,,,128,128,RGB
01_Assets_Organizados,UI/mobs/grave_silt_bulwark.webp,UI,grave_silt_bulwark.webp,.webp,1668,1.63,0.0016,UNMAPPED,,,,,,,,128,128,RGB
01_Assets_Organizados,UI/items/grave_sir_aldren.webp,UI,grave_sir_aldren.webp,.webp,2982,2.91,0.0028,UNMAPPED,,,,,,,,128,128,RGB
01_Assets_Organizados,UI/items/gravebound_silk_wraps.webp,UI,gravebound_silk_wraps.webp,.webp,2710,2.65,0.0026,UNMAPPED,,,,,,,,128,128,RGB
01_Assets_Organizados,UI/items/gravecaller_blade.webp,UI,gravecaller_blade.webp,.webp,2052,2.0,0.002,UNMAPPED,,,,,,,,128,128,RGB
01_Assets_Organizados,UI/mobs/gravecaller_cultist.webp,UI,gravecaller_cultist.webp,.webp,2114,2.06,0.002,UNMAPPED,,,,,,,,128,128,RGB
01_Assets_Organizados,UI/mobs/gravecaller_mender.webp,UI,gravecaller_mender.webp,.webp,2234,2.18,0.0021,UNMAPPED,,,,,,,,128,128,RGB
01_Assets_Organizados,UI/items/gravecaller_sigil.webp,UI,gravecaller_sigil.webp,.webp,3142,3.07,0.003,UNMAPPED,,,,,,,,128,128,RGB
01_Assets_Organizados,UI/items/gravecaller_staff.webp,UI,gravecaller_staff.webp,.webp,1644,1.61,0.0016,UNMAPPED,,,,,,,,128,128,RGB
01_Assets_Organizados,UI/mobs/gravecaller_summoner.webp,UI,gravecaller_summoner.webp,.webp,2144,2.09,0.002,UNMAPPED,,,,,,,,128,128,RGB
01_Assets_Organizados,UI/mobs/gravedigger_mosley.webp,UI,gravedigger_mosley.webp,.webp,2702,2.64,0.0026,UNMAPPED,,,,,,,,128,128,RGB
01_Assets_Organizados,UI/mobs/graveguard.webp,UI,graveguard.webp,.webp,2272,2.22,0.0022,UNMAPPED,,,,,,,,128,128,RGB
01_Assets_Organizados,UI/mobs/gravenbark_shambler.webp,UI,gravenbark_shambler.webp,.webp,1602,1.56,0.0015,UNMAPPED,,,,,,,,128,128,RGB
01_Assets_Organizados,UI/items/gravepath_treads.webp,UI,gravepath_treads.webp,.webp,3032,2.96,0.0029,UNMAPPED,,,,,,,,128,128,RGB
01_Assets_Organizados,UI/items/gravescale_girdle.webp,UI,gravescale_girdle.webp,.webp,4712,4.6,0.0045,UNMAPPED,,,,,,,,128,128,RGB
01_Assets_Organizados,UI/items/gravewalker_softboots.webp,UI,gravewalker_softboots.webp,.webp,2194,2.14,0.0021,UNMAPPED,,,,,,,,128,128,RGB
01_Assets_Organizados,UI/items/gravewardens_shiv.webp,UI,gravewardens_shiv.webp,.webp,1832,1.79,0.0017,UNMAPPED,,,,,,,,128,128,RGB
01_Assets_Organizados,UI/items/gravewoven_bag.webp,UI,gravewoven_bag.webp,.webp,3158,3.08,0.003,UNMAPPED,,,,,,,,128,128,RGB
01_Assets_Organizados,UI/items/gravewoven_raiment.webp,UI,gravewoven_raiment.webp,.webp,2824,2.76,0.0027,UNMAPPED,,,,,,,,128,128,RGB
01_Assets_Organizados,UI/items/gravewyrm_bone_quiver.webp,UI,gravewyrm_bone_quiver.webp,.webp,3446,3.37,0.0033,UNMAPPED,,,,,,,,128,128,RGB
01_Assets_Organizados,UI/items/gravewyrm_claws.webp,UI,gravewyrm_claws.webp,.webp,4826,4.71,0.0046,UNMAPPED,,,,,,,,128,128,RGB
01_Assets_Organizados,UI/items/gravewyrm_cleaver.webp,UI,gravewyrm_cleaver.webp,.webp,2592,2.53,0.0025,UNMAPPED,,,,,,,,128,128,RGB
01_Assets_Organizados,UI/items/gravewyrm_gauntlets.webp,UI,gravewyrm_gauntlets.webp,.webp,2860,2.79,0.0027,UNMAPPED,,,,,,,,128,128,RGB
01_Assets_Organizados,UI/items/gravewyrm_mantle.webp,UI,gravewyrm_mantle.webp,.webp,4802,4.69,0.0046,UNMAPPED,,,,,,,,128,128,RGB
01_Assets_Organizados,UI/items/gravewyrm_sabatons.webp,UI,gravewyrm_sabatons.webp,.webp,2964,2.89,0.0028,UNMAPPED,,,,,,,,128,128,RGB
01_Assets_Organizados,UI/items/gravewyrm_scale_hauberk.webp,UI,gravewyrm_scale_hauberk.webp,.webp,3598,3.51,0.0034,UNMAPPED,,,,,,,,128,128,RGB
01_Assets_Organizados,UI/items/gravewyrm_sigil.webp,UI,gravewyrm_sigil.webp,.webp,2916,2.85,0.0028,UNMAPPED,,,,,,,,128,128,RGB
01_Assets_Organizados,UI/items/gravewyrm_stalkers_treads.webp,UI,gravewyrm_stalkers_treads.webp,.webp,3536,3.45,0.0034,UNMAPPED,,,,,,,,128,128,RGB
01_Assets_Organizados,UI/items/gravewyrm_thornmaul.webp,UI,gravewyrm_thornmaul.webp,.webp,2010,1.96,0.0019,UNMAPPED,,,,,,,,128,128,RGB
01_Assets_Organizados,UI/skills/mage/greater_invisibility.webp,UI,greater_invisibility.webp,.webp,7230,7.06,0.0069,UNMAPPED,,,,,,,,128,128,RGB
01_Assets_Organizados,UI/items/greatfang_of_the_basin.webp,UI,greatfang_of_the_basin.webp,.webp,2786,2.72,0.0027,UNMAPPED,,,,,,,,128,128,RGB
01_Assets_Organizados,UI/items/greyjaw_fang.webp,UI,greyjaw_fang.webp,.webp,2940,2.87,0.0028,UNMAPPED,,,,,,,,128,128,RGB
01_Assets_Organizados,UI/items/greyjaw_hide_boots.webp,UI,greyjaw_hide_boots.webp,.webp,2836,2.77,0.0027,UNMAPPED,,,,,,,,128,128,RGB
01_Assets_Organizados,UI/items/greyjaw_pelt_cloak.webp,UI,greyjaw_pelt_cloak.webp,.webp,2754,2.69,0.0026,UNMAPPED,,,,,,,,128,128,RGB
01_Assets_Organizados,UI/mobs/grix_the_tunnelking.webp,UI,grix_the_tunnelking.webp,.webp,2830,2.76,0.0027,UNMAPPED,,,,,,,,128,128,RGB
01_Assets_Organizados,UI/items/grovewardens_grips.webp,UI,grovewardens_grips.webp,.webp,5124,5.0,0.0049,UNMAPPED,,,,,,,,128,128,RGB
01_Assets_Organizados,UI/skills/druid/growl.webp,UI,growl.webp,.webp,4020,3.93,0.0038,UNMAPPED,,,,,,,,128,128,RGBA
01_Assets_Organizados,UI/mobs/grubjaw.webp,UI,grubjaw.webp,.webp,2160,2.11,0.0021,UNMAPPED,,,,,,,,128,128,RGB
01_Assets_Organizados,UI/items/grubjaw_tusk.webp,UI,grubjaw_tusk.webp,.webp,2484,2.43,0.0024,UNMAPPED,,,,,,,,128,128,RGB
01_Assets_Organizados,UI/items/guardian_core.webp,UI,guardian_core.webp,.webp,1960,1.91,0.0019,UNMAPPED,,,,,,,,128,128,RGB
01_Assets_Organizados,UI/skills/paladin/guardian_covenant.webp,UI,guardian_covenant.webp,.webp,6502,6.35,0.0062,UNMAPPED,,,,,,,,128,128,RGB
01_Assets_Organizados,UI/weapons/guildmark_arming_sword.jpg,UI,guildmark_arming_sword.jpg,.jpg,743,0.73,0.0007,UNMAPPED,,,,,,,,128,128,RGB
01_Assets_Organizados,UI/store/armory/guildmark_arming_sword.webp,UI,guildmark_arming_sword.webp,.webp,5466,5.34,0.0052,UNMAPPED,,,,,,,,512,512,RGB
01_Assets_Organizados,UI/weapons/guildmark_dirk.jpg,UI,guildmark_dirk.jpg,.jpg,684,0.67,0.0007,UNMAPPED,,,,,,,,128,128,RGB
01_Assets_Organizados,UI/store/armory/guildmark_dirk.webp,UI,guildmark_dirk.webp,.webp,4784,4.67,0.0046,UNMAPPED,,,,,,,,512,512,RGB
01_Assets_Organizados,UI/items/gullhaven_watchbell.webp,UI,gullhaven_watchbell.webp,.webp,2398,2.34,0.0023,UNMAPPED,,,,,,,,128,128,RGB
01_Assets_Organizados,UI/items/gutripper_shiv.webp,UI,gutripper_shiv.webp,.webp,1776,1.73,0.0017,UNMAPPED,,,,,,,,128,128,RGB
01_Assets_Organizados,UI/weapons/halberd.jpg,UI,halberd.jpg,.jpg,1423,1.39,0.0014,UNMAPPED,,,,,,,,128,128,RGB
01_Assets_Organizados,UI/weapons/hammer_a.jpg,UI,hammer_a.jpg,.jpg,1645,1.61,0.0016,UNMAPPED,,,,,,,,128,128,RGB
01_Assets_Organizados,UI/weapons/hammer_b.jpg,UI,hammer_b.jpg,.jpg,1362,1.33,0.0013,UNMAPPED,,,,,,,,128,128,RGB
01_Assets_Organizados,UI/weapons/hammer_c.jpg,UI,hammer_c.jpg,.jpg,1555,1.52,0.0015,UNMAPPED,,,,,,,,128,128,RGB
01_Assets_Organizados,UI/weapons/hammer_d.jpg,UI,hammer_d.jpg,.jpg,1683,1.64,0.0016,UNMAPPED,,,,,,,,128,128,RGB
01_Assets_Organizados,UI/skills/paladin/hammer_of_grace.webp,UI,hammer_of_grace.webp,.webp,6784,6.62,0.0065,UNMAPPED,,,,,,,,128,128,RGB
01_Assets_Organizados,UI/skills/paladin/hammer_of_justice.webp,UI,hammer_of_justice.webp,.webp,3656,3.57,0.0035,UNMAPPED,,,,,,,,128,128,RGBA
01_Assets_Organizados,UI/skills/paladin/hammer_of_wrath.webp,UI,hammer_of_wrath.webp,.webp,4800,4.69,0.0046,UNMAPPED,,,,,,,,128,128,RGB
01_Assets_Organizados,UI/skills/warrior/hamstring.webp,UI,hamstring.webp,.webp,2950,2.88,0.0028,UNMAPPED,,,,,,,,128,128,RGBA
01_Assets_Organizados,UI/cursors/hand-default.png,UI,hand-default.png,.png,1193,1.17,0.0011,UNMAPPED,,,,,,,,25,32,RGBA
01_Assets_Organizados,UI/cursors/hand-grab.png,UI,hand-grab.png,.png,1269,1.24,0.0012,UNMAPPED,,,,,,,,22,32,RGBA
01_Assets_Organizados,UI/items/handaxe.webp,UI,handaxe.webp,.webp,2032,1.98,0.0019,UNMAPPED,,,,,,,,128,128,RGB
01_Assets_Organizados,UI/mobs/harvest_sprite.webp,UI,harvest_sprite.webp,.webp,1740,1.7,0.0017,UNMAPPED,,,,,,,,128,128,RGB
01_Assets_Organizados,UI/skills/priest/heal.webp,UI,heal.webp,.webp,3772,3.68,0.0036,UNMAPPED,,,,,,,,128,128,RGBA
01_Assets_Organizados,UI/items/healing_potion.webp,UI,healing_potion.webp,.webp,2324,2.27,0.0022,UNMAPPED,,,,,,,,128,128,RGB
01_Assets_Organizados,UI/skills/shaman/healing_stream.webp,UI,healing_stream.webp,.webp,5854,5.72,0.0056,UNMAPPED,,,,,,,,128,128,RGB
01_Assets_Organizados,UI/skills/druid/healing_touch.webp,UI,healing_touch.webp,.webp,4296,4.2,0.0041,UNMAPPED,,,,,,,,128,128,RGBA
01_Assets_Organizados,UI/skills/shaman/healing_wave.webp,UI,healing_wave.webp,.webp,4088,3.99,0.0039,UNMAPPED,,,,,,,,128,128,RGB
01_Assets_Organizados,UI/items/heart_of_the_rift.webp,UI,heart_of_the_rift.webp,.webp,2858,2.79,0.0027,UNMAPPED,,,,,,,,128,128,RGB
01_Assets_Organizados,UI/items/hearth_ember_cache.webp,UI,hearth_ember_cache.webp,.webp,2786,2.72,0.0027,UNMAPPED,,,,,,,,128,128,RGB
01_Assets_Organizados,UI/items/hearthlined_treads.webp,UI,hearthlined_treads.webp,.webp,2920,2.85,0.0028,UNMAPPED,,,,,,,,128,128,RGB
01_Assets_Organizados,UI/mobs/hedge_gnome.webp,UI,hedge_gnome.webp,.webp,1722,1.68,0.0016,UNMAPPED,,,,,,,,128,128,RGB
01_Assets_Organizados,UI/mobs/hedge_knight.webp,UI,hedge_knight.webp,.webp,2212,2.16,0.0021,UNMAPPED,,,,,,,,128,128,RGB
01_Assets_Organizados,UI/items/hedgewick_shears.webp,UI,hedgewick_shears.webp,.webp,2008,1.96,0.0019,UNMAPPED,,,,,,,,128,128,RGB
01_Assets_Organizados,UI/items/hedgewick_tool_cart.webp,UI,hedgewick_tool_cart.webp,.webp,2370,2.31,0.0023,UNMAPPED,,,,,,,,128,128,RGB
01_Assets_Organizados,UI/skills/rogue/hemorrhage.webp,UI,hemorrhage.webp,.webp,4336,4.23,0.0041,UNMAPPED,,,,,,,,128,128,RGB
01_Assets_Organizados,UI/items/herbed_marsh_pike.webp,UI,herbed_marsh_pike.webp,.webp,4390,4.29,0.0042,UNMAPPED,,,,,,,,128,128,RGB
01_Assets_Organizados,UI/items/heroic_boneguard_breastplate.webp,UI,heroic_boneguard_breastplate.webp,.webp,5922,5.78,0.0056,UNMAPPED,,,,,,,,128,128,RGB
01_Assets_Organizados,UI/items/heroic_bonewrought_bulwark.webp,UI,heroic_bonewrought_bulwark.webp,.webp,4650,4.54,0.0044,UNMAPPED,,,,,,,,128,128,RGB
01_Assets_Organizados,UI/items/heroic_boundstone_girdle.webp,UI,heroic_boundstone_girdle.webp,.webp,5096,4.98,0.0049,UNMAPPED,,,,,,,,128,128,RGB
01_Assets_Organizados,UI/items/heroic_boundstone_helm.webp,UI,heroic_boundstone_helm.webp,.webp,4496,4.39,0.0043,UNMAPPED,,,,,,,,128,128,RGB
01_Assets_Organizados,UI/items/heroic_crownforged_dreadhelm.webp,UI,heroic_crownforged_dreadhelm.webp,.webp,4964,4.85,0.0047,UNMAPPED,,,,,,,,128,128,RGB
01_Assets_Organizados,UI/items/heroic_crownforged_warspaulders.webp,UI,heroic_crownforged_warspaulders.webp,.webp,4552,4.45,0.0043,UNMAPPED,,,,,,,,128,128,RGB
01_Assets_Organizados,UI/items/heroic_deathlord_legguards.webp,UI,heroic_deathlord_legguards.webp,.webp,3822,3.73,0.0036,UNMAPPED,,,,,,,,128,128,RGB
01_Assets_Organizados,UI/items/heroic_deathlord_warplate.webp,UI,heroic_deathlord_warplate.webp,.webp,4954,4.84,0.0047,UNMAPPED,,,,,,,,128,128,RGB
01_Assets_Organizados,UI/items/heroic_deathlords_dread_visage.webp,UI,heroic_deathlords_dread_visage.webp,.webp,4194,4.1,0.004,UNMAPPED,,,,,,,,128,128,RGB
01_Assets_Organizados,UI/items/heroic_direfang_quiver.webp,UI,heroic_direfang_quiver.webp,.webp,3456,3.38,0.0033,UNMAPPED,,,,,,,,128,128,RGB
01_Assets_Organizados,UI/items/heroic_drowned_prayer_leggings.webp,UI,heroic_drowned_prayer_leggings.webp,.webp,4752,4.64,0.0045,UNMAPPED,,,,,,,,128,128,RGB
01_Assets_Organizados,UI/items/heroic_drowned_prayer_sandals.webp,UI,heroic_drowned_prayer_sandals.webp,.webp,4758,4.65,0.0045,UNMAPPED,,,,,,,,128,128,RGB
01_Assets_Organizados,UI/items/heroic_eelscale_leggings.webp,UI,heroic_eelscale_leggings.webp,.webp,3834,3.74,0.0037,UNMAPPED,,,,,,,,128,128,RGB
01_Assets_Organizados,UI/items/heroic_eelscale_treads.webp,UI,heroic_eelscale_treads.webp,.webp,4146,4.05,0.004,UNMAPPED,,,,,,,,128,128,RGB
01_Assets_Organizados,UI/items/heroic_gravewyrm_bone_quiver.webp,UI,heroic_gravewyrm_bone_quiver.webp,.webp,3098,3.03,0.003,UNMAPPED,,,,,,,,128,128,RGB
01_Assets_Organizados,UI/items/heroic_gravewyrm_gauntlets.webp,UI,heroic_gravewyrm_gauntlets.webp,.webp,5034,4.92,0.0048,UNMAPPED,,,,,,,,128,128,RGB
01_Assets_Organizados,UI/items/heroic_gravewyrm_mantle.webp,UI,heroic_gravewyrm_mantle.webp,.webp,4960,4.84,0.0047,UNMAPPED,,,,,,,,128,128,RGB
01_Assets_Organizados,UI/items/heroic_gravewyrm_sabatons.webp,UI,heroic_gravewyrm_sabatons.webp,.webp,4734,4.62,0.0045,UNMAPPED,,,,,,,,128,128,RGB
01_Assets_Organizados,UI/items/heroic_gravewyrm_stalkers_treads.webp,UI,heroic_gravewyrm_stalkers_treads.webp,.webp,4574,4.47,0.0044,UNMAPPED,,,,,,,,128,128,RGB
01_Assets_Organizados,UI/items/heroic_grovewardens_grips.webp,UI,heroic_grovewardens_grips.webp,.webp,5170,5.05,0.0049,UNMAPPED,,,,,,,,128,128,RGB
01_Assets_Organizados,UI/items/heroic_korgaths_chainwraps.webp,UI,heroic_korgaths_chainwraps.webp,.webp,3742,3.65,0.0036,UNMAPPED,,,,,,,,128,128,RGB
01_Assets_Organizados,UI/skills/warrior/heroic_leap.webp,UI,heroic_leap.webp,.webp,9068,8.86,0.0086,UNMAPPED,,,,,,,,128,128,RGB
01_Assets_Organizados,UI/items/heroic_mark.webp,UI,heroic_mark.webp,.webp,5060,4.94,0.0048,UNMAPPED,,,,,,,,128,128,RGB
01_Assets_Organizados,UI/items/heroic_moonshroud_breastplate.webp,UI,heroic_moonshroud_breastplate.webp,.webp,4792,4.68,0.0046,UNMAPPED,,,,,,,,128,128,RGB
01_Assets_Organizados,UI/items/heroic_moonshroud_robe.webp,UI,heroic_moonshroud_robe.webp,.webp,3916,3.82,0.0037,UNMAPPED,,,,,,,,128,128,RGB
01_Assets_Organizados,UI/items/heroic_moonshroud_tunic.webp,UI,heroic_moonshroud_tunic.webp,.webp,4590,4.48,0.0044,UNMAPPED,,,,,,,,128,128,RGB
01_Assets_Organizados,UI/items/heroic_necromancers_soulspire_mantle.webp,UI,heroic_necromancers_soulspire_mantle.webp,.webp,5076,4.96,0.0048,UNMAPPED,,,,,,,,128,128,RGB
01_Assets_Organizados,UI/items/heroic_necromancers_soulsteps.webp,UI,heroic_necromancers_soulsteps.webp,.webp,4904,4.79,0.0047,UNMAPPED,,,,,,,,128,128,RGB
01_Assets_Organizados,UI/items/heroic_necromancers_starshroud.webp,UI,heroic_necromancers_starshroud.webp,.webp,5476,5.35,0.0052,UNMAPPED,,,,,,,,128,128,RGB
01_Assets_Organizados,UI/items/heroic_nighttalon_crown.webp,UI,heroic_nighttalon_crown.webp,.webp,3642,3.56,0.0035,UNMAPPED,,,,,,,,128,128,RGB
01_Assets_Organizados,UI/items/heroic_nighttalon_shoulderguards.webp,UI,heroic_nighttalon_shoulderguards.webp,.webp,3618,3.53,0.0035,UNMAPPED,,,,,,,,128,128,RGB
01_Assets_Organizados,UI/items/heroic_selthes_seastriders.webp,UI,heroic_selthes_seastriders.webp,.webp,4944,4.83,0.0047,UNMAPPED,,,,,,,,128,128,RGB
01_Assets_Organizados,UI/items/heroic_shadowmeld_tunic.webp,UI,heroic_shadowmeld_tunic.webp,.webp,4056,3.96,0.0039,UNMAPPED,,,,,,,,128,128,RGB
01_Assets_Organizados,UI/items/heroic_soulflame_cowl.webp,UI,heroic_soulflame_cowl.webp,.webp,4330,4.23,0.0041,UNMAPPED,,,,,,,,128,128,RGB
01_Assets_Organizados,UI/items/heroic_soulflame_mantle.webp,UI,heroic_soulflame_mantle.webp,.webp,4774,4.66,0.0046,UNMAPPED,,,,,,,,128,128,RGB
01_Assets_Organizados,UI/items/heroic_stormcallers_crown.webp,UI,heroic_stormcallers_crown.webp,.webp,6064,5.92,0.0058,UNMAPPED,,,,,,,,128,128,RGB
01_Assets_Organizados,UI/items/heroic_stormcallers_spaulders.webp,UI,heroic_stormcallers_spaulders.webp,.webp,5600,5.47,0.0053,UNMAPPED,,,,,,,,128,128,RGB
01_Assets_Organizados,UI/skills/warrior/heroic_strike.webp,UI,heroic_strike.webp,.webp,4442,4.34,0.0042,UNMAPPED,,,,,,,,128,128,RGBA
01_Assets_Organizados,UI/items/heroic_tideguard_greaves.webp,UI,heroic_tideguard_greaves.webp,.webp,5312,5.19,0.0051,UNMAPPED,,,,,,,,128,128,RGB
01_Assets_Organizados,UI/items/heroic_tideguard_sabatons.webp,UI,heroic_tideguard_sabatons.webp,.webp,6032,5.89,0.0058,UNMAPPED,,,,,,,,128,128,RGB
01_Assets_Organizados,UI/items/heroic_tidescale_vest.webp,UI,heroic_tidescale_vest.webp,.webp,6080,5.94,0.0058,UNMAPPED,,,,,,,,128,128,RGB
01_Assets_Organizados,UI/items/heroic_verdant_walkers.webp,UI,heroic_verdant_walkers.webp,.webp,5130,5.01,0.0049,UNMAPPED,,,,,,,,128,128,RGB
01_Assets_Organizados,UI/items/heroic_wildgrowth_leggings.webp,UI,heroic_wildgrowth_leggings.webp,.webp,4392,4.29,0.0042,UNMAPPED,,,,,,,,128,128,RGB
01_Assets_Organizados,UI/items/heroic_wraithfire_orb.webp,UI,heroic_wraithfire_orb.webp,.webp,5498,5.37,0.0052,UNMAPPED,,,,,,,,128,128,RGB
01_Assets_Organizados,UI/items/heroic_wyrmcult_grand_robe.webp,UI,heroic_wyrmcult_grand_robe.webp,.webp,4488,4.38,0.0043,UNMAPPED,,,,,,,,128,128,RGB
01_Assets_Organizados,UI/items/heroic_wyrmcult_soulsteps.webp,UI,heroic_wyrmcult_soulsteps.webp,.webp,4174,4.08,0.004,UNMAPPED,,,,,,,,128,128,RGB
01_Assets_Organizados,UI/items/heroic_wyrmshadow_harness.webp,UI,heroic_wyrmshadow_harness.webp,.webp,5106,4.99,0.0049,UNMAPPED,,,,,,,,128,128,RGB
01_Assets_Organizados,UI/items/heroic_wyrmshadow_legguards.webp,UI,heroic_wyrmshadow_legguards.webp,.webp,3644,3.56,0.0035,UNMAPPED,,,,,,,,128,128,RGB
01_Assets_Organizados,UI/items/heroic_wyrmshadow_talongrips.webp,UI,heroic_wyrmshadow_talongrips.webp,.webp,4528,4.42,0.0043,UNMAPPED,,,,,,,,128,128,RGB
01_Assets_Organizados,UI/items/heroic_wyrmshadow_treads.webp,UI,heroic_wyrmshadow_treads.webp,.webp,4780,4.67,0.0046,UNMAPPED,,,,,,,,128,128,RGB
01_Assets_Organizados,UI/items/heroic_ysols_pearl_greaves.webp,UI,heroic_ysols_pearl_greaves.webp,.webp,5190,5.07,0.0049,UNMAPPED,,,,,,,,128,128,RGB
01_Assets_Organizados,UI/skills/warlock/hex_of_violence.webp,UI,hex_of_violence.webp,.webp,4780,4.67,0.0046,UNMAPPED,,,,,,,,128,128,RGB
01_Assets_Organizados,UI/skills/druid/hibernate.webp,UI,hibernate.webp,.webp,6066,5.92,0.0058,UNMAPPED,,,,,,,,128,128,RGB
01_Assets_Organizados,UI/items/hickory_shortstaff.webp,UI,hickory_shortstaff.webp,.webp,1872,1.83,0.0018,UNMAPPED,,,,,,,,128,128,RGB
01_Assets_Organizados,UI/deeds/hid_bountiful_coffer.webp,UI,hid_bountiful_coffer.webp,.webp,5898,5.76,0.0056,UNMAPPED,,,,,,,,128,128,RGBA
01_Assets_Organizados,UI/deeds/hid_codfather.webp,UI,hid_codfather.webp,.webp,5422,5.29,0.0052,UNMAPPED,,,,,,,,128,128,RGBA
01_Assets_Organizados,UI/deeds/hid_companion_save.webp,UI,hid_companion_save.webp,.webp,5384,5.26,0.0051,UNMAPPED,,,,,,,,128,128,RGBA
01_Assets_Organizados,UI/deeds/hid_fall_death.webp,UI,hid_fall_death.webp,.webp,5466,5.34,0.0052,UNMAPPED,,,,,,,,128,128,RGBA
01_Assets_Organizados,UI/deeds/hid_gilded_tour.webp,UI,hid_gilded_tour.webp,.webp,6594,6.44,0.0063,UNMAPPED,,,,,,,,128,128,RGBA
01_Assets_Organizados,UI/deeds/hid_keepers_toll_twice.webp,UI,hid_keepers_toll_twice.webp,.webp,5550,5.42,0.0053,UNMAPPED,,,,,,,,128,128,RGBA
01_Assets_Organizados,UI/deeds/hid_roll_hundred.webp,UI,hid_roll_hundred.webp,.webp,5542,5.41,0.0053,UNMAPPED,,,,,,,,128,128,RGBA
01_Assets_Organizados,UI/deeds/hid_saul_footnote.webp,UI,hid_saul_footnote.webp,.webp,5878,5.74,0.0056,UNMAPPED,,,,,,,,128,128,RGBA
01_Assets_Organizados,UI/deeds/hid_yumi_cheer.webp,UI,hid_yumi_cheer.webp,.webp,7084,6.92,0.0068,UNMAPPED,,,,,,,,128,128,RGBA
01_Assets_Organizados,UI/items/highwatch_breastplate.webp,UI,highwatch_breastplate.webp,.webp,2636,2.57,0.0025,UNMAPPED,,,,,,,,128,128,RGB
01_Assets_Organizados,UI/items/highwatch_greatsword.webp,UI,highwatch_greatsword.webp,.webp,1746,1.71,0.0017,UNMAPPED,,,,,,,,128,128,RGB
01_Assets_Organizados,UI/items/highwatch_summons.webp,UI,highwatch_summons.webp,.webp,2882,2.81,0.0027,UNMAPPED,,,,,,,,128,128,RGB
01_Assets_Organizados,UI/items/highwatch_wallshield.webp,UI,highwatch_wallshield.webp,.webp,3696,3.61,0.0035,UNMAPPED,,,,,,,,128,128,RGB
01_Assets_Organizados,UI/items/highwatch_warblade.webp,UI,highwatch_warblade.webp,.webp,1832,1.79,0.0017,UNMAPPED,,,,,,,,128,128,RGB
01_Assets_Organizados,UI/items/hoarfrost_edge.webp,UI,hoarfrost_edge.webp,.webp,2452,2.39,0.0023,UNMAPPED,,,,,,,,128,128,RGB
01_Assets_Organizados,UI/weapons/hoarfrost_vigil.jpg,UI,hoarfrost_vigil.jpg,.jpg,815,0.8,0.0008,UNMAPPED,,,,,,,,128,128,RGB
01_Assets_Organizados,UI/store/armory/hoarfrost_vigil_staff.webp,UI,hoarfrost_vigil_staff.webp,.webp,8114,7.92,0.0077,UNMAPPED,,,,,,,,512,512,RGB
01_Assets_Organizados,UI/items/hobnail_boots.webp,UI,hobnail_boots.webp,.webp,2788,2.72,0.0027,UNMAPPED,,,,,,,,128,128,RGB
01_Assets_Organizados,UI/mobs/hollow_acolyte.webp,UI,hollow_acolyte.webp,.webp,2224,2.17,0.0021,UNMAPPED,,,,,,,,128,128,RGB
01_Assets_Organizados,UI/items/hollow_sealstone.webp,UI,hollow_sealstone.webp,.webp,2618,2.56,0.0025,UNMAPPED,,,,,,,,128,128,RGB
01_Assets_Organizados,UI/items/hollow_vigil_staff.webp,UI,hollow_vigil_staff.webp,.webp,1738,1.7,0.0017,UNMAPPED,,,,,,,,128,128,RGB
01_Assets_Organizados,UI/items/hollowbone_hauberk.webp,UI,hollowbone_hauberk.webp,.webp,3452,3.37,0.0033,UNMAPPED,,,,,,,,128,128,RGB
01_Assets_Organizados,UI/items/hollowbound_legguards.webp,UI,hollowbound_legguards.webp,.webp,2202,2.15,0.0021,UNMAPPED,,,,,,,,128,128,RGB
01_Assets_Organizados,UI/specs/paladin/holy.webp,UI,holy.webp,.webp,7112,6.95,0.0068,UNMAPPED,,,,,,,,128,128,RGB
01_Assets_Organizados,UI/specs/priest/holy.webp,UI,holy.webp,.webp,6606,6.45,0.0063,UNMAPPED,,,,,,,,128,128,RGB
01_Assets_Organizados,UI/skills/paladin/holy_light.webp,UI,holy_light.webp,.webp,3950,3.86,0.0038,UNMAPPED,,,,,,,,128,128,RGBA
01_Assets_Organizados,UI/skills/priest/holy_nova.webp,UI,holy_nova.webp,.webp,3124,3.05,0.003,UNMAPPED,,,,,,,,128,128,RGB
01_Assets_Organizados,UI/skills/paladin/holy_shield.webp,UI,holy_shield.webp,.webp,4244,4.14,0.004,UNMAPPED,,,,,,,,128,128,RGB
01_Assets_Organizados,UI/skills/paladin/holy_shock.webp,UI,holy_shock.webp,.webp,3488,3.41,0.0033,UNMAPPED,,,,,,,,128,128,RGB
01_Assets_Organizados,UI/skills/paladin/holy_taunt.webp,UI,holy_taunt.webp,.webp,4156,4.06,0.004,UNMAPPED,,,,,,,,128,128,RGB
01_Assets_Organizados,UI/items/homespun_cloth.webp,UI,homespun_cloth.webp,.webp,2070,2.02,0.002,UNMAPPED,,,,,,,,128,128,RGB
01_Assets_Organizados,UI/items/homespun_hood.webp,UI,homespun_hood.webp,.webp,3268,3.19,0.0031,UNMAPPED,,,,,,,,128,128,RGB
01_Assets_Organizados,UI/items/homespun_mitts.webp,UI,homespun_mitts.webp,.webp,3526,3.44,0.0034,UNMAPPED,,,,,,,,128,128,RGB
01_Assets_Organizados,UI/skills/mage/hot_streak.webp,UI,hot_streak.webp,.webp,5974,5.83,0.0057,UNMAPPED,,,,,,,,128,128,RGB
01_Assets_Organizados,UI/skills/warlock/hour_of_judgment.webp,UI,hour_of_judgment.webp,.webp,6808,6.65,0.0065,UNMAPPED,,,,,,,,128,128,RGB
01_Assets_Organizados,UI/skills/warlock/howl_of_terror.webp,UI,howl_of_terror.webp,.webp,5748,5.61,0.0055,UNMAPPED,,,,,,,,128,128,RGB
01_Assets_Organizados,UI/crests/families/humanoid.webp,UI,humanoid.webp,.webp,10758,10.51,0.0103,UNMAPPED,,,,,,,,256,256,RGB
01_Assets_Organizados,UI/classes/hunter.webp,UI,hunter.webp,.webp,13816,13.49,0.0132,UNMAPPED,,,,,,,,256,256,RGB
01_Assets_Organizados,UI/items/hunters_game_skewer.webp,UI,hunters_game_skewer.webp,.webp,3592,3.51,0.0034,UNMAPPED,,,,,,,,128,128,RGB
01_Assets_Organizados,UI/skills/hunter/hunting_momentum.webp,UI,hunting_momentum.webp,.webp,4804,4.69,0.0046,UNMAPPED,,,,,,,,128,128,RGB
01_Assets_Organizados,UI/skills/druid/hurricane.webp,UI,hurricane.webp,.webp,6074,5.93,0.0058,UNMAPPED,,,,,,,,128,128,RGB
01_Assets_Organizados,UI/skills/paladin/hushbrand.webp,UI,hushbrand.webp,.webp,6698,6.54,0.0064,UNMAPPED,,,,,,,,128,128,RGB
01_Assets_Organizados,UI/skills/mage/ice_barrier.webp,UI,ice_barrier.webp,.webp,4738,4.63,0.0045,UNMAPPED,,,,,,,,128,128,RGBA
01_Assets_Organizados,UI/skills/mage/ice_block.webp,UI,ice_block.webp,.webp,6878,6.72,0.0066,UNMAPPED,,,,,,,,128,128,RGB
01_Assets_Organizados,UI/weapons/ice_fang.jpg,UI,ice_fang.jpg,.jpg,858,0.84,0.0008,UNMAPPED,,,,,,,,128,128,RGB
01_Assets_Organizados,UI/store/armory/ice_fang_sword.webp,UI,ice_fang_sword.webp,.webp,9818,9.59,0.0094,UNMAPPED,,,,,,,,512,512,RGB
01_Assets_Organizados,UI/skills/mage/ice_floes.webp,UI,ice_floes.webp,.webp,7730,7.55,0.0074,UNMAPPED,,,,,,,,128,128,RGB
01_Assets_Organizados,UI/skills/mage/ice_lance.webp,UI,ice_lance.webp,.webp,6772,6.61,0.0065,UNMAPPED,,,,,,,,128,128,RGB
01_Assets_Organizados,UI/mobs/ice_wisp.webp,UI,ice_wisp.webp,.webp,1662,1.62,0.0016,UNMAPPED,,,,,,,,128,128,RGB
01_Assets_Organizados,UI/items/icevein_dirk.webp,UI,icevein_dirk.webp,.webp,1732,1.69,0.0017,UNMAPPED,,,,,,,,128,128,RGB
01_Assets_Organizados,UI/skills/mage/icy_veins.webp,UI,icy_veins.webp,.webp,7968,7.78,0.0076,UNMAPPED,,,,,,,,128,128,RGB
01_Assets_Organizados,UI/mobs/idol_guardian.webp,UI,idol_guardian.webp,.webp,2816,2.75,0.0027,UNMAPPED,,,,,,,,128,128,RGB
01_Assets_Organizados,UI/skills/mage/ignition.webp,UI,ignition.webp,.webp,6762,6.6,0.0064,UNMAPPED,,,,,,,,128,128,RGB
01_Assets_Organizados,UI/skills/warlock/immolate.webp,UI,immolate.webp,.webp,3558,3.47,0.0034,UNMAPPED,,,,,,,,128,128,RGB
01_Assets_Organizados,UI/items/imperial_crimson_armor_plate.webp,UI,imperial_crimson_armor_plate.webp,.webp,2314,2.26,0.0022,UNMAPPED,,,,,,,,128,128,RGB
01_Assets_Organizados,UI/items/imperial_gold_armor_plate.webp,UI,imperial_gold_armor_plate.webp,.webp,2946,2.88,0.0028,UNMAPPED,,,,,,,,128,128,RGB
01_Assets_Organizados,UI/items/inert_storm_shard.webp,UI,inert_storm_shard.webp,.webp,1978,1.93,0.0019,UNMAPPED,,,,,,,,128,128,RGB
01_Assets_Organizados,UI/skills/priest/inner_focus.webp,UI,inner_focus.webp,.webp,2502,2.44,0.0024,UNMAPPED,,,,,,,,128,128,RGB
01_Assets_Organizados,UI/skills/druid/innervate.webp,UI,innervate.webp,.webp,5600,5.47,0.0053,UNMAPPED,,,,,,,,128,128,RGB
01_Assets_Organizados,UI/skills/druid/insect_swarm.webp,UI,insect_swarm.webp,.webp,4324,4.22,0.0041,UNMAPPED,,,,,,,,128,128,RGB
01_Assets_Organizados,UI/skills/rogue/instant_poison.webp,UI,instant_poison.webp,.webp,3518,3.44,0.0034,UNMAPPED,,,,,,,,128,128,RGB
01_Assets_Organizados,UI/skills/warrior/intervene.webp,UI,intervene.webp,.webp,5858,5.72,0.0056,UNMAPPED,,,,,,,,128,128,RGB
01_Assets_Organizados,UI/skills/warrior/intimidating_shout.webp,UI,intimidating_shout.webp,.webp,16168,15.79,0.0154,UNMAPPED,,,,,,,,128,128,RGBA
01_Assets_Organizados,UI/weapons/iron_field_hammer.jpg,UI,iron_field_hammer.jpg,.jpg,1090,1.06,0.001,UNMAPPED,,,,,,,,128,128,RGB
01_Assets_Organizados,UI/items/iron_mining_pick.webp,UI,iron_mining_pick.webp,.webp,1990,1.94,0.0019,UNMAPPED,,,,,,,,128,128,RGB
01_Assets_Organizados,UI/items/iron_ore.webp,UI,iron_ore.webp,.webp,2454,2.4,0.0023,UNMAPPED,,,,,,,,128,128,RGB
01_Assets_Organizados,UI/skills/warrior/iron_resolve.webp,UI,iron_resolve.webp,.webp,9454,9.23,0.009,UNMAPPED,,,,,,,,128,128,RGB
01_Assets_Organizados,UI/items/iron_vow_band.webp,UI,iron_vow_band.webp,.webp,3218,3.14,0.0031,UNMAPPED,,,,,,,,128,128,RGB
01_Assets_Organizados,UI/items/ironbark_axe.webp,UI,ironbark_axe.webp,.webp,1888,1.84,0.0018,UNMAPPED,,,,,,,,128,128,RGB
01_Assets_Organizados,UI/items/ironbark_boar_spear.webp,UI,ironbark_boar_spear.webp,.webp,1456,1.42,0.0014,UNMAPPED,,,,,,,,128,128,RGB
01_Assets_Organizados,UI/items/ironbark_log.webp,UI,ironbark_log.webp,.webp,2440,2.38,0.0023,UNMAPPED,,,,,,,,128,128,RGB
01_Assets_Organizados,UI/items/ironedge_longsword.webp,UI,ironedge_longsword.webp,.webp,1466,1.43,0.0014,UNMAPPED,,,,,,,,128,128,RGB
01_Assets_Organizados,UI/items/ironlink_hauberk.webp,UI,ironlink_hauberk.webp,.webp,4808,4.7,0.0046,UNMAPPED,,,,,,,,128,128,RGB
01_Assets_Organizados,UI/items/ironlink_legguards.webp,UI,ironlink_legguards.webp,.webp,3974,3.88,0.0038,UNMAPPED,,,,,,,,128,128,RGB
01_Assets_Organizados,UI/items/ironlink_spaulders.webp,UI,ironlink_spaulders.webp,.webp,3834,3.74,0.0037,UNMAPPED,,,,,,,,128,128,RGB
01_Assets_Organizados,UI/items/ironreel_fishing_rod.webp,UI,ironreel_fishing_rod.webp,.webp,2774,2.71,0.0026,UNMAPPED,,,,,,,,128,128,RGB
01_Assets_Organizados,UI/items/ironshod_maul.webp,UI,ironshod_maul.webp,.webp,2044,2.0,0.0019,UNMAPPED,,,,,,,,128,128,RGB
01_Assets_Organizados,UI/mobs/ironvein_foreman.webp,UI,ironvein_foreman.webp,.webp,1726,1.69,0.0016,UNMAPPED,,,,,,,,128,128,RGB
01_Assets_Organizados,UI/items/ironvein_lantern_staff.webp,UI,ironvein_lantern_staff.webp,.webp,2056,2.01,0.002,UNMAPPED,,,,,,,,128,128,RGB
01_Assets_Organizados,UI/items/ironvein_pickblade.webp,UI,ironvein_pickblade.webp,.webp,2524,2.46,0.0024,UNMAPPED,,,,,,,,128,128,RGB
01_Assets_Organizados,UI/mobs/ironvein_sapper.webp,UI,ironvein_sapper.webp,.webp,1704,1.66,0.0016,UNMAPPED,,,,,,,,128,128,RGB
01_Assets_Organizados,UI/items/ivory_copper_armor_plate.webp,UI,ivory_copper_armor_plate.webp,.webp,2346,2.29,0.0022,UNMAPPED,,,,,,,,128,128,RGB
01_Assets_Organizados,UI/items/kazzix_heartshard.webp,UI,kazzix_heartshard.webp,.webp,2884,2.82,0.0028,UNMAPPED,,,,,,,,128,128,RGB
01_Assets_Organizados,UI/items/keen_dirk.webp,UI,keen_dirk.webp,.webp,1632,1.59,0.0016,UNMAPPED,,,,,,,,128,128,RGB
01_Assets_Organizados,UI/skills/rogue/kick.webp,UI,kick.webp,.webp,5772,5.64,0.0055,UNMAPPED,,,,,,,,128,128,RGB
01_Assets_Organizados,UI/skills/rogue/kidney_shot.webp,UI,kidney_shot.webp,.webp,4100,4.0,0.0039,UNMAPPED,,,,,,,,128,128,RGB
01_Assets_Organizados,UI/items/kings_signet.webp,UI,kings_signet.webp,.webp,3014,2.94,0.0029,UNMAPPED,,,,,,,,128,128,RGB
01_Assets_Organizados,UI/items/kingsbane_last_oath.webp,UI,kingsbane_last_oath.webp,.webp,2436,2.38,0.0023,UNMAPPED,,,,,,,,128,128,RGB
01_Assets_Organizados,UI/mobs/knight_commander_olen.webp,UI,knight_commander_olen.webp,.webp,2278,2.22,0.0022,UNMAPPED,,,,,,,,128,128,RGB
01_Assets_Organizados,UI/dungeons/knight_commander_olen.webp,UI,knight_commander_olen.webp,.webp,4958,4.84,0.0047,UNMAPPED,,,,,,,,128,128,RGBA
01_Assets_Organizados,UI/items/knight_commanders_greaves.webp,UI,knight_commanders_greaves.webp,.webp,2456,2.4,0.0023,UNMAPPED,,,,,,,,128,128,RGB
01_Assets_Organizados,UI/skills/rogue/knockout_blow.webp,UI,knockout_blow.webp,.webp,3418,3.34,0.0033,UNMAPPED,,,,,,,,128,128,RGB
01_Assets_Organizados,UI/weapons/knotted_oak_stave.jpg,UI,knotted_oak_stave.jpg,.jpg,774,0.76,0.0007,UNMAPPED,,,,,,,,128,128,RGB
01_Assets_Organizados,UI/mobs/korgath_the_bound.webp,UI,korgath_the_bound.webp,.webp,1684,1.64,0.0016,UNMAPPED,,,,,,,,128,128,RGB
01_Assets_Organizados,UI/dungeons/korgath_the_bound.webp,UI,korgath_the_bound.webp,.webp,2644,2.58,0.0025,UNMAPPED,,,,,,,,128,128,RGBA
01_Assets_Organizados,UI/items/korgaths_chainwraps.webp,UI,korgaths_chainwraps.webp,.webp,2428,2.37,0.0023,UNMAPPED,,,,,,,,128,128,RGB
01_Assets_Organizados,UI/mobs/korzul_the_gravewyrm.webp,UI,korzul_the_gravewyrm.webp,.webp,2184,2.13,0.0021,UNMAPPED,,,,,,,,128,128,RGB
01_Assets_Organizados,UI/dungeons/korzul_the_gravewyrm.webp,UI,korzul_the_gravewyrm.webp,.webp,2784,2.72,0.0027,UNMAPPED,,,,,,,,128,128,RGBA
01_Assets_Organizados,UI/weapons/lacquered_rod.jpg,UI,lacquered_rod.jpg,.jpg,634,0.62,0.0006,UNMAPPED,,,,,,,,128,128,RGB
01_Assets_Organizados,UI/store/armory/lacquered_wand.webp,UI,lacquered_wand.webp,.webp,4566,4.46,0.0044,UNMAPPED,,,,,,,,512,512,RGB
01_Assets_Organizados,UI/items/last_keep_signet.webp,UI,last_keep_signet.webp,.webp,2684,2.62,0.0026,UNMAPPED,,,,,,,,128,128,RGB
01_Assets_Organizados,UI/items/last_step_signet.webp,UI,last_step_signet.webp,.webp,4340,4.24,0.0041,UNMAPPED,,,,,,,,128,128,RGB
01_Assets_Organizados,UI/skills/paladin/lay_on_hands.webp,UI,lay_on_hands.webp,.webp,3318,3.24,0.0032,UNMAPPED,,,,,,,,128,128,RGBA
01_Assets_Organizados,UI/chrome/leaderboard.webp,UI,leaderboard.webp,.webp,5032,4.91,0.0048,UNMAPPED,,,,,,,,128,128,RGBA
01_Assets_Organizados,UI/skills/priest/lesser_heal.webp,UI,lesser_heal.webp,.webp,2880,2.81,0.0027,UNMAPPED,,,,,,,,128,128,RGBA
01_Assets_Organizados,UI/items/lesser_healing_potion.webp,UI,lesser_healing_potion.webp,.webp,2212,2.16,0.0021,UNMAPPED,,,,,,,,128,128,RGB
01_Assets_Organizados,UI/items/lesser_mana_potion.webp,UI,lesser_mana_potion.webp,.webp,2738,2.67,0.0026,UNMAPPED,,,,,,,,128,128,RGB
01_Assets_Organizados,UI/skills/paladin/life_covenant.webp,UI,life_covenant.webp,.webp,6938,6.78,0.0066,UNMAPPED,,,,,,,,128,128,RGB
01_Assets_Organizados,UI/skills/warlock/life_tap.webp,UI,life_tap.webp,.webp,4396,4.29,0.0042,UNMAPPED,,,,,,,,128,128,RGBA
01_Assets_Organizados,UI/skills/shaman/lifespring_weapon.webp,UI,lifespring_weapon.webp,.webp,6244,6.1,0.006,UNMAPPED,,,,,,,,128,128,RGB
01_Assets_Organizados,UI/skills/shaman/lightning_bolt.webp,UI,lightning_bolt.webp,.webp,4780,4.67,0.0046,UNMAPPED,,,,,,,,128,128,RGBA
01_Assets_Organizados,UI/skills/shaman/lightning_shield.webp,UI,lightning_shield.webp,.webp,3866,3.78,0.0037,UNMAPPED,,,,,,,,128,128,RGB
01_Assets_Organizados,UI/mobs/lily_wisp.webp,UI,lily_wisp.webp,.webp,1722,1.68,0.0016,UNMAPPED,,,,,,,,128,128,RGB
01_Assets_Organizados,UI/items/lilybed_mantle.webp,UI,lilybed_mantle.webp,.webp,3198,3.12,0.003,UNMAPPED,,,,,,,,128,128,RGB
01_Assets_Organizados,UI/items/linen_pouch.webp,UI,linen_pouch.webp,.webp,3534,3.45,0.0034,UNMAPPED,,,,,,,,128,128,RGB
01_Assets_Organizados,UI/items/linen_scrap.webp,UI,linen_scrap.webp,.webp,2342,2.29,0.0022,UNMAPPED,,,,,,,,128,128,RGB
01_Assets_Organizados,UI/skills/warrior/lingering_dread.webp,UI,lingering_dread.webp,.webp,6738,6.58,0.0064,UNMAPPED,,,,,,,,128,128,RGB
01_Assets_Organizados,UI/items/litany_cloth_chest.webp,UI,litany_cloth_chest.webp,.webp,4380,4.28,0.0042,UNMAPPED,,,,,,,,128,128,RGB
01_Assets_Organizados,UI/items/litany_gloves_rog.webp,UI,litany_gloves_rog.webp,.webp,4660,4.55,0.0044,UNMAPPED,,,,,,,,128,128,RGB
01_Assets_Organizados,UI/items/litany_helm.webp,UI,litany_helm.webp,.webp,4180,4.08,0.004,UNMAPPED,,,,,,,,128,128,RGB
01_Assets_Organizados,UI/items/litany_leather_chest.webp,UI,litany_leather_chest.webp,.webp,4456,4.35,0.0042,UNMAPPED,,,,,,,,128,128,RGB
01_Assets_Organizados,UI/items/litany_legs.webp,UI,litany_legs.webp,.webp,3158,3.08,0.003,UNMAPPED,,,,,,,,128,128,RGB
01_Assets_Organizados,UI/skills/warlock/litany_of_guilt.webp,UI,litany_of_guilt.webp,.webp,5718,5.58,0.0055,UNMAPPED,,,,,,,,128,128,RGB
01_Assets_Organizados,UI/items/litany_plate_chest.webp,UI,litany_plate_chest.webp,.webp,4594,4.49,0.0044,UNMAPPED,,,,,,,,128,128,RGB
01_Assets_Organizados,UI/items/litany_shoulder.webp,UI,litany_shoulder.webp,.webp,4204,4.11,0.004,UNMAPPED,,,,,,,,128,128,RGB
01_Assets_Organizados,UI/items/lost_caravan_goods.webp,UI,lost_caravan_goods.webp,.webp,2864,2.8,0.0027,UNMAPPED,,,,,,,,128,128,RGB
01_Assets_Organizados,UI/items/lunar_choir_leggings.webp,UI,lunar_choir_leggings.webp,.webp,4930,4.81,0.0047,UNMAPPED,,,,,,,,128,128,RGB
01_Assets_Organizados,UI/items/lunar_tide_greatstaff.webp,UI,lunar_tide_greatstaff.webp,.webp,2220,2.17,0.0021,UNMAPPED,,,,,,,,128,128,RGB
01_Assets_Organizados,UI/items/lunarward_cinch.webp,UI,lunarward_cinch.webp,.webp,4796,4.68,0.0046,UNMAPPED,,,,,,,,128,128,RGB
01_Assets_Organizados,UI/classes/mage.webp,UI,mage.webp,.webp,16152,15.77,0.0154,UNMAPPED,,,,,,,,256,256,RGB
01_Assets_Organizados,UI/items/magenta_cyan_armor_plate.webp,UI,magenta_cyan_armor_plate.webp,.webp,2870,2.8,0.0027,UNMAPPED,,,,,,,,128,128,RGB
01_Assets_Organizados,UI/items/maldrecs_soulbinder.webp,UI,maldrecs_soulbinder.webp,.webp,1836,1.79,0.0018,UNMAPPED,,,,,,,,128,128,RGB
01_Assets_Organizados,UI/skills/warlock/maledict_gaze.webp,UI,maledict_gaze.webp,.webp,4058,3.96,0.0039,UNMAPPED,,,,,,,,128,128,RGB
01_Assets_Organizados,UI/items/mana_potion.webp,UI,mana_potion.webp,.webp,2868,2.8,0.0027,UNMAPPED,,,,,,,,128,128,RGB
01_Assets_Organizados,UI/items/mantle_of_the_meredark.webp,UI,mantle_of_the_meredark.webp,.webp,2562,2.5,0.0024,UNMAPPED,,,,,,,,128,128,RGB
01_Assets_Organizados,UI/items/mantle_of_the_unbroken_shore.webp,UI,mantle_of_the_unbroken_shore.webp,.webp,1788,1.75,0.0017,UNMAPPED,,,,,,,,128,128,RGB
01_Assets_Organizados,UI/items/mantle_of_the_unhorsed.webp,UI,mantle_of_the_unhorsed.webp,.webp,2200,2.15,0.0021,UNMAPPED,,,,,,,,128,128,RGB
01_Assets_Organizados,UI/chrome/map.webp,UI,map.webp,.webp,4470,4.37,0.0043,UNMAPPED,,,,,,,,128,128,RGBA
01_Assets_Organizados,UI/chrome/mapping.json,UI,mapping.json,.json,2710,2.65,0.0026,UNMAPPED,,,,,,,,,,
01_Assets_Organizados,UI/map-markers/mapping.json,UI,mapping.json,.json,24176,23.61,0.0231,UNMAPPED,,,,,,,,,,
01_Assets_Organizados,UI/skills/hunter/mapping.json,UI,mapping.json,.json,31536,30.8,0.0301,UNMAPPED,,,,,,,,,,
01_Assets_Organizados,UI/skills/mage/mapping.json,UI,mapping.json,.json,19973,19.5,0.019,UNMAPPED,,,,,,,,,,
01_Assets_Organizados,UI/skills/warlock/mapping.json,UI,mapping.json,.json,32579,31.82,0.0311,UNMAPPED,,,,,,,,,,
01_Assets_Organizados,UI/skills/paladin/mapping.json,UI,mapping.json,.json,30644,29.93,0.0292,UNMAPPED,,,,,,,,,,
01_Assets_Organizados,UI/skills/warrior/mapping.json,UI,mapping.json,.json,47788,46.67,0.0456,UNMAPPED,,,,,,,,,,
01_Assets_Organizados,UI/skills/druid/mapping.json,UI,mapping.json,.json,39284,38.36,0.0375,UNMAPPED,,,,,,,,,,
01_Assets_Organizados,UI/skills/priest/mapping.json,UI,mapping.json,.json,21886,21.37,0.0209,UNMAPPED,,,,,,,,,,
01_Assets_Organizados,UI/skills/shaman/mapping.json,UI,mapping.json,.json,21421,20.92,0.0204,UNMAPPED,,,,,,,,,,
01_Assets_Organizados,UI/skills/rogue/mapping.json,UI,mapping.json,.json,36261,35.41,0.0346,UNMAPPED,,,,,,,,,,
01_Assets_Organizados,UI/items/mapping.json,UI,mapping.json,.json,359002,350.59,0.3424,UNMAPPED,,,,,,,,,,
01_Assets_Organizados,UI/professions/mapping.json,UI,mapping.json,.json,9749,9.52,0.0093,UNMAPPED,,,,,,,,,,
01_Assets_Organizados,UI/skills/druid/mark_of_the_wild.webp,UI,mark_of_the_wild.webp,.webp,4842,4.73,0.0046,UNMAPPED,,,,,,,,128,128,RGBA
01_Assets_Organizados,UI/specs/hunter/marksmanship.webp,UI,marksmanship.webp,.webp,6766,6.61,0.0065,UNMAPPED,,,,,,,,128,128,RGB
01_Assets_Organizados,UI/items/marlows_grand_roast.webp,UI,marlows_grand_roast.webp,.webp,5888,5.75,0.0056,UNMAPPED,,,,,,,,128,128,RGB
01_Assets_Organizados,UI/skills/druid/marrowbreak.webp,UI,marrowbreak.webp,.webp,4522,4.42,0.0043,UNMAPPED,,,,,,,,128,128,RGB
01_Assets_Organizados,UI/items/marrowlord_boneboots.webp,UI,marrowlord_boneboots.webp,.webp,2868,2.8,0.0027,UNMAPPED,,,,,,,,128,128,RGB
01_Assets_Organizados,UI/mobs/marrowlord_varkas.webp,UI,marrowlord_varkas.webp,.webp,2378,2.32,0.0023,UNMAPPED,,,,,,,,128,128,RGB
01_Assets_Organizados,UI/items/marrowpoint.webp,UI,marrowpoint.webp,.webp,1814,1.77,0.0017,UNMAPPED,,,,,,,,128,128,RGB
01_Assets_Organizados,UI/items/marrowtread_boots.webp,UI,marrowtread_boots.webp,.webp,2562,2.5,0.0024,UNMAPPED,,,,,,,,128,128,RGB
01_Assets_Organizados,UI/items/marsh_mint_tea.webp,UI,marsh_mint_tea.webp,.webp,2846,2.78,0.0027,UNMAPPED,,,,,,,,128,128,RGB
01_Assets_Organizados,UI/items/marshcloth_robe.webp,UI,marshcloth_robe.webp,.webp,2598,2.54,0.0025,UNMAPPED,,,,,,,,128,128,RGB
01_Assets_Organizados,UI/items/marshlight_hauberk.webp,UI,marshlight_hauberk.webp,.webp,4686,4.58,0.0045,UNMAPPED,,,,,,,,128,128,RGB
01_Assets_Organizados,UI/items/marshstalker_hood.webp,UI,marshstalker_hood.webp,.webp,4468,4.36,0.0043,UNMAPPED,,,,,,,,128,128,RGB
01_Assets_Organizados,UI/items/marshstalker_jerkin.webp,UI,marshstalker_jerkin.webp,.webp,5132,5.01,0.0049,UNMAPPED,,,,,,,,128,128,RGB
01_Assets_Organizados,UI/items/marshstalker_spaulders.webp,UI,marshstalker_spaulders.webp,.webp,4342,4.24,0.0041,UNMAPPED,,,,,,,,128,128,RGB
01_Assets_Organizados,UI/items/marshstrider_boots.webp,UI,marshstrider_boots.webp,.webp,2194,2.14,0.0021,UNMAPPED,,,,,,,,128,128,RGB
01_Assets_Organizados,UI/skills/priest/martyrs_aegis.webp,UI,martyrs_aegis.webp,.webp,6472,6.32,0.0062,UNMAPPED,,,,,,,,128,128,RGB
01_Assets_Organizados,UI/skills/mage/mass_barrier.webp,UI,mass_barrier.webp,.webp,8006,7.82,0.0076,UNMAPPED,,,,,,,,128,128,RGB
01_Assets_Organizados,UI/professions/masterwork_seal.webp,UI,masterwork_seal.webp,.webp,4666,4.56,0.0044,UNMAPPED,,,,,,,,128,128,RGBA
01_Assets_Organizados,UI/skills/druid/maul.webp,UI,maul.webp,.webp,3834,3.74,0.0037,UNMAPPED,,,,,,,,128,128,RGBA
01_Assets_Organizados,UI/items/maul_of_the_scourged_wilds.webp,UI,maul_of_the_scourged_wilds.webp,.webp,2934,2.87,0.0028,UNMAPPED,,,,,,,,128,128,RGB
01_Assets_Organizados,UI/items/mawscale_pauldrons.webp,UI,mawscale_pauldrons.webp,.webp,2154,2.1,0.0021,UNMAPPED,,,,,,,,128,128,RGB
01_Assets_Organizados,UI/skills/warrior/measured_fury.webp,UI,measured_fury.webp,.webp,2260,2.21,0.0022,UNMAPPED,,,,,,,,128,128,RGB
01_Assets_Organizados,UI/skills/hunter/measured_shot.webp,UI,measured_shot.webp,.webp,4286,4.19,0.0041,UNMAPPED,,,,,,,,128,128,RGB
01_Assets_Organizados,UI/items/medallion_of_endless_profit.webp,UI,medallion_of_endless_profit.webp,.webp,6334,6.19,0.006,UNMAPPED,,,,,,,,128,128,RGB
01_Assets_Organizados,UI/items/meltwater_flask.webp,UI,meltwater_flask.webp,.webp,4168,4.07,0.004,UNMAPPED,,,,,,,,128,128,RGB
01_Assets_Organizados,UI/skills/hunter/mend_pet.webp,UI,mend_pet.webp,.webp,3686,3.6,0.0035,UNMAPPED,,,,,,,,128,128,RGB
01_Assets_Organizados,UI/skills/paladin/mercy_lance.webp,UI,mercy_lance.webp,.webp,4308,4.21,0.0041,UNMAPPED,,,,,,,,128,128,RGB
01_Assets_Organizados,UI/items/mere_ferry_lantern.webp,UI,mere_ferry_lantern.webp,.webp,2314,2.26,0.0022,UNMAPPED,,,,,,,,128,128,RGB
01_Assets_Organizados,UI/mobs/mere_lurker.webp,UI,mere_lurker.webp,.webp,1910,1.87,0.0018,UNMAPPED,,,,,,,,128,128,RGB
01_Assets_Organizados,UI/skills/warlock/metamorphosis.webp,UI,metamorphosis.webp,.webp,5040,4.92,0.0048,UNMAPPED,,,,,,,,128,128,RGB
01_Assets_Organizados,UI/skills/mage/meteor.webp,UI,meteor.webp,.webp,6334,6.19,0.006,UNMAPPED,,,,,,,,128,128,RGB
01_Assets_Organizados,UI/store/armory/meteorlatch_crossbow.webp,UI,meteorlatch_crossbow.webp,.webp,16462,16.08,0.0157,UNMAPPED,,,,,,,,512,512,RGB
01_Assets_Organizados,UI/weapons/meteorlatch_the_sky_s_last_judgment.jpg,UI,meteorlatch_the_sky_s_last_judgment.jpg,.jpg,810,0.79,0.0008,UNMAPPED,,,,,,,,128,128,RGB
01_Assets_Organizados,UI/items/milepost_boots.webp,UI,milepost_boots.webp,.webp,2678,2.62,0.0026,UNMAPPED,,,,,,,,128,128,RGB
01_Assets_Organizados,UI/items/militia_vest.webp,UI,militia_vest.webp,.webp,2716,2.65,0.0026,UNMAPPED,,,,,,,,128,128,RGB
01_Assets_Organizados,UI/skills/priest/mind_blast.webp,UI,mind_blast.webp,.webp,4560,4.45,0.0043,UNMAPPED,,,,,,,,128,128,RGBA
01_Assets_Organizados,UI/skills/priest/mind_flay.webp,UI,mind_flay.webp,.webp,4204,4.11,0.004,UNMAPPED,,,,,,,,128,128,RGB
01_Assets_Organizados,UI/skills/priest/mind_sear.webp,UI,mind_sear.webp,.webp,2472,2.41,0.0024,UNMAPPED,,,,,,,,128,128,RGB
01_Assets_Organizados,UI/items/minor_healing_potion.webp,UI,minor_healing_potion.webp,.webp,2700,2.64,0.0026,UNMAPPED,,,,,,,,128,128,RGB
01_Assets_Organizados,UI/items/minor_mana_potion.webp,UI,minor_mana_potion.webp,.webp,3794,3.71,0.0036,UNMAPPED,,,,,,,,128,128,RGB
01_Assets_Organizados,UI/mobs/mire_prowler.webp,UI,mire_prowler.webp,.webp,1810,1.77,0.0017,UNMAPPED,,,,,,,,128,128,RGB
01_Assets_Organizados,UI/items/mire_prowler_pelt.webp,UI,mire_prowler_pelt.webp,.webp,2152,2.1,0.0021,UNMAPPED,,,,,,,,128,128,RGB
01_Assets_Organizados,UI/mobs/mire_widow.webp,UI,mire_widow.webp,.webp,1546,1.51,0.0015,UNMAPPED,,,,,,,,128,128,RGB
01_Assets_Organizados,UI/items/mirebloom_treads.webp,UI,mirebloom_treads.webp,.webp,4232,4.13,0.004,UNMAPPED,,,,,,,,128,128,RGB
01_Assets_Organizados,UI/mobs/mirefen_broodmother.webp,UI,mirefen_broodmother.webp,.webp,1654,1.62,0.0016,UNMAPPED,,,,,,,,128,128,RGB
01_Assets_Organizados,UI/items/mirefen_skinner.webp,UI,mirefen_skinner.webp,.webp,1782,1.74,0.0017,UNMAPPED,,,,,,,,128,128,RGB
01_Assets_Organizados,UI/mobs/mirefen_widowling.webp,UI,mirefen_widowling.webp,.webp,1666,1.63,0.0016,UNMAPPED,,,,,,,,128,128,RGB
01_Assets_Organizados,UI/items/mirejaw_biteblade.webp,UI,mirejaw_biteblade.webp,.webp,2434,2.38,0.0023,UNMAPPED,,,,,,,,128,128,RGB
01_Assets_Organizados,UI/items/mirejaw_fang_knife.webp,UI,mirejaw_fang_knife.webp,.webp,2052,2.0,0.002,UNMAPPED,,,,,,,,128,128,RGB
01_Assets_Organizados,UI/mobs/mirejaw_frenzy.webp,UI,mirejaw_frenzy.webp,.webp,1878,1.83,0.0018,UNMAPPED,,,,,,,,128,128,RGB
01_Assets_Organizados,UI/items/mirejaw_oracle_staff.webp,UI,mirejaw_oracle_staff.webp,.webp,2128,2.08,0.002,UNMAPPED,,,,,,,,128,128,RGB
01_Assets_Organizados,UI/items/mirejaw_scale_vest.webp,UI,mirejaw_scale_vest.webp,.webp,2920,2.85,0.0028,UNMAPPED,,,,,,,,128,128,RGB
01_Assets_Organizados,UI/mobs/mirejaw_the_ravenous.webp,UI,mirejaw_the_ravenous.webp,.webp,1878,1.83,0.0018,UNMAPPED,,,,,,,,128,128,RGB
01_Assets_Organizados,UI/items/mirewarden_jerkin.webp,UI,mirewarden_jerkin.webp,.webp,4516,4.41,0.0043,UNMAPPED,,,,,,,,128,128,RGB
01_Assets_Organizados,UI/items/mirewarden_leggings.webp,UI,mirewarden_leggings.webp,.webp,3592,3.51,0.0034,UNMAPPED,,,,,,,,128,128,RGB
01_Assets_Organizados,UI/items/mirewarden_treads.webp,UI,mirewarden_treads.webp,.webp,5138,5.02,0.0049,UNMAPPED,,,,,,,,128,128,RGB
01_Assets_Organizados,UI/items/mistbinder_kris.webp,UI,mistbinder_kris.webp,.webp,1904,1.86,0.0018,UNMAPPED,,,,,,,,128,128,RGB
01_Assets_Organizados,UI/items/mistcallers_duffel.webp,UI,mistcallers_duffel.webp,.webp,3110,3.04,0.003,UNMAPPED,,,,,,,,128,128,RGB
01_Assets_Organizados,UI/items/mistcallers_edge.webp,UI,mistcallers_edge.webp,.webp,1882,1.84,0.0018,UNMAPPED,,,,,,,,128,128,RGB
01_Assets_Organizados,UI/items/mistcallers_fang.webp,UI,mistcallers_fang.webp,.webp,2246,2.19,0.0021,UNMAPPED,,,,,,,,128,128,RGB
01_Assets_Organizados,UI/items/mistforged_pauldrons.webp,UI,mistforged_pauldrons.webp,.webp,5200,5.08,0.005,UNMAPPED,,,,,,,,128,128,RGB
01_Assets_Organizados,UI/items/mistveil_cord.webp,UI,mistveil_cord.webp,.webp,2522,2.46,0.0024,UNMAPPED,,,,,,,,128,128,RGB
01_Assets_Organizados,UI/items/mistveil_grips.webp,UI,mistveil_grips.webp,.webp,2482,2.42,0.0024,UNMAPPED,,,,,,,,128,128,RGB
01_Assets_Organizados,UI/items/mithril_mining_pick.webp,UI,mithril_mining_pick.webp,.webp,1974,1.93,0.0019,UNMAPPED,,,,,,,,128,128,RGB
01_Assets_Organizados,UI/mobs/mogger.webp,UI,mogger.webp,.webp,2544,2.48,0.0024,UNMAPPED,,,,,,,,128,128,RGB
01_Assets_Organizados,UI/mobs/mogger_lackey.webp,UI,mogger_lackey.webp,.webp,2234,2.18,0.0021,UNMAPPED,,,,,,,,128,128,RGB
01_Assets_Organizados,UI/items/moggers_copper_cudgel.webp,UI,moggers_copper_cudgel.webp,.webp,2714,2.65,0.0026,UNMAPPED,,,,,,,,128,128,RGB
01_Assets_Organizados,UI/items/moggers_hide_quiver.webp,UI,moggers_hide_quiver.webp,.webp,2268,2.21,0.0022,UNMAPPED,,,,,,,,128,128,RGB
01_Assets_Organizados,UI/items/moggers_shiv.webp,UI,moggers_shiv.webp,.webp,2158,2.11,0.0021,UNMAPPED,,,,,,,,128,128,RGB
01_Assets_Organizados,UI/items/moggers_stomper_boots.webp,UI,moggers_stomper_boots.webp,.webp,2846,2.78,0.0027,UNMAPPED,,,,,,,,128,128,RGB
01_Assets_Organizados,UI/items/monarch_crown_helm.webp,UI,monarch_crown_helm.webp,.webp,3484,3.4,0.0033,UNMAPPED,,,,,,,,128,128,RGB
01_Assets_Organizados,UI/skills/hunter/mongoose_bite.webp,UI,mongoose_bite.webp,.webp,3296,3.22,0.0031,UNMAPPED,,,,,,,,128,128,RGB
01_Assets_Organizados,UI/items/monument_court.webp,UI,monument_court.webp,.webp,2950,2.88,0.0028,UNMAPPED,,,,,,,,128,128,RGB
01_Assets_Organizados,UI/items/monument_north.webp,UI,monument_north.webp,.webp,2248,2.2,0.0021,UNMAPPED,,,,,,,,128,128,RGB
01_Assets_Organizados,UI/items/monument_overlook.webp,UI,monument_overlook.webp,.webp,2172,2.12,0.0021,UNMAPPED,,,,,,,,128,128,RGB
01_Assets_Organizados,UI/items/moonbark_vestments.webp,UI,moonbark_vestments.webp,.webp,5166,5.04,0.0049,UNMAPPED,,,,,,,,128,128,RGB
01_Assets_Organizados,UI/skills/druid/moonfire.webp,UI,moonfire.webp,.webp,1568,1.53,0.0015,UNMAPPED,,,,,,,,128,128,RGB
01_Assets_Organizados,UI/mobs/moonfleece_grazer.webp,UI,moonfleece_grazer.webp,.webp,1442,1.41,0.0014,UNMAPPED,,,,,,,,128,128,RGB
01_Assets_Organizados,UI/items/moonfleece_mitts.webp,UI,moonfleece_mitts.webp,.webp,2656,2.59,0.0025,UNMAPPED,,,,,,,,128,128,RGB
01_Assets_Organizados,UI/items/moonfleece_tuft.webp,UI,moonfleece_tuft.webp,.webp,2248,2.2,0.0021,UNMAPPED,,,,,,,,128,128,RGB
01_Assets_Organizados,UI/items/moongate_rubbing.webp,UI,moongate_rubbing.webp,.webp,2702,2.64,0.0026,UNMAPPED,,,,,,,,128,128,RGB
01_Assets_Organizados,UI/skills/druid/moonkin_form.webp,UI,moonkin_form.webp,.webp,5490,5.36,0.0052,UNMAPPED,,,,,,,,128,128,RGB
01_Assets_Organizados,UI/skills/druid/moonlash.webp,UI,moonlash.webp,.webp,4820,4.71,0.0046,UNMAPPED,,,,,,,,128,128,RGB
01_Assets_Organizados,UI/items/moonpale_scale.webp,UI,moonpale_scale.webp,.webp,3098,3.03,0.003,UNMAPPED,,,,,,,,128,128,RGB
01_Assets_Organizados,UI/items/moonscale_saber.webp,UI,moonscale_saber.webp,.webp,2190,2.14,0.0021,UNMAPPED,,,,,,,,128,128,RGB
01_Assets_Organizados,UI/skills/druid/moonseed.webp,UI,moonseed.webp,.webp,4198,4.1,0.004,UNMAPPED,,,,,,,,128,128,RGB
01_Assets_Organizados,UI/items/moonshroud_breastplate.webp,UI,moonshroud_breastplate.webp,.webp,2064,2.02,0.002,UNMAPPED,,,,,,,,128,128,RGB
01_Assets_Organizados,UI/items/moonshroud_robe.webp,UI,moonshroud_robe.webp,.webp,2936,2.87,0.0028,UNMAPPED,,,,,,,,128,128,RGB
01_Assets_Organizados,UI/items/moonshroud_tunic.webp,UI,moonshroud_tunic.webp,.webp,5224,5.1,0.005,UNMAPPED,,,,,,,,128,128,RGB
01_Assets_Organizados,UI/mobs/moonspawn.webp,UI,moonspawn.webp,.webp,1780,1.74,0.0017,UNMAPPED,,,,,,,,128,128,RGB
01_Assets_Organizados,UI/mobs/moor_ram.webp,UI,moor_ram.webp,.webp,1410,1.38,0.0013,UNMAPPED,,,,,,,,128,128,RGB
01_Assets_Organizados,UI/skills/warrior/mortal_strike.webp,UI,mortal_strike.webp,.webp,2298,2.24,0.0022,UNMAPPED,,,,,,,,128,128,RGBA
01_Assets_Organizados,UI/mobs/morthen.webp,UI,morthen.webp,.webp,2218,2.17,0.0021,UNMAPPED,,,,,,,,128,128,RGB
01_Assets_Organizados,UI/dungeons/morthen.webp,UI,morthen.webp,.webp,4994,4.88,0.0048,UNMAPPED,,,,,,,,128,128,RGBA
01_Assets_Organizados,UI/items/morthen_grimoire.webp,UI,morthen_grimoire.webp,.webp,2500,2.44,0.0024,UNMAPPED,,,,,,,,128,128,RGB
01_Assets_Organizados,UI/items/morthens_cryptforged_hauberk.webp,UI,morthens_cryptforged_hauberk.webp,.webp,5150,5.03,0.0049,UNMAPPED,,,,,,,,128,128,RGB
01_Assets_Organizados,UI/items/mosshide_vest.webp,UI,mosshide_vest.webp,.webp,5360,5.23,0.0051,UNMAPPED,,,,,,,,128,128,RGB
01_Assets_Organizados,UI/items/mossy_handwraps.webp,UI,mossy_handwraps.webp,.webp,2642,2.58,0.0025,UNMAPPED,,,,,,,,128,128,RGB
01_Assets_Organizados,UI/crests/families/mudfin.webp,UI,mudfin.webp,.webp,14550,14.21,0.0139,UNMAPPED,,,,,,,,256,256,RGB
01_Assets_Organizados,UI/mobs/mudfin_murloc.webp,UI,mudfin_murloc.webp,.webp,1860,1.82,0.0018,UNMAPPED,,,,,,,,128,128,RGB
01_Assets_Organizados,UI/items/mudfin_scale.webp,UI,mudfin_scale.webp,.webp,3900,3.81,0.0037,UNMAPPED,,,,,,,,128,128,RGB
01_Assets_Organizados,UI/skills/hunter/multi_shot.webp,UI,multi_shot.webp,.webp,5484,5.36,0.0052,UNMAPPED,,,,,,,,128,128,RGB
01_Assets_Organizados,UI/items/murloc_hut.webp,UI,murloc_hut.webp,.webp,2806,2.74,0.0027,UNMAPPED,,,,,,,,128,128,RGB
01_Assets_Organizados,UI/mobs/mushroom_pixie.webp,UI,mushroom_pixie.webp,.webp,2450,2.39,0.0023,UNMAPPED,,,,,,,,128,128,RGB
01_Assets_Organizados,UI/items/necromancers_legwraps.webp,UI,necromancers_legwraps.webp,.webp,2546,2.49,0.0024,UNMAPPED,,,,,,,,128,128,RGB
01_Assets_Organizados,UI/items/necromancers_soulspire_mantle.webp,UI,necromancers_soulspire_mantle.webp,.webp,5164,5.04,0.0049,UNMAPPED,,,,,,,,128,128,RGB
01_Assets_Organizados,UI/items/necromancers_soulsteps.webp,UI,necromancers_soulsteps.webp,.webp,2836,2.77,0.0027,UNMAPPED,,,,,,,,128,128,RGB
01_Assets_Organizados,UI/items/necromancers_starshroud.webp,UI,necromancers_starshroud.webp,.webp,2478,2.42,0.0024,UNMAPPED,,,,,,,,128,128,RGB
01_Assets_Organizados,UI/mobs/necromancy_bone_mage.webp,UI,necromancy_bone_mage.webp,.webp,2236,2.18,0.0021,UNMAPPED,,,,,,,,128,128,RGB
01_Assets_Organizados,UI/mobs/necromancy_gravewing.webp,UI,necromancy_gravewing.webp,.webp,2652,2.59,0.0025,UNMAPPED,,,,,,,,128,128,RGB
01_Assets_Organizados,UI/mobs/necromancy_skeletal_warrior.webp,UI,necromancy_skeletal_warrior.webp,.webp,2830,2.76,0.0027,UNMAPPED,,,,,,,,128,128,RGB
01_Assets_Organizados,UI/skills/warlock/needle_of_fate.webp,UI,needle_of_fate.webp,.webp,4412,4.31,0.0042,UNMAPPED,,,,,,,,128,128,RGB
01_Assets_Organizados,UI/mobs/nhalia_mourner.webp,UI,nhalia_mourner.webp,.webp,2234,2.18,0.0021,UNMAPPED,,,,,,,,128,128,RGB
01_Assets_Organizados,UI/items/nhalias_bell_maul.webp,UI,nhalias_bell_maul.webp,.webp,1790,1.75,0.0017,UNMAPPED,,,,,,,,128,128,RGB
01_Assets_Organizados,UI/items/nhalias_dirgeblade.webp,UI,nhalias_dirgeblade.webp,.webp,1364,1.33,0.0013,UNMAPPED,,,,,,,,128,128,RGB
01_Assets_Organizados,UI/items/nhalias_funeral_wraps.webp,UI,nhalias_funeral_wraps.webp,.webp,1720,1.68,0.0016,UNMAPPED,,,,,,,,128,128,RGB
01_Assets_Organizados,UI/items/nhalias_litany_rod.webp,UI,nhalias_litany_rod.webp,.webp,1638,1.6,0.0016,UNMAPPED,,,,,,,,128,128,RGB
01_Assets_Organizados,UI/items/nielas_coldlight_band.webp,UI,nielas_coldlight_band.webp,.webp,5020,4.9,0.0048,UNMAPPED,,,,,,,,128,128,RGB
01_Assets_Organizados,UI/items/nightfangs_greatstaff.webp,UI,nightfangs_greatstaff.webp,.webp,1640,1.6,0.0016,UNMAPPED,,,,,,,,128,128,RGB
01_Assets_Organizados,UI/mobs/nightkin_stargazer.webp,UI,nightkin_stargazer.webp,.webp,1640,1.6,0.0016,UNMAPPED,,,,,,,,128,128,RGB
01_Assets_Organizados,UI/items/nighttalon_crown.webp,UI,nighttalon_crown.webp,.webp,2892,2.82,0.0028,UNMAPPED,,,,,,,,128,128,RGB
01_Assets_Organizados,UI/items/nighttalon_grips.webp,UI,nighttalon_grips.webp,.webp,3306,3.23,0.0032,UNMAPPED,,,,,,,,128,128,RGB
01_Assets_Organizados,UI/items/nighttalon_shoulderguards.webp,UI,nighttalon_shoulderguards.webp,.webp,4210,4.11,0.004,UNMAPPED,,,,,,,,128,128,RGB
01_Assets_Organizados,UI/items/nighttalon_waistband.webp,UI,nighttalon_waistband.webp,.webp,3216,3.14,0.0031,UNMAPPED,,,,,,,,128,128,RGB
01_Assets_Organizados,UI/items/nightwalk_jerkin.webp,UI,nightwalk_jerkin.webp,.webp,3592,3.51,0.0034,UNMAPPED,,,,,,,,128,128,RGB
01_Assets_Organizados,UI/items/nightweave_tunic.webp,UI,nightweave_tunic.webp,.webp,2208,2.16,0.0021,UNMAPPED,,,,,,,,128,128,RGB
01_Assets_Organizados,UI/weapons/notched_woodaxe.jpg,UI,notched_woodaxe.jpg,.jpg,954,0.93,0.0009,UNMAPPED,,,,,,,,128,128,RGB
01_Assets_Organizados,UI/crests/status/npc.webp,UI,npc.webp,.webp,9756,9.53,0.0093,UNMAPPED,,,,,,,,256,256,RGB
01_Assets_Organizados,UI/mobs/nythraxis_heroic_priest_add.webp,UI,nythraxis_heroic_priest_add.webp,.webp,2610,2.55,0.0025,UNMAPPED,,,,,,,,128,128,RGB
01_Assets_Organizados,UI/mobs/nythraxis_heroic_rogue_add.webp,UI,nythraxis_heroic_rogue_add.webp,.webp,2504,2.45,0.0024,UNMAPPED,,,,,,,,128,128,RGB
01_Assets_Organizados,UI/mobs/nythraxis_heroic_warrior_add.webp,UI,nythraxis_heroic_warrior_add.webp,.webp,2284,2.23,0.0022,UNMAPPED,,,,,,,,128,128,RGB
01_Assets_Organizados,UI/mobs/nythraxis_scourge_of_thornpeak.webp,UI,nythraxis_scourge_of_thornpeak.webp,.webp,2782,2.72,0.0027,UNMAPPED,,,,,,,,128,128,RGB
01_Assets_Organizados,UI/dungeons/nythraxis_scourge_of_thornpeak.webp,UI,nythraxis_scourge_of_thornpeak.webp,.webp,3650,3.56,0.0035,UNMAPPED,,,,,,,,128,128,RGBA
01_Assets_Organizados,UI/mobs/nythraxis_skeleton_warrior.webp,UI,nythraxis_skeleton_warrior.webp,.webp,2284,2.23,0.0022,UNMAPPED,,,,,,,,128,128,RGB
01_Assets_Organizados,UI/skills/paladin/oath_chain.webp,UI,oath_chain.webp,.webp,5610,5.48,0.0054,UNMAPPED,,,,,,,,128,128,RGB
01_Assets_Organizados,UI/items/oath_of_the_round_table.webp,UI,oath_of_the_round_table.webp,.webp,5662,5.53,0.0054,UNMAPPED,,,,,,,,128,128,RGB
01_Assets_Organizados,UI/items/oathbound_greaves.webp,UI,oathbound_greaves.webp,.webp,2638,2.58,0.0025,UNMAPPED,,,,,,,,128,128,RGB
01_Assets_Organizados,UI/crests/families/ogre.webp,UI,ogre.webp,.webp,12990,12.69,0.0124,UNMAPPED,,,,,,,,256,256,RGB
01_Assets_Organizados,UI/items/ogre_bonecharm_staff.webp,UI,ogre_bonecharm_staff.webp,.webp,2038,1.99,0.0019,UNMAPPED,,,,,,,,128,128,RGB
01_Assets_Organizados,UI/mobs/ogre_crusher.webp,UI,ogre_crusher.webp,.webp,1676,1.64,0.0016,UNMAPPED,,,,,,,,128,128,RGB
01_Assets_Organizados,UI/items/ogre_toe_ring.webp,UI,ogre_toe_ring.webp,.webp,2852,2.79,0.0027,UNMAPPED,,,,,,,,128,128,RGB
01_Assets_Organizados,UI/items/ogre_war_totem.webp,UI,ogre_war_totem.webp,.webp,2538,2.48,0.0024,UNMAPPED,,,,,,,,128,128,RGB
01_Assets_Organizados,UI/items/oiled_boots.webp,UI,oiled_boots.webp,.webp,2066,2.02,0.002,UNMAPPED,,,,,,,,128,128,RGB
01_Assets_Organizados,UI/mobs/old_cragmaw.webp,UI,old_cragmaw.webp,.webp,1742,1.7,0.0017,UNMAPPED,,,,,,,,128,128,RGB
01_Assets_Organizados,UI/items/old_cragmaws_pelt.webp,UI,old_cragmaws_pelt.webp,.webp,3444,3.36,0.0033,UNMAPPED,,,,,,,,128,128,RGB
01_Assets_Organizados,UI/mobs/old_greyjaw.webp,UI,old_greyjaw.webp,.webp,2042,1.99,0.0019,UNMAPPED,,,,,,,,128,128,RGB
01_Assets_Organizados,UI/mobs/old_marrowshell.webp,UI,old_marrowshell.webp,.webp,2058,2.01,0.002,UNMAPPED,,,,,,,,128,128,RGB
01_Assets_Organizados,UI/items/onyx_gold_armor_plate.webp,UI,onyx_gold_armor_plate.webp,.webp,4024,3.93,0.0038,UNMAPPED,,,,,,,,128,128,RGB
01_Assets_Organizados,UI/items/orange_steel_armor_plate.webp,UI,orange_steel_armor_plate.webp,.webp,2426,2.37,0.0023,UNMAPPED,,,,,,,,128,128,RGB
01_Assets_Organizados,UI/items/orchard_sapbinder_grips.webp,UI,orchard_sapbinder_grips.webp,.webp,3024,2.95,0.0029,UNMAPPED,,,,,,,,128,128,RGB
01_Assets_Organizados,UI/mobs/orchard_treant.webp,UI,orchard_treant.webp,.webp,2064,2.02,0.002,UNMAPPED,,,,,,,,128,128,RGB
01_Assets_Organizados,UI/skills/warlock/ossuary_mark.webp,UI,ossuary_mark.webp,.webp,5220,5.1,0.005,UNMAPPED,,,,,,,,128,128,RGB
01_Assets_Organizados,UI/items/outrider_brigandine.webp,UI,outrider_brigandine.webp,.webp,2722,2.66,0.0026,UNMAPPED,,,,,,,,128,128,RGB
01_Assets_Organizados,UI/items/outrider_legguards.webp,UI,outrider_legguards.webp,.webp,1988,1.94,0.0019,UNMAPPED,,,,,,,,128,128,RGB
01_Assets_Organizados,UI/items/outrider_sabatons.webp,UI,outrider_sabatons.webp,.webp,2564,2.5,0.0024,UNMAPPED,,,,,,,,128,128,RGB
01_Assets_Organizados,UI/skills/druid/overbloom.webp,UI,overbloom.webp,.webp,6088,5.95,0.0058,UNMAPPED,,,,,,,,128,128,RGB
01_Assets_Organizados,UI/skills/mage/overflowing_power.webp,UI,overflowing_power.webp,.webp,8368,8.17,0.008,UNMAPPED,,,,,,,,128,128,RGB
01_Assets_Organizados,UI/skills/mage/overload.webp,UI,overload.webp,.webp,9284,9.07,0.0089,UNMAPPED,,,,,,,,128,128,RGB
01_Assets_Organizados,UI/skills/warrior/overpower.webp,UI,overpower.webp,.webp,4044,3.95,0.0039,UNMAPPED,,,,,,,,128,128,RGB
01_Assets_Organizados,UI/skills/hunter/pack_command.webp,UI,pack_command.webp,.webp,5232,5.11,0.005,UNMAPPED,,,,,,,,128,128,RGB
01_Assets_Organizados,UI/skills/hunter/pack_rally.webp,UI,pack_rally.webp,.webp,5084,4.96,0.0048,UNMAPPED,,,,,,,,128,128,RGB
01_Assets_Organizados,UI/items/pactbound_vestments.webp,UI,pactbound_vestments.webp,.webp,2366,2.31,0.0023,UNMAPPED,,,,,,,,128,128,RGB
01_Assets_Organizados,UI/skills/paladin/pal_r11_double_sentence.webp,UI,pal_r11_double_sentence.webp,.webp,5978,5.84,0.0057,UNMAPPED,,,,,,,,128,128,RGB
01_Assets_Organizados,UI/skills/paladin/pal_r11_fist_of_justice.webp,UI,pal_r11_fist_of_justice.webp,.webp,5742,5.61,0.0055,UNMAPPED,,,,,,,,128,128,RGB
01_Assets_Organizados,UI/skills/paladin/pal_r11_radiant_shackles.webp,UI,pal_r11_radiant_shackles.webp,.webp,4746,4.63,0.0045,UNMAPPED,,,,,,,,128,128,RGB
01_Assets_Organizados,UI/skills/paladin/pal_r14_divine_purpose.webp,UI,pal_r14_divine_purpose.webp,.webp,4076,3.98,0.0039,UNMAPPED,,,,,,,,128,128,RGB
01_Assets_Organizados,UI/skills/paladin/pal_r14_sacred_reserve.webp,UI,pal_r14_sacred_reserve.webp,.webp,3290,3.21,0.0031,UNMAPPED,,,,,,,,128,128,RGB
01_Assets_Organizados,UI/skills/paladin/pal_r14_zeal.webp,UI,pal_r14_zeal.webp,.webp,4874,4.76,0.0046,UNMAPPED,,,,,,,,128,128,RGB
01_Assets_Organizados,UI/skills/paladin/pal_r17_extended_dawn.webp,UI,pal_r17_extended_dawn.webp,.webp,3326,3.25,0.0032,UNMAPPED,,,,,,,,128,128,RGB
01_Assets_Organizados,UI/skills/paladin/pal_r17_radiant_wrath.webp,UI,pal_r17_radiant_wrath.webp,.webp,7512,7.34,0.0072,UNMAPPED,,,,,,,,128,128,RGB
01_Assets_Organizados,UI/skills/paladin/pal_r17_sanctified_fervor.webp,UI,pal_r17_sanctified_fervor.webp,.webp,5972,5.83,0.0057,UNMAPPED,,,,,,,,128,128,RGB
01_Assets_Organizados,UI/skills/paladin/pal_r20_aura_mastery.webp,UI,pal_r20_aura_mastery.webp,.webp,6326,6.18,0.006,UNMAPPED,,,,,,,,128,128,RGB
01_Assets_Organizados,UI/skills/paladin/pal_r20_dawn_echo.webp,UI,pal_r20_dawn_echo.webp,.webp,4896,4.78,0.0047,UNMAPPED,,,,,,,,128,128,RGB
01_Assets_Organizados,UI/skills/paladin/pal_r20_perpetual_sun.webp,UI,pal_r20_perpetual_sun.webp,.webp,5942,5.8,0.0057,UNMAPPED,,,,,,,,128,128,RGB
01_Assets_Organizados,UI/skills/paladin/pal_r5_divine_steed.webp,UI,pal_r5_divine_steed.webp,.webp,6104,5.96,0.0058,UNMAPPED,,,,,,,,128,128,RGB
01_Assets_Organizados,UI/skills/paladin/pal_r5_radiant_stride.webp,UI,pal_r5_radiant_stride.webp,.webp,5910,5.77,0.0056,UNMAPPED,,,,,,,,128,128,RGB
01_Assets_Organizados,UI/skills/paladin/pal_r5_steadfast_step.webp,UI,pal_r5_steadfast_step.webp,.webp,6358,6.21,0.0061,UNMAPPED,,,,,,,,128,128,RGB
01_Assets_Organizados,UI/skills/paladin/pal_r8_enduring_protection.webp,UI,pal_r8_enduring_protection.webp,.webp,5044,4.93,0.0048,UNMAPPED,,,,,,,,128,128,RGB
01_Assets_Organizados,UI/skills/paladin/pal_r8_recurring_grace.webp,UI,pal_r8_recurring_grace.webp,.webp,4582,4.47,0.0044,UNMAPPED,,,,,,,,128,128,RGB
01_Assets_Organizados,UI/skills/paladin/pal_r8_steady_hands.webp,UI,pal_r8_steady_hands.webp,.webp,4808,4.7,0.0046,UNMAPPED,,,,,,,,128,128,RGB
01_Assets_Organizados,UI/classes/paladin.webp,UI,paladin.webp,.webp,14398,14.06,0.0137,UNMAPPED,,,,,,,,256,256,RGB
01_Assets_Organizados,UI/mobs/pale_choir_acolyte.webp,UI,pale_choir_acolyte.webp,.webp,2234,2.18,0.0021,UNMAPPED,,,,,,,,128,128,RGB
01_Assets_Organizados,UI/mobs/pale_huntsman.webp,UI,pale_huntsman.webp,.webp,2548,2.49,0.0024,UNMAPPED,,,,,,,,128,128,RGB
01_Assets_Organizados,UI/items/pale_pearl.webp,UI,pale_pearl.webp,.webp,1814,1.77,0.0017,UNMAPPED,,,,,,,,128,128,RGB
01_Assets_Organizados,UI/items/palecoil_heartscale.webp,UI,palecoil_heartscale.webp,.webp,2324,2.27,0.0022,UNMAPPED,,,,,,,,128,128,RGB
01_Assets_Organizados,UI/items/palecoil_rod.webp,UI,palecoil_rod.webp,.webp,1416,1.38,0.0014,UNMAPPED,,,,,,,,128,128,RGB
01_Assets_Organizados,UI/items/pan_seared_perch.webp,UI,pan_seared_perch.webp,.webp,4448,4.34,0.0042,UNMAPPED,,,,,,,,128,128,RGB
01_Assets_Organizados,UI/items/peaksong_helm.webp,UI,peaksong_helm.webp,.webp,4730,4.62,0.0045,UNMAPPED,,,,,,,,128,128,RGB
01_Assets_Organizados,UI/items/peakwool_robe.webp,UI,peakwool_robe.webp,.webp,2948,2.88,0.0028,UNMAPPED,,,,,,,,128,128,RGB
01_Assets_Organizados,UI/mobs/pearlguard_sentinel.webp,UI,pearlguard_sentinel.webp,.webp,1968,1.92,0.0019,UNMAPPED,,,,,,,,128,128,RGB
01_Assets_Organizados,UI/items/pearlwake_cargo_crate.webp,UI,pearlwake_cargo_crate.webp,.webp,2772,2.71,0.0026,UNMAPPED,,,,,,,,128,128,RGB
01_Assets_Organizados,UI/items/pearlward_aegis.webp,UI,pearlward_aegis.webp,.webp,5416,5.29,0.0052,UNMAPPED,,,,,,,,128,128,RGB
01_Assets_Organizados,UI/weapons/peeled_birch_wand.jpg,UI,peeled_birch_wand.jpg,.jpg,954,0.93,0.0009,UNMAPPED,,,,,,,,128,128,RGB
01_Assets_Organizados,UI/skills/mage/perfect_moment.webp,UI,perfect_moment.webp,.webp,9812,9.58,0.0094,UNMAPPED,,,,,,,,128,128,RGB
01_Assets_Organizados,UI/skills/warrior/piercing_howl.webp,UI,piercing_howl.webp,.webp,7610,7.43,0.0073,UNMAPPED,,,,,,,,128,128,RGB
01_Assets_Organizados,UI/items/pilgrims_leggings.webp,UI,pilgrims_leggings.webp,.webp,2496,2.44,0.0024,UNMAPPED,,,,,,,,128,128,RGB
01_Assets_Organizados,UI/items/pink_forest_armor_plate.webp,UI,pink_forest_armor_plate.webp,.webp,2780,2.71,0.0027,UNMAPPED,,,,,,,,128,128,RGB
01_Assets_Organizados,UI/items/pitlords_cleaver.webp,UI,pitlords_cleaver.webp,.webp,1952,1.91,0.0019,UNMAPPED,,,,,,,,128,128,RGB
01_Assets_Organizados,UI/items/plump_fen_eel.webp,UI,plump_fen_eel.webp,.webp,2130,2.08,0.002,UNMAPPED,,,,,,,,128,128,RGB
01_Assets_Organizados,UI/skills/mage/polymorph.webp,UI,polymorph.webp,.webp,4326,4.22,0.0041,UNMAPPED,,,,,,,,128,128,RGBA
01_Assets_Organizados,UI/skills/warlock/possess_evil_eye.webp,UI,possess_evil_eye.webp,.webp,4976,4.86,0.0047,UNMAPPED,,,,,,,,128,128,RGB
01_Assets_Organizados,UI/skills/druid/pounce.webp,UI,pounce.webp,.webp,5882,5.74,0.0056,UNMAPPED,,,,,,,,128,128,RGB
01_Assets_Organizados,UI/skills/mage/power_echo.webp,UI,power_echo.webp,.webp,7988,7.8,0.0076,UNMAPPED,,,,,,,,128,128,RGB
01_Assets_Organizados,UI/skills/priest/power_infusion.webp,UI,power_infusion.webp,.webp,3432,3.35,0.0033,UNMAPPED,,,,,,,,128,128,RGB
01_Assets_Organizados,UI/skills/priest/power_word_fortitude.webp,UI,power_word_fortitude.webp,.webp,3584,3.5,0.0034,UNMAPPED,,,,,,,,128,128,RGBA
01_Assets_Organizados,UI/skills/priest/power_word_shield.webp,UI,power_word_shield.webp,.webp,4216,4.12,0.004,UNMAPPED,,,,,,,,128,128,RGBA
01_Assets_Organizados,UI/skills/priest/prayer_of_healing.webp,UI,prayer_of_healing.webp,.webp,4120,4.02,0.0039,UNMAPPED,,,,,,,,128,128,RGB
01_Assets_Organizados,UI/skills/rogue/preparation.webp,UI,preparation.webp,.webp,3772,3.68,0.0036,UNMAPPED,,,,,,,,128,128,RGB
01_Assets_Organizados,UI/skills/mage/presence_of_mind.webp,UI,presence_of_mind.webp,.webp,7284,7.11,0.0069,UNMAPPED,,,,,,,,128,128,RGB
01_Assets_Organizados,UI/classes/priest.webp,UI,priest.webp,.webp,12956,12.65,0.0124,UNMAPPED,,,,,,,,256,256,RGB
01_Assets_Organizados,UI/items/priests_sigil.webp,UI,priests_sigil.webp,.webp,2300,2.25,0.0022,UNMAPPED,,,,,,,,128,128,RGB
01_Assets_Organizados,UI/skills/shaman/primal_exaltation.webp,UI,primal_exaltation.webp,.webp,7332,7.16,0.007,UNMAPPED,,,,,,,,128,128,RGB
01_Assets_Organizados,UI/skills/druid/primal_reflexes.webp,UI,primal_reflexes.webp,.webp,5176,5.05,0.0049,UNMAPPED,,,,,,,,128,128,RGB
01_Assets_Organizados,UI/items/prime_cut.webp,UI,prime_cut.webp,.webp,3372,3.29,0.0032,UNMAPPED,,,,,,,,128,128,RGB
01_Assets_Organizados,UI/items/pristine_claw.webp,UI,pristine_claw.webp,.webp,2174,2.12,0.0021,UNMAPPED,,,,,,,,128,128,RGB
01_Assets_Organizados,UI/items/pristine_hide.webp,UI,pristine_hide.webp,.webp,2284,2.23,0.0022,UNMAPPED,,,,,,,,128,128,RGB
01_Assets_Organizados,UI/items/pristine_silk.webp,UI,pristine_silk.webp,.webp,2990,2.92,0.0029,UNMAPPED,,,,,,,,128,128,RGB
01_Assets_Organizados,UI/items/pristine_venom_gland.webp,UI,pristine_venom_gland.webp,.webp,2134,2.08,0.002,UNMAPPED,,,,,,,,128,128,RGB
01_Assets_Organizados,UI/professions/prof_alchemy.webp,UI,prof_alchemy.webp,.webp,5308,5.18,0.0051,UNMAPPED,,,,,,,,128,128,RGBA
01_Assets_Organizados,UI/professions/prof_armorcrafting.webp,UI,prof_armorcrafting.webp,.webp,3638,3.55,0.0035,UNMAPPED,,,,,,,,128,128,RGBA
01_Assets_Organizados,UI/professions/prof_cooking.webp,UI,prof_cooking.webp,.webp,4918,4.8,0.0047,UNMAPPED,,,,,,,,128,128,RGBA
01_Assets_Organizados,UI/professions/prof_enchanting.webp,UI,prof_enchanting.webp,.webp,4790,4.68,0.0046,UNMAPPED,,,,,,,,128,128,RGBA
01_Assets_Organizados,UI/professions/prof_engineering.webp,UI,prof_engineering.webp,.webp,6028,5.89,0.0057,UNMAPPED,,,,,,,,128,128,RGBA
01_Assets_Organizados,UI/professions/prof_inscription.webp,UI,prof_inscription.webp,.webp,4772,4.66,0.0046,UNMAPPED,,,,,,,,128,128,RGBA
01_Assets_Organizados,UI/professions/prof_jewelcrafting.webp,UI,prof_jewelcrafting.webp,.webp,4986,4.87,0.0048,UNMAPPED,,,,,,,,128,128,RGBA
01_Assets_Organizados,UI/professions/prof_leatherworking.webp,UI,prof_leatherworking.webp,.webp,4110,4.01,0.0039,UNMAPPED,,,,,,,,128,128,RGBA
01_Assets_Organizados,UI/professions/prof_tailoring.webp,UI,prof_tailoring.webp,.webp,3528,3.45,0.0034,UNMAPPED,,,,,,,,128,128,RGBA
01_Assets_Organizados,UI/professions/prof_weaponcrafting.webp,UI,prof_weaponcrafting.webp,.webp,3922,3.83,0.0037,UNMAPPED,,,,,,,,128,128,RGBA
01_Assets_Organizados,UI/chrome/professions.webp,UI,professions.webp,.webp,8072,7.88,0.0077,UNMAPPED,,,,,,,,128,128,RGBA
01_Assets_Organizados,UI/deeds/prog_alchemy_50.webp,UI,prog_alchemy_50.webp,.webp,4966,4.85,0.0047,UNMAPPED,,,,,,,,128,128,RGBA
01_Assets_Organizados,UI/deeds/prog_alchemy_rare.webp,UI,prog_alchemy_rare.webp,.webp,4760,4.65,0.0045,UNMAPPED,,,,,,,,128,128,RGBA
01_Assets_Organizados,UI/deeds/prog_armorcrafting_50.webp,UI,prog_armorcrafting_50.webp,.webp,4868,4.75,0.0046,UNMAPPED,,,,,,,,128,128,RGBA
01_Assets_Organizados,UI/deeds/prog_armorcrafting_rare.webp,UI,prog_armorcrafting_rare.webp,.webp,5016,4.9,0.0048,UNMAPPED,,,,,,,,128,128,RGBA
01_Assets_Organizados,UI/deeds/prog_around_the_ring.webp,UI,prog_around_the_ring.webp,.webp,5350,5.22,0.0051,UNMAPPED,,,,,,,,128,128,RGBA
01_Assets_Organizados,UI/deeds/prog_callused_hands.webp,UI,prog_callused_hands.webp,.webp,5290,5.17,0.005,UNMAPPED,,,,,,,,128,128,RGBA
01_Assets_Organizados,UI/deeds/prog_champion.webp,UI,prog_champion.webp,.webp,5902,5.76,0.0056,UNMAPPED,,,,,,,,128,128,RGBA
01_Assets_Organizados,UI/deeds/prog_cooking_50.webp,UI,prog_cooking_50.webp,.webp,4852,4.74,0.0046,UNMAPPED,,,,,,,,128,128,RGBA
01_Assets_Organizados,UI/deeds/prog_cooking_rare.webp,UI,prog_cooking_rare.webp,.webp,5166,5.04,0.0049,UNMAPPED,,,,,,,,128,128,RGBA
01_Assets_Organizados,UI/deeds/prog_craft_specialist.webp,UI,prog_craft_specialist.webp,.webp,5186,5.06,0.0049,UNMAPPED,,,,,,,,128,128,RGBA
01_Assets_Organizados,UI/deeds/prog_crown_below.webp,UI,prog_crown_below.webp,.webp,4856,4.74,0.0046,UNMAPPED,,,,,,,,128,128,RGBA
01_Assets_Organizados,UI/deeds/prog_deep_roots.webp,UI,prog_deep_roots.webp,.webp,5388,5.26,0.0051,UNMAPPED,,,,,,,,128,128,RGBA
01_Assets_Organizados,UI/deeds/prog_double_digits.webp,UI,prog_double_digits.webp,.webp,6618,6.46,0.0063,UNMAPPED,,,,,,,,128,128,RGBA
01_Assets_Organizados,UI/deeds/prog_enchanting_50.webp,UI,prog_enchanting_50.webp,.webp,5528,5.4,0.0053,UNMAPPED,,,,,,,,128,128,RGBA
01_Assets_Organizados,UI/deeds/prog_engineering_50.webp,UI,prog_engineering_50.webp,.webp,5540,5.41,0.0053,UNMAPPED,,,,,,,,128,128,RGBA
01_Assets_Organizados,UI/deeds/prog_engineering_rare.webp,UI,prog_engineering_rare.webp,.webp,5420,5.29,0.0052,UNMAPPED,,,,,,,,128,128,RGBA
01_Assets_Organizados,UI/deeds/prog_eternal.webp,UI,prog_eternal.webp,.webp,5478,5.35,0.0052,UNMAPPED,,,,,,,,128,128,RGBA
01_Assets_Organizados,UI/deeds/prog_finding_your_feet.webp,UI,prog_finding_your_feet.webp,.webp,5500,5.37,0.0052,UNMAPPED,,,,,,,,128,128,RGBA
01_Assets_Organizados,UI/deeds/prog_first_craft.webp,UI,prog_first_craft.webp,.webp,5378,5.25,0.0051,UNMAPPED,,,,,,,,128,128,RGBA
01_Assets_Organizados,UI/deeds/prog_first_harvest.webp,UI,prog_first_harvest.webp,.webp,5402,5.28,0.0052,UNMAPPED,,,,,,,,128,128,RGBA
01_Assets_Organizados,UI/deeds/prog_first_steps.webp,UI,prog_first_steps.webp,.webp,5144,5.02,0.0049,UNMAPPED,,,,,,,,128,128,RGBA
01_Assets_Organizados,UI/deeds/prog_fishing_100.webp,UI,prog_fishing_100.webp,.webp,5402,5.28,0.0052,UNMAPPED,,,,,,,,128,128,RGBA
01_Assets_Organizados,UI/deeds/prog_full_build.webp,UI,prog_full_build.webp,.webp,7480,7.3,0.0071,UNMAPPED,,,,,,,,128,128,RGBA
01_Assets_Organizados,UI/deeds/prog_grandmaster_alchemy.webp,UI,prog_grandmaster_alchemy.webp,.webp,6020,5.88,0.0057,UNMAPPED,,,,,,,,128,128,RGBA
01_Assets_Organizados,UI/deeds/prog_grandmaster_armorcrafting.webp,UI,prog_grandmaster_armorcrafting.webp,.webp,5504,5.38,0.0052,UNMAPPED,,,,,,,,128,128,RGBA
01_Assets_Organizados,UI/deeds/prog_grandmaster_cooking.webp,UI,prog_grandmaster_cooking.webp,.webp,5430,5.3,0.0052,UNMAPPED,,,,,,,,128,128,RGBA
01_Assets_Organizados,UI/deeds/prog_grandmaster_enchanting.webp,UI,prog_grandmaster_enchanting.webp,.webp,5770,5.63,0.0055,UNMAPPED,,,,,,,,128,128,RGBA
01_Assets_Organizados,UI/deeds/prog_grandmaster_engineering.webp,UI,prog_grandmaster_engineering.webp,.webp,6128,5.98,0.0058,UNMAPPED,,,,,,,,128,128,RGBA
01_Assets_Organizados,UI/deeds/prog_grandmaster_leatherworking.webp,UI,prog_grandmaster_leatherworking.webp,.webp,5654,5.52,0.0054,UNMAPPED,,,,,,,,128,128,RGBA
01_Assets_Organizados,UI/deeds/prog_grandmaster_tailoring.webp,UI,prog_grandmaster_tailoring.webp,.webp,5310,5.19,0.0051,UNMAPPED,,,,,,,,128,128,RGBA
01_Assets_Organizados,UI/deeds/prog_grandmaster_weaponcrafting.webp,UI,prog_grandmaster_weaponcrafting.webp,.webp,5280,5.16,0.005,UNMAPPED,,,,,,,,128,128,RGBA
01_Assets_Organizados,UI/deeds/prog_guildsworn.webp,UI,prog_guildsworn.webp,.webp,4526,4.42,0.0043,UNMAPPED,,,,,,,,128,128,RGBA
01_Assets_Organizados,UI/deeds/prog_herbalism_100.webp,UI,prog_herbalism_100.webp,.webp,5702,5.57,0.0054,UNMAPPED,,,,,,,,128,128,RGBA
01_Assets_Organizados,UI/deeds/prog_leatherworking_50.webp,UI,prog_leatherworking_50.webp,.webp,4352,4.25,0.0042,UNMAPPED,,,,,,,,128,128,RGBA
01_Assets_Organizados,UI/deeds/prog_leatherworking_rare.webp,UI,prog_leatherworking_rare.webp,.webp,4934,4.82,0.0047,UNMAPPED,,,,,,,,128,128,RGBA
01_Assets_Organizados,UI/deeds/prog_level_cap.webp,UI,prog_level_cap.webp,.webp,5570,5.44,0.0053,UNMAPPED,,,,,,,,128,128,RGBA
01_Assets_Organizados,UI/deeds/prog_logging_100.webp,UI,prog_logging_100.webp,.webp,5184,5.06,0.0049,UNMAPPED,,,,,,,,128,128,RGBA
01_Assets_Organizados,UI/deeds/prog_master_angler.webp,UI,prog_master_angler.webp,.webp,5624,5.49,0.0054,UNMAPPED,,,,,,,,128,128,RGBA
01_Assets_Organizados,UI/deeds/prog_master_gatherer.webp,UI,prog_master_gatherer.webp,.webp,5570,5.44,0.0053,UNMAPPED,,,,,,,,128,128,RGBA
01_Assets_Organizados,UI/deeds/prog_masterwright.webp,UI,prog_masterwright.webp,.webp,4754,4.64,0.0045,UNMAPPED,,,,,,,,128,128,RGBA
01_Assets_Organizados,UI/deeds/prog_mere_at_rest.webp,UI,prog_mere_at_rest.webp,.webp,4434,4.33,0.0042,UNMAPPED,,,,,,,,128,128,RGBA
01_Assets_Organizados,UI/deeds/prog_mining_100.webp,UI,prog_mining_100.webp,.webp,5150,5.03,0.0049,UNMAPPED,,,,,,,,128,128,RGBA
01_Assets_Organizados,UI/deeds/prog_mythic.webp,UI,prog_mythic.webp,.webp,5762,5.63,0.0055,UNMAPPED,,,,,,,,128,128,RGBA
01_Assets_Organizados,UI/deeds/prog_paragon.webp,UI,prog_paragon.webp,.webp,5334,5.21,0.0051,UNMAPPED,,,,,,,,128,128,RGBA
01_Assets_Organizados,UI/deeds/prog_prestige.webp,UI,prog_prestige.webp,.webp,5412,5.29,0.0052,UNMAPPED,,,,,,,,128,128,RGBA
01_Assets_Organizados,UI/deeds/prog_prestige_10.webp,UI,prog_prestige_10.webp,.webp,5740,5.61,0.0055,UNMAPPED,,,,,,,,128,128,RGBA
01_Assets_Organizados,UI/deeds/prog_prestige_5.webp,UI,prog_prestige_5.webp,.webp,5190,5.07,0.0049,UNMAPPED,,,,,,,,128,128,RGBA
01_Assets_Organizados,UI/deeds/prog_specialized.webp,UI,prog_specialized.webp,.webp,5806,5.67,0.0055,UNMAPPED,,,,,,,,128,128,RGBA
01_Assets_Organizados,UI/deeds/prog_tailoring_50.webp,UI,prog_tailoring_50.webp,.webp,5206,5.08,0.005,UNMAPPED,,,,,,,,128,128,RGBA
01_Assets_Organizados,UI/deeds/prog_tailoring_rare.webp,UI,prog_tailoring_rare.webp,.webp,4794,4.68,0.0046,UNMAPPED,,,,,,,,128,128,RGBA
01_Assets_Organizados,UI/deeds/prog_talented.webp,UI,prog_talented.webp,.webp,5364,5.24,0.0051,UNMAPPED,,,,,,,,128,128,RGBA
01_Assets_Organizados,UI/deeds/prog_the_long_middle.webp,UI,prog_the_long_middle.webp,.webp,5452,5.32,0.0052,UNMAPPED,,,,,,,,128,128,RGBA
01_Assets_Organizados,UI/deeds/prog_tools_of_the_trade.webp,UI,prog_tools_of_the_trade.webp,.webp,5304,5.18,0.0051,UNMAPPED,,,,,,,,128,128,RGBA
01_Assets_Organizados,UI/deeds/prog_veteran.webp,UI,prog_veteran.webp,.webp,5102,4.98,0.0049,UNMAPPED,,,,,,,,128,128,RGBA
01_Assets_Organizados,UI/deeds/prog_weaponcrafting_50.webp,UI,prog_weaponcrafting_50.webp,.webp,4356,4.25,0.0042,UNMAPPED,,,,,,,,128,128,RGBA
01_Assets_Organizados,UI/deeds/prog_weaponcrafting_rare.webp,UI,prog_weaponcrafting_rare.webp,.webp,5212,5.09,0.005,UNMAPPED,,,,,,,,128,128,RGBA
01_Assets_Organizados,UI/deeds/prog_well_rested.webp,UI,prog_well_rested.webp,.webp,4956,4.84,0.0047,UNMAPPED,,,,,,,,128,128,RGBA
01_Assets_Organizados,UI/specs/warrior/prot.webp,UI,prot.webp,.webp,6244,6.1,0.006,UNMAPPED,,,,,,,,128,128,RGB
01_Assets_Organizados,UI/specs/paladin/protection.webp,UI,protection.webp,.webp,7338,7.17,0.007,UNMAPPED,,,,,,,,128,128,RGB
01_Assets_Organizados,UI/skills/druid/prowl.webp,UI,prowl.webp,.webp,3742,3.65,0.0036,UNMAPPED,,,,,,,,128,128,RGBA
01_Assets_Organizados,UI/skills/priest/psychic_scream.webp,UI,psychic_scream.webp,.webp,5152,5.03,0.0049,UNMAPPED,,,,,,,,128,128,RGB
01_Assets_Organizados,UI/skills/warrior/pummel.webp,UI,pummel.webp,.webp,7172,7.0,0.0068,UNMAPPED,,,,,,,,128,128,RGB
01_Assets_Organizados,UI/weapons/purple_axe.jpg,UI,purple_axe.jpg,.jpg,935,0.91,0.0009,UNMAPPED,,,,,,,,128,128,RGB
01_Assets_Organizados,UI/weapons/purple_dagger.jpg,UI,purple_dagger.jpg,.jpg,875,0.85,0.0008,UNMAPPED,,,,,,,,128,128,RGB
01_Assets_Organizados,UI/weapons/purple_staff.jpg,UI,purple_staff.jpg,.jpg,883,0.86,0.0008,UNMAPPED,,,,,,,,128,128,RGB
01_Assets_Organizados,UI/weapons/purple_sword.jpg,UI,purple_sword.jpg,.jpg,866,0.85,0.0008,UNMAPPED,,,,,,,,128,128,RGB
01_Assets_Organizados,UI/weapons/purple_wand.jpg,UI,purple_wand.jpg,.jpg,862,0.84,0.0008,UNMAPPED,,,,,,,,128,128,RGB
01_Assets_Organizados,UI/skills/warrior/pursuit.webp,UI,pursuit.webp,.webp,8694,8.49,0.0083,UNMAPPED,,,,,,,,128,128,RGB
01_Assets_Organizados,UI/deeds/pvp_arena_1v1_1600.webp,UI,pvp_arena_1v1_1600.webp,.webp,4968,4.85,0.0047,UNMAPPED,,,,,,,,128,128,RGBA
01_Assets_Organizados,UI/deeds/pvp_arena_1v1_1750.webp,UI,pvp_arena_1v1_1750.webp,.webp,4848,4.73,0.0046,UNMAPPED,,,,,,,,128,128,RGBA
01_Assets_Organizados,UI/deeds/pvp_arena_1v1_1900.webp,UI,pvp_arena_1v1_1900.webp,.webp,5196,5.07,0.005,UNMAPPED,,,,,,,,128,128,RGBA
01_Assets_Organizados,UI/deeds/pvp_arena_2v2_1600.webp,UI,pvp_arena_2v2_1600.webp,.webp,4888,4.77,0.0047,UNMAPPED,,,,,,,,128,128,RGBA
01_Assets_Organizados,UI/deeds/pvp_arena_2v2_1750.webp,UI,pvp_arena_2v2_1750.webp,.webp,4950,4.83,0.0047,UNMAPPED,,,,,,,,128,128,RGBA
01_Assets_Organizados,UI/deeds/pvp_arena_2v2_1900.webp,UI,pvp_arena_2v2_1900.webp,.webp,5584,5.45,0.0053,UNMAPPED,,,,,,,,128,128,RGBA
01_Assets_Organizados,UI/deeds/pvp_arena_first_match.webp,UI,pvp_arena_first_match.webp,.webp,5570,5.44,0.0053,UNMAPPED,,,,,,,,128,128,RGBA
01_Assets_Organizados,UI/deeds/pvp_arena_first_win.webp,UI,pvp_arena_first_win.webp,.webp,5010,4.89,0.0048,UNMAPPED,,,,,,,,128,128,RGBA
01_Assets_Organizados,UI/deeds/pvp_bg_captures_100.webp,UI,pvp_bg_captures_100.webp,.webp,5136,5.02,0.0049,UNMAPPED,,,,,,,,128,128,RGBA
01_Assets_Organizados,UI/deeds/pvp_bg_first_capture.webp,UI,pvp_bg_first_capture.webp,.webp,4908,4.79,0.0047,UNMAPPED,,,,,,,,128,128,RGBA
01_Assets_Organizados,UI/deeds/pvp_bg_first_win.webp,UI,pvp_bg_first_win.webp,.webp,4504,4.4,0.0043,UNMAPPED,,,,,,,,128,128,RGBA
01_Assets_Organizados,UI/deeds/pvp_bg_wins_25.webp,UI,pvp_bg_wins_25.webp,.webp,4818,4.71,0.0046,UNMAPPED,,,,,,,,128,128,RGBA
01_Assets_Organizados,UI/deeds/pvp_card_duel_first_win.webp,UI,pvp_card_duel_first_win.webp,.webp,5020,4.9,0.0048,UNMAPPED,,,,,,,,128,128,RGBA
01_Assets_Organizados,UI/deeds/pvp_duel_first_win.webp,UI,pvp_duel_first_win.webp,.webp,4968,4.85,0.0047,UNMAPPED,,,,,,,,128,128,RGBA
01_Assets_Organizados,UI/deeds/pvp_duel_grace.webp,UI,pvp_duel_grace.webp,.webp,5334,5.21,0.0051,UNMAPPED,,,,,,,,128,128,RGBA
01_Assets_Organizados,UI/deeds/pvp_fiesta_double.webp,UI,pvp_fiesta_double.webp,.webp,5608,5.48,0.0053,UNMAPPED,,,,,,,,128,128,RGBA
01_Assets_Organizados,UI/deeds/pvp_fiesta_first_bout.webp,UI,pvp_fiesta_first_bout.webp,.webp,5894,5.76,0.0056,UNMAPPED,,,,,,,,128,128,RGBA
01_Assets_Organizados,UI/deeds/pvp_fiesta_first_win.webp,UI,pvp_fiesta_first_win.webp,.webp,5900,5.76,0.0056,UNMAPPED,,,,,,,,128,128,RGBA
01_Assets_Organizados,UI/deeds/pvp_fiesta_five_kills.webp,UI,pvp_fiesta_five_kills.webp,.webp,5616,5.48,0.0054,UNMAPPED,,,,,,,,128,128,RGBA
01_Assets_Organizados,UI/deeds/pvp_fiesta_full_build.webp,UI,pvp_fiesta_full_build.webp,.webp,5702,5.57,0.0054,UNMAPPED,,,,,,,,128,128,RGBA
01_Assets_Organizados,UI/deeds/pvp_fiesta_powerups.webp,UI,pvp_fiesta_powerups.webp,.webp,6260,6.11,0.006,UNMAPPED,,,,,,,,128,128,RGBA
01_Assets_Organizados,UI/deeds/pvp_fiesta_shutdown.webp,UI,pvp_fiesta_shutdown.webp,.webp,5514,5.38,0.0053,UNMAPPED,,,,,,,,128,128,RGBA
01_Assets_Organizados,UI/deeds/pvp_honor_field_marshal.webp,UI,pvp_honor_field_marshal.webp,.webp,5488,5.36,0.0052,UNMAPPED,,,,,,,,128,128,RGBA
01_Assets_Organizados,UI/deeds/pvp_honor_knight_lieutenant.webp,UI,pvp_honor_knight_lieutenant.webp,.webp,5542,5.41,0.0053,UNMAPPED,,,,,,,,128,128,RGBA
01_Assets_Organizados,UI/deeds/pvp_honor_sergeant.webp,UI,pvp_honor_sergeant.webp,.webp,5236,5.11,0.005,UNMAPPED,,,,,,,,128,128,RGBA
01_Assets_Organizados,UI/deeds/pvp_vcup_clean_sheet.webp,UI,pvp_vcup_clean_sheet.webp,.webp,4950,4.83,0.0047,UNMAPPED,,,,,,,,128,128,RGBA
01_Assets_Organizados,UI/deeds/pvp_vcup_first_goal.webp,UI,pvp_vcup_first_goal.webp,.webp,4900,4.79,0.0047,UNMAPPED,,,,,,,,128,128,RGBA
01_Assets_Organizados,UI/deeds/pvp_vcup_first_match.webp,UI,pvp_vcup_first_match.webp,.webp,4702,4.59,0.0045,UNMAPPED,,,,,,,,128,128,RGBA
01_Assets_Organizados,UI/deeds/pvp_vcup_first_save.webp,UI,pvp_vcup_first_save.webp,.webp,5356,5.23,0.0051,UNMAPPED,,,,,,,,128,128,RGBA
01_Assets_Organizados,UI/deeds/pvp_vcup_first_win.webp,UI,pvp_vcup_first_win.webp,.webp,4642,4.53,0.0044,UNMAPPED,,,,,,,,128,128,RGBA
01_Assets_Organizados,UI/deeds/pvp_vcup_golden_goal.webp,UI,pvp_vcup_golden_goal.webp,.webp,5196,5.07,0.005,UNMAPPED,,,,,,,,128,128,RGBA
01_Assets_Organizados,UI/deeds/pvp_vcup_guild_win.webp,UI,pvp_vcup_guild_win.webp,.webp,5918,5.78,0.0056,UNMAPPED,,,,,,,,128,128,RGBA
01_Assets_Organizados,UI/deeds/pvp_vcup_hat_trick.webp,UI,pvp_vcup_hat_trick.webp,.webp,4920,4.8,0.0047,UNMAPPED,,,,,,,,128,128,RGBA
01_Assets_Organizados,UI/deeds/pvp_vcup_wins_10.webp,UI,pvp_vcup_wins_10.webp,.webp,4926,4.81,0.0047,UNMAPPED,,,,,,,,128,128,RGBA
01_Assets_Organizados,UI/deeds/pvp_vcup_wins_25.webp,UI,pvp_vcup_wins_25.webp,.webp,6170,6.03,0.0059,UNMAPPED,,,,,,,,128,128,RGBA
01_Assets_Organizados,UI/mobs/pyre_colossus.webp,UI,pyre_colossus.webp,.webp,2244,2.19,0.0021,UNMAPPED,,,,,,,,128,128,RGB
01_Assets_Organizados,UI/skills/mage/pyroblast.webp,UI,pyroblast.webp,.webp,4748,4.64,0.0045,UNMAPPED,,,,,,,,128,128,RGB
01_Assets_Organizados,UI/map-markers/quest_available.webp,UI,quest_available.webp,.webp,2598,2.54,0.0025,UNMAPPED,,,,,,,,64,64,RGBA
01_Assets_Organizados,UI/map-markers/quest_cooldown.webp,UI,quest_cooldown.webp,.webp,2048,2.0,0.002,UNMAPPED,,,,,,,,64,64,RGBA
01_Assets_Organizados,UI/map-markers/quest_ready.webp,UI,quest_ready.webp,.webp,2648,2.59,0.0025,UNMAPPED,,,,,,,,64,64,RGBA
01_Assets_Organizados,UI/map-markers/quest_repeat.webp,UI,quest_repeat.webp,.webp,3086,3.01,0.0029,UNMAPPED,,,,,,,,64,64,RGBA
01_Assets_Organizados,UI/chrome/questlog.webp,UI,questlog.webp,.webp,7214,7.04,0.0069,UNMAPPED,,,,,,,,128,128,RGBA
01_Assets_Organizados,UI/items/quilted_trousers.webp,UI,quilted_trousers.webp,.webp,2194,2.14,0.0021,UNMAPPED,,,,,,,,128,128,RGB
01_Assets_Organizados,UI/skills/paladin/radiant_chorus.webp,UI,radiant_chorus.webp,.webp,6992,6.83,0.0067,UNMAPPED,,,,,,,,128,128,RGB
01_Assets_Organizados,UI/skills/paladin/radiant_devotion.webp,UI,radiant_devotion.webp,.webp,6622,6.47,0.0063,UNMAPPED,,,,,,,,128,128,RGB
01_Assets_Organizados,UI/skills/warrior/raging_gale.webp,UI,raging_gale.webp,.webp,6518,6.37,0.0062,UNMAPPED,,,,,,,,128,128,RGB
01_Assets_Organizados,UI/skills/warlock/rain_of_fire.webp,UI,rain_of_fire.webp,.webp,6706,6.55,0.0064,UNMAPPED,,,,,,,,128,128,RGB
01_Assets_Organizados,UI/skills/warlock/raise_bone_mage.webp,UI,raise_bone_mage.webp,.webp,4130,4.03,0.0039,UNMAPPED,,,,,,,,128,128,RGB
01_Assets_Organizados,UI/skills/warlock/raise_graveguard.webp,UI,raise_graveguard.webp,.webp,4124,4.03,0.0039,UNMAPPED,,,,,,,,128,128,RGB
01_Assets_Organizados,UI/skills/warlock/raise_gravewing.webp,UI,raise_gravewing.webp,.webp,5850,5.71,0.0056,UNMAPPED,,,,,,,,128,128,RGB
01_Assets_Organizados,UI/skills/warlock/raise_skeletal_warrior.webp,UI,raise_skeletal_warrior.webp,.webp,3750,3.66,0.0036,UNMAPPED,,,,,,,,128,128,RGB
01_Assets_Organizados,UI/mobs/raised_bonewalker.webp,UI,raised_bonewalker.webp,.webp,2826,2.76,0.0027,UNMAPPED,,,,,,,,128,128,RGB
01_Assets_Organizados,UI/skills/warrior/raised_guard.webp,UI,raised_guard.webp,.webp,7930,7.74,0.0076,UNMAPPED,,,,,,,,128,128,RGB
01_Assets_Organizados,UI/skills/druid/rake.webp,UI,rake.webp,.webp,5066,4.95,0.0048,UNMAPPED,,,,,,,,128,128,RGBA
01_Assets_Organizados,UI/skills/warrior/rallying_cry.webp,UI,rallying_cry.webp,.webp,9968,9.73,0.0095,UNMAPPED,,,,,,,,128,128,RGB
01_Assets_Organizados,UI/skills/hunter/rapid_fire.webp,UI,rapid_fire.webp,.webp,4364,4.26,0.0042,UNMAPPED,,,,,,,,128,128,RGB
01_Assets_Organizados,UI/skills/hunter/raptor_strike.webp,UI,raptor_strike.webp,.webp,4356,4.25,0.0042,UNMAPPED,,,,,,,,128,128,RGB
01_Assets_Organizados,UI/items/raw_bog_eel.webp,UI,raw_bog_eel.webp,.webp,2292,2.24,0.0022,UNMAPPED,,,,,,,,128,128,RGB
01_Assets_Organizados,UI/items/raw_frostgill_trout.webp,UI,raw_frostgill_trout.webp,.webp,2136,2.09,0.002,UNMAPPED,,,,,,,,128,128,RGB
01_Assets_Organizados,UI/items/raw_marsh_pike.webp,UI,raw_marsh_pike.webp,.webp,1692,1.65,0.0016,UNMAPPED,,,,,,,,128,128,RGB
01_Assets_Organizados,UI/items/raw_mirror_trout.webp,UI,raw_mirror_trout.webp,.webp,2670,2.61,0.0025,UNMAPPED,,,,,,,,128,128,RGB
01_Assets_Organizados,UI/items/raw_river_perch.webp,UI,raw_river_perch.webp,.webp,2958,2.89,0.0028,UNMAPPED,,,,,,,,128,128,RGB
01_Assets_Organizados,UI/items/raw_stonescale_carp.webp,UI,raw_stonescale_carp.webp,.webp,2588,2.53,0.0025,UNMAPPED,,,,,,,,128,128,RGB
01_Assets_Organizados,UI/items/razorwind_torque.webp,UI,razorwind_torque.webp,.webp,4634,4.53,0.0044,UNMAPPED,,,,,,,,128,128,RGB
01_Assets_Organizados,UI/skills/warlock/reaping_command.webp,UI,reaping_command.webp,.webp,4676,4.57,0.0045,UNMAPPED,,,,,,,,128,128,RGB
01_Assets_Organizados,UI/skills/paladin/rebuke.webp,UI,rebuke.webp,.webp,3786,3.7,0.0036,UNMAPPED,,,,,,,,128,128,RGB
01_Assets_Organizados,UI/skills/paladin/recall_the_fallen.webp,UI,recall_the_fallen.webp,.webp,4382,4.28,0.0042,UNMAPPED,,,,,,,,128,128,RGB
01_Assets_Organizados,UI/skills/warrior/recklessness.webp,UI,recklessness.webp,.webp,9588,9.36,0.0091,UNMAPPED,,,,,,,,128,128,RGB
01_Assets_Organizados,UI/items/recruit_tunic.webp,UI,recruit_tunic.webp,.webp,2166,2.12,0.0021,UNMAPPED,,,,,,,,128,128,RGB
01_Assets_Organizados,UI/skills/warrior/red_harvest.webp,UI,red_harvest.webp,.webp,15074,14.72,0.0144,UNMAPPED,,,,,,,,128,128,RGBA
01_Assets_Organizados,UI/items/redbrook_blade.webp,UI,redbrook_blade.webp,.webp,1374,1.34,0.0013,UNMAPPED,,,,,,,,128,128,RGB
01_Assets_Organizados,UI/skills/druid/redharvest.webp,UI,redharvest.webp,.webp,4254,4.15,0.0041,UNMAPPED,,,,,,,,128,128,RGB
01_Assets_Organizados,UI/weapons/redskull_dagger.jpg,UI,redskull_dagger.jpg,.jpg,894,0.87,0.0009,UNMAPPED,,,,,,,,128,128,RGB
01_Assets_Organizados,UI/weapons/redskull_hammer.jpg,UI,redskull_hammer.jpg,.jpg,756,0.74,0.0007,UNMAPPED,,,,,,,,128,128,RGB
01_Assets_Organizados,UI/weapons/redskull_staff.jpg,UI,redskull_staff.jpg,.jpg,903,0.88,0.0009,UNMAPPED,,,,,,,,128,128,RGB
01_Assets_Organizados,UI/weapons/redskull_sword.jpg,UI,redskull_sword.jpg,.jpg,821,0.8,0.0008,UNMAPPED,,,,,,,,128,128,RGB
01_Assets_Organizados,UI/weapons/redskull_wand.jpg,UI,redskull_wand.jpg,.jpg,869,0.85,0.0008,UNMAPPED,,,,,,,,128,128,RGB
01_Assets_Organizados,UI/mobs/reedbound_acolyte.webp,UI,reedbound_acolyte.webp,.webp,2150,2.1,0.0021,UNMAPPED,,,,,,,,128,128,RGB
01_Assets_Organizados,UI/items/reedstalker_jerkin.webp,UI,reedstalker_jerkin.webp,.webp,4516,4.41,0.0043,UNMAPPED,,,,,,,,128,128,RGB
01_Assets_Organizados,UI/items/reedwoven_jerkin.webp,UI,reedwoven_jerkin.webp,.webp,3196,3.12,0.003,UNMAPPED,,,,,,,,128,128,RGB
01_Assets_Organizados,UI/items/reedwoven_trousers.webp,UI,reedwoven_trousers.webp,.webp,2770,2.71,0.0026,UNMAPPED,,,,,,,,128,128,RGB
01_Assets_Organizados,UI/skills/druid/regrowth.webp,UI,regrowth.webp,.webp,5178,5.06,0.0049,UNMAPPED,,,,,,,,128,128,RGBA
01_Assets_Organizados,UI/items/reinforced_pauldrons.webp,UI,reinforced_pauldrons.webp,.webp,4374,4.27,0.0042,UNMAPPED,,,,,,,,128,128,RGB
01_Assets_Organizados,UI/items/reins_aether_hover_cycle.webp,UI,reins_aether_hover_cycle.webp,.webp,2808,2.74,0.0027,UNMAPPED,,,,,,,,128,128,RGB
01_Assets_Organizados,UI/items/reins_drakemaw_raptor.webp,UI,reins_drakemaw_raptor.webp,.webp,2680,2.62,0.0026,UNMAPPED,,,,,,,,128,128,RGB
01_Assets_Organizados,UI/items/reins_grag_bear.webp,UI,reins_grag_bear.webp,.webp,2368,2.31,0.0023,UNMAPPED,,,,,,,,128,128,RGB
01_Assets_Organizados,UI/items/reins_shadowjump_toad.webp,UI,reins_shadowjump_toad.webp,.webp,3350,3.27,0.0032,UNMAPPED,,,,,,,,128,128,RGB
01_Assets_Organizados,UI/items/reins_stalkglider_snail.webp,UI,reins_stalkglider_snail.webp,.webp,2906,2.84,0.0028,UNMAPPED,,,,,,,,128,128,RGB
01_Assets_Organizados,UI/items/reins_stormfeather_griffin.webp,UI,reins_stormfeather_griffin.webp,.webp,2716,2.65,0.0026,UNMAPPED,,,,,,,,128,128,RGB
01_Assets_Organizados,UI/items/reins_terrorspark_groundshaker.webp,UI,reins_terrorspark_groundshaker.webp,.webp,3334,3.26,0.0032,UNMAPPED,,,,,,,,128,128,RGB
01_Assets_Organizados,UI/items/reins_thunderstrut_gobbler.webp,UI,reins_thunderstrut_gobbler.webp,.webp,2742,2.68,0.0026,UNMAPPED,,,,,,,,128,128,RGB
01_Assets_Organizados,UI/items/reins_valorsteed.webp,UI,reins_valorsteed.webp,.webp,2448,2.39,0.0023,UNMAPPED,,,,,,,,128,128,RGB
01_Assets_Organizados,UI/skills/druid/rejuvenation.webp,UI,rejuvenation.webp,.webp,4142,4.04,0.004,UNMAPPED,,,,,,,,128,128,RGBA
01_Assets_Organizados,UI/mobs/reliquary_bonewalker.webp,UI,reliquary_bonewalker.webp,.webp,2850,2.78,0.0027,UNMAPPED,,,,,,,,128,128,RGB
01_Assets_Organizados,UI/items/reliquary_cloth_chest.webp,UI,reliquary_cloth_chest.webp,.webp,2248,2.2,0.0021,UNMAPPED,,,,,,,,128,128,RGB
01_Assets_Organizados,UI/mobs/reliquary_funeral_ringer.webp,UI,reliquary_funeral_ringer.webp,.webp,2256,2.2,0.0022,UNMAPPED,,,,,,,,128,128,RGB
01_Assets_Organizados,UI/items/reliquary_gloves_rog.webp,UI,reliquary_gloves_rog.webp,.webp,2756,2.69,0.0026,UNMAPPED,,,,,,,,128,128,RGB
01_Assets_Organizados,UI/mobs/reliquary_gravecall_acolyte.webp,UI,reliquary_gravecall_acolyte.webp,.webp,2058,2.01,0.002,UNMAPPED,,,,,,,,128,128,RGB
01_Assets_Organizados,UI/items/reliquary_helm.webp,UI,reliquary_helm.webp,.webp,2616,2.55,0.0025,UNMAPPED,,,,,,,,128,128,RGB
01_Assets_Organizados,UI/items/reliquary_leather_chest.webp,UI,reliquary_leather_chest.webp,.webp,4820,4.71,0.0046,UNMAPPED,,,,,,,,128,128,RGB
01_Assets_Organizados,UI/mobs/reliquary_ledger_wraith.webp,UI,reliquary_ledger_wraith.webp,.webp,2644,2.58,0.0025,UNMAPPED,,,,,,,,128,128,RGB
01_Assets_Organizados,UI/items/reliquary_legs.webp,UI,reliquary_legs.webp,.webp,2570,2.51,0.0025,UNMAPPED,,,,,,,,128,128,RGB
01_Assets_Organizados,UI/items/reliquary_plate_chest.webp,UI,reliquary_plate_chest.webp,.webp,3102,3.03,0.003,UNMAPPED,,,,,,,,128,128,RGB
01_Assets_Organizados,UI/mobs/reliquary_saintless_effigy.webp,UI,reliquary_saintless_effigy.webp,.webp,2210,2.16,0.0021,UNMAPPED,,,,,,,,128,128,RGB
01_Assets_Organizados,UI/items/reliquary_shoulder.webp,UI,reliquary_shoulder.webp,.webp,4368,4.27,0.0042,UNMAPPED,,,,,,,,128,128,RGB
01_Assets_Organizados,UI/skills/priest/renew.webp,UI,renew.webp,.webp,3406,3.33,0.0032,UNMAPPED,,,,,,,,128,128,RGBA
01_Assets_Organizados,UI/crests/families/reptile.webp,UI,reptile.webp,.webp,12544,12.25,0.012,UNMAPPED,,,,,,,,256,256,RGB
01_Assets_Organizados,UI/items/resonant_hide.webp,UI,resonant_hide.webp,.webp,1986,1.94,0.0019,UNMAPPED,,,,,,,,128,128,RGB
01_Assets_Organizados,UI/items/resonant_links.webp,UI,resonant_links.webp,.webp,1886,1.84,0.0018,UNMAPPED,,,,,,,,128,128,RGB
01_Assets_Organizados,UI/items/resonant_steel.webp,UI,resonant_steel.webp,.webp,1668,1.63,0.0016,UNMAPPED,,,,,,,,128,128,RGB
01_Assets_Organizados,UI/items/resonant_thread.webp,UI,resonant_thread.webp,.webp,2678,2.62,0.0026,UNMAPPED,,,,,,,,128,128,RGB
01_Assets_Organizados,UI/items/resonant_timber.webp,UI,resonant_timber.webp,.webp,1680,1.64,0.0016,UNMAPPED,,,,,,,,128,128,RGB
01_Assets_Organizados,UI/mobs/restless_bones.webp,UI,restless_bones.webp,.webp,2834,2.77,0.0027,UNMAPPED,,,,,,,,128,128,RGB
01_Assets_Organizados,UI/items/restless_skull.webp,UI,restless_skull.webp,.webp,1934,1.89,0.0018,UNMAPPED,,,,,,,,128,128,RGB
01_Assets_Organizados,UI/specs/druid/restoration.webp,UI,restoration.webp,.webp,7862,7.68,0.0075,UNMAPPED,,,,,,,,128,128,RGB
01_Assets_Organizados,UI/specs/shaman/restoration.webp,UI,restoration.webp,.webp,7918,7.73,0.0076,UNMAPPED,,,,,,,,128,128,RGB
01_Assets_Organizados,UI/specs/paladin/retribution.webp,UI,retribution.webp,.webp,8188,8.0,0.0078,UNMAPPED,,,,,,,,128,128,RGB
01_Assets_Organizados,UI/skills/paladin/retribution_aura.webp,UI,retribution_aura.webp,.webp,4314,4.21,0.0041,UNMAPPED,,,,,,,,128,128,RGBA
01_Assets_Organizados,UI/items/revenant_silk_robe.webp,UI,revenant_silk_robe.webp,.webp,2608,2.55,0.0025,UNMAPPED,,,,,,,,128,128,RGB
01_Assets_Organizados,UI/items/revenantstep_treads.webp,UI,revenantstep_treads.webp,.webp,4690,4.58,0.0045,UNMAPPED,,,,,,,,128,128,RGB
01_Assets_Organizados,UI/skills/warrior/revenge.webp,UI,revenge.webp,.webp,7932,7.75,0.0076,UNMAPPED,,,,,,,,128,128,RGB
01_Assets_Organizados,UI/skills/hunter/revive_pet.webp,UI,revive_pet.webp,.webp,4440,4.34,0.0042,UNMAPPED,,,,,,,,128,128,RGBA
01_Assets_Organizados,UI/map-markers/reward_locked_cache.webp,UI,reward_locked_cache.webp,.webp,2330,2.28,0.0022,UNMAPPED,,,,,,,,64,64,RGBA
01_Assets_Organizados,UI/map-markers/reward_reliquary.webp,UI,reward_reliquary.webp,.webp,2016,1.97,0.0019,UNMAPPED,,,,,,,,64,64,RGBA
01_Assets_Organizados,UI/map-markers/reward_treasure.webp,UI,reward_treasure.webp,.webp,2442,2.38,0.0023,UNMAPPED,,,,,,,,64,64,RGBA
01_Assets_Organizados,UI/mobs/ridge_stalker.webp,UI,ridge_stalker.webp,.webp,1934,1.89,0.0018,UNMAPPED,,,,,,,,128,128,RGB
01_Assets_Organizados,UI/items/ridge_stalker_pelt.webp,UI,ridge_stalker_pelt.webp,.webp,3212,3.14,0.0031,UNMAPPED,,,,,,,,128,128,RGB
01_Assets_Organizados,UI/items/ridgestalker_treads.webp,UI,ridgestalker_treads.webp,.webp,2522,2.46,0.0024,UNMAPPED,,,,,,,,128,128,RGB
01_Assets_Organizados,UI/items/riding_training.webp,UI,riding_training.webp,.webp,3808,3.72,0.0036,UNMAPPED,,,,,,,,128,128,RGB
01_Assets_Organizados,UI/map-markers/rift_beacon.webp,UI,rift_beacon.webp,.webp,2186,2.13,0.0021,UNMAPPED,,,,,,,,64,64,RGBA
01_Assets_Organizados,UI/mobs/rift_boneclad.webp,UI,rift_boneclad.webp,.webp,2858,2.79,0.0027,UNMAPPED,,,,,,,,128,128,RGB
01_Assets_Organizados,UI/mobs/rift_bonewalker.webp,UI,rift_bonewalker.webp,.webp,2826,2.76,0.0027,UNMAPPED,,,,,,,,128,128,RGB
01_Assets_Organizados,UI/mobs/rift_boss_arcane.webp,UI,rift_boss_arcane.webp,.webp,2234,2.18,0.0021,UNMAPPED,,,,,,,,128,128,RGB
01_Assets_Organizados,UI/mobs/rift_boss_brute.webp,UI,rift_boss_brute.webp,.webp,1690,1.65,0.0016,UNMAPPED,,,,,,,,128,128,RGB
01_Assets_Organizados,UI/mobs/rift_boss_ember.webp,UI,rift_boss_ember.webp,.webp,2072,2.02,0.002,UNMAPPED,,,,,,,,128,128,RGB
01_Assets_Organizados,UI/mobs/rift_boss_frost.webp,UI,rift_boss_frost.webp,.webp,2818,2.75,0.0027,UNMAPPED,,,,,,,,128,128,RGB
01_Assets_Organizados,UI/mobs/rift_boss_necro.webp,UI,rift_boss_necro.webp,.webp,2846,2.78,0.0027,UNMAPPED,,,,,,,,128,128,RGB
01_Assets_Organizados,UI/mobs/rift_boss_pitlord.webp,UI,rift_boss_pitlord.webp,.webp,2070,2.02,0.002,UNMAPPED,,,,,,,,128,128,RGB
01_Assets_Organizados,UI/mobs/rift_boss_ritualist.webp,UI,rift_boss_ritualist.webp,.webp,2234,2.18,0.0021,UNMAPPED,,,,,,,,128,128,RGB
01_Assets_Organizados,UI/mobs/rift_boss_storm.webp,UI,rift_boss_storm.webp,.webp,2078,2.03,0.002,UNMAPPED,,,,,,,,128,128,RGB
01_Assets_Organizados,UI/mobs/rift_boss_tide.webp,UI,rift_boss_tide.webp,.webp,1830,1.79,0.0017,UNMAPPED,,,,,,,,128,128,RGB
01_Assets_Organizados,UI/mobs/rift_boss_venom.webp,UI,rift_boss_venom.webp,.webp,1800,1.76,0.0017,UNMAPPED,,,,,,,,128,128,RGB
01_Assets_Organizados,UI/mobs/rift_deep_lurker.webp,UI,rift_deep_lurker.webp,.webp,1724,1.68,0.0016,UNMAPPED,,,,,,,,128,128,RGB
01_Assets_Organizados,UI/map-markers/rift_descent.webp,UI,rift_descent.webp,.webp,2250,2.2,0.0021,UNMAPPED,,,,,,,,64,64,RGBA
01_Assets_Organizados,UI/mobs/rift_dread_stalker.webp,UI,rift_dread_stalker.webp,.webp,1722,1.68,0.0016,UNMAPPED,,,,,,,,128,128,RGB
01_Assets_Organizados,UI/map-markers/rift_egress.webp,UI,rift_egress.webp,.webp,2880,2.81,0.0027,UNMAPPED,,,,,,,,64,64,RGBA
01_Assets_Organizados,UI/mobs/rift_ember_fiend.webp,UI,rift_ember_fiend.webp,.webp,2070,2.02,0.002,UNMAPPED,,,,,,,,128,128,RGB
01_Assets_Organizados,UI/map-markers/rift_entrance.webp,UI,rift_entrance.webp,.webp,1828,1.79,0.0017,UNMAPPED,,,,,,,,64,64,RGBA
01_Assets_Organizados,UI/items/rift_essence.webp,UI,rift_essence.webp,.webp,2110,2.06,0.002,UNMAPPED,,,,,,,,128,128,RGB
01_Assets_Organizados,UI/mobs/rift_frost_revenant.webp,UI,rift_frost_revenant.webp,.webp,2834,2.77,0.0027,UNMAPPED,,,,,,,,128,128,RGB
01_Assets_Organizados,UI/items/rift_gem_azure.webp,UI,rift_gem_azure.webp,.webp,1772,1.73,0.0017,UNMAPPED,,,,,,,,128,128,RGB
01_Assets_Organizados,UI/items/rift_gem_crimson.webp,UI,rift_gem_crimson.webp,.webp,1724,1.68,0.0016,UNMAPPED,,,,,,,,128,128,RGB
01_Assets_Organizados,UI/items/rift_gem_verdant.webp,UI,rift_gem_verdant.webp,.webp,2606,2.54,0.0025,UNMAPPED,,,,,,,,128,128,RGB
01_Assets_Organizados,UI/mobs/rift_hellguard.webp,UI,rift_hellguard.webp,.webp,2048,2.0,0.002,UNMAPPED,,,,,,,,128,128,RGB
01_Assets_Organizados,UI/mobs/rift_magma_brute.webp,UI,rift_magma_brute.webp,.webp,2228,2.18,0.0021,UNMAPPED,,,,,,,,128,128,RGB
01_Assets_Organizados,UI/mobs/rift_marrow_troll.webp,UI,rift_marrow_troll.webp,.webp,2032,1.98,0.0019,UNMAPPED,,,,,,,,128,128,RGB
01_Assets_Organizados,UI/mobs/rift_pact_acolyte.webp,UI,rift_pact_acolyte.webp,.webp,2138,2.09,0.002,UNMAPPED,,,,,,,,128,128,RGB
01_Assets_Organizados,UI/mobs/rift_rime_elemental.webp,UI,rift_rime_elemental.webp,.webp,2080,2.03,0.002,UNMAPPED,,,,,,,,128,128,RGB
01_Assets_Organizados,UI/mobs/rift_spawnling.webp,UI,rift_spawnling.webp,.webp,1758,1.72,0.0017,UNMAPPED,,,,,,,,128,128,RGB
01_Assets_Organizados,UI/mobs/rift_stone_ogre.webp,UI,rift_stone_ogre.webp,.webp,1692,1.65,0.0016,UNMAPPED,,,,,,,,128,128,RGB
01_Assets_Organizados,UI/mobs/rift_storm_caller.webp,UI,rift_storm_caller.webp,.webp,2064,2.02,0.002,UNMAPPED,,,,,,,,128,128,RGB
01_Assets_Organizados,UI/mobs/rift_stormscale.webp,UI,rift_stormscale.webp,.webp,2044,2.0,0.0019,UNMAPPED,,,,,,,,128,128,RGB
01_Assets_Organizados,UI/mobs/rift_thornback.webp,UI,rift_thornback.webp,.webp,1928,1.88,0.0018,UNMAPPED,,,,,,,,128,128,RGB
01_Assets_Organizados,UI/mobs/rift_tide_thrall.webp,UI,rift_tide_thrall.webp,.webp,1838,1.79,0.0018,UNMAPPED,,,,,,,,128,128,RGB
01_Assets_Organizados,UI/mobs/rift_venom_weaver.webp,UI,rift_venom_weaver.webp,.webp,1816,1.77,0.0017,UNMAPPED,,,,,,,,128,128,RGB
01_Assets_Organizados,UI/mobs/rift_void_acolyte.webp,UI,rift_void_acolyte.webp,.webp,2234,2.18,0.0021,UNMAPPED,,,,,,,,128,128,RGB
01_Assets_Organizados,UI/items/riftbound_band_of_guile.webp,UI,riftbound_band_of_guile.webp,.webp,1972,1.93,0.0019,UNMAPPED,,,,,,,,128,128,RGB
01_Assets_Organizados,UI/items/riftbound_band_of_insight.webp,UI,riftbound_band_of_insight.webp,.webp,1902,1.86,0.0018,UNMAPPED,,,,,,,,128,128,RGB
01_Assets_Organizados,UI/items/riftbound_band_of_might.webp,UI,riftbound_band_of_might.webp,.webp,2164,2.11,0.0021,UNMAPPED,,,,,,,,128,128,RGB
01_Assets_Organizados,UI/mobs/riftspawn.webp,UI,riftspawn.webp,.webp,1798,1.76,0.0017,UNMAPPED,,,,,,,,128,128,RGB
01_Assets_Organizados,UI/skills/paladin/righteous_fury.webp,UI,righteous_fury.webp,.webp,4002,3.91,0.0038,UNMAPPED,,,,,,,,128,128,RGBA
01_Assets_Organizados,UI/mobs/rime_elemental.webp,UI,rime_elemental.webp,.webp,2024,1.98,0.0019,UNMAPPED,,,,,,,,128,128,RGB
01_Assets_Organizados,UI/weapons/rimecrusher.jpg,UI,rimecrusher.jpg,.jpg,902,0.88,0.0009,UNMAPPED,,,,,,,,128,128,RGB
01_Assets_Organizados,UI/store/armory/rimecrusher_mace.webp,UI,rimecrusher_mace.webp,.webp,10704,10.45,0.0102,UNMAPPED,,,,,,,,512,512,RGB
01_Assets_Organizados,UI/items/rimefang.webp,UI,rimefang.webp,.webp,1870,1.83,0.0018,UNMAPPED,,,,,,,,128,128,RGB
01_Assets_Organizados,UI/skills/mage/rings_of_frost.webp,UI,rings_of_frost.webp,.webp,7370,7.2,0.007,UNMAPPED,,,,,,,,128,128,RGB
01_Assets_Organizados,UI/skills/druid/rip.webp,UI,rip.webp,.webp,4014,3.92,0.0038,UNMAPPED,,,,,,,,128,128,RGBA
01_Assets_Organizados,UI/items/riptide_dirk.webp,UI,riptide_dirk.webp,.webp,1764,1.72,0.0017,UNMAPPED,,,,,,,,128,128,RGB
01_Assets_Organizados,UI/items/ritual_phylactery.webp,UI,ritual_phylactery.webp,.webp,2980,2.91,0.0028,UNMAPPED,,,,,,,,128,128,RGB
01_Assets_Organizados,UI/items/riveted_copper_girdle.webp,UI,riveted_copper_girdle.webp,.webp,4322,4.22,0.0041,UNMAPPED,,,,,,,,128,128,RGB
01_Assets_Organizados,UI/items/roadwardens_helm.webp,UI,roadwardens_helm.webp,.webp,2012,1.96,0.0019,UNMAPPED,,,,,,,,128,128,RGB
01_Assets_Organizados,UI/items/roast_mountain_goat.webp,UI,roast_mountain_goat.webp,.webp,3504,3.42,0.0033,UNMAPPED,,,,,,,,128,128,RGB
01_Assets_Organizados,UI/items/roasted_boar.webp,UI,roasted_boar.webp,.webp,2654,2.59,0.0025,UNMAPPED,,,,,,,,128,128,RGB
01_Assets_Organizados,UI/skills/shaman/rockbiter_weapon.webp,UI,rockbiter_weapon.webp,.webp,3056,2.98,0.0029,UNMAPPED,,,,,,,,128,128,RGBA
01_Assets_Organizados,UI/classes/rogue.webp,UI,rogue.webp,.webp,10688,10.44,0.0102,UNMAPPED,,,,,,,,256,256,RGB
01_Assets_Organizados,UI/items/rough_hide.webp,UI,rough_hide.webp,.webp,2172,2.12,0.0021,UNMAPPED,,,,,,,,128,128,RGB
01_Assets_Organizados,UI/items/roughspun_gloves.webp,UI,roughspun_gloves.webp,.webp,2410,2.35,0.0023,UNMAPPED,,,,,,,,128,128,RGB
01_Assets_Organizados,UI/items/royal_seal.webp,UI,royal_seal.webp,.webp,2250,2.2,0.0021,UNMAPPED,,,,,,,,128,128,RGB
01_Assets_Organizados,UI/weapons/rude_awakening_sword.jpg,UI,rude_awakening_sword.jpg,.jpg,869,0.85,0.0008,UNMAPPED,,,,,,,,128,128,RGB
01_Assets_Organizados,UI/skills/warlock/ruinous_brand.webp,UI,ruinous_brand.webp,.webp,4010,3.92,0.0038,UNMAPPED,,,,,,,,128,128,RGB
01_Assets_Organizados,UI/skills/mage/rune_of_power.webp,UI,rune_of_power.webp,.webp,7350,7.18,0.007,UNMAPPED,,,,,,,,128,128,RGB
01_Assets_Organizados,UI/items/runed_bone_shard.webp,UI,runed_bone_shard.webp,.webp,2152,2.1,0.0021,UNMAPPED,,,,,,,,128,128,RGB
01_Assets_Organizados,UI/skills/rogue/rupture.webp,UI,rupture.webp,.webp,3522,3.44,0.0034,UNMAPPED,,,,,,,,128,128,RGB
01_Assets_Organizados,UI/items/rusted_censer.webp,UI,rusted_censer.webp,.webp,3972,3.88,0.0038,UNMAPPED,,,,,,,,128,128,RGB
01_Assets_Organizados,UI/items/rusty_dagger.webp,UI,rusty_dagger.webp,.webp,1302,1.27,0.0012,UNMAPPED,,,,,,,,128,128,RGB
01_Assets_Organizados,UI/items/rusty_hatchet.webp,UI,rusty_hatchet.webp,.webp,1512,1.48,0.0014,UNMAPPED,,,,,,,,128,128,RGB
01_Assets_Organizados,UI/items/sableweb_cord.webp,UI,sableweb_cord.webp,.webp,2124,2.07,0.002,UNMAPPED,,,,,,,,128,128,RGB
01_Assets_Organizados,UI/items/sableweb_slippers.webp,UI,sableweb_slippers.webp,.webp,1784,1.74,0.0017,UNMAPPED,,,,,,,,128,128,RGB
01_Assets_Organizados,UI/skills/paladin/sacred_bulwark.webp,UI,sacred_bulwark.webp,.webp,5138,5.02,0.0049,UNMAPPED,,,,,,,,128,128,RGB
01_Assets_Organizados,UI/skills/paladin/sacred_challenge.webp,UI,sacred_challenge.webp,.webp,5118,5.0,0.0049,UNMAPPED,,,,,,,,128,128,RGB
01_Assets_Organizados,UI/skills/paladin/sacred_form.webp,UI,sacred_form.webp,.webp,6344,6.2,0.0061,UNMAPPED,,,,,,,,128,128,RGB
01_Assets_Organizados,UI/skills/warlock/sacrifice_undead.webp,UI,sacrifice_undead.webp,.webp,4538,4.43,0.0043,UNMAPPED,,,,,,,,128,128,RGB
01_Assets_Organizados,UI/skills/warlock/sacrilegious_march.webp,UI,sacrilegious_march.webp,.webp,4832,4.72,0.0046,UNMAPPED,,,,,,,,128,128,RGB
01_Assets_Organizados,UI/items/saltforged_grips.webp,UI,saltforged_grips.webp,.webp,2272,2.22,0.0022,UNMAPPED,,,,,,,,128,128,RGB
01_Assets_Organizados,UI/items/saltwalker_sandals.webp,UI,saltwalker_sandals.webp,.webp,2958,2.89,0.0028,UNMAPPED,,,,,,,,128,128,RGB
01_Assets_Organizados,UI/mobs/sanctum_boneguard.webp,UI,sanctum_boneguard.webp,.webp,2302,2.25,0.0022,UNMAPPED,,,,,,,,128,128,RGB
01_Assets_Organizados,UI/mobs/sanctum_drakonid.webp,UI,sanctum_drakonid.webp,.webp,2192,2.14,0.0021,UNMAPPED,,,,,,,,128,128,RGB
01_Assets_Organizados,UI/items/sanctum_key_shard.webp,UI,sanctum_key_shard.webp,.webp,3240,3.16,0.0031,UNMAPPED,,,,,,,,128,128,RGB
01_Assets_Organizados,UI/items/sanctum_prowlers_grips.webp,UI,sanctum_prowlers_grips.webp,.webp,4954,4.84,0.0047,UNMAPPED,,,,,,,,128,128,RGB
01_Assets_Organizados,UI/skills/warrior/sanguine_aura.webp,UI,sanguine_aura.webp,.webp,3692,3.61,0.0035,UNMAPPED,,,,,,,,128,128,RGB
01_Assets_Organizados,UI/skills/rogue/sap.webp,UI,sap.webp,.webp,3500,3.42,0.0033,UNMAPPED,,,,,,,,128,128,RGB
01_Assets_Organizados,UI/items/sash_of_the_sunken_court.webp,UI,sash_of_the_sunken_court.webp,.webp,4620,4.51,0.0044,UNMAPPED,,,,,,,,128,128,RGB
01_Assets_Organizados,UI/items/scepter_of_the_deathless_court.webp,UI,scepter_of_the_deathless_court.webp,.webp,1896,1.85,0.0018,UNMAPPED,,,,,,,,128,128,RGB
01_Assets_Organizados,UI/skills/mage/scorch.webp,UI,scorch.webp,.webp,3044,2.97,0.0029,UNMAPPED,,,,,,,,128,128,RGB
01_Assets_Organizados,UI/items/scorched_supply_crate.webp,UI,scorched_supply_crate.webp,.webp,2148,2.1,0.002,UNMAPPED,,,,,,,,128,128,RGB
01_Assets_Organizados,UI/items/scourgehide_carapace.webp,UI,scourgehide_carapace.webp,.webp,5150,5.03,0.0049,UNMAPPED,,,,,,,,128,128,RGB
01_Assets_Organizados,UI/skills/priest/scouring_mercy.webp,UI,scouring_mercy.webp,.webp,4424,4.32,0.0042,UNMAPPED,,,,,,,,128,128,RGB
01_Assets_Organizados,UI/weapons/scythe.jpg,UI,scythe.jpg,.jpg,1413,1.38,0.0013,UNMAPPED,,,,,,,,128,128,RGB
01_Assets_Organizados,UI/skills/paladin/seal_of_righteousness.webp,UI,seal_of_righteousness.webp,.webp,4672,4.56,0.0045,UNMAPPED,,,,,,,,128,128,RGBA
01_Assets_Organizados,UI/items/seal_of_the_nine_oaths.webp,UI,seal_of_the_nine_oaths.webp,.webp,5570,5.44,0.0053,UNMAPPED,,,,,,,,128,128,RGB
01_Assets_Organizados,UI/skills/warlock/searing_pain.webp,UI,searing_pain.webp,.webp,5018,4.9,0.0048,UNMAPPED,,,,,,,,128,128,RGBA
01_Assets_Organizados,UI/store/season-01-armory-promo.webp,UI,season-01-armory-promo.webp,.webp,136128,132.94,0.1298,UNMAPPED,,,,,,,,1000,590,RGB
01_Assets_Organizados,UI/skills/warrior/seasoned_soldier.webp,UI,seasoned_soldier.webp,.webp,3052,2.98,0.0029,UNMAPPED,,,,,,,,128,128,RGB
01_Assets_Organizados,UI/skills/warrior/second_wind.webp,UI,second_wind.webp,.webp,9106,8.89,0.0087,UNMAPPED,,,,,,,,128,128,RGB
01_Assets_Organizados,UI/items/selthes_seastriders.webp,UI,selthes_seastriders.webp,.webp,2596,2.54,0.0025,UNMAPPED,,,,,,,,128,128,RGB
01_Assets_Organizados,UI/skills/warlock/sentence.webp,UI,sentence.webp,.webp,4292,4.19,0.0041,UNMAPPED,,,,,,,,128,128,RGB
01_Assets_Organizados,UI/skills/priest/seraphic_vigil.webp,UI,seraphic_vigil.webp,.webp,5486,5.36,0.0052,UNMAPPED,,,,,,,,128,128,RGB
01_Assets_Organizados,UI/skills/hunter/serpent_sting.webp,UI,serpent_sting.webp,.webp,2290,2.24,0.0022,UNMAPPED,,,,,,,,128,128,RGB
01_Assets_Organizados,UI/map-markers/service_mailbox.webp,UI,service_mailbox.webp,.webp,1460,1.43,0.0014,UNMAPPED,,,,,,,,64,64,RGBA
01_Assets_Organizados,UI/map-markers/service_noticeboard.webp,UI,service_noticeboard.webp,.webp,1228,1.2,0.0012,UNMAPPED,,,,,,,,64,64,RGBA
01_Assets_Organizados,UI/mobs/sethrael_palecoil.webp,UI,sethrael_palecoil.webp,.webp,2184,2.13,0.0021,UNMAPPED,,,,,,,,128,128,RGB
01_Assets_Organizados,UI/mobs/sexton_marrow.webp,UI,sexton_marrow.webp,.webp,2226,2.17,0.0021,UNMAPPED,,,,,,,,128,128,RGB
01_Assets_Organizados,UI/dungeons/sexton_marrow.webp,UI,sexton_marrow.webp,.webp,5040,4.92,0.0048,UNMAPPED,,,,,,,,128,128,RGBA
01_Assets_Organizados,UI/items/sextons_slippers.webp,UI,sextons_slippers.webp,.webp,2400,2.34,0.0023,UNMAPPED,,,,,,,,128,128,RGB
01_Assets_Organizados,UI/specs/priest/shadow.webp,UI,shadow.webp,.webp,5306,5.18,0.0051,UNMAPPED,,,,,,,,128,128,RGB
01_Assets_Organizados,UI/skills/warlock/shadow_bolt.webp,UI,shadow_bolt.webp,.webp,3582,3.5,0.0034,UNMAPPED,,,,,,,,128,128,RGB
01_Assets_Organizados,UI/items/shadow_jerkin.webp,UI,shadow_jerkin.webp,.webp,2750,2.69,0.0026,UNMAPPED,,,,,,,,128,128,RGB
01_Assets_Organizados,UI/skills/priest/shadow_word_pain.webp,UI,shadow_word_pain.webp,.webp,3004,2.93,0.0029,UNMAPPED,,,,,,,,128,128,RGB
01_Assets_Organizados,UI/skills/warlock/shadowburn.webp,UI,shadowburn.webp,.webp,2880,2.81,0.0027,UNMAPPED,,,,,,,,128,128,RGB
01_Assets_Organizados,UI/skills/priest/shadowform.webp,UI,shadowform.webp,.webp,2900,2.83,0.0028,UNMAPPED,,,,,,,,128,128,RGB
01_Assets_Organizados,UI/items/shadowmeld_tunic.webp,UI,shadowmeld_tunic.webp,.webp,3882,3.79,0.0037,UNMAPPED,,,,,,,,128,128,RGB
01_Assets_Organizados,UI/items/shadowpulse_handwraps.webp,UI,shadowpulse_handwraps.webp,.webp,4612,4.5,0.0044,UNMAPPED,,,,,,,,128,128,RGB
01_Assets_Organizados,UI/items/shadowpulse_slippers.webp,UI,shadowpulse_slippers.webp,.webp,4430,4.33,0.0042,UNMAPPED,,,,,,,,128,128,RGB
01_Assets_Organizados,UI/skills/rogue/shadowstep.webp,UI,shadowstep.webp,.webp,2670,2.61,0.0025,UNMAPPED,,,,,,,,128,128,RGB
01_Assets_Organizados,UI/classes/shaman.webp,UI,shaman.webp,.webp,20440,19.96,0.0195,UNMAPPED,,,,,,,,256,256,RGB
01_Assets_Organizados,UI/weapons/shard_of_everwinter.jpg,UI,shard_of_everwinter.jpg,.jpg,968,0.95,0.0009,UNMAPPED,,,,,,,,128,128,RGB
01_Assets_Organizados,UI/items/shardfang_grips.webp,UI,shardfang_grips.webp,.webp,5344,5.22,0.0051,UNMAPPED,,,,,,,,128,128,RGB
01_Assets_Organizados,UI/mobs/shardlord_kazzix.webp,UI,shardlord_kazzix.webp,.webp,2064,2.02,0.002,UNMAPPED,,,,,,,,128,128,RGB
01_Assets_Organizados,UI/items/shardsong_mantle.webp,UI,shardsong_mantle.webp,.webp,4730,4.62,0.0045,UNMAPPED,,,,,,,,128,128,RGB
01_Assets_Organizados,UI/items/sharp_claw.webp,UI,sharp_claw.webp,.webp,2276,2.22,0.0022,UNMAPPED,,,,,,,,128,128,RGB
01_Assets_Organizados,UI/skills/mage/shatter.webp,UI,shatter.webp,.webp,7336,7.16,0.007,UNMAPPED,,,,,,,,128,128,RGB
01_Assets_Organizados,UI/items/shear_storm_lantern.webp,UI,shear_storm_lantern.webp,.webp,2428,2.37,0.0023,UNMAPPED,,,,,,,,128,128,RGB
01_Assets_Organizados,UI/items/shearkeeper_gloves.webp,UI,shearkeeper_gloves.webp,.webp,2060,2.01,0.002,UNMAPPED,,,,,,,,128,128,RGB
01_Assets_Organizados,UI/crests/families/sheep.webp,UI,sheep.webp,.webp,18714,18.28,0.0178,UNMAPPED,,,,,,,,256,256,RGB
01_Assets_Organizados,UI/skills/hunter/shellskin.webp,UI,shellskin.webp,.webp,5062,4.94,0.0048,UNMAPPED,,,,,,,,128,128,RGB
01_Assets_Organizados,UI/skills/warrior/shield_slam.webp,UI,shield_slam.webp,.webp,4706,4.6,0.0045,UNMAPPED,,,,,,,,128,128,RGB
01_Assets_Organizados,UI/mobs/shoal_scuttler.webp,UI,shoal_scuttler.webp,.webp,2058,2.01,0.002,UNMAPPED,,,,,,,,128,128,RGB
01_Assets_Organizados,UI/skills/hunter/shrapnel_charge.webp,UI,shrapnel_charge.webp,.webp,4556,4.45,0.0043,UNMAPPED,,,,,,,,128,128,RGB
01_Assets_Organizados,UI/items/shroud_of_the_gravewyrm.webp,UI,shroud_of_the_gravewyrm.webp,.webp,4826,4.71,0.0046,UNMAPPED,,,,,,,,128,128,RGB
01_Assets_Organizados,UI/skills/priest/silence.webp,UI,silence.webp,.webp,3252,3.18,0.0031,UNMAPPED,,,,,,,,128,128,RGB
01_Assets_Organizados,UI/items/silk_sash.webp,UI,silk_sash.webp,.webp,2464,2.41,0.0023,UNMAPPED,,,,,,,,128,128,RGB
01_Assets_Organizados,UI/items/silkbinders_raiment.webp,UI,silkbinders_raiment.webp,.webp,4498,4.39,0.0043,UNMAPPED,,,,,,,,128,128,RGB
01_Assets_Organizados,UI/items/silkbound_remains.webp,UI,silkbound_remains.webp,.webp,1278,1.25,0.0012,UNMAPPED,,,,,,,,128,128,RGB
01_Assets_Organizados,UI/items/silkspun_satchel.webp,UI,silkspun_satchel.webp,.webp,2532,2.47,0.0024,UNMAPPED,,,,,,,,128,128,RGB
01_Assets_Organizados,UI/items/siltguard_helm.webp,UI,siltguard_helm.webp,.webp,3168,3.09,0.003,UNMAPPED,,,,,,,,128,128,RGB
01_Assets_Organizados,UI/items/siltstep_leggings.webp,UI,siltstep_leggings.webp,.webp,4204,4.11,0.004,UNMAPPED,,,,,,,,128,128,RGB
01_Assets_Organizados,UI/items/silvered_carp_supper.webp,UI,silvered_carp_supper.webp,.webp,6470,6.32,0.0062,UNMAPPED,,,,,,,,128,128,RGB
01_Assets_Organizados,UI/items/silverleaf_healing_draught.webp,UI,silverleaf_healing_draught.webp,.webp,3796,3.71,0.0036,UNMAPPED,,,,,,,,128,128,RGB
01_Assets_Organizados,UI/items/silverleaf_herb.webp,UI,silverleaf_herb.webp,.webp,2086,2.04,0.002,UNMAPPED,,,,,,,,128,128,RGB
01_Assets_Organizados,UI/items/silverleaf_mana_draught.webp,UI,silverleaf_mana_draught.webp,.webp,3634,3.55,0.0035,UNMAPPED,,,,,,,,128,128,RGB
01_Assets_Organizados,UI/items/silverleaf_sickle.webp,UI,silverleaf_sickle.webp,.webp,1900,1.86,0.0018,UNMAPPED,,,,,,,,128,128,RGB
01_Assets_Organizados,UI/items/silvermist_cordial.webp,UI,silvermist_cordial.webp,.webp,2194,2.14,0.0021,UNMAPPED,,,,,,,,128,128,RGB
01_Assets_Organizados,UI/items/silverstream_fishing_rod.webp,UI,silverstream_fishing_rod.webp,.webp,3602,3.52,0.0034,UNMAPPED,,,,,,,,128,128,RGB
01_Assets_Organizados,UI/items/silverthread_slippers.webp,UI,silverthread_slippers.webp,.webp,3280,3.2,0.0031,UNMAPPED,,,,,,,,128,128,RGB
01_Assets_Organizados,UI/weapons/simple_farmhand_crossbow.jpg,UI,simple_farmhand_crossbow.jpg,.jpg,918,0.9,0.0009,UNMAPPED,,,,,,,,128,128,RGB
01_Assets_Organizados,UI/items/simple_fishing_pole.webp,UI,simple_fishing_pole.webp,.webp,2472,2.41,0.0024,UNMAPPED,,,,,,,,128,128,RGB
01_Assets_Organizados,UI/skills/rogue/sinister_strike.webp,UI,sinister_strike.webp,.webp,3576,3.49,0.0034,UNMAPPED,,,,,,,,128,128,RGB
01_Assets_Organizados,UI/skills/warlock/siphon_life.webp,UI,siphon_life.webp,.webp,4618,4.51,0.0044,UNMAPPED,,,,,,,,128,128,RGB
01_Assets_Organizados,UI/mobs/sister_nhalia.webp,UI,sister_nhalia.webp,.webp,2118,2.07,0.002,UNMAPPED,,,,,,,,128,128,RGB
01_Assets_Organizados,UI/items/sister_nhalia_choir_plate.webp,UI,sister_nhalia_choir_plate.webp,.webp,5196,5.07,0.005,UNMAPPED,,,,,,,,128,128,RGB
01_Assets_Organizados,UI/mobs/sister_nhalia_drowned_canticle.webp,UI,sister_nhalia_drowned_canticle.webp,.webp,2114,2.06,0.002,UNMAPPED,,,,,,,,128,128,RGB
01_Assets_Organizados,UI/skills/druid/skull_bash.webp,UI,skull_bash.webp,.webp,5904,5.77,0.0056,UNMAPPED,,,,,,,,128,128,RGB
01_Assets_Organizados,UI/items/skullsmasher_warbelt.webp,UI,skullsmasher_warbelt.webp,.webp,2988,2.92,0.0028,UNMAPPED,,,,,,,,128,128,RGB
01_Assets_Organizados,UI/items/skullsplitter_dirk.webp,UI,skullsplitter_dirk.webp,.webp,1708,1.67,0.0016,UNMAPPED,,,,,,,,128,128,RGB
01_Assets_Organizados,UI/store/armory/skyrender_axe.webp,UI,skyrender_axe.webp,.webp,19304,18.85,0.0184,UNMAPPED,,,,,,,,512,512,RGB
01_Assets_Organizados,UI/weapons/skyrender_the_firmament_s_wound.jpg,UI,skyrender_the_firmament_s_wound.jpg,.jpg,958,0.94,0.0009,UNMAPPED,,,,,,,,128,128,RGB
01_Assets_Organizados,UI/skills/warrior/slam.webp,UI,slam.webp,.webp,3210,3.13,0.0031,UNMAPPED,,,,,,,,128,128,RGBA
01_Assets_Organizados,UI/skills/rogue/slice_and_dice.webp,UI,slice_and_dice.webp,.webp,3050,2.98,0.0029,UNMAPPED,,,,,,,,128,128,RGB
01_Assets_Organizados,UI/mobs/sloomtooth_the_drowned.webp,UI,sloomtooth_the_drowned.webp,.webp,1734,1.69,0.0017,UNMAPPED,,,,,,,,128,128,RGB
01_Assets_Organizados,UI/items/sloomtooth_tidefang.webp,UI,sloomtooth_tidefang.webp,.webp,1758,1.72,0.0017,UNMAPPED,,,,,,,,128,128,RGB
01_Assets_Organizados,UI/skills/priest/smite.webp,UI,smite.webp,.webp,3458,3.38,0.0033,UNMAPPED,,,,,,,,128,128,RGBA
01_Assets_Organizados,UI/items/smithing_flux.webp,UI,smithing_flux.webp,.webp,2004,1.96,0.0019,UNMAPPED,,,,,,,,128,128,RGB
01_Assets_Organizados,UI/skills/rogue/smoke_screen.webp,UI,smoke_screen.webp,.webp,3492,3.41,0.0033,UNMAPPED,,,,,,,,128,128,RGB
01_Assets_Organizados,UI/items/smoked_eel.webp,UI,smoked_eel.webp,.webp,4110,4.01,0.0039,UNMAPPED,,,,,,,,128,128,RGB
01_Assets_Organizados,UI/weapons/smoulderfall.jpg,UI,smoulderfall.jpg,.jpg,878,0.86,0.0008,UNMAPPED,,,,,,,,128,128,RGB
01_Assets_Organizados,UI/store/armory/smoulderfall_mace.webp,UI,smoulderfall_mace.webp,.webp,14652,14.31,0.014,UNMAPPED,,,,,,,,512,512,RGB
01_Assets_Organizados,UI/skills/mage/snap_polymorph.webp,UI,snap_polymorph.webp,.webp,7204,7.04,0.0069,UNMAPPED,,,,,,,,128,128,RGB
01_Assets_Organizados,UI/mobs/snowdrift_wolf.webp,UI,snowdrift_wolf.webp,.webp,1960,1.91,0.0019,UNMAPPED,,,,,,,,128,128,RGB
01_Assets_Organizados,UI/deeds/soc_by_ravens_wing.webp,UI,soc_by_ravens_wing.webp,.webp,5170,5.05,0.0049,UNMAPPED,,,,,,,,128,128,RGBA
01_Assets_Organizados,UI/deeds/soc_civic_duty.webp,UI,soc_civic_duty.webp,.webp,5678,5.54,0.0054,UNMAPPED,,,,,,,,128,128,RGBA
01_Assets_Organizados,UI/deeds/soc_first_party.webp,UI,soc_first_party.webp,.webp,5486,5.36,0.0052,UNMAPPED,,,,,,,,128,128,RGBA
01_Assets_Organizados,UI/deeds/soc_first_sale.webp,UI,soc_first_sale.webp,.webp,5498,5.37,0.0052,UNMAPPED,,,,,,,,128,128,RGBA
01_Assets_Organizados,UI/deeds/soc_first_salvage.webp,UI,soc_first_salvage.webp,.webp,5186,5.06,0.0049,UNMAPPED,,,,,,,,128,128,RGBA
01_Assets_Organizados,UI/deeds/soc_first_trade.webp,UI,soc_first_trade.webp,.webp,5358,5.23,0.0051,UNMAPPED,,,,,,,,128,128,RGBA
01_Assets_Organizados,UI/deeds/soc_full_house.webp,UI,soc_full_house.webp,.webp,6220,6.07,0.0059,UNMAPPED,,,,,,,,128,128,RGBA
01_Assets_Organizados,UI/deeds/soc_gilded_strongbox.webp,UI,soc_gilded_strongbox.webp,.webp,5554,5.42,0.0053,UNMAPPED,,,,,,,,128,128,RGBA
01_Assets_Organizados,UI/deeds/soc_guild_founded.webp,UI,soc_guild_founded.webp,.webp,5756,5.62,0.0055,UNMAPPED,,,,,,,,128,128,RGBA
01_Assets_Organizados,UI/deeds/soc_guild_joined.webp,UI,soc_guild_joined.webp,.webp,6098,5.96,0.0058,UNMAPPED,,,,,,,,128,128,RGBA
01_Assets_Organizados,UI/deeds/soc_heavy_purse.webp,UI,soc_heavy_purse.webp,.webp,5518,5.39,0.0053,UNMAPPED,,,,,,,,128,128,RGBA
01_Assets_Organizados,UI/deeds/soc_market_magnate.webp,UI,soc_market_magnate.webp,.webp,5480,5.35,0.0052,UNMAPPED,,,,,,,,128,128,RGBA
01_Assets_Organizados,UI/deeds/soc_meet_bursar.webp,UI,soc_meet_bursar.webp,.webp,5864,5.73,0.0056,UNMAPPED,,,,,,,,128,128,RGBA
01_Assets_Organizados,UI/deeds/soc_pocket_money.webp,UI,soc_pocket_money.webp,.webp,6374,6.22,0.0061,UNMAPPED,,,,,,,,128,128,RGBA
01_Assets_Organizados,UI/deeds/soc_room_for_more.webp,UI,soc_room_for_more.webp,.webp,5780,5.64,0.0055,UNMAPPED,,,,,,,,128,128,RGBA
01_Assets_Organizados,UI/deeds/soc_salvage_50.webp,UI,soc_salvage_50.webp,.webp,5150,5.03,0.0049,UNMAPPED,,,,,,,,128,128,RGBA
01_Assets_Organizados,UI/deeds/soc_steady_custom.webp,UI,soc_steady_custom.webp,.webp,5854,5.72,0.0056,UNMAPPED,,,,,,,,128,128,RGBA
01_Assets_Organizados,UI/deeds/soc_wyrms_hoard.webp,UI,soc_wyrms_hoard.webp,.webp,5602,5.47,0.0053,UNMAPPED,,,,,,,,128,128,RGBA
01_Assets_Organizados,UI/chrome/social.webp,UI,social.webp,.webp,6620,6.46,0.0063,UNMAPPED,,,,,,,,128,128,RGBA
01_Assets_Organizados,UI/items/soft_down.webp,UI,soft_down.webp,.webp,2370,2.31,0.0023,UNMAPPED,,,,,,,,128,128,RGB
01_Assets_Organizados,UI/items/soggy_boot.webp,UI,soggy_boot.webp,.webp,3020,2.95,0.0029,UNMAPPED,,,,,,,,128,128,RGB
01_Assets_Organizados,UI/items/soggy_moccasin.webp,UI,soggy_moccasin.webp,.webp,2718,2.65,0.0026,UNMAPPED,,,,,,,,128,128,RGB
01_Assets_Organizados,UI/skills/paladin/solar_invocation.webp,UI,solar_invocation.webp,.webp,6164,6.02,0.0059,UNMAPPED,,,,,,,,128,128,RGB
01_Assets_Organizados,UI/skills/paladin/solar_step.webp,UI,solar_step.webp,.webp,6212,6.07,0.0059,UNMAPPED,,,,,,,,128,128,RGB
01_Assets_Organizados,UI/weapons/solheim_last_light_of_the_dawn.jpg,UI,solheim_last_light_of_the_dawn.jpg,.jpg,1014,0.99,0.001,UNMAPPED,,,,,,,,128,128,RGB
01_Assets_Organizados,UI/store/armory/solheim_sword.webp,UI,solheim_sword.webp,.webp,16204,15.82,0.0155,UNMAPPED,,,,,,,,512,512,RGB
01_Assets_Organizados,UI/items/sootscale_mantle.webp,UI,sootscale_mantle.webp,.webp,3246,3.17,0.0031,UNMAPPED,,,,,,,,128,128,RGB
01_Assets_Organizados,UI/skills/warlock/soul_harvest.webp,UI,soul_harvest.webp,.webp,4844,4.73,0.0046,UNMAPPED,,,,,,,,128,128,RGB
01_Assets_Organizados,UI/skills/warlock/soul_lance.webp,UI,soul_lance.webp,.webp,3836,3.75,0.0037,UNMAPPED,,,,,,,,128,128,RGB
01_Assets_Organizados,UI/items/soul_stone.webp,UI,soul_stone.webp,.webp,3876,3.79,0.0037,UNMAPPED,,,,,,,,128,128,RGB
01_Assets_Organizados,UI/items/soulflame_cord.webp,UI,soulflame_cord.webp,.webp,2548,2.49,0.0024,UNMAPPED,,,,,,,,128,128,RGB
01_Assets_Organizados,UI/items/soulflame_cowl.webp,UI,soulflame_cowl.webp,.webp,2206,2.15,0.0021,UNMAPPED,,,,,,,,128,128,RGB
01_Assets_Organizados,UI/items/soulflame_gloves.webp,UI,soulflame_gloves.webp,.webp,2924,2.86,0.0028,UNMAPPED,,,,,,,,128,128,RGB
01_Assets_Organizados,UI/items/soulflame_mantle.webp,UI,soulflame_mantle.webp,.webp,4816,4.7,0.0046,UNMAPPED,,,,,,,,128,128,RGB
01_Assets_Organizados,UI/items/soulforged_warplate.webp,UI,soulforged_warplate.webp,.webp,5974,5.83,0.0057,UNMAPPED,,,,,,,,128,128,RGB
01_Assets_Organizados,UI/items/soulrend_diadem.webp,UI,soulrend_diadem.webp,.webp,2770,2.71,0.0026,UNMAPPED,,,,,,,,128,128,RGB
01_Assets_Organizados,UI/skills/warlock/soulwell.webp,UI,soulwell.webp,.webp,6064,5.92,0.0058,UNMAPPED,,,,,,,,128,128,RGB
01_Assets_Organizados,UI/weapons/spear_a.jpg,UI,spear_a.jpg,.jpg,1317,1.29,0.0013,UNMAPPED,,,,,,,,128,128,RGB
01_Assets_Organizados,UI/skills/warlock/spell_lock.webp,UI,spell_lock.webp,.webp,5346,5.22,0.0051,UNMAPPED,,,,,,,,128,128,RGB
01_Assets_Organizados,UI/chrome/spellbook.webp,UI,spellbook.webp,.webp,7534,7.36,0.0072,UNMAPPED,,,,,,,,128,128,RGBA
01_Assets_Organizados,UI/items/spellbreakers_seal.webp,UI,spellbreakers_seal.webp,.webp,3416,3.34,0.0033,UNMAPPED,,,,,,,,128,128,RGB
01_Assets_Organizados,UI/skills/mage/spellsteal.webp,UI,spellsteal.webp,.webp,3152,3.08,0.003,UNMAPPED,,,,,,,,128,128,RGB
01_Assets_Organizados,UI/crests/families/spider.webp,UI,spider.webp,.webp,15204,14.85,0.0145,UNMAPPED,,,,,,,,256,256,RGB
01_Assets_Organizados,UI/mobs/spider_egg.webp,UI,spider_egg.webp,.webp,2294,2.24,0.0022,UNMAPPED,,,,,,,,128,128,RGB
01_Assets_Organizados,UI/mobs/spider_egg_sac.webp,UI,spider_egg_sac.webp,.webp,2274,2.22,0.0022,UNMAPPED,,,,,,,,128,128,RGB
01_Assets_Organizados,UI/items/spider_leg.webp,UI,spider_leg.webp,.webp,1598,1.56,0.0015,UNMAPPED,,,,,,,,128,128,RGB
01_Assets_Organizados,UI/items/spider_silk.webp,UI,spider_silk.webp,.webp,1978,1.93,0.0019,UNMAPPED,,,,,,,,128,128,RGB
01_Assets_Organizados,UI/items/spool_of_thread.webp,UI,spool_of_thread.webp,.webp,2066,2.02,0.002,UNMAPPED,,,,,,,,128,128,RGB
01_Assets_Organizados,UI/items/spore_heart.webp,UI,spore_heart.webp,.webp,2730,2.67,0.0026,UNMAPPED,,,,,,,,128,128,RGB
01_Assets_Organizados,UI/mobs/sporeling_gatherer.webp,UI,sporeling_gatherer.webp,.webp,1660,1.62,0.0016,UNMAPPED,,,,,,,,128,128,RGB
01_Assets_Organizados,UI/skills/warrior/sport_boot.webp,UI,sport_boot.webp,.webp,1704,1.66,0.0016,UNMAPPED,,,,,,,,128,128,RGB
01_Assets_Organizados,UI/skills/warrior/sport_dive.webp,UI,sport_dive.webp,.webp,1400,1.37,0.0013,UNMAPPED,,,,,,,,128,128,RGB
01_Assets_Organizados,UI/skills/warrior/sport_feint.webp,UI,sport_feint.webp,.webp,1924,1.88,0.0018,UNMAPPED,,,,,,,,128,128,RGB
01_Assets_Organizados,UI/skills/warrior/sport_hoof.webp,UI,sport_hoof.webp,.webp,1944,1.9,0.0019,UNMAPPED,,,,,,,,128,128,RGB
01_Assets_Organizados,UI/skills/warrior/sport_kick.webp,UI,sport_kick.webp,.webp,1356,1.32,0.0013,UNMAPPED,,,,,,,,128,128,RGB
01_Assets_Organizados,UI/skills/warrior/sport_pass.webp,UI,sport_pass.webp,.webp,2820,2.75,0.0027,UNMAPPED,,,,,,,,128,128,RGB
01_Assets_Organizados,UI/skills/warrior/sport_punt.webp,UI,sport_punt.webp,.webp,1382,1.35,0.0013,UNMAPPED,,,,,,,,128,128,RGB
01_Assets_Organizados,UI/skills/warrior/sport_second_wind.webp,UI,sport_second_wind.webp,.webp,2092,2.04,0.002,UNMAPPED,,,,,,,,128,128,RGB
01_Assets_Organizados,UI/skills/warrior/sport_shoot.webp,UI,sport_shoot.webp,.webp,1678,1.64,0.0016,UNMAPPED,,,,,,,,128,128,RGB
01_Assets_Organizados,UI/skills/warrior/sport_shoulder.webp,UI,sport_shoulder.webp,.webp,1950,1.9,0.0019,UNMAPPED,,,,,,,,128,128,RGB
01_Assets_Organizados,UI/items/spring_water.webp,UI,spring_water.webp,.webp,3128,3.05,0.003,UNMAPPED,,,,,,,,128,128,RGB
01_Assets_Organizados,UI/skills/rogue/sprint.webp,UI,sprint.webp,.webp,2970,2.9,0.0028,UNMAPPED,,,,,,,,128,128,RGB
01_Assets_Organizados,UI/items/sprung_trap.webp,UI,sprung_trap.webp,.webp,2044,2.0,0.0019,UNMAPPED,,,,,,,,128,128,RGB
01_Assets_Organizados,UI/mobs/stable_horse.webp,UI,stable_horse.webp,.webp,1964,1.92,0.0019,UNMAPPED,,,,,,,,128,128,RGB
01_Assets_Organizados,UI/weapons/staff_a.jpg,UI,staff_a.jpg,.jpg,1403,1.37,0.0013,UNMAPPED,,,,,,,,128,128,RGB
01_Assets_Organizados,UI/weapons/staff_b.jpg,UI,staff_b.jpg,.jpg,1423,1.39,0.0014,UNMAPPED,,,,,,,,128,128,RGB
01_Assets_Organizados,UI/weapons/staff_c.jpg,UI,staff_c.jpg,.jpg,1435,1.4,0.0014,UNMAPPED,,,,,,,,128,128,RGB
01_Assets_Organizados,UI/weapons/staff_d.jpg,UI,staff_d.jpg,.jpg,1813,1.77,0.0017,UNMAPPED,,,,,,,,128,128,RGB
01_Assets_Organizados,UI/items/staff_of_drowned_prayers.webp,UI,staff_of_drowned_prayers.webp,.webp,1226,1.2,0.0012,UNMAPPED,,,,,,,,128,128,RGB
01_Assets_Organizados,UI/items/staff_of_the_gravewyrm.webp,UI,staff_of_the_gravewyrm.webp,.webp,1716,1.68,0.0016,UNMAPPED,,,,,,,,128,128,RGB
01_Assets_Organizados,UI/items/staff_of_velkhar.webp,UI,staff_of_velkhar.webp,.webp,1200,1.17,0.0011,UNMAPPED,,,,,,,,128,128,RGB
01_Assets_Organizados,UI/items/stag_antler.webp,UI,stag_antler.webp,.webp,2736,2.67,0.0026,UNMAPPED,,,,,,,,128,128,RGB
01_Assets_Organizados,UI/items/stalkerhide_jerkin.webp,UI,stalkerhide_jerkin.webp,.webp,3012,2.94,0.0029,UNMAPPED,,,,,,,,128,128,RGB
01_Assets_Organizados,UI/skills/hunter/stampede.webp,UI,stampede.webp,.webp,6480,6.33,0.0062,UNMAPPED,,,,,,,,128,128,RGB
01_Assets_Organizados,UI/weapons/starfall_judgment_of_the_heavens.jpg,UI,starfall_judgment_of_the_heavens.jpg,.jpg,821,0.8,0.0008,UNMAPPED,,,,,,,,128,128,RGB
01_Assets_Organizados,UI/store/armory/starfall_mace.webp,UI,starfall_mace.webp,.webp,16974,16.58,0.0162,UNMAPPED,,,,,,,,512,512,RGB
01_Assets_Organizados,UI/items/starfall_shard.webp,UI,starfall_shard.webp,.webp,2314,2.26,0.0022,UNMAPPED,,,,,,,,128,128,RGB
01_Assets_Organizados,UI/skills/druid/starfire.webp,UI,starfire.webp,.webp,3284,3.21,0.0031,UNMAPPED,,,,,,,,128,128,RGBA
01_Assets_Organizados,UI/skills/hunter/startle_shot.webp,UI,startle_shot.webp,.webp,3888,3.8,0.0037,UNMAPPED,,,,,,,,128,128,RGB
01_Assets_Organizados,UI/map-markers/station_apothecary.webp,UI,station_apothecary.webp,.webp,2008,1.96,0.0019,UNMAPPED,,,,,,,,64,64,RGBA
01_Assets_Organizados,UI/map-markers/station_forge.webp,UI,station_forge.webp,.webp,1662,1.62,0.0016,UNMAPPED,,,,,,,,64,64,RGBA
01_Assets_Organizados,UI/map-markers/station_kitchens.webp,UI,station_kitchens.webp,.webp,2114,2.06,0.002,UNMAPPED,,,,,,,,64,64,RGBA
01_Assets_Organizados,UI/map-markers/station_loom.webp,UI,station_loom.webp,.webp,2556,2.5,0.0024,UNMAPPED,,,,,,,,64,64,RGBA
01_Assets_Organizados,UI/map-markers/station_tannery.webp,UI,station_tannery.webp,.webp,1942,1.9,0.0019,UNMAPPED,,,,,,,,64,64,RGBA
01_Assets_Organizados,UI/map-markers/station_toolworks.webp,UI,station_toolworks.webp,.webp,2822,2.76,0.0027,UNMAPPED,,,,,,,,64,64,RGBA
01_Assets_Organizados,UI/skills/rogue/stealth.webp,UI,stealth.webp,.webp,3516,3.43,0.0034,UNMAPPED,,,,,,,,128,128,RGB
01_Assets_Organizados,UI/items/steel_orange_armor_plate.webp,UI,steel_orange_armor_plate.webp,.webp,1804,1.76,0.0017,UNMAPPED,,,,,,,,128,128,RGB
01_Assets_Organizados,UI/skills/shaman/stoneward.webp,UI,stoneward.webp,.webp,5188,5.07,0.0049,UNMAPPED,,,,,,,,128,128,RGB
01_Assets_Organizados,UI/skills/warrior/storm_bolt.webp,UI,storm_bolt.webp,.webp,8548,8.35,0.0082,UNMAPPED,,,,,,,,128,128,RGB
01_Assets_Organizados,UI/items/storm_core.webp,UI,storm_core.webp,.webp,2980,2.91,0.0028,UNMAPPED,,,,,,,,128,128,RGB
01_Assets_Organizados,UI/items/stormbark_mantle.webp,UI,stormbark_mantle.webp,.webp,3444,3.36,0.0033,UNMAPPED,,,,,,,,128,128,RGB
01_Assets_Organizados,UI/items/stormbound_crown.webp,UI,stormbound_crown.webp,.webp,3804,3.71,0.0036,UNMAPPED,,,,,,,,128,128,RGB
01_Assets_Organizados,UI/items/stormbound_greaves.webp,UI,stormbound_greaves.webp,.webp,4108,4.01,0.0039,UNMAPPED,,,,,,,,128,128,RGB
01_Assets_Organizados,UI/items/stormbound_handguards.webp,UI,stormbound_handguards.webp,.webp,3988,3.89,0.0038,UNMAPPED,,,,,,,,128,128,RGB
01_Assets_Organizados,UI/items/stormbound_hauberk.webp,UI,stormbound_hauberk.webp,.webp,4370,4.27,0.0042,UNMAPPED,,,,,,,,128,128,RGB
01_Assets_Organizados,UI/items/stormbound_legmail.webp,UI,stormbound_legmail.webp,.webp,3338,3.26,0.0032,UNMAPPED,,,,,,,,128,128,RGB
01_Assets_Organizados,UI/items/stormbound_spaulders.webp,UI,stormbound_spaulders.webp,.webp,4478,4.37,0.0043,UNMAPPED,,,,,,,,128,128,RGB
01_Assets_Organizados,UI/items/stormbound_waistguard.webp,UI,stormbound_waistguard.webp,.webp,3844,3.75,0.0037,UNMAPPED,,,,,,,,128,128,RGB
01_Assets_Organizados,UI/items/stormcallers_crown.webp,UI,stormcallers_crown.webp,.webp,2802,2.74,0.0027,UNMAPPED,,,,,,,,128,128,RGB
01_Assets_Organizados,UI/items/stormcallers_focus.webp,UI,stormcallers_focus.webp,.webp,2766,2.7,0.0026,UNMAPPED,,,,,,,,128,128,RGB
01_Assets_Organizados,UI/items/stormcallers_handguards.webp,UI,stormcallers_handguards.webp,.webp,2144,2.09,0.002,UNMAPPED,,,,,,,,128,128,RGB
01_Assets_Organizados,UI/items/stormcallers_spaulders.webp,UI,stormcallers_spaulders.webp,.webp,3226,3.15,0.0031,UNMAPPED,,,,,,,,128,128,RGB
01_Assets_Organizados,UI/items/stormcallers_waistguard.webp,UI,stormcallers_waistguard.webp,.webp,2372,2.32,0.0023,UNMAPPED,,,,,,,,128,128,RGB
01_Assets_Organizados,UI/items/stormchant_gauntlets.webp,UI,stormchant_gauntlets.webp,.webp,3284,3.21,0.0031,UNMAPPED,,,,,,,,128,128,RGB
01_Assets_Organizados,UI/mobs/stormcrag_elemental.webp,UI,stormcrag_elemental.webp,.webp,1952,1.91,0.0019,UNMAPPED,,,,,,,,128,128,RGB
01_Assets_Organizados,UI/items/stormreel_fishing_rod.webp,UI,stormreel_fishing_rod.webp,.webp,2810,2.74,0.0027,UNMAPPED,,,,,,,,128,128,RGB
01_Assets_Organizados,UI/items/stormroot_cowl.webp,UI,stormroot_cowl.webp,.webp,2776,2.71,0.0026,UNMAPPED,,,,,,,,128,128,RGB
01_Assets_Organizados,UI/items/stormscale_treads.webp,UI,stormscale_treads.webp,.webp,2536,2.48,0.0024,UNMAPPED,,,,,,,,128,128,RGB
01_Assets_Organizados,UI/items/stormshard_leggings.webp,UI,stormshard_leggings.webp,.webp,2238,2.19,0.0021,UNMAPPED,,,,,,,,128,128,RGB
01_Assets_Organizados,UI/skills/shaman/stormstrike.webp,UI,stormstrike.webp,.webp,6094,5.95,0.0058,UNMAPPED,,,,,,,,128,128,RGB
01_Assets_Organizados,UI/items/stormsunder_hood.webp,UI,stormsunder_hood.webp,.webp,2032,1.98,0.0019,UNMAPPED,,,,,,,,128,128,RGB
01_Assets_Organizados,UI/skills/shaman/stormsurge.webp,UI,stormsurge.webp,.webp,7222,7.05,0.0069,UNMAPPED,,,,,,,,128,128,RGB
01_Assets_Organizados,UI/items/stormvotive_hauberk.webp,UI,stormvotive_hauberk.webp,.webp,3904,3.81,0.0037,UNMAPPED,,,,,,,,128,128,RGB
01_Assets_Organizados,UI/items/sturdy_belt.webp,UI,sturdy_belt.webp,.webp,1722,1.68,0.0016,UNMAPPED,,,,,,,,128,128,RGB
01_Assets_Organizados,UI/specs/rogue/subtlety.webp,UI,subtlety.webp,.webp,5266,5.14,0.005,UNMAPPED,,,,,,,,128,128,RGB
01_Assets_Organizados,UI/skills/warrior/sudden_death.webp,UI,sudden_death.webp,.webp,3182,3.11,0.003,UNMAPPED,,,,,,,,128,128,RGB
01_Assets_Organizados,UI/skills/warlock/summon_doomguard.webp,UI,summon_doomguard.webp,.webp,3666,3.58,0.0035,UNMAPPED,,,,,,,,128,128,RGBA
01_Assets_Organizados,UI/skills/warlock/summon_felguard.webp,UI,summon_felguard.webp,.webp,4856,4.74,0.0046,UNMAPPED,,,,,,,,128,128,RGBA
01_Assets_Organizados,UI/skills/warlock/summon_felhunter.webp,UI,summon_felhunter.webp,.webp,4144,4.05,0.004,UNMAPPED,,,,,,,,128,128,RGBA
01_Assets_Organizados,UI/skills/warlock/summon_imp.webp,UI,summon_imp.webp,.webp,4004,3.91,0.0038,UNMAPPED,,,,,,,,128,128,RGBA
01_Assets_Organizados,UI/skills/warlock/summon_infernal.webp,UI,summon_infernal.webp,.webp,5162,5.04,0.0049,UNMAPPED,,,,,,,,128,128,RGBA
01_Assets_Organizados,UI/skills/warlock/summon_succubus.webp,UI,summon_succubus.webp,.webp,4372,4.27,0.0042,UNMAPPED,,,,,,,,128,128,RGB
01_Assets_Organizados,UI/skills/priest/summon_tithefiend.webp,UI,summon_tithefiend.webp,.webp,6068,5.93,0.0058,UNMAPPED,,,,,,,,128,128,RGB
01_Assets_Organizados,UI/skills/warlock/summon_voidwalker.webp,UI,summon_voidwalker.webp,.webp,3170,3.1,0.003,UNMAPPED,,,,,,,,128,128,RGB
01_Assets_Organizados,UI/skills/mage/summon_water_elemental.webp,UI,summon_water_elemental.webp,.webp,6850,6.69,0.0065,UNMAPPED,,,,,,,,128,128,RGB
01_Assets_Organizados,UI/mobs/sump_troll_devourer.webp,UI,sump_troll_devourer.webp,.webp,2064,2.02,0.002,UNMAPPED,,,,,,,,128,128,RGB
01_Assets_Organizados,UI/skills/paladin/sun_gods_verdict.webp,UI,sun_gods_verdict.webp,.webp,6970,6.81,0.0066,UNMAPPED,,,,,,,,128,128,RGB
01_Assets_Organizados,UI/items/sunbone_oracles_crown.webp,UI,sunbone_oracles_crown.webp,.webp,3058,2.99,0.0029,UNMAPPED,,,,,,,,128,128,RGB
01_Assets_Organizados,UI/items/sunbone_ritual_hauberk.webp,UI,sunbone_ritual_hauberk.webp,.webp,3686,3.6,0.0035,UNMAPPED,,,,,,,,128,128,RGB
01_Assets_Organizados,UI/items/sunbone_ritual_sarong.webp,UI,sunbone_ritual_sarong.webp,.webp,2810,2.74,0.0027,UNMAPPED,,,,,,,,128,128,RGB
01_Assets_Organizados,UI/skills/warrior/sunder_armor.webp,UI,sunder_armor.webp,.webp,4928,4.81,0.0047,UNMAPPED,,,,,,,,128,128,RGB
01_Assets_Organizados,UI/mobs/sundered_horror.webp,UI,sundered_horror.webp,.webp,1660,1.62,0.0016,UNMAPPED,,,,,,,,128,128,RGB
01_Assets_Organizados,UI/items/sunken_court_mantle.webp,UI,sunken_court_mantle.webp,.webp,3670,3.58,0.0035,UNMAPPED,,,,,,,,128,128,RGB
01_Assets_Organizados,UI/items/sunken_idol_mantle.webp,UI,sunken_idol_mantle.webp,.webp,1780,1.74,0.0017,UNMAPPED,,,,,,,,128,128,RGB
01_Assets_Organizados,UI/items/sunken_offering_bowl.webp,UI,sunken_offering_bowl.webp,.webp,3042,2.97,0.0029,UNMAPPED,,,,,,,,128,128,RGB
01_Assets_Organizados,UI/items/sunken_reliquary_hood.webp,UI,sunken_reliquary_hood.webp,.webp,3248,3.17,0.0031,UNMAPPED,,,,,,,,128,128,RGB
01_Assets_Organizados,UI/skills/druid/sunlance.webp,UI,sunlance.webp,.webp,4746,4.63,0.0045,UNMAPPED,,,,,,,,128,128,RGB
01_Assets_Organizados,UI/items/sunpetal_healing_draught.webp,UI,sunpetal_healing_draught.webp,.webp,5092,4.97,0.0049,UNMAPPED,,,,,,,,128,128,RGB
01_Assets_Organizados,UI/items/sunpetal_herb.webp,UI,sunpetal_herb.webp,.webp,2232,2.18,0.0021,UNMAPPED,,,,,,,,128,128,RGB
01_Assets_Organizados,UI/items/sunpetal_mana_draught.webp,UI,sunpetal_mana_draught.webp,.webp,4256,4.16,0.0041,UNMAPPED,,,,,,,,128,128,RGB
01_Assets_Organizados,UI/items/sunpetal_sickle.webp,UI,sunpetal_sickle.webp,.webp,3978,3.88,0.0038,UNMAPPED,,,,,,,,128,128,RGB
01_Assets_Organizados,UI/skills/paladin/sunward_disc.webp,UI,sunward_disc.webp,.webp,6134,5.99,0.0058,UNMAPPED,,,,,,,,128,128,RGB
01_Assets_Organizados,UI/items/sunweave_mantle.webp,UI,sunweave_mantle.webp,.webp,3760,3.67,0.0036,UNMAPPED,,,,,,,,128,128,RGB
01_Assets_Organizados,UI/items/sunweave_treads.webp,UI,sunweave_treads.webp,.webp,2738,2.67,0.0026,UNMAPPED,,,,,,,,128,128,RGB
01_Assets_Organizados,UI/items/supply_crate.webp,UI,supply_crate.webp,.webp,2464,2.41,0.0023,UNMAPPED,,,,,,,,128,128,RGB
01_Assets_Organizados,UI/specs/hunter/survival.webp,UI,survival.webp,.webp,7588,7.41,0.0072,UNMAPPED,,,,,,,,128,128,RGB
01_Assets_Organizados,UI/items/sutils_gambit.webp,UI,sutils_gambit.webp,.webp,3458,3.38,0.0033,UNMAPPED,,,,,,,,128,128,RGB
01_Assets_Organizados,UI/skills/warrior/sweeping_strikes.webp,UI,sweeping_strikes.webp,.webp,5700,5.57,0.0054,UNMAPPED,,,,,,,,128,128,RGB
01_Assets_Organizados,UI/items/swiftfang_talisman.webp,UI,swiftfang_talisman.webp,.webp,2504,2.45,0.0024,UNMAPPED,,,,,,,,128,128,RGB
01_Assets_Organizados,UI/skills/druid/swiftmend.webp,UI,swiftmend.webp,.webp,5344,5.22,0.0051,UNMAPPED,,,,,,,,128,128,RGB
01_Assets_Organizados,UI/skills/druid/swipe.webp,UI,swipe.webp,.webp,3628,3.54,0.0035,UNMAPPED,,,,,,,,128,128,RGBA
01_Assets_Organizados,UI/weapons/sword_a.jpg,UI,sword_a.jpg,.jpg,1517,1.48,0.0014,UNMAPPED,,,,,,,,128,128,RGB
01_Assets_Organizados,UI/weapons/sword_b.jpg,UI,sword_b.jpg,.jpg,1355,1.32,0.0013,UNMAPPED,,,,,,,,128,128,RGB
01_Assets_Organizados,UI/weapons/sword_c.jpg,UI,sword_c.jpg,.jpg,1356,1.32,0.0013,UNMAPPED,,,,,,,,128,128,RGB
01_Assets_Organizados,UI/weapons/sword_d.jpg,UI,sword_d.jpg,.jpg,1333,1.3,0.0013,UNMAPPED,,,,,,,,128,128,RGB
01_Assets_Organizados,UI/weapons/sword_e.jpg,UI,sword_e.jpg,.jpg,1304,1.27,0.0012,UNMAPPED,,,,,,,,128,128,RGB
01_Assets_Organizados,UI/weapons/sword_f.jpg,UI,sword_f.jpg,.jpg,1903,1.86,0.0018,UNMAPPED,,,,,,,,128,128,RGB
01_Assets_Organizados,UI/weapons/sword_g.jpg,UI,sword_g.jpg,.jpg,1721,1.68,0.0016,UNMAPPED,,,,,,,,128,128,RGB
01_Assets_Organizados,UI/chrome/talents.webp,UI,talents.webp,.webp,7204,7.04,0.0069,UNMAPPED,,,,,,,,128,128,RGBA
01_Assets_Organizados,UI/items/tallow_candle.webp,UI,tallow_candle.webp,.webp,3112,3.04,0.003,UNMAPPED,,,,,,,,128,128,RGB
01_Assets_Organizados,UI/skills/hunter/tame_beast.webp,UI,tame_beast.webp,.webp,2726,2.66,0.0026,UNMAPPED,,,,,,,,128,128,RGB
01_Assets_Organizados,UI/items/tangled_weed.webp,UI,tangled_weed.webp,.webp,2182,2.13,0.0021,UNMAPPED,,,,,,,,128,128,RGB
01_Assets_Organizados,UI/items/tanned_leather_jerkin.webp,UI,tanned_leather_jerkin.webp,.webp,2702,2.64,0.0026,UNMAPPED,,,,,,,,128,128,RGB
01_Assets_Organizados,UI/items/tanning_agent.webp,UI,tanning_agent.webp,.webp,1352,1.32,0.0013,UNMAPPED,,,,,,,,128,128,RGB
01_Assets_Organizados,UI/skills/warrior/taunt.webp,UI,taunt.webp,.webp,2168,2.12,0.0021,UNMAPPED,,,,,,,,128,128,RGB
01_Assets_Organizados,UI/weapons/tempered_flanged_mace.jpg,UI,tempered_flanged_mace.jpg,.jpg,906,0.88,0.0009,UNMAPPED,,,,,,,,128,128,RGB
01_Assets_Organizados,UI/store/armory/tempered_flanged_mace.webp,UI,tempered_flanged_mace.webp,.webp,8326,8.13,0.0079,UNMAPPED,,,,,,,,512,512,RGB
01_Assets_Organizados,UI/skills/mage/temporal_acceleration.webp,UI,temporal_acceleration.webp,.webp,6960,6.8,0.0066,UNMAPPED,,,,,,,,128,128,RGB
01_Assets_Organizados,UI/skills/mage/temporal_barrier.webp,UI,temporal_barrier.webp,.webp,6320,6.17,0.006,UNMAPPED,,,,,,,,128,128,RGB
01_Assets_Organizados,UI/skills/mage/temporal_cascade.webp,UI,temporal_cascade.webp,.webp,7260,7.09,0.0069,UNMAPPED,,,,,,,,128,128,RGB
01_Assets_Organizados,UI/skills/mage/temporal_echo.webp,UI,temporal_echo.webp,.webp,5210,5.09,0.005,UNMAPPED,,,,,,,,128,128,RGB
01_Assets_Organizados,UI/skills/mage/temporal_hourglass.webp,UI,temporal_hourglass.webp,.webp,8672,8.47,0.0083,UNMAPPED,,,,,,,,128,128,RGB
01_Assets_Organizados,UI/skills/mage/temporal_mend.webp,UI,temporal_mend.webp,.webp,6436,6.29,0.0061,UNMAPPED,,,,,,,,128,128,RGB
01_Assets_Organizados,UI/skills/mage/temporal_reversal.webp,UI,temporal_reversal.webp,.webp,6896,6.73,0.0066,UNMAPPED,,,,,,,,128,128,RGB
01_Assets_Organizados,UI/skills/mage/temporal_rewind.webp,UI,temporal_rewind.webp,.webp,6230,6.08,0.0059,UNMAPPED,,,,,,,,128,128,RGB
01_Assets_Organizados,UI/skills/mage/temporal_rift.webp,UI,temporal_rift.webp,.webp,7350,7.18,0.007,UNMAPPED,,,,,,,,128,128,RGB
01_Assets_Organizados,UI/mobs/terrace_howler.webp,UI,terrace_howler.webp,.webp,1938,1.89,0.0018,UNMAPPED,,,,,,,,128,128,RGB
01_Assets_Organizados,UI/items/the_codfather.webp,UI,the_codfather.webp,.webp,2546,2.49,0.0024,UNMAPPED,,,,,,,,128,128,RGB
01_Assets_Organizados,UI/mobs/the_meredark.webp,UI,the_meredark.webp,.webp,1812,1.77,0.0017,UNMAPPED,,,,,,,,128,128,RGB
01_Assets_Organizados,UI/mobs/the_topiary_bull.webp,UI,the_topiary_bull.webp,.webp,1542,1.51,0.0015,UNMAPPED,,,,,,,,128,128,RGB
01_Assets_Organizados,UI/mobs/the_wreck_warden.webp,UI,the_wreck_warden.webp,.webp,2612,2.55,0.0025,UNMAPPED,,,,,,,,128,128,RGB
01_Assets_Organizados,UI/items/thick_winter_pelt.webp,UI,thick_winter_pelt.webp,.webp,2294,2.24,0.0022,UNMAPPED,,,,,,,,128,128,RGB
01_Assets_Organizados,UI/mobs/thicket_boar.webp,UI,thicket_boar.webp,.webp,2812,2.75,0.0027,UNMAPPED,,,,,,,,128,128,RGB
01_Assets_Organizados,UI/skills/rogue/thieves_chorus.webp,UI,thieves_chorus.webp,.webp,4020,3.93,0.0038,UNMAPPED,,,,,,,,128,128,RGB
01_Assets_Organizados,UI/items/thorium_mining_pick.webp,UI,thorium_mining_pick.webp,.webp,4488,4.38,0.0043,UNMAPPED,,,,,,,,128,128,RGB
01_Assets_Organizados,UI/items/thorium_ore.webp,UI,thorium_ore.webp,.webp,1950,1.9,0.0019,UNMAPPED,,,,,,,,128,128,RGB
01_Assets_Organizados,UI/items/thorium_warblade.webp,UI,thorium_warblade.webp,.webp,1608,1.57,0.0015,UNMAPPED,,,,,,,,128,128,RGB
01_Assets_Organizados,UI/items/thoriumscale_cuirass.webp,UI,thoriumscale_cuirass.webp,.webp,3670,3.58,0.0035,UNMAPPED,,,,,,,,128,128,RGB
01_Assets_Organizados,UI/items/thoriumscale_greathelm.webp,UI,thoriumscale_greathelm.webp,.webp,3336,3.26,0.0032,UNMAPPED,,,,,,,,128,128,RGB
01_Assets_Organizados,UI/items/thoriumscale_leggings.webp,UI,thoriumscale_leggings.webp,.webp,3056,2.98,0.0029,UNMAPPED,,,,,,,,128,128,RGB
01_Assets_Organizados,UI/items/thornhide_boots.webp,UI,thornhide_boots.webp,.webp,5042,4.92,0.0048,UNMAPPED,,,,,,,,128,128,RGB
01_Assets_Organizados,UI/items/thornhide_cinch.webp,UI,thornhide_cinch.webp,.webp,4098,4.0,0.0039,UNMAPPED,,,,,,,,128,128,RGB
01_Assets_Organizados,UI/items/thornhide_gloves.webp,UI,thornhide_gloves.webp,.webp,4740,4.63,0.0045,UNMAPPED,,,,,,,,128,128,RGB
01_Assets_Organizados,UI/items/thornhide_headdress.webp,UI,thornhide_headdress.webp,.webp,3862,3.77,0.0037,UNMAPPED,,,,,,,,128,128,RGB
01_Assets_Organizados,UI/items/thornhide_leggings.webp,UI,thornhide_leggings.webp,.webp,5532,5.4,0.0053,UNMAPPED,,,,,,,,128,128,RGB
01_Assets_Organizados,UI/items/thornhide_mantle.webp,UI,thornhide_mantle.webp,.webp,6534,6.38,0.0062,UNMAPPED,,,,,,,,128,128,RGB
01_Assets_Organizados,UI/items/thornhide_vestment.webp,UI,thornhide_vestment.webp,.webp,4614,4.51,0.0044,UNMAPPED,,,,,,,,128,128,RGB
01_Assets_Organizados,UI/items/thornling_grips.webp,UI,thornling_grips.webp,.webp,3532,3.45,0.0034,UNMAPPED,,,,,,,,128,128,RGB
01_Assets_Organizados,UI/mobs/thornpeak_ogre.webp,UI,thornpeak_ogre.webp,.webp,1688,1.65,0.0016,UNMAPPED,,,,,,,,128,128,RGB
01_Assets_Organizados,UI/items/thornpeak_wildwraps.webp,UI,thornpeak_wildwraps.webp,.webp,3610,3.53,0.0034,UNMAPPED,,,,,,,,128,128,RGB
01_Assets_Organizados,UI/skills/druid/thorns.webp,UI,thorns.webp,.webp,4856,4.74,0.0046,UNMAPPED,,,,,,,,128,128,RGBA
01_Assets_Organizados,UI/mobs/threnos_first_voice.webp,UI,threnos_first_voice.webp,.webp,2234,2.18,0.0021,UNMAPPED,,,,,,,,128,128,RGB
01_Assets_Organizados,UI/skills/warrior/thunder_clap.webp,UI,thunder_clap.webp,.webp,8126,7.94,0.0077,UNMAPPED,,,,,,,,128,128,RGBA
01_Assets_Organizados,UI/skills/shaman/thunder_reservoir.webp,UI,thunder_reservoir.webp,.webp,7022,6.86,0.0067,UNMAPPED,,,,,,,,128,128,RGB
01_Assets_Organizados,UI/items/thunderward_legguards.webp,UI,thunderward_legguards.webp,.webp,3378,3.3,0.0032,UNMAPPED,,,,,,,,128,128,RGB
01_Assets_Organizados,UI/mobs/thunzharr_stormling.webp,UI,thunzharr_stormling.webp,.webp,2010,1.96,0.0019,UNMAPPED,,,,,,,,128,128,RGB
01_Assets_Organizados,UI/mobs/thunzharr_waking_peak.webp,UI,thunzharr_waking_peak.webp,.webp,1972,1.93,0.0019,UNMAPPED,,,,,,,,128,128,RGB
01_Assets_Organizados,UI/mobs/tide_scuttler.webp,UI,tide_scuttler.webp,.webp,2314,2.26,0.0022,UNMAPPED,,,,,,,,128,128,RGB
01_Assets_Organizados,UI/mobs/tidebound_acolyte.webp,UI,tidebound_acolyte.webp,.webp,2234,2.18,0.0021,UNMAPPED,,,,,,,,128,128,RGB
01_Assets_Organizados,UI/items/tidebound_spaulders.webp,UI,tidebound_spaulders.webp,.webp,3060,2.99,0.0029,UNMAPPED,,,,,,,,128,128,RGB
01_Assets_Organizados,UI/skills/shaman/tidecall.webp,UI,tidecall.webp,.webp,5150,5.03,0.0049,UNMAPPED,,,,,,,,128,128,RGB
01_Assets_Organizados,UI/items/tideglass_dirk.webp,UI,tideglass_dirk.webp,.webp,1544,1.51,0.0015,UNMAPPED,,,,,,,,128,128,RGB
01_Assets_Organizados,UI/items/tideguard_faceguard.webp,UI,tideguard_faceguard.webp,.webp,3350,3.27,0.0032,UNMAPPED,,,,,,,,128,128,RGB
01_Assets_Organizados,UI/items/tideguard_greaves.webp,UI,tideguard_greaves.webp,.webp,2402,2.35,0.0023,UNMAPPED,,,,,,,,128,128,RGB
01_Assets_Organizados,UI/items/tideguard_sabatons.webp,UI,tideguard_sabatons.webp,.webp,2338,2.28,0.0022,UNMAPPED,,,,,,,,128,128,RGB
01_Assets_Organizados,UI/items/tidehymn_slippers.webp,UI,tidehymn_slippers.webp,.webp,3004,2.93,0.0029,UNMAPPED,,,,,,,,128,128,RGB
01_Assets_Organizados,UI/items/tidereaver_gaff.webp,UI,tidereaver_gaff.webp,.webp,1294,1.26,0.0012,UNMAPPED,,,,,,,,128,128,RGB
01_Assets_Organizados,UI/items/tidescale_vest.webp,UI,tidescale_vest.webp,.webp,2842,2.78,0.0027,UNMAPPED,,,,,,,,128,128,RGB
01_Assets_Organizados,UI/items/tidewatchers_wraps.webp,UI,tidewatchers_wraps.webp,.webp,1724,1.68,0.0016,UNMAPPED,,,,,,,,128,128,RGB
01_Assets_Organizados,UI/items/tideworn_warboots.webp,UI,tideworn_warboots.webp,.webp,4432,4.33,0.0042,UNMAPPED,,,,,,,,128,128,RGB
01_Assets_Organizados,UI/items/tidewoven_trousers.webp,UI,tidewoven_trousers.webp,.webp,2916,2.85,0.0028,UNMAPPED,,,,,,,,128,128,RGB
01_Assets_Organizados,UI/items/tidewrought_fishing_rod.webp,UI,tidewrought_fishing_rod.webp,.webp,2900,2.83,0.0028,UNMAPPED,,,,,,,,128,128,RGB
01_Assets_Organizados,UI/skills/druid/tigers_fury.webp,UI,tigers_fury.webp,.webp,3538,3.46,0.0034,UNMAPPED,,,,,,,,128,128,RGBA
01_Assets_Organizados,UI/mobs/tolling_bell.webp,UI,tolling_bell.webp,.webp,1606,1.57,0.0015,UNMAPPED,,,,,,,,128,128,RGB
01_Assets_Organizados,UI/mobs/topiary_stag.webp,UI,topiary_stag.webp,.webp,1930,1.88,0.0018,UNMAPPED,,,,,,,,128,128,RGB
01_Assets_Organizados,UI/mobs/topiary_wolf.webp,UI,topiary_wolf.webp,.webp,1924,1.88,0.0018,UNMAPPED,,,,,,,,128,128,RGB
01_Assets_Organizados,UI/items/tough_jerky.webp,UI,tough_jerky.webp,.webp,3040,2.97,0.0029,UNMAPPED,,,,,,,,128,128,RGB
01_Assets_Organizados,UI/items/tradesman_hatchet.webp,UI,tradesman_hatchet.webp,.webp,1958,1.91,0.0019,UNMAPPED,,,,,,,,128,128,RGB
01_Assets_Organizados,UI/items/trail_hardtack.webp,UI,trail_hardtack.webp,.webp,3180,3.11,0.003,UNMAPPED,,,,,,,,128,128,RGB
01_Assets_Organizados,UI/items/trail_leggings.webp,UI,trail_leggings.webp,.webp,2214,2.16,0.0021,UNMAPPED,,,,,,,,128,128,RGB
01_Assets_Organizados,UI/skills/hunter/trailbreak.webp,UI,trailbreak.webp,.webp,4324,4.22,0.0041,UNMAPPED,,,,,,,,128,128,RGB
01_Assets_Organizados,UI/mobs/training_dummy.webp,UI,training_dummy.webp,.webp,1812,1.77,0.0017,UNMAPPED,,,,,,,,128,128,RGB
01_Assets_Organizados,UI/items/training_mace.webp,UI,training_mace.webp,.webp,1508,1.47,0.0014,UNMAPPED,,,,,,,,128,128,RGB
01_Assets_Organizados,UI/skills/druid/tranquility.webp,UI,tranquility.webp,.webp,5678,5.54,0.0054,UNMAPPED,,,,,,,,128,128,RGB
01_Assets_Organizados,UI/skills/druid/travel_form.webp,UI,travel_form.webp,.webp,5126,5.01,0.0049,UNMAPPED,,,,,,,,128,128,RGBA
01_Assets_Organizados,UI/items/travelers_knapsack.webp,UI,travelers_knapsack.webp,.webp,3504,3.42,0.0033,UNMAPPED,,,,,,,,128,128,RGB
01_Assets_Organizados,UI/mobs/treant_elder.webp,UI,treant_elder.webp,.webp,1732,1.69,0.0017,UNMAPPED,,,,,,,,128,128,RGB
01_Assets_Organizados,UI/daily-rewards/treasure_chest.webp,UI,treasure_chest.webp,.webp,18734,18.29,0.0179,UNMAPPED,,,,,,,,256,256,RGBA
01_Assets_Organizados,UI/crests/families/troll.webp,UI,troll.webp,.webp,17032,16.63,0.0162,UNMAPPED,,,,,,,,256,256,RGB
01_Assets_Organizados,UI/items/troll_fetish.webp,UI,troll_fetish.webp,.webp,2820,2.75,0.0027,UNMAPPED,,,,,,,,128,128,RGB
01_Assets_Organizados,UI/items/trollhide_leggings.webp,UI,trollhide_leggings.webp,.webp,2070,2.02,0.002,UNMAPPED,,,,,,,,128,128,RGB
01_Assets_Organizados,UI/skills/hunter/trueshot_aura.webp,UI,trueshot_aura.webp,.webp,3658,3.57,0.0035,UNMAPPED,,,,,,,,128,128,RGB
01_Assets_Organizados,UI/mobs/tunnel_rat.webp,UI,tunnel_rat.webp,.webp,2560,2.5,0.0024,UNMAPPED,,,,,,,,128,128,RGB
01_Assets_Organizados,UI/items/tunnelkings_spade.webp,UI,tunnelkings_spade.webp,.webp,2702,2.64,0.0026,UNMAPPED,,,,,,,,128,128,RGB
01_Assets_Organizados,UI/skills/mage/twin_frost_nova.webp,UI,twin_frost_nova.webp,.webp,8420,8.22,0.008,UNMAPPED,,,,,,,,128,128,RGB
01_Assets_Organizados,UI/skills/druid/typhoon.webp,UI,typhoon.webp,.webp,5630,5.5,0.0054,UNMAPPED,,,,,,,,128,128,RGB
01_Assets_Organizados,UI/skills/warlock/umbral_anchor.webp,UI,umbral_anchor.webp,.webp,3794,3.71,0.0036,UNMAPPED,,,,,,,,128,128,RGB
01_Assets_Organizados,UI/items/unbroken_circle.webp,UI,unbroken_circle.webp,.webp,3822,3.73,0.0036,UNMAPPED,,,,,,,,128,128,RGB
01_Assets_Organizados,UI/crests/families/undead.webp,UI,undead.webp,.webp,10282,10.04,0.0098,UNMAPPED,,,,,,,,256,256,RGB
01_Assets_Organizados,UI/skills/warlock/unholy_command.webp,UI,unholy_command.webp,.webp,5018,4.9,0.0048,UNMAPPED,,,,,,,,128,128,RGB
01_Assets_Organizados,UI/items/unknown_alien_weaponry.webp,UI,unknown_alien_weaponry.webp,.webp,3514,3.43,0.0034,UNMAPPED,,,,,,,,128,128,RGB
01_Assets_Organizados,UI/skills/hunter/unleash_beast.webp,UI,unleash_beast.webp,.webp,5954,5.81,0.0057,UNMAPPED,,,,,,,,128,128,RGB
01_Assets_Organizados,UI/skills/shaman/unleash_weapon.webp,UI,unleash_weapon.webp,.webp,6744,6.59,0.0064,UNMAPPED,,,,,,,,128,128,RGB
01_Assets_Organizados,UI/mobs/vael_the_mistcaller.webp,UI,vael_the_mistcaller.webp,.webp,2176,2.12,0.0021,UNMAPPED,,,,,,,,128,128,RGB
01_Assets_Organizados,UI/dungeons/vael_the_mistcaller.webp,UI,vael_the_mistcaller.webp,.webp,3270,3.19,0.0031,UNMAPPED,,,,,,,,128,128,RGBA
01_Assets_Organizados,UI/items/vaels_mist_staff.webp,UI,vaels_mist_staff.webp,.webp,1998,1.95,0.0019,UNMAPPED,,,,,,,,128,128,RGB
01_Assets_Organizados,UI/mobs/vale_bandit.webp,UI,vale_bandit.webp,.webp,2234,2.18,0.0021,UNMAPPED,,,,,,,,128,128,RGB
01_Assets_Organizados,UI/items/vale_carving_knife.webp,UI,vale_carving_knife.webp,.webp,1516,1.48,0.0014,UNMAPPED,,,,,,,,128,128,RGB
01_Assets_Organizados,UI/mobs/vale_cup_ball.webp,UI,vale_cup_ball.webp,.webp,1980,1.93,0.0019,UNMAPPED,,,,,,,,128,128,RGB
01_Assets_Organizados,UI/portraits/vale_cup_ball.webp,UI,vale_cup_ball.webp,.webp,2068,2.02,0.002,UNMAPPED,,,,,,,,128,128,RGB
01_Assets_Organizados,UI/items/valeborn_spellblade.webp,UI,valeborn_spellblade.webp,.webp,2528,2.47,0.0024,UNMAPPED,,,,,,,,128,128,RGB
01_Assets_Organizados,UI/items/valefire_lantern.webp,UI,valefire_lantern.webp,.webp,4056,3.96,0.0039,UNMAPPED,,,,,,,,128,128,RGB
01_Assets_Organizados,UI/items/valespun_robe.webp,UI,valespun_robe.webp,.webp,2666,2.6,0.0025,UNMAPPED,,,,,,,,128,128,RGB
01_Assets_Organizados,UI/skills/paladin/valkyrs_calling.webp,UI,valkyrs_calling.webp,.webp,4938,4.82,0.0047,UNMAPPED,,,,,,,,128,128,RGB
01_Assets_Organizados,UI/items/vanguard_azure_armor_plate.webp,UI,vanguard_azure_armor_plate.webp,.webp,2724,2.66,0.0026,UNMAPPED,,,,,,,,128,128,RGB
01_Assets_Organizados,UI/items/vanguard_bone.webp,UI,vanguard_bone.webp,.webp,1074,1.05,0.001,UNMAPPED,,,,,,,,128,128,RGB
01_Assets_Organizados,UI/items/vanguard_chrome_armor_plate.webp,UI,vanguard_chrome_armor_plate.webp,.webp,2144,2.09,0.002,UNMAPPED,,,,,,,,128,128,RGB
01_Assets_Organizados,UI/skills/rogue/vanish.webp,UI,vanish.webp,.webp,4016,3.92,0.0038,UNMAPPED,,,,,,,,128,128,RGB
01_Assets_Organizados,UI/mobs/varkas_boneguard.webp,UI,varkas_boneguard.webp,.webp,2852,2.79,0.0027,UNMAPPED,,,,,,,,128,128,RGB
01_Assets_Organizados,UI/items/varric_shadow_cowl.webp,UI,varric_shadow_cowl.webp,.webp,2244,2.19,0.0021,UNMAPPED,,,,,,,,128,128,RGB
01_Assets_Organizados,UI/skills/paladin/veilbound_march.webp,UI,veilbound_march.webp,.webp,6132,5.99,0.0058,UNMAPPED,,,,,,,,128,128,RGB
01_Assets_Organizados,UI/items/veilcloth_robe.webp,UI,veilcloth_robe.webp,.webp,1934,1.89,0.0018,UNMAPPED,,,,,,,,128,128,RGB
01_Assets_Organizados,UI/mobs/veiled_doe.webp,UI,veiled_doe.webp,.webp,1816,1.77,0.0017,UNMAPPED,,,,,,,,128,128,RGB
01_Assets_Organizados,UI/mobs/veiled_stag.webp,UI,veiled_stag.webp,.webp,2524,2.46,0.0024,UNMAPPED,,,,,,,,128,128,RGB
01_Assets_Organizados,UI/items/veilsteel_blade.webp,UI,veilsteel_blade.webp,.webp,1906,1.86,0.0018,UNMAPPED,,,,,,,,128,128,RGB
01_Assets_Organizados,UI/skills/priest/veilstep.webp,UI,veilstep.webp,.webp,3252,3.18,0.0031,UNMAPPED,,,,,,,,128,128,RGB
01_Assets_Organizados,UI/skills/rogue/veilstrike.webp,UI,veilstrike.webp,.webp,3626,3.54,0.0035,UNMAPPED,,,,,,,,128,128,RGB
01_Assets_Organizados,UI/skills/rogue/venom_dart.webp,UI,venom_dart.webp,.webp,3792,3.7,0.0036,UNMAPPED,,,,,,,,128,128,RGB
01_Assets_Organizados,UI/items/venom_gland.webp,UI,venom_gland.webp,.webp,1706,1.67,0.0016,UNMAPPED,,,,,,,,128,128,RGB
01_Assets_Organizados,UI/items/venomfire_elixir.webp,UI,venomfire_elixir.webp,.webp,4686,4.58,0.0045,UNMAPPED,,,,,,,,128,128,RGB
01_Assets_Organizados,UI/skills/rogue/venomrend.webp,UI,venomrend.webp,.webp,5438,5.31,0.0052,UNMAPPED,,,,,,,,128,128,RGB
01_Assets_Organizados,UI/items/verdant_heart_vestment.webp,UI,verdant_heart_vestment.webp,.webp,3070,3.0,0.0029,UNMAPPED,,,,,,,,128,128,RGB
01_Assets_Organizados,UI/items/verdant_walkers.webp,UI,verdant_walkers.webp,.webp,3706,3.62,0.0035,UNMAPPED,,,,,,,,128,128,RGB
01_Assets_Organizados,UI/items/verlans_oathblade.webp,UI,verlans_oathblade.webp,.webp,2122,2.07,0.002,UNMAPPED,,,,,,,,128,128,RGB
01_Assets_Organizados,UI/items/vestments_of_the_waking_grove.webp,UI,vestments_of_the_waking_grove.webp,.webp,3932,3.84,0.0037,UNMAPPED,,,,,,,,128,128,RGB
01_Assets_Organizados,UI/skills/warlock/vicarious_suffering.webp,UI,vicarious_suffering.webp,.webp,4316,4.21,0.0041,UNMAPPED,,,,,,,,128,128,RGB
01_Assets_Organizados,UI/skills/warrior/victory_rush.webp,UI,victory_rush.webp,.webp,7722,7.54,0.0074,UNMAPPED,,,,,,,,128,128,RGB
01_Assets_Organizados,UI/items/vigil_star_chart.webp,UI,vigil_star_chart.webp,.webp,1986,1.94,0.0019,UNMAPPED,,,,,,,,128,128,RGB
01_Assets_Organizados,UI/items/vineclaw_stalking_breeches.webp,UI,vineclaw_stalking_breeches.webp,.webp,1978,1.93,0.0019,UNMAPPED,,,,,,,,128,128,RGB
01_Assets_Organizados,UI/mobs/vision_aldren_warrior.webp,UI,vision_aldren_warrior.webp,.webp,2226,2.17,0.0021,UNMAPPED,,,,,,,,128,128,RGB
01_Assets_Organizados,UI/mobs/vision_deathstalker_voss.webp,UI,vision_deathstalker_voss.webp,.webp,2396,2.34,0.0023,UNMAPPED,,,,,,,,128,128,RGB
01_Assets_Organizados,UI/mobs/vision_malric_mage.webp,UI,vision_malric_mage.webp,.webp,2296,2.24,0.0022,UNMAPPED,,,,,,,,128,128,RGB
01_Assets_Organizados,UI/mobs/void_stalker.webp,UI,void_stalker.webp,.webp,1820,1.78,0.0017,UNMAPPED,,,,,,,,128,128,RGB
01_Assets_Organizados,UI/skills/warlock/voidfeast.webp,UI,voidfeast.webp,.webp,5232,5.11,0.005,UNMAPPED,,,,,,,,128,128,RGB
01_Assets_Organizados,UI/items/voidscar_handwraps.webp,UI,voidscar_handwraps.webp,.webp,1854,1.81,0.0018,UNMAPPED,,,,,,,,128,128,RGB
01_Assets_Organizados,UI/items/voidsong_dirk.webp,UI,voidsong_dirk.webp,.webp,2044,2.0,0.0019,UNMAPPED,,,,,,,,128,128,RGB
01_Assets_Organizados,UI/items/voidweave_mantle.webp,UI,voidweave_mantle.webp,.webp,1918,1.87,0.0018,UNMAPPED,,,,,,,,128,128,RGB
01_Assets_Organizados,UI/skills/hunter/volley.webp,UI,volley.webp,.webp,5776,5.64,0.0055,UNMAPPED,,,,,,,,128,128,RGB
01_Assets_Organizados,UI/mobs/voskar_emberwing.webp,UI,voskar_emberwing.webp,.webp,2274,2.22,0.0022,UNMAPPED,,,,,,,,128,128,RGB
01_Assets_Organizados,UI/items/voss_sanctified_mace.webp,UI,voss_sanctified_mace.webp,.webp,1718,1.68,0.0016,UNMAPPED,,,,,,,,128,128,RGB
01_Assets_Organizados,UI/items/votive_chain_belt.webp,UI,votive_chain_belt.webp,.webp,2526,2.47,0.0024,UNMAPPED,,,,,,,,128,128,RGB
01_Assets_Organizados,UI/skills/paladin/vowkeeper_strike.webp,UI,vowkeeper_strike.webp,.webp,5732,5.6,0.0055,UNMAPPED,,,,,,,,128,128,RGB
01_Assets_Organizados,UI/mobs/waking_warden.webp,UI,waking_warden.webp,.webp,2878,2.81,0.0027,UNMAPPED,,,,,,,,128,128,RGB
01_Assets_Organizados,UI/weapons/wand_a.jpg,UI,wand_a.jpg,.jpg,1540,1.5,0.0015,UNMAPPED,,,,,,,,128,128,RGB
01_Assets_Organizados,UI/weapons/wand_b.jpg,UI,wand_b.jpg,.jpg,1512,1.48,0.0014,UNMAPPED,,,,,,,,128,128,RGB
01_Assets_Organizados,UI/items/wanderers_chestguard.webp,UI,wanderers_chestguard.webp,.webp,2606,2.54,0.0025,UNMAPPED,,,,,,,,128,128,RGB
01_Assets_Organizados,UI/skills/mage/warded.webp,UI,warded.webp,.webp,8118,7.93,0.0077,UNMAPPED,,,,,,,,128,128,RGB
01_Assets_Organizados,UI/items/wardens_oathband.webp,UI,wardens_oathband.webp,.webp,1794,1.75,0.0017,UNMAPPED,,,,,,,,128,128,RGB
01_Assets_Organizados,UI/items/wardens_seal.webp,UI,wardens_seal.webp,.webp,3060,2.99,0.0029,UNMAPPED,,,,,,,,128,128,RGB
01_Assets_Organizados,UI/items/wardplate_cuirass.webp,UI,wardplate_cuirass.webp,.webp,2670,2.61,0.0025,UNMAPPED,,,,,,,,128,128,RGB
01_Assets_Organizados,UI/items/wardweave_cowl.webp,UI,wardweave_cowl.webp,.webp,2632,2.57,0.0025,UNMAPPED,,,,,,,,128,128,RGB
01_Assets_Organizados,UI/classes/warlock.webp,UI,warlock.webp,.webp,11128,10.87,0.0106,UNMAPPED,,,,,,,,256,256,RGB
01_Assets_Organizados,UI/mobs/warlock_imp.webp,UI,warlock_imp.webp,.webp,2132,2.08,0.002,UNMAPPED,,,,,,,,128,128,RGB
01_Assets_Organizados,UI/mobs/warlock_voidwalker.webp,UI,warlock_voidwalker.webp,.webp,1770,1.73,0.0017,UNMAPPED,,,,,,,,128,128,RGB
01_Assets_Organizados,UI/mobs/warlord_drogmar.webp,UI,warlord_drogmar.webp,.webp,1680,1.64,0.0016,UNMAPPED,,,,,,,,128,128,RGB
01_Assets_Organizados,UI/classes/warrior.webp,UI,warrior.webp,.webp,14160,13.83,0.0135,UNMAPPED,,,,,,,,256,256,RGB
01_Assets_Organizados,UI/skills/shaman/warspirit_cadence.webp,UI,warspirit_cadence.webp,.webp,7892,7.71,0.0075,UNMAPPED,,,,,,,,128,128,RGB
01_Assets_Organizados,UI/mobs/water_elemental.webp,UI,water_elemental.webp,.webp,2106,2.06,0.002,UNMAPPED,,,,,,,,128,128,RGB
01_Assets_Organizados,UI/items/waterlogged_idol.webp,UI,waterlogged_idol.webp,.webp,4796,4.68,0.0046,UNMAPPED,,,,,,,,128,128,RGB
01_Assets_Organizados,UI/items/wayfarers_hood.webp,UI,wayfarers_hood.webp,.webp,2056,2.01,0.002,UNMAPPED,,,,,,,,128,128,RGB
01_Assets_Organizados,UI/items/weathered_ledger_page.webp,UI,weathered_ledger_page.webp,.webp,2276,2.22,0.0022,UNMAPPED,,,,,,,,128,128,RGB
01_Assets_Organizados,UI/items/webwood_silk.webp,UI,webwood_silk.webp,.webp,2464,2.41,0.0023,UNMAPPED,,,,,,,,128,128,RGB
01_Assets_Organizados,UI/mobs/webwood_spider.webp,UI,webwood_spider.webp,.webp,1520,1.48,0.0014,UNMAPPED,,,,,,,,128,128,RGB
01_Assets_Organizados,UI/items/whetted_iron_dirk.webp,UI,whetted_iron_dirk.webp,.webp,1740,1.7,0.0017,UNMAPPED,,,,,,,,128,128,RGB
01_Assets_Organizados,UI/skills/warrior/whirlwind.webp,UI,whirlwind.webp,.webp,3562,3.48,0.0034,UNMAPPED,,,,,,,,128,128,RGBA
01_Assets_Organizados,UI/weapons/whittler_s_knife.jpg,UI,whittler_s_knife.jpg,.jpg,1021,1.0,0.001,UNMAPPED,,,,,,,,128,128,RGB
01_Assets_Organizados,UI/items/wickspun_treads.webp,UI,wickspun_treads.webp,.webp,2426,2.37,0.0023,UNMAPPED,,,,,,,,128,128,RGB
01_Assets_Organizados,UI/mobs/widow_hatchling.webp,UI,widow_hatchling.webp,.webp,1536,1.5,0.0015,UNMAPPED,,,,,,,,128,128,RGB
01_Assets_Organizados,UI/items/widow_silk_hood.webp,UI,widow_silk_hood.webp,.webp,2904,2.84,0.0028,UNMAPPED,,,,,,,,128,128,RGB
01_Assets_Organizados,UI/items/widow_venom_sac.webp,UI,widow_venom_sac.webp,.webp,2704,2.64,0.0026,UNMAPPED,,,,,,,,128,128,RGB
01_Assets_Organizados,UI/items/widowfang_dirk.webp,UI,widowfang_dirk.webp,.webp,2072,2.02,0.002,UNMAPPED,,,,,,,,128,128,RGB
01_Assets_Organizados,UI/items/widowsilk_skein.webp,UI,widowsilk_skein.webp,.webp,1560,1.52,0.0015,UNMAPPED,,,,,,,,128,128,RGB
01_Assets_Organizados,UI/mobs/widowsilk_spinner.webp,UI,widowsilk_spinner.webp,.webp,1534,1.5,0.0015,UNMAPPED,,,,,,,,128,128,RGB
01_Assets_Organizados,UI/mobs/wild_boar.webp,UI,wild_boar.webp,.webp,2832,2.77,0.0027,UNMAPPED,,,,,,,,128,128,RGB
01_Assets_Organizados,UI/items/wildgrove_cinch.webp,UI,wildgrove_cinch.webp,.webp,2782,2.72,0.0027,UNMAPPED,,,,,,,,128,128,RGB
01_Assets_Organizados,UI/items/wildgrowth_leggings.webp,UI,wildgrowth_leggings.webp,.webp,4276,4.18,0.0041,UNMAPPED,,,,,,,,128,128,RGB
01_Assets_Organizados,UI/skills/hunter/wildheart.webp,UI,wildheart.webp,.webp,6274,6.13,0.006,UNMAPPED,,,,,,,,128,128,RGB
01_Assets_Organizados,UI/mobs/wildheart_beastmaster.webp,UI,wildheart_beastmaster.webp,.webp,3254,3.18,0.0031,UNMAPPED,,,,,,,,128,128,RGB
01_Assets_Organizados,UI/items/wildheart_fangknife.webp,UI,wildheart_fangknife.webp,.webp,2854,2.79,0.0027,UNMAPPED,,,,,,,,128,128,RGB
01_Assets_Organizados,UI/mobs/wildheart_hexcaller.webp,UI,wildheart_hexcaller.webp,.webp,3278,3.2,0.0031,UNMAPPED,,,,,,,,128,128,RGB
01_Assets_Organizados,UI/items/wildheart_hexwood_staff.webp,UI,wildheart_hexwood_staff.webp,.webp,2380,2.32,0.0023,UNMAPPED,,,,,,,,128,128,RGB
01_Assets_Organizados,UI/mobs/wildheart_high_priest.webp,UI,wildheart_high_priest.webp,.webp,3546,3.46,0.0034,UNMAPPED,,,,,,,,128,128,RGB
01_Assets_Organizados,UI/mobs/wildheart_ravager.webp,UI,wildheart_ravager.webp,.webp,3430,3.35,0.0033,UNMAPPED,,,,,,,,128,128,RGB
01_Assets_Organizados,UI/mobs/wildheart_stalker.webp,UI,wildheart_stalker.webp,.webp,2192,2.14,0.0021,UNMAPPED,,,,,,,,128,128,RGB
01_Assets_Organizados,UI/items/wildheart_tuskblade.webp,UI,wildheart_tuskblade.webp,.webp,2350,2.29,0.0022,UNMAPPED,,,,,,,,128,128,RGB
01_Assets_Organizados,UI/items/wildsoul_maul.webp,UI,wildsoul_maul.webp,.webp,2274,2.22,0.0022,UNMAPPED,,,,,,,,128,128,RGB
01_Assets_Organizados,UI/mobs/willow_sprite.webp,UI,willow_sprite.webp,.webp,1740,1.7,0.0017,UNMAPPED,,,,,,,,128,128,RGB
01_Assets_Organizados,UI/items/windguard_leggings.webp,UI,windguard_leggings.webp,.webp,2052,2.0,0.002,UNMAPPED,,,,,,,,128,128,RGB
01_Assets_Organizados,UI/skills/hunter/wing_clip.webp,UI,wing_clip.webp,.webp,3598,3.51,0.0034,UNMAPPED,,,,,,,,128,128,RGB
01_Assets_Organizados,UI/weapons/winterbite.jpg,UI,winterbite.jpg,.jpg,932,0.91,0.0009,UNMAPPED,,,,,,,,128,128,RGB
01_Assets_Organizados,UI/store/armory/winterbite.webp,UI,winterbite.webp,.webp,10976,10.72,0.0105,UNMAPPED,,,,,,,,512,512,RGB
01_Assets_Organizados,UI/items/wisp_mote.webp,UI,wisp_mote.webp,.webp,1838,1.79,0.0018,UNMAPPED,,,,,,,,128,128,RGB
01_Assets_Organizados,UI/items/wisplight_globe.webp,UI,wisplight_globe.webp,.webp,2258,2.21,0.0022,UNMAPPED,,,,,,,,128,128,RGB
01_Assets_Organizados,UI/skills/warlock/wlk_r11_demon_armor.webp,UI,wlk_r11_demon_armor.webp,.webp,4552,4.45,0.0043,UNMAPPED,,,,,,,,128,128,RGB
01_Assets_Organizados,UI/skills/warlock/wlk_r11_fel_concentration.webp,UI,wlk_r11_fel_concentration.webp,.webp,3206,3.13,0.0031,UNMAPPED,,,,,,,,128,128,RGB
01_Assets_Organizados,UI/skills/warlock/wlk_r11_improved_life_tap.webp,UI,wlk_r11_improved_life_tap.webp,.webp,2978,2.91,0.0028,UNMAPPED,,,,,,,,128,128,RGB
01_Assets_Organizados,UI/skills/warlock/wlk_r14_amplify_curse.webp,UI,wlk_r14_amplify_curse.webp,.webp,4002,3.91,0.0038,UNMAPPED,,,,,,,,128,128,RGB
01_Assets_Organizados,UI/skills/warlock/wlk_r14_ruin.webp,UI,wlk_r14_ruin.webp,.webp,3768,3.68,0.0036,UNMAPPED,,,,,,,,128,128,RGB
01_Assets_Organizados,UI/skills/warlock/wlk_r14_shadow_mastery.webp,UI,wlk_r14_shadow_mastery.webp,.webp,4172,4.07,0.004,UNMAPPED,,,,,,,,128,128,RGB
01_Assets_Organizados,UI/skills/warlock/wlk_r17_death_coil.webp,UI,wlk_r17_death_coil.webp,.webp,4496,4.39,0.0043,UNMAPPED,,,,,,,,128,128,RGB
01_Assets_Organizados,UI/skills/warlock/wlk_r17_demonic_resilience.webp,UI,wlk_r17_demonic_resilience.webp,.webp,4964,4.85,0.0047,UNMAPPED,,,,,,,,128,128,RGB
01_Assets_Organizados,UI/skills/warlock/wlk_r17_improved_fear.webp,UI,wlk_r17_improved_fear.webp,.webp,3276,3.2,0.0031,UNMAPPED,,,,,,,,128,128,RGB
01_Assets_Organizados,UI/skills/warlock/wlk_r20_chaos_bolt.webp,UI,wlk_r20_chaos_bolt.webp,.webp,5104,4.98,0.0049,UNMAPPED,,,,,,,,128,128,RGB
01_Assets_Organizados,UI/skills/warlock/wlk_r20_curse_mastery.webp,UI,wlk_r20_curse_mastery.webp,.webp,3982,3.89,0.0038,UNMAPPED,,,,,,,,128,128,RGB
01_Assets_Organizados,UI/skills/warlock/wlk_r20_grimoire_of_haste.webp,UI,wlk_r20_grimoire_of_haste.webp,.webp,3770,3.68,0.0036,UNMAPPED,,,,,,,,128,128,RGB
01_Assets_Organizados,UI/skills/warlock/wlk_r5_bane.webp,UI,wlk_r5_bane.webp,.webp,4116,4.02,0.0039,UNMAPPED,,,,,,,,128,128,RGB
01_Assets_Organizados,UI/skills/warlock/wlk_r5_improved_corruption.webp,UI,wlk_r5_improved_corruption.webp,.webp,5380,5.25,0.0051,UNMAPPED,,,,,,,,128,128,RGB
01_Assets_Organizados,UI/skills/warlock/wlk_r5_improved_immolate.webp,UI,wlk_r5_improved_immolate.webp,.webp,4668,4.56,0.0045,UNMAPPED,,,,,,,,128,128,RGB
01_Assets_Organizados,UI/skills/warlock/wlk_r8_curse_of_exhaustion.webp,UI,wlk_r8_curse_of_exhaustion.webp,.webp,4942,4.83,0.0047,UNMAPPED,,,,,,,,128,128,RGB
01_Assets_Organizados,UI/skills/warlock/wlk_r8_howl_of_terror.webp,UI,wlk_r8_howl_of_terror.webp,.webp,4928,4.81,0.0047,UNMAPPED,,,,,,,,128,128,RGB
01_Assets_Organizados,UI/skills/warlock/wlk_r8_voidfeast.webp,UI,wlk_r8_voidfeast.webp,.webp,4156,4.06,0.004,UNMAPPED,,,,,,,,128,128,RGB
01_Assets_Organizados,UI/items/wolf_fang.webp,UI,wolf_fang.webp,.webp,2276,2.22,0.0022,UNMAPPED,,,,,,,,128,128,RGB
01_Assets_Organizados,UI/items/wolfhide_satchel.webp,UI,wolfhide_satchel.webp,.webp,3418,3.34,0.0033,UNMAPPED,,,,,,,,128,128,RGB
01_Assets_Organizados,UI/mobs/wood_wraith.webp,UI,wood_wraith.webp,.webp,1542,1.51,0.0015,UNMAPPED,,,,,,,,128,128,RGB
01_Assets_Organizados,UI/map-markers/world_passage.webp,UI,world_passage.webp,.webp,2422,2.37,0.0023,UNMAPPED,,,,,,,,64,64,RGBA
01_Assets_Organizados,UI/items/worn_sword.webp,UI,worn_sword.webp,.webp,1810,1.77,0.0017,UNMAPPED,,,,,,,,128,128,RGB
01_Assets_Organizados,UI/items/woven_robe.webp,UI,woven_robe.webp,.webp,2220,2.17,0.0021,UNMAPPED,,,,,,,,128,128,RGB
01_Assets_Organizados,UI/mobs/wraithbinder_maldrec.webp,UI,wraithbinder_maldrec.webp,.webp,2774,2.71,0.0026,UNMAPPED,,,,,,,,128,128,RGB
01_Assets_Organizados,UI/items/wraithfire_orb.webp,UI,wraithfire_orb.webp,.webp,4094,4.0,0.0039,UNMAPPED,,,,,,,,128,128,RGB
01_Assets_Organizados,UI/skills/druid/wrath.webp,UI,wrath.webp,.webp,3248,3.17,0.0031,UNMAPPED,,,,,,,,128,128,RGBA
01_Assets_Organizados,UI/mobs/wreck_thief.webp,UI,wreck_thief.webp,.webp,1722,1.68,0.0016,UNMAPPED,,,,,,,,128,128,RGB
01_Assets_Organizados,UI/items/wreck_wardens_mantle.webp,UI,wreck_wardens_mantle.webp,.webp,2058,2.01,0.002,UNMAPPED,,,,,,,,128,128,RGB
01_Assets_Organizados,UI/items/wreckfield_flotsam_crate.webp,UI,wreckfield_flotsam_crate.webp,.webp,2370,2.31,0.0023,UNMAPPED,,,,,,,,128,128,RGB
01_Assets_Organizados,UI/weapons/wrought_iron_longsword.jpg,UI,wrought_iron_longsword.jpg,.jpg,731,0.71,0.0007,UNMAPPED,,,,,,,,128,128,RGB
01_Assets_Organizados,UI/items/wyrmchoir_handwraps.webp,UI,wyrmchoir_handwraps.webp,.webp,3304,3.23,0.0032,UNMAPPED,,,,,,,,128,128,RGB
01_Assets_Organizados,UI/items/wyrmcult_grand_robe.webp,UI,wyrmcult_grand_robe.webp,.webp,2792,2.73,0.0027,UNMAPPED,,,,,,,,128,128,RGB
01_Assets_Organizados,UI/mobs/wyrmcult_necromancer.webp,UI,wyrmcult_necromancer.webp,.webp,2128,2.08,0.002,UNMAPPED,,,,,,,,128,128,RGB
01_Assets_Organizados,UI/items/wyrmcult_orders.webp,UI,wyrmcult_orders.webp,.webp,2116,2.07,0.002,UNMAPPED,,,,,,,,128,128,RGB
01_Assets_Organizados,UI/items/wyrmcult_soulsteps.webp,UI,wyrmcult_soulsteps.webp,.webp,3354,3.28,0.0032,UNMAPPED,,,,,,,,128,128,RGB
01_Assets_Organizados,UI/items/wyrmcult_spellgrips.webp,UI,wyrmcult_spellgrips.webp,.webp,3368,3.29,0.0032,UNMAPPED,,,,,,,,128,128,RGB
01_Assets_Organizados,UI/mobs/wyrmcult_zealot.webp,UI,wyrmcult_zealot.webp,.webp,2234,2.18,0.0021,UNMAPPED,,,,,,,,128,128,RGB
01_Assets_Organizados,UI/items/wyrmfang_greatblade.webp,UI,wyrmfang_greatblade.webp,.webp,1992,1.95,0.0019,UNMAPPED,,,,,,,,128,128,RGB
01_Assets_Organizados,UI/items/wyrmscale_jerkin.webp,UI,wyrmscale_jerkin.webp,.webp,2680,2.62,0.0026,UNMAPPED,,,,,,,,128,128,RGB
01_Assets_Organizados,UI/items/wyrmshadow_harness.webp,UI,wyrmshadow_harness.webp,.webp,2168,2.12,0.0021,UNMAPPED,,,,,,,,128,128,RGB
01_Assets_Organizados,UI/items/wyrmshadow_legguards.webp,UI,wyrmshadow_legguards.webp,.webp,1734,1.69,0.0017,UNMAPPED,,,,,,,,128,128,RGB
01_Assets_Organizados,UI/items/wyrmshadow_talongrips.webp,UI,wyrmshadow_talongrips.webp,.webp,2372,2.32,0.0023,UNMAPPED,,,,,,,,128,128,RGB
01_Assets_Organizados,UI/items/wyrmshadow_treads.webp,UI,wyrmshadow_treads.webp,.webp,2862,2.79,0.0027,UNMAPPED,,,,,,,,128,128,RGB
01_Assets_Organizados,UI/items/wyrmwatch_warning_banner.webp,UI,wyrmwatch_warning_banner.webp,.webp,1806,1.76,0.0017,UNMAPPED,,,,,,,,128,128,RGB
01_Assets_Organizados,UI/skills/hunter/wyvern_sting.webp,UI,wyvern_sting.webp,.webp,2214,2.16,0.0021,UNMAPPED,,,,,,,,128,128,RGB
01_Assets_Organizados,UI/mobs/ysolei.webp,UI,ysolei.webp,.webp,2184,2.13,0.0021,UNMAPPED,,,,,,,,128,128,RGB
01_Assets_Organizados,UI/dungeons/ysolei.webp,UI,ysolei.webp,.webp,2830,2.76,0.0027,UNMAPPED,,,,,,,,128,128,RGBA
01_Assets_Organizados,UI/items/ysols_pearl_greaves.webp,UI,ysols_pearl_greaves.webp,.webp,2656,2.59,0.0025,UNMAPPED,,,,,,,,128,128,RGB
01_Assets_Organizados,UI/mobs/yumi_cat.webp,UI,yumi_cat.webp,.webp,3032,2.96,0.0029,UNMAPPED,,,,,,,,128,128,RGB
01_Assets_Organizados,UI/items/yumis_keepsake_locket.webp,UI,yumis_keepsake_locket.webp,.webp,3246,3.17,0.0031,UNMAPPED,,,,,,,,128,128,RGB
01_Assets_Organizados,UI/items/zealotsbane_blade.webp,UI,zealotsbane_blade.webp,.webp,2264,2.21,0.0022,UNMAPPED,,,,,,,,128,128,RGB
01_Assets_Organizados,UI/items/zense_meridian.webp,UI,zense_meridian.webp,.webp,3722,3.63,0.0035,UNMAPPED,,,,,,,,128,128,RGB
01_Assets_Organizados,UI/items/zyzzs_deathless_signet.webp,UI,zyzzs_deathless_signet.webp,.webp,4080,3.98,0.0039,UNMAPPED,,,,,,,,128,128,RGB
01_Assets_Organizados,VFX/circle_05.png,VFX,circle_05.png,.png,27583,26.94,0.0263,UNMAPPED,,,,,,,,512,512,P
01_Assets_Organizados,VFX/dirt_02.png,VFX,dirt_02.png,.png,53980,52.71,0.0515,UNMAPPED,,,,,,,,512,512,P
01_Assets_Organizados,VFX/fel_meteor_impact.png,VFX,fel_meteor_impact.png,.png,308881,301.64,0.2946,UNMAPPED,,,,,,,,512,512,RGB
01_Assets_Organizados,VFX/fire_01.png,VFX,fire_01.png,.png,96339,94.08,0.0919,UNMAPPED,,,,,,,,512,512,P
01_Assets_Organizados,VFX/flame_03.png,VFX,flame_03.png,.png,34261,33.46,0.0327,UNMAPPED,,,,,,,,512,512,P
01_Assets_Organizados,VFX/flare_01.png,VFX,flare_01.png,.png,17953,17.53,0.0171,UNMAPPED,,,,,,,,512,512,P
01_Assets_Organizados,VFX/light_01.png,VFX,light_01.png,.png,60764,59.34,0.0579,UNMAPPED,,,,,,,,512,512,RGBA
01_Assets_Organizados,VFX/light_02.png,VFX,light_02.png,.png,60327,58.91,0.0575,UNMAPPED,,,,,,,,512,512,RGBA
01_Assets_Organizados,VFX/magic_01.png,VFX,magic_01.png,.png,60113,58.7,0.0573,UNMAPPED,,,,,,,,512,512,P
01_Assets_Organizados,VFX/magic_04.png,VFX,magic_04.png,.png,31286,30.55,0.0298,UNMAPPED,,,,,,,,512,512,RGBA
01_Assets_Organizados,VFX/slash_02.png,VFX,slash_02.png,.png,28122,27.46,0.0268,UNMAPPED,,,,,,,,512,512,RGBA
01_Assets_Organizados,VFX/smoke_05.png,VFX,smoke_05.png,.png,67943,66.35,0.0648,UNMAPPED,,,,,,,,512,512,RGBA
01_Assets_Organizados,VFX/spark_04.png,VFX,spark_04.png,.png,77451,75.64,0.0739,UNMAPPED,,,,,,,,512,512,RGBA
01_Assets_Organizados,VFX/spark_06.png,VFX,spark_06.png,.png,42423,41.43,0.0405,UNMAPPED,,,,,,,,512,512,P
01_Assets_Organizados,VFX/star_07.png,VFX,star_07.png,.png,25846,25.24,0.0246,UNMAPPED,,,,,,,,512,512,RGBA
01_Assets_Organizados,VFX/trace_05.png,VFX,trace_05.png,.png,22660,22.13,0.0216,UNMAPPED,,,,,,,,512,512,RGBA
01_Assets_Organizados,VFX/twirl_01.png,VFX,twirl_01.png,.png,31267,30.53,0.0298,UNMAPPED,,,,,,,,512,512,RGBA
01_Assets_Organizados,Weapons/adv_axe_1handed.glb,Weapons,adv_axe_1handed.glb,.glb,31688,30.95,0.0302,⚠️ CRIAR,weapons/adv_axe_1handed.glb,weapons/knight_axe.glb,Knight Axe,274,340,1,1,,,
01_Assets_Organizados,Weapons/adv_axe_2handed.glb,Weapons,adv_axe_2handed.glb,.glb,41116,40.15,0.0392,⚠️ CRIAR,weapons/adv_axe_2handed.glb,weapons/executioner_axe.glb,Executioner Axe,508,591,1,1,,,
01_Assets_Organizados,Weapons/adv_dagger.glb,Weapons,adv_dagger.glb,.glb,29676,28.98,0.0283,⚠️ CRIAR,weapons/adv_dagger.glb,weapons/elite_dagger.glb,Elite Dagger,172,207,1,1,,,
01_Assets_Organizados,Weapons/adv_druid_staff.glb,Weapons,adv_druid_staff.glb,.glb,63980,62.48,0.061,⚠️ CRIAR,weapons/adv_druid_staff.glb,weapons/holy_staff.glb,Holy Staff,1062,1094,1,1,,,
01_Assets_Organizados,Weapons/adv_staff.glb,Weapons,adv_staff.glb,.glb,39464,38.54,0.0376,⚠️ CRIAR,weapons/adv_staff.glb,weapons/elite_staff.glb,Elite Staff,440,498,1,1,,,
01_Assets_Organizados,Weapons/adv_sword_1handed.glb,Weapons,adv_sword_1handed.glb,.glb,30420,29.71,0.029,⚠️ CRIAR,weapons/adv_sword_1handed.glb,weapons/knight_sword.glb,Knight Sword,300,358,1,1,,,
01_Assets_Organizados,Weapons/adv_sword_2handed.glb,Weapons,adv_sword_2handed.glb,.glb,37076,36.21,0.0354,⚠️ CRIAR,weapons/adv_sword_2handed.glb,weapons/elite_greatsword.glb,Elite Greatsword,412,545,1,1,,,
01_Assets_Organizados,Weapons/adv_sword_2handed_color.glb,Weapons,adv_sword_2handed_color.glb,.glb,37056,36.19,0.0353,⚠️ CRIAR,weapons/adv_sword_2handed_color.glb,weapons/blood_greatsword.glb,Blood Greatsword,412,544,1,1,,,
01_Assets_Organizados,Weapons/adv_wand.glb,Weapons,adv_wand.glb,.glb,26836,26.21,0.0256,⚠️ CRIAR,weapons/adv_wand.glb,weapons/elite_wand.glb,Elite Wand,150,158,1,1,,,
01_Assets_Organizados,Weapons/ashspark_shiv.glb,Weapons,ashspark_shiv.glb,.glb,66616,65.05,0.0635,✅ MANTER (renomear),weapons/ashspark_shiv.glb,weapons/ash_shiv.glb,Ash Shiv,488,512,1,3,,,
01_Assets_Organizados,Weapons/astravyr_fang_of_the_fallen_star.glb,Weapons,astravyr_fang_of_the_fallen_star.glb,.glb,159984,156.23,0.1526,✅ MANTER (simplificar nome),weapons/astravyr_fang_of_the_fallen_star.glb,weapons/astral_fang.glb,Astral Fang,826,836,2,3,,,
01_Assets_Organizados,Weapons/axe_1handed.glb,Weapons,axe_1handed.glb,.glb,32372,31.61,0.0309,⚠️ CRIAR,weapons/axe_1handed.glb,weapons/hand_axe.glb,Hand Axe,274,340,1,1,,,
01_Assets_Organizados,Weapons/axe_2handed.glb,Weapons,axe_2handed.glb,.glb,35248,34.42,0.0336,⚠️ CRIAR,weapons/axe_2handed.glb,weapons/battle_axe.glb,Battle Axe,508,591,1,1,,,
01_Assets_Organizados,Weapons/axe_a.glb,Weapons,axe_a.glb,.glb,72820,71.11,0.0694,⚠️ CRIAR,weapons/axe_a.glb,weapons/iron_axe.glb,Iron Axe,1206,1243,1,1,,,
01_Assets_Organizados,Weapons/axe_b.glb,Weapons,axe_b.glb,.glb,75268,73.5,0.0718,⚠️ CRIAR,weapons/axe_b.glb,weapons/steel_axe.glb,Steel Axe,1246,1312,1,1,,,
01_Assets_Organizados,Weapons/axe_c.glb,Weapons,axe_c.glb,.glb,62284,60.82,0.0594,⚠️ CRIAR,weapons/axe_c.glb,weapons/cleaver.glb,Cleaver,890,973,1,1,,,
01_Assets_Organizados,Weapons/axe_d.glb,Weapons,axe_d.glb,.glb,66020,64.47,0.063,⚠️ CRIAR,weapons/axe_d.glb,weapons/great_axe.glb,Great Axe,888,1090,1,1,,,
01_Assets_Organizados,Weapons/brasscap_hatchet.glb,Weapons,brasscap_hatchet.glb,.glb,236716,231.17,0.2257,✅ MANTER (renomear),weapons/brasscap_hatchet.glb,weapons/war_hatchet.glb,War Hatchet,452,514,1,3,,,
01_Assets_Organizados,Weapons/brasscrown_walking_staff.glb,Weapons,brasscrown_walking_staff.glb,.glb,260560,254.45,0.2485,✅ MANTER (renomear),weapons/brasscrown_walking_staff.glb,weapons/pilgrim_staff.glb,Pilgrim Staff,482,543,1,3,,,
01_Assets_Organizados,Weapons/cinderbrand.glb,Weapons,cinderbrand.glb,.glb,77264,75.45,0.0737,✅ MANTER,weapons/cinderbrand.glb,weapons/cinderbrand.glb,Cinderbrand,512,527,1,3,,,
01_Assets_Organizados,Weapons/cinderlatch.glb,Weapons,cinderlatch.glb,.glb,106392,103.9,0.1015,✅ MANTER,weapons/cinderlatch.glb,weapons/cinderlatch.glb,Cinderlatch,754,808,1,3,,,
01_Assets_Organizados,Weapons/cosmarch_spire_of_the_endless_void.glb,Weapons,cosmarch_spire_of_the_endless_void.glb,.glb,95564,93.32,0.0911,✅ MANTER (simplificar nome),weapons/cosmarch_spire_of_the_endless_void.glb,weapons/void_spire.glb,Void Spire,554,1125,1,3,,,
01_Assets_Organizados,Weapons/crossbow_1handed.glb,Weapons,crossbow_1handed.glb,.glb,40584,39.63,0.0387,⚠️ CRIAR,weapons/crossbow_1handed.glb,weapons/hand_crossbow.glb,Hand Crossbow,584,678,1,1,,,
01_Assets_Organizados,Weapons/crossbow_2handed.glb,Weapons,crossbow_2handed.glb,.glb,43380,42.36,0.0414,⚠️ CRIAR,weapons/crossbow_2handed.glb,weapons/heavy_crossbow.glb,Heavy Crossbow,792,942,1,1,,,
01_Assets_Organizados,Weapons/dagger.glb,Weapons,dagger.glb,.glb,35340,34.51,0.0337,⚠️ CRIAR,weapons/dagger.glb,weapons/dagger.glb,Dagger,172,207,1,1,,,
01_Assets_Organizados,Weapons/dagger_a.glb,Weapons,dagger_a.glb,.glb,43288,42.27,0.0413,⚠️ CRIAR,weapons/dagger_a.glb,weapons/ritual_dagger.glb,Ritual Dagger,374,476,1,1,,,
01_Assets_Organizados,Weapons/dagger_b.glb,Weapons,dagger_b.glb,.glb,45816,44.74,0.0437,⚠️ CRIAR,weapons/dagger_b.glb,weapons/shadow_dagger.glb,Shadow Dagger,502,531,1,1,,,
01_Assets_Organizados,Weapons/dagger_c.glb,Weapons,dagger_c.glb,.glb,59460,58.07,0.0567,⚠️ CRIAR,weapons/dagger_c.glb,weapons/assassin_blade.glb,Assassin Blade,754,910,1,1,,,
01_Assets_Organizados,Weapons/emberbite.glb,Weapons,emberbite.glb,.glb,86136,84.12,0.0821,✅ MANTER,weapons/emberbite.glb,weapons/emberbite.glb,Emberbite,496,528,1,3,,,
01_Assets_Organizados,Weapons/emberfang_sword.glb,Weapons,emberfang_sword.glb,.glb,228912,223.55,0.2183,✅ MANTER,weapons/emberfang_sword.glb,weapons/emberfang.glb,Emberfang,782,736,1,3,,,
01_Assets_Organizados,Weapons/emberwish_mote_of_the_dying_sun.glb,Weapons,emberwish_mote_of_the_dying_sun.glb,.glb,56440,55.12,0.0538,✅ MANTER (simplificar nome),weapons/emberwish_mote_of_the_dying_sun.glb,weapons/sun_mote.glb,Sun Mote,398,469,1,3,,,
01_Assets_Organizados,Weapons/emberwrought_wand.glb,Weapons,emberwrought_wand.glb,.glb,60272,58.86,0.0575,✅ MANTER (renomear),weapons/emberwrought_wand.glb,weapons/ember_wand.glb,Ember Wand,468,595,1,3,,,
01_Assets_Organizados,Weapons/encore_the_second_falling_star.glb,Weapons,encore_the_second_falling_star.glb,.glb,94468,92.25,0.0901,✅ MANTER (simplificar nome),weapons/encore_the_second_falling_star.glb,weapons/second_star.glb,Second Star,826,787,1,3,,,
01_Assets_Organizados,Weapons/fletcher_s_guild_bow.glb,Weapons,fletcher_s_guild_bow.glb,.glb,275280,268.83,0.2625,✅ MANTER (renomear),weapons/fletcher_s_guild_bow.glb,weapons/longbow.glb,Longbow,486,514,1,3,,,
01_Assets_Organizados,Weapons/forgeheart_stave.glb,Weapons,forgeheart_stave.glb,.glb,85028,83.04,0.0811,✅ MANTER (renomear),weapons/forgeheart_stave.glb,weapons/flame_stave.glb,Flame Stave,520,764,1,3,,,
01_Assets_Organizados,Weapons/frostbite.glb,Weapons,frostbite.glb,.glb,69980,68.34,0.0667,✅ MANTER,weapons/frostbite.glb,weapons/frostbite.glb,Frostbite,384,814,1,3,,,
01_Assets_Organizados,Weapons/glaciersplit.glb,Weapons,glaciersplit.glb,.glb,61232,59.8,0.0584,✅ MANTER,weapons/glaciersplit.glb,weapons/glaciersplit.glb,Glaciersplit,647,673,1,3,,,
01_Assets_Organizados,Weapons/guildmark_arming_sword.glb,Weapons,guildmark_arming_sword.glb,.glb,278284,271.76,0.2654,✅ MANTER (renomear),weapons/guildmark_arming_sword.glb,weapons/guild_sword.glb,Guild Sword,510,547,1,3,,,
01_Assets_Organizados,Weapons/guildmark_dirk.glb,Weapons,guildmark_dirk.glb,.glb,322516,314.96,0.3076,✅ MANTER (renomear),weapons/guildmark_dirk.glb,weapons/guild_dirk.glb,Guild Dirk,513,841,1,3,,,
01_Assets_Organizados,Weapons/halberd.glb,Weapons,halberd.glb,.glb,89928,87.82,0.0858,⚠️ CRIAR,weapons/halberd.glb,weapons/halberd.glb,Halberd,1496,1723,1,1,,,
01_Assets_Organizados,Weapons/hammer_a.glb,Weapons,hammer_a.glb,.glb,49056,47.91,0.0468,⚠️ CRIAR,weapons/hammer_a.glb,weapons/mace.glb,Mace,524,628,1,1,,,
01_Assets_Organizados,Weapons/hammer_b.glb,Weapons,hammer_b.glb,.glb,54792,53.51,0.0523,⚠️ CRIAR,weapons/hammer_b.glb,weapons/war_hammer.glb,War Hammer,712,772,1,1,,,
01_Assets_Organizados,Weapons/hammer_c.glb,Weapons,hammer_c.glb,.glb,58216,56.85,0.0555,⚠️ CRIAR,weapons/hammer_c.glb,weapons/great_hammer.glb,Great Hammer,840,855,1,1,,,
01_Assets_Organizados,Weapons/hammer_d.glb,Weapons,hammer_d.glb,.glb,99344,97.02,0.0947,⚠️ CRIAR,weapons/hammer_d.glb,weapons/maul.glb,Maul,1578,2002,1,1,,,
01_Assets_Organizados,Weapons/hoarfrost_vigil.glb,Weapons,hoarfrost_vigil.glb,.glb,47476,46.36,0.0453,✅ MANTER,weapons/hoarfrost_vigil.glb,weapons/hoarfrost.glb,Hoarfrost,696,606,1,3,,,
01_Assets_Organizados,Weapons/ice_fang.glb,Weapons,ice_fang.glb,.glb,74816,73.06,0.0714,✅ MANTER,weapons/ice_fang.glb,weapons/ice_fang.glb,Ice Fang,430,521,1,3,,,
01_Assets_Organizados,Weapons/iron_field_hammer.glb,Weapons,iron_field_hammer.glb,.glb,245868,240.11,0.2345,✅ MANTER (renomear),weapons/iron_field_hammer.glb,weapons/field_hammer.glb,Field Hammer,492,476,1,3,,,
01_Assets_Organizados,Weapons/knotted_oak_stave.glb,Weapons,knotted_oak_stave.glb,.glb,160972,157.2,0.1535,✅ MANTER (renomear),weapons/knotted_oak_stave.glb,weapons/oak_stave.glb,Oak Stave,503,851,1,3,,,
01_Assets_Organizados,Weapons/lacquered_rod.glb,Weapons,lacquered_rod.glb,.glb,245988,240.22,0.2346,✅ MANTER (renomear),weapons/lacquered_rod.glb,weapons/rod.glb,Rod,506,523,1,3,,,
01_Assets_Organizados,Weapons/low_poly_sword_handpainted.glb,Weapons,low_poly_sword_handpainted.glb,.glb,409552,399.95,0.3906,UNMAPPED,,,,144,175,1,1,,,
01_Assets_Organizados,Weapons/meteorlatch_the_sky_s_last_judgment.glb,Weapons,meteorlatch_the_sky_s_last_judgment.glb,.glb,138468,135.22,0.1321,✅ MANTER (simplificar nome),weapons/meteorlatch_the_sky_s_last_judgment.glb,weapons/meteorlatch.glb,Meteorlatch,969,1679,1,3,,,
01_Assets_Organizados,Weapons/moonlight_blade.glb,Weapons,moonlight_blade.glb,.glb,72472,70.77,0.0691,✅ MANTER,moonlight_blade.glb,weapons/moonlight_greatsword.glb,Moonlight Greatsword,426,840,1,1,,,
01_Assets_Organizados,Weapons/notched_woodaxe.glb,Weapons,notched_woodaxe.glb,.glb,229284,223.91,0.2187,✅ MANTER (renomear),weapons/notched_woodaxe.glb,weapons/woodcutter_axe.glb,Woodcutter Axe,470,567,1,3,,,
01_Assets_Organizados,Weapons/peeled_birch_wand.glb,Weapons,peeled_birch_wand.glb,.glb,209332,204.43,0.1996,✅ MANTER (renomear),weapons/peeled_birch_wand.glb,weapons/bone_wand_birch.glb,Bone Wand,462,665,1,3,,,
01_Assets_Organizados,Weapons/purple_axe.glb,Weapons,purple_axe.glb,.glb,54336,53.06,0.0518,✅ MANTER (renomear),weapons/purple_axe.glb,weapons/shadow_axe.glb,Shadow Axe,1044,1407,1,1,,,
01_Assets_Organizados,Weapons/purple_dagger.glb,Weapons,purple_dagger.glb,.glb,41864,40.88,0.0399,✅ MANTER (renomear),weapons/purple_dagger.glb,weapons/phantom_blade.glb,Phantom Blade,478,473,1,1,,,
01_Assets_Organizados,Weapons/purple_staff.glb,Weapons,purple_staff.glb,.glb,44260,43.22,0.0422,✅ MANTER (renomear),weapons/purple_staff.glb,weapons/shadow_staff.glb,Shadow Staff,1008,817,1,1,,,
01_Assets_Organizados,Weapons/purple_sword.glb,Weapons,purple_sword.glb,.glb,49976,48.8,0.0477,✅ MANTER (renomear),weapons/purple_sword.glb,weapons/shadow_blade.glb,Shadow Blade,962,828,1,1,,,
01_Assets_Organizados,Weapons/purple_wand.glb,Weapons,purple_wand.glb,.glb,47408,46.3,0.0452,UNMAPPED,,,,986,911,1,1,,,
01_Assets_Organizados,Weapons/quiver.glb,Weapons,quiver.glb,.glb,37460,36.58,0.0357,⚠️ CRIAR,weapons/quiver.glb,weapons/quiver.glb,Quiver,255,386,1,1,,,
01_Assets_Organizados,Weapons/redskull_dagger.glb,Weapons,redskull_dagger.glb,.glb,72044,70.36,0.0687,✅ MANTER (renomear),weapons/redskull_dagger.glb,weapons/skull_shiv.glb,Skull Shiv,514,781,1,1,,,
01_Assets_Organizados,Weapons/redskull_hammer.glb,Weapons,redskull_hammer.glb,.glb,77644,75.82,0.074,✅ MANTER (renomear),weapons/redskull_hammer.glb,weapons/skull_hammer.glb,Skull Hammer,1036,1660,1,1,,,
01_Assets_Organizados,Weapons/redskull_staff.glb,Weapons,redskull_staff.glb,.glb,77288,75.48,0.0737,✅ MANTER (renomear),weapons/redskull_staff.glb,weapons/skull_staff.glb,Skull Staff,1072,1579,1,1,,,
01_Assets_Organizados,Weapons/redskull_sword.glb,Weapons,redskull_sword.glb,.glb,75164,73.4,0.0717,✅ MANTER (renomear),weapons/redskull_sword.glb,weapons/skull_sword.glb,Skull Sword,1006,885,1,1,,,
01_Assets_Organizados,Weapons/redskull_wand.glb,Weapons,redskull_wand.glb,.glb,66600,65.04,0.0635,UNMAPPED,,,,542,834,1,1,,,
01_Assets_Organizados,Weapons/rimecrusher.glb,Weapons,rimecrusher.glb,.glb,62960,61.48,0.06,✅ MANTER,weapons/rimecrusher.glb,weapons/rimecrusher.glb,Rimecrusher,402,517,1,3,,,
01_Assets_Organizados,Weapons/rude_awakening_sword.glb,Weapons,rude_awakening_sword.glb,.glb,116952,114.21,0.1115,✅ MANTER (renomear),weapons/rude_awakening_sword.glb,weapons/morning_star.glb,Morning Star,797,1082,1,3,,,
01_Assets_Organizados,Weapons/scythe.glb,Weapons,scythe.glb,.glb,74656,72.91,0.0712,⚠️ CRIAR,weapons/scythe.glb,weapons/scythe.glb,Scythe,1234,1295,1,1,,,
01_Assets_Organizados,Weapons/shard_of_everwinter.glb,Weapons,shard_of_everwinter.glb,.glb,75876,74.1,0.0724,✅ MANTER (simplificar nome),weapons/shard_of_everwinter.glb,weapons/everwinter_shard.glb,Everwinter Shard,736,1313,1,3,,,
01_Assets_Organizados,Weapons/shield_badge.glb,Weapons,shield_badge.glb,.glb,29948,29.25,0.0286,⚠️ CRIAR,weapons/shield_badge.glb,weapons/shield_crest.glb,Crest Shield,262,283,1,1,,,
01_Assets_Organizados,Weapons/shield_round.glb,Weapons,shield_round.glb,.glb,30432,29.72,0.029,⚠️ CRIAR,weapons/shield_round.glb,weapons/shield_round.glb,Round Shield,284,322,1,1,,,
01_Assets_Organizados,Weapons/shield_square.glb,Weapons,shield_square.glb,.glb,29960,29.26,0.0286,⚠️ CRIAR,weapons/shield_square.glb,weapons/shield_heater.glb,Heater Shield,262,286,1,1,,,
01_Assets_Organizados,Weapons/simple_farmhand_crossbow.glb,Weapons,simple_farmhand_crossbow.glb,.glb,185204,180.86,0.1766,✅ MANTER (renomear),weapons/simple_farmhand_crossbow.glb,weapons/light_crossbow.glb,Light Crossbow,784,1005,1,3,,,
01_Assets_Organizados,Weapons/skeleton_axe.glb,Weapons,skeleton_axe.glb,.glb,38476,37.57,0.0367,✅ MANTER (renomear),weapons/skeleton_axe.glb,weapons/bone_axe.glb,Bone Axe,534,692,1,1,,,
01_Assets_Organizados,Weapons/skeleton_blade.glb,Weapons,skeleton_blade.glb,.glb,37096,36.23,0.0354,✅ MANTER (renomear),weapons/skeleton_blade.glb,weapons/bone_sword.glb,Bone Sword,457,541,1,1,,,
01_Assets_Organizados,Weapons/skeleton_crossbow.glb,Weapons,skeleton_crossbow.glb,.glb,39892,38.96,0.038,UNMAPPED,,,,584,785,1,1,,,
01_Assets_Organizados,Weapons/skeleton_shield_large_a.glb,Weapons,skeleton_shield_large_a.glb,.glb,41460,40.49,0.0395,✅ MANTER (renomear),weapons/skeleton_shield_large_a.glb,weapons/shield_bone.glb,Bone Shield,626,923,1,1,,,
01_Assets_Organizados,Weapons/skeleton_staff.glb,Weapons,skeleton_staff.glb,.glb,51660,50.45,0.0493,UNMAPPED,,,,1519,1879,1,1,,,
01_Assets_Organizados,Weapons/skyrender_the_firmament_s_wound.glb,Weapons,skyrender_the_firmament_s_wound.glb,.glb,86100,84.08,0.0821,✅ MANTER (simplificar nome),weapons/skyrender_the_firmament_s_wound.glb,weapons/skyrender.glb,Skyrender,653,877,1,3,,,
01_Assets_Organizados,Weapons/smoulderfall.glb,Weapons,smoulderfall.glb,.glb,83032,81.09,0.0792,✅ MANTER,weapons/smoulderfall.glb,weapons/smoulderfall.glb,Smoulderfall,528,495,1,3,,,
01_Assets_Organizados,Weapons/solheim_last_light_of_the_dawn.glb,Weapons,solheim_last_light_of_the_dawn.glb,.glb,130092,127.04,0.1241,✅ MANTER (simplificar nome),weapons/solheim_last_light_of_the_dawn.glb,weapons/solheim.glb,Solheim,808,1216,1,3,,,
01_Assets_Organizados,Weapons/spear_a.glb,Weapons,spear_a.glb,.glb,78552,76.71,0.0749,⚠️ CRIAR,weapons/spear_a.glb,weapons/spear.glb,Spear,1216,1420,1,1,,,
01_Assets_Organizados,Weapons/spellbook_open.glb,Weapons,spellbook_open.glb,.glb,35136,34.31,0.0335,✅ MANTER (renomear),weapons/spellbook_open.glb,weapons/grimoire.glb,Grimoire,292,418,1,1,,,
01_Assets_Organizados,Weapons/staff.glb,Weapons,staff.glb,.glb,36168,35.32,0.0345,⚠️ CRIAR,weapons/staff.glb,weapons/staff.glb,Staff,440,498,1,1,,,
01_Assets_Organizados,Weapons/staff_a.glb,Weapons,staff_a.glb,.glb,46832,45.73,0.0447,⚠️ CRIAR,weapons/staff_a.glb,weapons/battle_staff.glb,Battle Staff,500,563,1,1,,,
01_Assets_Organizados,Weapons/staff_b.glb,Weapons,staff_b.glb,.glb,58372,57.0,0.0557,⚠️ CRIAR,weapons/staff_b.glb,weapons/war_staff.glb,War Staff,664,893,1,1,,,
01_Assets_Organizados,Weapons/staff_c.glb,Weapons,staff_c.glb,.glb,89272,87.18,0.0851,⚠️ CRIAR,weapons/staff_c.glb,weapons/grand_staff.glb,Grand Staff,1528,1668,2,1,,,
01_Assets_Organizados,Weapons/staff_d.glb,Weapons,staff_d.glb,.glb,101228,98.86,0.0965,⚠️ CRIAR,weapons/staff_d.glb,weapons/arcane_staff.glb,Arcane Staff,1718,2002,2,1,,,
01_Assets_Organizados,Weapons/starfall_judgment_of_the_heavens.glb,Weapons,starfall_judgment_of_the_heavens.glb,.glb,90700,88.57,0.0865,✅ MANTER (simplificar nome),weapons/starfall_judgment_of_the_heavens.glb,weapons/starfall.glb,Starfall,933,905,1,3,,,
01_Assets_Organizados,Weapons/sword_1handed.glb,Weapons,sword_1handed.glb,.glb,30608,29.89,0.0292,⚠️ CRIAR,weapons/sword_1handed.glb,weapons/short_sword.glb,Short Sword,300,358,1,1,,,
01_Assets_Organizados,Weapons/sword_2handed.glb,Weapons,sword_2handed.glb,.glb,32520,31.76,0.031,⚠️ CRIAR,weapons/sword_2handed.glb,weapons/great_sword.glb,Great Sword,412,545,1,1,,,
01_Assets_Organizados,Weapons/sword_a.glb,Weapons,sword_a.glb,.glb,39308,38.39,0.0375,⚠️ CRIAR,weapons/sword_a.glb,weapons/arming_sword.glb,Arming Sword,292,367,1,1,,,
01_Assets_Organizados,Weapons/sword_b.glb,Weapons,sword_b.glb,.glb,46048,44.97,0.0439,⚠️ CRIAR,weapons/sword_b.glb,weapons/bastard_sword.glb,Bastard Sword,460,546,1,1,,,
01_Assets_Organizados,Weapons/sword_c.glb,Weapons,sword_c.glb,.glb,42792,41.79,0.0408,⚠️ CRIAR,weapons/sword_c.glb,weapons/claymore.glb,Claymore,349,465,1,1,,,
01_Assets_Organizados,Weapons/sword_d.glb,Weapons,sword_d.glb,.glb,51788,50.57,0.0494,⚠️ CRIAR,weapons/sword_d.glb,weapons/broadsword.glb,Broadsword,730,675,1,1,,,
01_Assets_Organizados,Weapons/sword_e.glb,Weapons,sword_e.glb,.glb,55684,54.38,0.0531,⚠️ CRIAR,weapons/sword_e.glb,weapons/falchion.glb,Falchion,616,818,1,1,,,
01_Assets_Organizados,Weapons/sword_f.glb,Weapons,sword_f.glb,.glb,61624,60.18,0.0588,⚠️ CRIAR,weapons/sword_f.glb,weapons/rapier.glb,Rapier,878,926,2,1,,,
01_Assets_Organizados,Weapons/sword_g.glb,Weapons,sword_g.glb,.glb,77556,75.74,0.074,⚠️ CRIAR,weapons/sword_g.glb,weapons/zweihander.glb,Zweihander,1012,1427,1,1,,,
01_Assets_Organizados,Weapons/tempered_flanged_mace.glb,Weapons,tempered_flanged_mace.glb,.glb,237412,231.85,0.2264,✅ MANTER (renomear),weapons/tempered_flanged_mace.glb,weapons/flanged_mace.glb,Flanged Mace,440,498,1,3,,,
01_Assets_Organizados,Weapons/wand.glb,Weapons,wand.glb,.glb,32520,31.76,0.031,⚠️ CRIAR,weapons/wand.glb,weapons/wand.glb,Wand,150,158,1,1,,,
01_Assets_Organizados,Weapons/wand_a.glb,Weapons,wand_a.glb,.glb,45452,44.39,0.0433,⚠️ CRIAR,weapons/wand_a.glb,weapons/crystal_wand.glb,Crystal Wand,442,531,1,1,,,
01_Assets_Organizados,Weapons/wand_b.glb,Weapons,wand_b.glb,.glb,47324,46.21,0.0451,⚠️ CRIAR,weapons/wand_b.glb,weapons/bone_wand.glb,Bone Wand,548,541,2,1,,,
01_Assets_Organizados,Weapons/whittler_s_knife.glb,Weapons,whittler_s_knife.glb,.glb,183924,179.61,0.1754,✅ MANTER (renomear),weapons/whittler_s_knife.glb,weapons/carver_knife.glb,Carver Knife,454,480,1,3,,,
01_Assets_Organizados,Weapons/winterbite.glb,Weapons,winterbite.glb,.glb,91808,89.66,0.0876,✅ MANTER,weapons/winterbite.glb,weapons/winterbite.glb,Winterbite,710,645,1,3,,,
01_Assets_Organizados,Weapons/wrought_iron_longsword.glb,Weapons,wrought_iron_longsword.glb,.glb,217804,212.7,0.2077,✅ MANTER (renomear),weapons/wrought_iron_longsword.glb,weapons/iron_longsword.glb,Iron Longsword,488,604,1,3,,,
runtime_models,battleground/rune_damage.glb,battleground,rune_damage.glb,.glb,75316,73.55,0.0718,UNMAPPED,,,,468,482,1,1,,,
runtime_models,battleground/rune_defense.glb,battleground,rune_defense.glb,.glb,55684,54.38,0.0531,UNMAPPED,,,,102,85,1,1,,,
runtime_models,battleground/rune_sprint.glb,battleground,rune_sprint.glb,.glb,80292,78.41,0.0766,UNMAPPED,,,,490,655,1,1,,,
runtime_models,biome/beach_anchor.glb,biome,beach_anchor.glb,.glb,13536,13.22,0.0129,⚠️ REESTILIZAR,biome/beach_anchor.glb,biome/rusted_anchor.glb,Rusted Anchor,544,583,1,1,,,
runtime_models,biome/beach_barrel.glb,biome,beach_barrel.glb,.glb,14352,14.02,0.0137,⚠️ REESTILIZAR,biome/beach_barrel.glb,biome/wrecked_barrel.glb,Wrecked Barrel,640,768,1,1,,,
runtime_models,biome/beach_bone.glb,biome,beach_bone.glb,.glb,23392,22.84,0.0223,✅ MANTER,biome/beach_bone.glb,biome/beach_bone.glb,Beach Bone,1680,1880,1,1,,,
runtime_models,biome/beach_cannon.glb,biome,beach_cannon.glb,.glb,25704,25.1,0.0245,⚠️ REESTILIZAR,biome/beach_cannon.glb,biome/cannon.glb,Cannon,2362,2277,1,1,,,
runtime_models,biome/beach_chest.glb,biome,beach_chest.glb,.glb,26936,26.3,0.0257,⚠️ REESTILIZAR,biome/beach_chest.glb,biome/treasure_chest.glb,Treasure Chest,1636,2550,1,1,,,
runtime_models,biome/beach_chest_gold.glb,biome,beach_chest_gold.glb,.glb,66092,64.54,0.063,⚠️ REESTILIZAR,biome/beach_chest_gold.glb,biome/gold_chest.glb,Gold Chest,7368,7886,1,1,,,
runtime_models,biome/beach_dock.glb,biome,beach_dock.glb,.glb,23012,22.47,0.0219,⚠️ REESTILIZAR,biome/beach_dock.glb,biome/dock.glb,Dock,1912,1972,1,1,,,
runtime_models,biome/beach_dock_broken.glb,biome,beach_dock_broken.glb,.glb,25040,24.45,0.0239,⚠️ REESTILIZAR,biome/beach_dock_broken.glb,biome/dock_broken.glb,Broken Dock,2052,2215,1,1,,,
runtime_models,biome/beach_house.glb,biome,beach_house.glb,.glb,51808,50.59,0.0494,⚠️ REESTILIZAR,biome/beach_house.glb,biome/fisherman_hut.glb,Fisherman Hut,4958,5829,2,1,,,
runtime_models,biome/beach_palm_1.glb,biome,beach_palm_1.glb,.glb,29996,29.29,0.0286,UNMAPPED,,,,2924,2600,1,1,,,
runtime_models,biome/beach_palm_2.glb,biome,beach_palm_2.glb,.glb,31280,30.55,0.0298,UNMAPPED,,,,3134,2753,1,1,,,
runtime_models,biome/beach_palm_3.glb,biome,beach_palm_3.glb,.glb,30096,29.39,0.0287,UNMAPPED,,,,3208,2675,1,1,,,
runtime_models,biome/beach_rock_sand_a.glb,biome,beach_rock_sand_a.glb,.glb,15204,14.85,0.0145,UNMAPPED,,,,92,156,1,1,,,
runtime_models,biome/beach_rock_sand_b.glb,biome,beach_rock_sand_b.glb,.glb,16536,16.15,0.0158,UNMAPPED,,,,180,306,1,1,,,
runtime_models,biome/beach_rock_sand_c.glb,biome,beach_rock_sand_c.glb,.glb,16016,15.64,0.0153,UNMAPPED,,,,144,246,1,1,,,
runtime_models,biome/beach_rocks_1.glb,biome,beach_rocks_1.glb,.glb,12744,12.45,0.0122,UNMAPPED,,,,626,452,1,1,,,
runtime_models,biome/beach_rocks_2.glb,biome,beach_rocks_2.glb,.glb,93668,91.47,0.0893,UNMAPPED,,,,19141,10341,1,1,,,
runtime_models,biome/beach_ship.glb,biome,beach_ship.glb,.glb,54788,53.5,0.0522,⚠️ REESTILIZAR,biome/beach_ship.glb,biome/wrecked_ship.glb,Wrecked Ship,5578,6215,1,1,,,
runtime_models,biome/camp_bedroll.glb,biome,camp_bedroll.glb,.glb,17152,16.75,0.0164,✅ MANTER,biome/camp_bedroll.glb,biome/bedroll.glb,Bedroll,144,220,1,1,,,
runtime_models,biome/camp_bedroll_packed.glb,biome,camp_bedroll_packed.glb,.glb,16288,15.91,0.0155,✅ MANTER (renomear),biome/camp_bedroll_packed.glb,biome/bedroll_packed.glb,Packed Bedroll,124,240,1,1,,,
runtime_models,biome/camp_fire_pit.glb,biome,camp_fire_pit.glb,.glb,19452,19.0,0.0186,✅ MANTER,biome/camp_fire_pit.glb,biome/fire_pit.glb,Fire Pit,305,455,1,1,,,
runtime_models,biome/camp_fire_stand.glb,biome,camp_fire_stand.glb,.glb,14928,14.58,0.0142,✅ MANTER,biome/camp_fire_stand.glb,biome/fire_stand.glb,Fire Stand,76,132,1,1,,,
runtime_models,biome/camp_fishing_stand.glb,biome,camp_fishing_stand.glb,.glb,15352,14.99,0.0146,⚠️ REESTILIZAR,biome/camp_fishing_stand.glb,biome/fishing_rod.glb,Fishing Rod,100,168,1,1,,,
runtime_models,biome/camp_signpost.glb,biome,camp_signpost.glb,.glb,14576,14.23,0.0139,⚠️ REESTILIZAR,biome/camp_signpost.glb,biome/signpost.glb,Signpost,44,84,1,1,,,
runtime_models,biome/camp_tent.glb,biome,camp_tent.glb,.glb,15996,15.62,0.0153,⚠️ REESTILIZAR,biome/camp_tent.glb,biome/tent.glb,Tent,124,248,1,1,,,
runtime_models,biome/camp_tent_canvas.glb,biome,camp_tent_canvas.glb,.glb,16484,16.1,0.0157,⚠️ REESTILIZAR,biome/camp_tent_canvas.glb,biome/tent_canvas.glb,Canvas Tent,148,296,1,1,,,
runtime_models,biome/cave_cart_a.glb,biome,cave_cart_a.glb,.glb,38476,37.57,0.0367,UNMAPPED,,,,1584,1902,1,1,,,
runtime_models,biome/cave_cart_b.glb,biome,cave_cart_b.glb,.glb,38876,37.96,0.0371,UNMAPPED,,,,1592,1914,1,1,,,
runtime_models,biome/cave_entrance.glb,biome,cave_entrance.glb,.glb,50912,49.72,0.0486,✅ MANTER,biome/cave_entrance.glb,biome/cave_entrance.glb,Cave Entrance,1864,2264,2,2,,,
runtime_models,biome/cave_ladder.glb,biome,cave_ladder.glb,.glb,51312,50.11,0.0489,✅ MANTER,biome/cave_ladder.glb,biome/ladder.glb,Ladder,1580,1894,2,2,,,
runtime_models,biome/cave_mine_entrance.glb,biome,cave_mine_entrance.glb,.glb,50324,49.14,0.048,⚠️ REESTILIZAR,biome/cave_mine_entrance.glb,biome/mine_entrance.glb,Mine Entrance,1908,2180,2,2,,,
runtime_models,biome/cave_pillar.glb,biome,cave_pillar.glb,.glb,50544,49.36,0.0482,⚠️ REESTILIZAR,biome/cave_pillar.glb,biome/pillar.glb,Pillar,1868,2230,2,2,,,
runtime_models,biome/cave_platform.glb,biome,cave_platform.glb,.glb,51420,50.21,0.049,⚠️ REESTILIZAR,biome/cave_platform.glb,biome/platform.glb,Platform,1672,2078,2,2,,,
runtime_models,biome/cave_post.glb,biome,cave_post.glb,.glb,50160,48.98,0.0478,⚠️ REESTILIZAR,biome/cave_post.glb,biome/post.glb,Post,1496,1726,2,2,,,
runtime_models,biome/cave_rail_corner.glb,biome,cave_rail_corner.glb,.glb,52832,51.59,0.0504,UNMAPPED,,,,1736,2142,2,2,,,
runtime_models,biome/cave_rail_ramp.glb,biome,cave_rail_ramp.glb,.glb,50988,49.79,0.0486,UNMAPPED,,,,1592,1918,2,2,,,
runtime_models,biome/cave_rail_straight.glb,biome,cave_rail_straight.glb,.glb,51004,49.81,0.0486,UNMAPPED,,,,1624,1982,2,2,,,
runtime_models,biome/cave_rocks_a.glb,biome,cave_rocks_a.glb,.glb,48496,47.36,0.0462,UNMAPPED,,,,1676,1956,2,2,,,
runtime_models,biome/cave_rocks_b.glb,biome,cave_rocks_b.glb,.glb,48588,47.45,0.0463,UNMAPPED,,,,1768,1956,2,2,,,
runtime_models,biome/cave_stairs.glb,biome,cave_stairs.glb,.glb,52640,51.41,0.0502,⚠️ REESTILIZAR,biome/cave_stairs.glb,biome/stone_stairs.glb,Stone Stairs,1720,2174,2,2,,,
runtime_models,biome/city_arch.glb,biome,city_arch.glb,.glb,326292,318.64,0.3112,UNMAPPED,,,,196,260,1,3,,,
runtime_models,biome/city_crate.glb,biome,city_crate.glb,.glb,327704,320.02,0.3125,UNMAPPED,,,,230,460,1,3,,,
runtime_models,biome/city_fence_metal.glb,biome,city_fence_metal.glb,.glb,103748,101.32,0.0989,UNMAPPED,,,,2744,2718,1,2,,,
runtime_models,biome/city_fence_ornament.glb,biome,city_fence_ornament.glb,.glb,116788,114.05,0.1114,UNMAPPED,,,,3988,3966,1,2,,,
runtime_models,biome/city_fence_wood.glb,biome,city_fence_wood.glb,.glb,324184,316.59,0.3092,UNMAPPED,,,,40,80,1,3,,,
runtime_models,biome/city_stairs.glb,biome,city_stairs.glb,.glb,667872,652.22,0.6369,UNMAPPED,,,,62,118,2,6,,,
runtime_models,biome/city_vine_1.glb,biome,city_vine_1.glb,.glb,23680,23.12,0.0226,UNMAPPED,,,,82,159,1,1,,,
runtime_models,biome/city_vine_2.glb,biome,city_vine_2.glb,.glb,23916,23.36,0.0228,UNMAPPED,,,,117,185,1,1,,,
runtime_models,biome/city_wagon.glb,biome,city_wagon.glb,.glb,351644,343.4,0.3354,UNMAPPED,,,,1672,2331,1,3,,,
runtime_models,biome/desert_boulder_1.glb,biome,desert_boulder_1.glb,.glb,17020,16.62,0.0162,UNMAPPED,,,,360,254,1,1,,,
runtime_models,biome/desert_boulder_2.glb,biome,desert_boulder_2.glb,.glb,17648,17.23,0.0168,UNMAPPED,,,,504,338,1,1,,,
runtime_models,biome/desert_cactus_flat.glb,biome,desert_cactus_flat.glb,.glb,38920,38.01,0.0371,UNMAPPED,,,,716,748,2,2,,,
runtime_models,biome/desert_cactus_small.glb,biome,desert_cactus_small.glb,.glb,32968,32.2,0.0314,UNMAPPED,,,,192,260,2,2,,,
runtime_models,biome/desert_cactus_tall_1.glb,biome,desert_cactus_tall_1.glb,.glb,45320,44.26,0.0432,UNMAPPED,,,,1072,1496,2,2,,,
runtime_models,biome/desert_cactus_tall_2.glb,biome,desert_cactus_tall_2.glb,.glb,43976,42.95,0.0419,UNMAPPED,,,,1008,1368,2,2,,,
runtime_models,biome/desert_mesa_1.glb,biome,desert_mesa_1.glb,.glb,29536,28.84,0.0282,UNMAPPED,,,,216,190,2,2,,,
runtime_models,biome/desert_mesa_2.glb,biome,desert_mesa_2.glb,.glb,29568,28.88,0.0282,UNMAPPED,,,,216,187,2,2,,,
runtime_models,biome/desert_rock_formation_1.glb,biome,desert_rock_formation_1.glb,.glb,16740,16.35,0.016,UNMAPPED,,,,384,300,1,1,,,
runtime_models,biome/desert_rock_formation_2.glb,biome,desert_rock_formation_2.glb,.glb,17272,16.87,0.0165,UNMAPPED,,,,512,384,1,1,,,
runtime_models,biome/desert_rock_formation_3.glb,biome,desert_rock_formation_3.glb,.glb,17480,17.07,0.0167,UNMAPPED,,,,376,290,1,1,,,
runtime_models,biome/desert_tree.glb,biome,desert_tree.glb,.glb,31260,30.53,0.0298,UNMAPPED,,,,170,266,2,2,,,
runtime_models,biome/dungeon_arch_door.glb,biome,dungeon_arch_door.glb,.glb,20348,19.87,0.0194,UNMAPPED,,,,1220,2242,4,0,,,
runtime_models,biome/dungeon_arch_stone.glb,biome,dungeon_arch_stone.glb,.glb,61352,59.91,0.0585,UNMAPPED,,,,4484,8724,3,0,,,
runtime_models,biome/dungeon_banner.glb,biome,dungeon_banner.glb,.glb,14924,14.57,0.0142,UNMAPPED,,,,162,270,1,1,,,
runtime_models,biome/dungeon_banner_wall.glb,biome,dungeon_banner_wall.glb,.glb,9716,9.49,0.0093,UNMAPPED,,,,440,845,3,0,,,
runtime_models,biome/dungeon_cobweb.glb,biome,dungeon_cobweb.glb,.glb,18144,17.72,0.0173,UNMAPPED,,,,1106,2214,1,0,,,
runtime_models,biome/dungeon_coins.glb,biome,dungeon_coins.glb,.glb,43260,42.25,0.0413,UNMAPPED,,,,3220,6160,1,0,,,
runtime_models,biome/dungeon_column_small.glb,biome,dungeon_column_small.glb,.glb,13424,13.11,0.0128,UNMAPPED,,,,64,112,1,1,,,
runtime_models,biome/dungeon_corridor.glb,biome,dungeon_corridor.glb,.glb,30596,29.88,0.0292,UNMAPPED,,,,900,1624,1,1,,,
runtime_models,biome/dungeon_corridor_corner.glb,biome,dungeon_corridor_corner.glb,.glb,30180,29.47,0.0288,UNMAPPED,,,,858,1534,1,1,,,
runtime_models,biome/dungeon_corridor_cross.glb,biome,dungeon_corridor_cross.glb,.glb,22080,21.56,0.0211,UNMAPPED,,,,340,648,1,1,,,
runtime_models,biome/dungeon_corridor_end.glb,biome,dungeon_corridor_end.glb,.glb,37512,36.63,0.0358,UNMAPPED,,,,1348,2432,1,1,,,
runtime_models,biome/dungeon_floor_tile.glb,biome,dungeon_floor_tile.glb,.glb,17460,17.05,0.0167,UNMAPPED,,,,1176,2282,1,0,,,
runtime_models,biome/dungeon_gate.glb,biome,dungeon_gate.glb,.glb,25612,25.01,0.0244,UNMAPPED,,,,592,1008,1,1,,,
runtime_models,biome/dungeon_gate_bars.glb,biome,dungeon_gate_bars.glb,.glb,29028,28.35,0.0277,UNMAPPED,,,,720,1264,1,1,,,
runtime_models,biome/dungeon_gate_door.glb,biome,dungeon_gate_door.glb,.glb,34920,34.1,0.0333,UNMAPPED,,,,984,1620,1,1,,,
runtime_models,biome/dungeon_pillar_stone.glb,biome,dungeon_pillar_stone.glb,.glb,10160,9.92,0.0097,UNMAPPED,,,,548,1012,2,0,,,
runtime_models,biome/dungeon_room_small.glb,biome,dungeon_room_small.glb,.glb,84176,82.2,0.0803,UNMAPPED,,,,4388,8016,1,1,,,
runtime_models,biome/dungeon_stairs.glb,biome,dungeon_stairs.glb,.glb,59640,58.24,0.0569,UNMAPPED,,,,3074,5226,1,1,,,
runtime_models,biome/dungeon_statue_horse.glb,biome,dungeon_statue_horse.glb,.glb,26656,26.03,0.0254,UNMAPPED,,,,1849,3461,2,0,,,
runtime_models,biome/dungeon_trap.glb,biome,dungeon_trap.glb,.glb,17928,17.51,0.0171,UNMAPPED,,,,168,272,1,1,,,
runtime_models,biome/dungeon_trap_door.glb,biome,dungeon_trap_door.glb,.glb,13000,12.7,0.0124,UNMAPPED,,,,504,1020,4,0,,,
runtime_models,biome/dungeon_wall_stone.glb,biome,dungeon_wall_stone.glb,.glb,26404,25.79,0.0252,UNMAPPED,,,,1670,3232,3,0,,,
runtime_models,biome/dungeon_wood_structure.glb,biome,dungeon_wood_structure.glb,.glb,14664,14.32,0.014,UNMAPPED,,,,144,288,1,1,,,
runtime_models,biome/dungeon_wood_support.glb,biome,dungeon_wood_support.glb,.glb,13116,12.81,0.0125,UNMAPPED,,,,48,96,1,1,,,
runtime_models,biome/hex_anchor.glb,biome,hex_anchor.glb,.glb,32172,31.42,0.0307,UNMAPPED,,,,224,296,1,1,,,
runtime_models,biome/hex_barracks.glb,biome,hex_barracks.glb,.glb,82932,80.99,0.0791,UNMAPPED,,,,4007,6426,1,1,,,
runtime_models,biome/hex_barrel.glb,biome,hex_barrel.glb,.glb,33344,32.56,0.0318,UNMAPPED,,,,240,441,1,1,,,
runtime_models,biome/hex_blacksmith.glb,biome,hex_blacksmith.glb,.glb,59692,58.29,0.0569,UNMAPPED,,,,2410,3393,1,1,,,
runtime_models,biome/hex_boat.glb,biome,hex_boat.glb,.glb,30124,29.42,0.0287,UNMAPPED,,,,132,120,1,1,,,
runtime_models,biome/hex_boatrack.glb,biome,hex_boatrack.glb,.glb,31844,31.1,0.0304,UNMAPPED,,,,192,380,1,1,,,
runtime_models,biome/hex_bridge.glb,biome,hex_bridge.glb,.glb,35676,34.84,0.034,UNMAPPED,,,,604,686,1,1,,,
runtime_models,biome/hex_cannon.glb,biome,hex_cannon.glb,.glb,49088,47.94,0.0468,UNMAPPED,,,,1560,1880,1,1,,,
runtime_models,biome/hex_cannonballs.glb,biome,hex_cannonballs.glb,.glb,34036,33.24,0.0325,UNMAPPED,,,,652,444,1,1,,,
runtime_models,biome/hex_castle.glb,biome,hex_castle.glb,.glb,101396,99.02,0.0967,UNMAPPED,,,,5659,8868,1,1,,,
runtime_models,biome/hex_church.glb,biome,hex_church.glb,.glb,51248,50.05,0.0489,UNMAPPED,,,,1601,2504,1,1,,,
runtime_models,biome/hex_crate_big.glb,biome,hex_crate_big.glb,.glb,30632,29.91,0.0292,UNMAPPED,,,,132,194,1,1,,,
runtime_models,biome/hex_crate_open.glb,biome,hex_crate_open.glb,.glb,32192,31.44,0.0307,UNMAPPED,,,,260,328,1,1,,,
runtime_models,biome/hex_flag.glb,biome,hex_flag.glb,.glb,29520,28.83,0.0282,UNMAPPED,,,,48,68,1,1,,,
runtime_models,biome/hex_flag_red.glb,biome,hex_flag_red.glb,.glb,29520,28.83,0.0282,UNMAPPED,,,,48,68,1,1,,,
runtime_models,biome/hex_haybale.glb,biome,hex_haybale.glb,.glb,31568,30.83,0.0301,UNMAPPED,,,,164,264,1,1,,,
runtime_models,biome/hex_home_a.glb,biome,hex_home_a.glb,.glb,43292,42.28,0.0413,UNMAPPED,,,,1011,1540,1,1,,,
runtime_models,biome/hex_home_b.glb,biome,hex_home_b.glb,.glb,49060,47.91,0.0468,UNMAPPED,,,,1393,2305,1,1,,,
runtime_models,biome/hex_lumber.glb,biome,hex_lumber.glb,.glb,32376,31.62,0.0309,UNMAPPED,,,,220,330,1,1,,,
runtime_models,biome/hex_market.glb,biome,hex_market.glb,.glb,67824,66.23,0.0647,UNMAPPED,,,,3125,4169,1,1,,,
runtime_models,biome/hex_sack.glb,biome,hex_sack.glb,.glb,29836,29.14,0.0285,UNMAPPED,,,,92,84,1,1,,,
runtime_models,biome/hex_ship_blue.glb,biome,hex_ship_blue.glb,.glb,48740,47.6,0.0465,UNMAPPED,,,,1580,2031,1,1,,,
runtime_models,biome/hex_ship_green.glb,biome,hex_ship_green.glb,.glb,48584,47.45,0.0463,UNMAPPED,,,,1580,2028,1,1,,,
runtime_models,biome/hex_ship_red.glb,biome,hex_ship_red.glb,.glb,48624,47.48,0.0464,UNMAPPED,,,,1580,2028,1,1,,,
runtime_models,biome/hex_target.glb,biome,hex_target.glb,.glb,30804,30.08,0.0294,UNMAPPED,,,,156,193,1,1,,,
runtime_models,biome/hex_tavern.glb,biome,hex_tavern.glb,.glb,74604,72.86,0.0711,UNMAPPED,,,,2992,4778,1,1,,,
runtime_models,biome/hex_tile_grass.glb,biome,hex_tile_grass.glb,.glb,29376,28.69,0.028,UNMAPPED,,,,36,70,1,1,,,
runtime_models,biome/hex_tile_road.glb,biome,hex_tile_road.glb,.glb,29712,29.02,0.0283,UNMAPPED,,,,58,105,1,1,,,
runtime_models,biome/hex_tile_water.glb,biome,hex_tile_water.glb,.glb,29068,28.39,0.0277,UNMAPPED,,,,24,42,1,1,,,
runtime_models,biome/hex_tower.glb,biome,hex_tower.glb,.glb,57656,56.3,0.055,UNMAPPED,,,,2138,3126,1,1,,,
runtime_models,biome/hex_tower_cannon.glb,biome,hex_tower_cannon.glb,.glb,66468,64.91,0.0634,UNMAPPED,,,,2888,3877,1,1,,,
runtime_models,biome/hex_trough.glb,biome,hex_trough.glb,.glb,30792,30.07,0.0294,UNMAPPED,,,,128,194,1,1,,,
runtime_models,biome/hex_wall.glb,biome,hex_wall.glb,.glb,36368,35.52,0.0347,UNMAPPED,,,,504,877,1,1,,,
runtime_models,biome/hex_watchtower.glb,biome,hex_watchtower.glb,.glb,52024,50.8,0.0496,UNMAPPED,,,,1490,2524,1,1,,,
runtime_models,biome/hex_weaponrack.glb,biome,hex_weaponrack.glb,.glb,29532,28.84,0.0282,UNMAPPED,,,,42,84,1,1,,,
runtime_models,biome/hex_well.glb,biome,hex_well.glb,.glb,39872,38.94,0.038,UNMAPPED,,,,726,1187,1,1,,,
runtime_models,biome/hex_wheelbarrow.glb,biome,hex_wheelbarrow.glb,.glb,34088,33.29,0.0325,UNMAPPED,,,,396,520,1,1,,,
runtime_models,biome/hex_windmill.glb,biome,hex_windmill.glb,.glb,70072,68.43,0.0668,UNMAPPED,,,,2653,3930,1,1,,,
runtime_models,biome/hexb_docks.glb,biome,hexb_docks.glb,.glb,43316,42.3,0.0413,UNMAPPED,,,,958,1709,1,1,,,
runtime_models,biome/hexb_home_a.glb,biome,hexb_home_a.glb,.glb,43288,42.27,0.0413,UNMAPPED,,,,1011,1540,1,1,,,
runtime_models,biome/hexb_home_b.glb,biome,hexb_home_b.glb,.glb,49056,47.91,0.0468,UNMAPPED,,,,1393,2305,1,1,,,
runtime_models,biome/hexb_market.glb,biome,hexb_market.glb,.glb,67836,66.25,0.0647,UNMAPPED,,,,3125,4169,1,1,,,
runtime_models,biome/hexb_shipyard.glb,biome,hexb_shipyard.glb,.glb,78812,76.96,0.0752,UNMAPPED,,,,3390,5410,1,1,,,
runtime_models,biome/hexb_stables.glb,biome,hexb_stables.glb,.glb,57680,56.33,0.055,UNMAPPED,,,,1950,2962,1,1,,,
runtime_models,biome/hexb_tavern.glb,biome,hexb_tavern.glb,.glb,74604,72.86,0.0711,UNMAPPED,,,,2992,4778,1,1,,,
runtime_models,biome/hexb_tower_a.glb,biome,hexb_tower_a.glb,.glb,57644,56.29,0.055,UNMAPPED,,,,2138,3126,1,1,,,
runtime_models,biome/hexb_tower_b.glb,biome,hexb_tower_b.glb,.glb,62040,60.59,0.0592,UNMAPPED,,,,2418,3639,1,1,,,
runtime_models,biome/hexb_tower_base.glb,biome,hexb_tower_base.glb,.glb,47744,46.62,0.0455,UNMAPPED,,,,1538,2265,1,1,,,
runtime_models,biome/hexb_townhall.glb,biome,hexb_townhall.glb,.glb,76628,74.83,0.0731,UNMAPPED,,,,3322,5287,1,1,,,
runtime_models,biome/hexb_windmill.glb,biome,hexb_windmill.glb,.glb,70060,68.42,0.0668,UNMAPPED,,,,2653,3930,1,1,,,
runtime_models,biome/hexb_workshop.glb,biome,hexb_workshop.glb,.glb,77484,75.67,0.0739,UNMAPPED,,,,3672,5209,1,1,,,
runtime_models,biome/hexn_fence_stone.glb,biome,hexn_fence_stone.glb,.glb,32772,32.0,0.0313,UNMAPPED,,,,284,378,1,1,,,
runtime_models,biome/hexn_palisade.glb,biome,hexn_palisade.glb,.glb,36368,35.52,0.0347,UNMAPPED,,,,504,877,1,1,,,
runtime_models,biome/hexr_archeryrange.glb,biome,hexr_archeryrange.glb,.glb,78512,76.67,0.0749,UNMAPPED,,,,3819,5608,1,1,,,
runtime_models,biome/hexr_barracks.glb,biome,hexr_barracks.glb,.glb,82908,80.96,0.0791,UNMAPPED,,,,4007,6426,1,1,,,
runtime_models,biome/hexr_blacksmith.glb,biome,hexr_blacksmith.glb,.glb,59688,58.29,0.0569,UNMAPPED,,,,2410,3393,1,1,,,
runtime_models,biome/hexr_castle.glb,biome,hexr_castle.glb,.glb,101400,99.02,0.0967,UNMAPPED,,,,5659,8868,1,1,,,
runtime_models,biome/hexr_church.glb,biome,hexr_church.glb,.glb,51244,50.04,0.0489,UNMAPPED,,,,1601,2504,1,1,,,
runtime_models,biome/hexr_home_a.glb,biome,hexr_home_a.glb,.glb,43288,42.27,0.0413,UNMAPPED,,,,1011,1540,1,1,,,
runtime_models,biome/hexr_home_b.glb,biome,hexr_home_b.glb,.glb,49056,47.91,0.0468,UNMAPPED,,,,1393,2305,1,1,,,
runtime_models,biome/hexr_market.glb,biome,hexr_market.glb,.glb,67820,66.23,0.0647,UNMAPPED,,,,3125,4169,1,1,,,
runtime_models,biome/hexr_stables.glb,biome,hexr_stables.glb,.glb,47388,46.28,0.0452,UNMAPPED,,,,1266,1954,1,1,,,
runtime_models,biome/hexr_tavern.glb,biome,hexr_tavern.glb,.glb,74600,72.85,0.0711,UNMAPPED,,,,2992,4778,1,1,,,
runtime_models,biome/hexr_tent.glb,biome,hexr_tent.glb,.glb,65088,63.56,0.0621,UNMAPPED,,,,2452,3595,1,1,,,
runtime_models,biome/hexr_tower_a.glb,biome,hexr_tower_a.glb,.glb,57640,56.29,0.055,UNMAPPED,,,,2138,3126,1,1,,,
runtime_models,biome/hexr_tower_base.glb,biome,hexr_tower_base.glb,.glb,47744,46.62,0.0455,UNMAPPED,,,,1538,2265,1,1,,,
runtime_models,biome/hexr_tower_catapult.glb,biome,hexr_tower_catapult.glb,.glb,67428,65.85,0.0643,UNMAPPED,,,,2864,4000,1,1,,,
runtime_models,biome/hexr_townhall.glb,biome,hexr_townhall.glb,.glb,76624,74.83,0.0731,UNMAPPED,,,,3322,5287,1,1,,,
runtime_models,biome/hexr_watchtower.glb,biome,hexr_watchtower.glb,.glb,52080,50.86,0.0497,UNMAPPED,,,,1490,2524,1,1,,,
runtime_models,biome/hexr_windmill.glb,biome,hexr_windmill.glb,.glb,70056,68.41,0.0668,UNMAPPED,,,,2653,3930,1,1,,,
runtime_models,biome/kcas_banner_red_a.glb,biome,kcas_banner_red_a.glb,.glb,32664,31.9,0.0312,UNMAPPED,,,,110,220,1,1,,,
runtime_models,biome/kcas_banner_red_shield.glb,biome,kcas_banner_red_shield.glb,.glb,41556,40.58,0.0396,UNMAPPED,,,,639,1022,1,1,,,
runtime_models,biome/kcas_banner_red_triple.glb,biome,kcas_banner_red_triple.glb,.glb,35344,34.52,0.0337,UNMAPPED,,,,263,497,1,1,,,
runtime_models,biome/kcas_barrel.glb,biome,kcas_barrel.glb,.glb,38032,37.14,0.0363,UNMAPPED,,,,561,700,1,1,,,
runtime_models,biome/kcas_barrier.glb,biome,kcas_barrier.glb,.glb,31888,31.14,0.0304,UNMAPPED,,,,90,180,1,1,,,
runtime_models,biome/kcas_barrier_corner.glb,biome,kcas_barrier_corner.glb,.glb,32820,32.05,0.0313,UNMAPPED,,,,128,260,1,1,,,
runtime_models,biome/kcas_barrier_half.glb,biome,kcas_barrier_half.glb,.glb,31100,30.37,0.0297,UNMAPPED,,,,42,84,1,1,,,
runtime_models,biome/kcas_bench.glb,biome,kcas_bench.glb,.glb,35708,34.87,0.0341,UNMAPPED,,,,348,513,1,1,,,
runtime_models,biome/kcas_bookcase.glb,biome,kcas_bookcase.glb,.glb,66396,64.84,0.0633,UNMAPPED,,,,2212,3928,1,1,,,
runtime_models,biome/kcas_chest_gold.glb,biome,kcas_chest_gold.glb,.glb,43088,42.08,0.0411,UNMAPPED,,,,728,1124,1,1,,,
runtime_models,biome/kcas_column.glb,biome,kcas_column.glb,.glb,31252,30.52,0.0298,UNMAPPED,,,,44,92,1,1,,,
runtime_models,biome/kcas_floor_large.glb,biome,kcas_floor_large.glb,.glb,33060,32.29,0.0315,UNMAPPED,,,,188,275,1,1,,,
runtime_models,biome/kcas_floor_weeds.glb,biome,kcas_floor_weeds.glb,.glb,38704,37.8,0.0369,UNMAPPED,,,,589,733,1,1,,,
runtime_models,biome/kcas_foundation.glb,biome,kcas_foundation.glb,.glb,38264,37.37,0.0365,UNMAPPED,,,,360,780,1,1,,,
runtime_models,biome/kcas_keg.glb,biome,kcas_keg.glb,.glb,42124,41.14,0.0402,UNMAPPED,,,,807,1088,1,1,,,
runtime_models,biome/kcas_pillar.glb,biome,kcas_pillar.glb,.glb,43204,42.19,0.0412,UNMAPPED,,,,761,1231,1,1,,,
runtime_models,biome/kcas_rocks.glb,biome,kcas_rocks.glb,.glb,34040,33.24,0.0325,UNMAPPED,,,,146,294,1,1,,,
runtime_models,biome/kcas_rubble_half.glb,biome,kcas_rubble_half.glb,.glb,36820,35.96,0.0351,UNMAPPED,,,,390,607,1,1,,,
runtime_models,biome/kcas_rubble_large.glb,biome,kcas_rubble_large.glb,.glb,42744,41.74,0.0408,UNMAPPED,,,,788,1200,1,1,,,
runtime_models,biome/kcas_stairs_walled.glb,biome,kcas_stairs_walled.glb,.glb,45940,44.86,0.0438,UNMAPPED,,,,790,1526,1,1,,,
runtime_models,biome/kcas_stairs_wide.glb,biome,kcas_stairs_wide.glb,.glb,37780,36.89,0.036,UNMAPPED,,,,358,736,1,1,,,
runtime_models,biome/kcas_table_long.glb,biome,kcas_table_long.glb,.glb,56892,55.56,0.0543,UNMAPPED,,,,2035,2572,1,1,,,
runtime_models,biome/kcas_torch.glb,biome,kcas_torch.glb,.glb,34136,33.34,0.0326,UNMAPPED,,,,270,317,1,1,,,
runtime_models,biome/kcas_torch_mounted.glb,biome,kcas_torch_mounted.glb,.glb,34896,34.08,0.0333,UNMAPPED,,,,278,391,1,1,,,
runtime_models,biome/kcas_wall.glb,biome,kcas_wall.glb,.glb,40600,39.65,0.0387,UNMAPPED,,,,494,1010,1,1,,,
runtime_models,biome/kcas_wall_broken.glb,biome,kcas_wall_broken.glb,.glb,45396,44.33,0.0433,UNMAPPED,,,,784,1482,1,1,,,
runtime_models,biome/kcas_wall_corner.glb,biome,kcas_wall_corner.glb,.glb,39328,38.41,0.0375,UNMAPPED,,,,443,890,1,1,,,
runtime_models,biome/kcas_wall_cracked.glb,biome,kcas_wall_cracked.glb,.glb,61376,59.94,0.0585,UNMAPPED,,,,2010,2850,1,1,,,
runtime_models,biome/kcas_wall_doorway.glb,biome,kcas_wall_doorway.glb,.glb,46572,45.48,0.0444,UNMAPPED,,,,1068,1436,1,1,,,
runtime_models,biome/kcas_wall_gated.glb,biome,kcas_wall_gated.glb,.glb,37824,36.94,0.0361,UNMAPPED,,,,449,825,1,1,,,
runtime_models,biome/kcas_wall_half.glb,biome,kcas_wall_half.glb,.glb,36028,35.18,0.0344,UNMAPPED,,,,272,554,1,1,,,
runtime_models,biome/kcas_wall_pillar.glb,biome,kcas_wall_pillar.glb,.glb,40756,39.8,0.0389,UNMAPPED,,,,540,1055,1,1,,,
runtime_models,biome/kcas_wall_window.glb,biome,kcas_wall_window.glb,.glb,41444,40.47,0.0395,UNMAPPED,,,,604,1128,1,1,,,
runtime_models,biome/sea_anglerfish.glb,biome,sea_anglerfish.glb,.glb,57920,56.56,0.0552,UNMAPPED,,,,1870,2566,6,0,,,
runtime_models,biome/sea_blue_tang.glb,biome,sea_blue_tang.glb,.glb,48940,47.79,0.0467,UNMAPPED,,,,1342,1985,4,0,,,
runtime_models,biome/sea_boat_fishing.glb,biome,sea_boat_fishing.glb,.glb,19060,18.61,0.0182,UNMAPPED,,,,237,411,1,1,,,
runtime_models,biome/sea_boat_sail_a.glb,biome,sea_boat_sail_a.glb,.glb,22340,21.82,0.0213,UNMAPPED,,,,386,624,1,1,,,
runtime_models,biome/sea_boat_sail_b.glb,biome,sea_boat_sail_b.glb,.glb,22860,22.32,0.0218,UNMAPPED,,,,426,679,1,1,,,
runtime_models,biome/sea_buoy.glb,biome,sea_buoy.glb,.glb,17052,16.65,0.0163,UNMAPPED,,,,118,208,1,1,,,
runtime_models,biome/sea_buoy_flag.glb,biome,sea_buoy_flag.glb,.glb,18776,18.34,0.0179,UNMAPPED,,,,218,388,1,1,,,
runtime_models,biome/sea_clownfish.glb,biome,sea_clownfish.glb,.glb,51388,50.18,0.049,UNMAPPED,,,,1530,2329,4,0,,,
runtime_models,biome/sea_dolphin.glb,biome,sea_dolphin.glb,.glb,22712,22.18,0.0217,UNMAPPED,,,,440,865,2,0,,,
runtime_models,biome/sea_koi.glb,biome,sea_koi.glb,.glb,52964,51.72,0.0505,UNMAPPED,,,,1494,2277,5,0,,,
runtime_models,biome/sea_manta_ray.glb,biome,sea_manta_ray.glb,.glb,32556,31.79,0.031,UNMAPPED,,,,696,1432,2,0,,,
runtime_models,biome/sea_puffer.glb,biome,sea_puffer.glb,.glb,71384,69.71,0.0681,UNMAPPED,,,,2142,3696,4,0,,,
runtime_models,biome/sea_rowboat_large.glb,biome,sea_rowboat_large.glb,.glb,19200,18.75,0.0183,UNMAPPED,,,,174,258,1,1,,,
runtime_models,biome/sea_shark.glb,biome,sea_shark.glb,.glb,24316,23.75,0.0232,UNMAPPED,,,,644,1256,2,0,,,
runtime_models,biome/sea_swordfish.glb,biome,sea_swordfish.glb,.glb,48592,47.45,0.0463,UNMAPPED,,,,1384,2026,4,0,,,
runtime_models,biome/sea_whale.glb,biome,sea_whale.glb,.glb,24788,24.21,0.0236,UNMAPPED,,,,447,922,2,0,,,
runtime_models,chars/players/barbarian.glb,chars,barbarian.glb,.glb,444244,433.83,0.4237,⚠️ CRIAR,chars/players/barbarian.glb,chars/players/berserker.glb,Berserker,7123,6050,1,1,,,
runtime_models,chars/players/barbarian_hit_variety_anims.glb,chars,barbarian_hit_variety_anims.glb,.glb,21592,21.09,0.0206,UNMAPPED,,,,0,0,0,0,,,
runtime_models,chars/players/bow_anims.glb,chars,bow_anims.glb,.glb,61960,60.51,0.0591,UNMAPPED,,,,0,0,0,0,,,
runtime_models,chars/players/bow_hold_anim.glb,chars,bow_hold_anim.glb,.glb,36472,35.62,0.0348,UNMAPPED,,,,0,0,0,0,,,
runtime_models,chars/CLAUDE.md,chars,CLAUDE.md,.md,2794,2.73,0.0027,UNMAPPED,,,,,,,,,,
runtime_models,chars/players/Mech/characters/CombatMech.fbx,chars,CombatMech.fbx,.fbx,501404,489.65,0.4782,UNMAPPED,,,,,,,,,,
runtime_models,chars/players/Mech/characters/CombatMech.glb,chars,CombatMech.glb,.glb,1674100,1634.86,1.5965,UNMAPPED,,,,7688,10466,1,1,,,
runtime_models,chars/players/Mech/textures/uncommon/combatmech_amber_crimson.png,chars,combatmech_amber_crimson.png,.png,313069,305.73,0.2986,UNMAPPED,,,,,,,,1024,1024,P
runtime_models,chars/players/Mech/textures/uncommon/combatmech_crimson_amber.png,chars,combatmech_crimson_amber.png,.png,314806,307.43,0.3002,UNMAPPED,,,,,,,,1024,1024,P
runtime_models,chars/players/Mech/textures/uncommon/combatmech_cyan_magenta.png,chars,combatmech_cyan_magenta.png,.png,317006,309.58,0.3023,UNMAPPED,,,,,,,,1024,1024,P
runtime_models,chars/players/Mech/textures/epics/combatmech_epic_imperial_crimson.png,chars,combatmech_epic_imperial_crimson.png,.png,104716,102.26,0.0999,UNMAPPED,,,,,,,,1024,1024,RGB
runtime_models,chars/players/Mech/textures/epics/combatmech_epic_imperial_crimson_emis.png,chars,combatmech_epic_imperial_crimson_emis.png,.png,36768,35.91,0.0351,UNMAPPED,,,,,,,,1024,1024,RGB
runtime_models,chars/players/Mech/textures/epics/combatmech_epic_imperial_gold.png,chars,combatmech_epic_imperial_gold.png,.png,103090,100.67,0.0983,UNMAPPED,,,,,,,,1024,1024,RGB
runtime_models,chars/players/Mech/textures/epics/combatmech_epic_imperial_gold_emis.png,chars,combatmech_epic_imperial_gold_emis.png,.png,34804,33.99,0.0332,UNMAPPED,,,,,,,,1024,1024,RGB
runtime_models,chars/players/Mech/textures/epics/combatmech_epic_vanguard_azure.png,chars,combatmech_epic_vanguard_azure.png,.png,99771,97.43,0.0951,UNMAPPED,,,,,,,,1024,1024,RGB
runtime_models,chars/players/Mech/textures/epics/combatmech_epic_vanguard_azure_emis.png,chars,combatmech_epic_vanguard_azure_emis.png,.png,36085,35.24,0.0344,UNMAPPED,,,,,,,,1024,1024,RGB
runtime_models,chars/players/Mech/textures/epics/combatmech_epic_vanguard_chrome.png,chars,combatmech_epic_vanguard_chrome.png,.png,98860,96.54,0.0943,UNMAPPED,,,,,,,,1024,1024,RGB
runtime_models,chars/players/Mech/textures/epics/combatmech_epic_vanguard_chrome_emis.png,chars,combatmech_epic_vanguard_chrome_emis.png,.png,36085,35.24,0.0344,UNMAPPED,,,,,,,,1024,1024,RGB
runtime_models,chars/players/Mech/textures/uncommon/combatmech_forest_pink.png,chars,combatmech_forest_pink.png,.png,340759,332.77,0.325,UNMAPPED,,,,,,,,1024,1024,P
runtime_models,chars/players/Mech/characters/CombatMech_hit_variety_anims.glb,chars,CombatMech_hit_variety_anims.glb,.glb,22712,22.18,0.0217,UNMAPPED,,,,0,0,0,0,,,
runtime_models,chars/players/Mech/textures/uncommon/combatmech_magenta_cyan.png,chars,combatmech_magenta_cyan.png,.png,331237,323.47,0.3159,UNMAPPED,,,,,,,,1024,1024,P
runtime_models,chars/players/Mech/textures/uncommon/combatmech_orange_steel.png,chars,combatmech_orange_steel.png,.png,319727,312.23,0.3049,UNMAPPED,,,,,,,,1024,1024,P
runtime_models,chars/players/Mech/textures/uncommon/combatmech_pink_forest.png,chars,combatmech_pink_forest.png,.png,341390,333.39,0.3256,UNMAPPED,,,,,,,,1024,1024,P
runtime_models,chars/players/Mech/textures/rares/combatmech_rare_amethyst_silver.png,chars,combatmech_rare_amethyst_silver.png,.png,59567,58.17,0.0568,UNMAPPED,,,,,,,,1024,1024,RGBA
runtime_models,chars/players/Mech/textures/rares/combatmech_rare_ivory_copper.png,chars,combatmech_rare_ivory_copper.png,.png,68935,67.32,0.0657,UNMAPPED,,,,,,,,1024,1024,RGBA
runtime_models,chars/players/Mech/textures/rares/combatmech_rare_onyx_gold.png,chars,combatmech_rare_onyx_gold.png,.png,62507,61.04,0.0596,UNMAPPED,,,,,,,,1024,1024,RGBA
runtime_models,chars/players/Mech/textures/uncommon/combatmech_steel_orange.png,chars,combatmech_steel_orange.png,.png,323711,316.12,0.3087,UNMAPPED,,,,,,,,1024,1024,P
runtime_models,chars/players/druid.glb,chars,druid.glb,.glb,463692,452.82,0.4422,⚠️ CRIAR,chars/players/druid.glb,chars/players/cleric.glb,Cleric,7784,7481,1,1,,,
runtime_models,chars/players/druid_ability_anims.glb,chars,druid_ability_anims.glb,.glb,91164,89.03,0.0869,UNMAPPED,,,,0,0,0,0,,,
runtime_models,chars/players/druid_hit_variety_anims.glb,chars,druid_hit_variety_anims.glb,.glb,21592,21.09,0.0206,UNMAPPED,,,,0,0,0,0,,,
runtime_models,chars/players/hunter_ability_anims.glb,chars,hunter_ability_anims.glb,.glb,110696,108.1,0.1056,UNMAPPED,,,,0,0,0,0,,,
runtime_models,chars/players/knight.glb,chars,knight.glb,.glb,462916,452.07,0.4415,⚠️ CRIAR,chars/players/knight.glb,chars/players/paladin.glb,Paladin,5800,5328,1,1,,,
runtime_models,chars/players/knight_hit_variety_anims.glb,chars,knight_hit_variety_anims.glb,.glb,21592,21.09,0.0206,UNMAPPED,,,,0,0,0,0,,,
runtime_models,chars/players/mage.glb,chars,mage.glb,.glb,441576,431.23,0.4211,⚠️ CRIAR,chars/players/mage.glb,chars/players/sorcerer.glb,Sorcerer,6668,5421,1,1,,,
runtime_models,chars/players/mage_ability_anims.glb,chars,mage_ability_anims.glb,.glb,97320,95.04,0.0928,UNMAPPED,,,,0,0,0,0,,,
runtime_models,chars/players/mage_classic.glb,chars,mage_classic.glb,.glb,731428,714.29,0.6975,UNMAPPED,,,,5683,5279,1,1,,,
runtime_models,chars/players/mage_classic_hit_variety_anims.glb,chars,mage_classic_hit_variety_anims.glb,.glb,35592,34.76,0.0339,UNMAPPED,,,,0,0,0,0,,,
runtime_models,chars/players/mage_hit_variety_anims.glb,chars,mage_hit_variety_anims.glb,.glb,21592,21.09,0.0206,UNMAPPED,,,,0,0,0,0,,,
runtime_models,chars/forms/metamorphosis.glb,chars,metamorphosis.glb,.glb,500172,488.45,0.477,UNMAPPED,,,,6004,9274,1,3,,,
runtime_models,chars/enemies/necromancer.glb,chars,necromancer.glb,.glb,528152,515.77,0.5037,UNMAPPED,,,,7551,8336,2,1,,,
runtime_models,chars/enemies/necromancer_hit_variety_anims.glb,chars,necromancer_hit_variety_anims.glb,.glb,21596,21.09,0.0206,UNMAPPED,,,,0,0,0,0,,,
runtime_models,chars/players/paladin.glb,chars,paladin.glb,.glb,448820,438.3,0.428,⚠️ CRIAR,chars/players/paladin.glb,chars/players/inquisitor.glb,Inquisitor,5658,5392,2,1,,,
runtime_models,chars/players/paladin_ability_anims.glb,chars,paladin_ability_anims.glb,.glb,108960,106.41,0.1039,UNMAPPED,,,,0,0,0,0,,,
runtime_models,chars/players/paladin_hit_variety_anims.glb,chars,paladin_hit_variety_anims.glb,.glb,21600,21.09,0.0206,UNMAPPED,,,,0,0,0,0,,,
runtime_models,chars/players/ranger.glb,chars,ranger.glb,.glb,465964,455.04,0.4444,⚠️ CRIAR,chars/players/ranger.glb,chars/players/hunter.glb,Hunter,8900,7734,1,1,,,
runtime_models,chars/players/ranger_hit_variety_anims.glb,chars,ranger_hit_variety_anims.glb,.glb,21592,21.09,0.0206,UNMAPPED,,,,0,0,0,0,,,
runtime_models,chars/players/rogue.glb,chars,rogue.glb,.glb,477976,466.77,0.4558,⚠️ CRIAR,chars/players/rogue.glb,chars/players/assassin.glb,Assassin,7562,6422,1,1,,,
runtime_models,chars/players/rogue_ability_anims.glb,chars,rogue_ability_anims.glb,.glb,92808,90.63,0.0885,UNMAPPED,,,,0,0,0,0,,,
runtime_models,chars/players/rogue_hit_variety_anims.glb,chars,rogue_hit_variety_anims.glb,.glb,21592,21.09,0.0206,UNMAPPED,,,,0,0,0,0,,,
runtime_models,chars/players/rogue_hooded.glb,chars,rogue_hooded.glb,.glb,448736,438.22,0.4279,UNMAPPED,,,,7185,5909,1,1,,,
runtime_models,chars/players/rogue_hooded_hit_variety_anims.glb,chars,rogue_hooded_hit_variety_anims.glb,.glb,21592,21.09,0.0206,UNMAPPED,,,,0,0,0,0,,,
runtime_models,chars/players/shaman_ability_anims.glb,chars,shaman_ability_anims.glb,.glb,91732,89.58,0.0875,UNMAPPED,,,,0,0,0,0,,,
runtime_models,chars/enemies/skelboss_ability_anims.glb,chars,skelboss_ability_anims.glb,.glb,39456,38.53,0.0376,UNMAPPED,,,,0,0,0,0,,,
runtime_models,chars/enemies/skeleton_dagger.glb,chars,skeleton_dagger.glb,.glb,36324,35.47,0.0346,UNMAPPED,,,,680,972,1,0,,,
runtime_models,chars/enemies/skeleton_golem.glb,chars,skeleton_golem.glb,.glb,292776,285.91,0.2792,UNMAPPED,,,,7156,8185,2,1,,,
runtime_models,chars/enemies/skeleton_golem_anims.glb,chars,skeleton_golem_anims.glb,.glb,23120,22.58,0.022,UNMAPPED,,,,0,0,0,0,,,
runtime_models,chars/enemies/skeleton_mage.glb,chars,skeleton_mage.glb,.glb,802628,783.82,0.7654,UNMAPPED,,,,4588,4056,2,1,,,
runtime_models,chars/enemies/skeleton_mage_hit_variety_anims.glb,chars,skeleton_mage_hit_variety_anims.glb,.glb,35708,34.87,0.0341,UNMAPPED,,,,0,0,0,0,,,
runtime_models,chars/enemies/skeleton_minion.glb,chars,skeleton_minion.glb,.glb,815932,796.81,0.7781,UNMAPPED,,,,5288,4858,2,1,,,
runtime_models,chars/enemies/skeleton_minion_hit_variety_anims.glb,chars,skeleton_minion_hit_variety_anims.glb,.glb,35708,34.87,0.0341,UNMAPPED,,,,0,0,0,0,,,
runtime_models,chars/enemies/skeleton_rogue.glb,chars,skeleton_rogue.glb,.glb,505020,493.18,0.4816,UNMAPPED,,,,5958,6231,2,1,,,
runtime_models,chars/enemies/skeleton_rogue_hit_variety_anims.glb,chars,skeleton_rogue_hit_variety_anims.glb,.glb,21600,21.09,0.0206,UNMAPPED,,,,0,0,0,0,,,
runtime_models,chars/enemies/skeleton_warrior.glb,chars,skeleton_warrior.glb,.glb,523236,510.97,0.499,UNMAPPED,,,,7017,7581,2,1,,,
runtime_models,chars/enemies/skeleton_warrior_hit_variety_anims.glb,chars,skeleton_warrior_hit_variety_anims.glb,.glb,21600,21.09,0.0206,UNMAPPED,,,,0,0,0,0,,,
runtime_models,chars/players/swim_anims.glb,chars,swim_anims.glb,.glb,93788,91.59,0.0894,UNMAPPED,,,,0,0,0,0,,,
runtime_models,chars/players/warlock_ability_anims.glb,chars,warlock_ability_anims.glb,.glb,75888,74.11,0.0724,UNMAPPED,,,,0,0,0,0,,,
runtime_models,chars/players/warrior_ability_anims.glb,chars,warrior_ability_anims.glb,.glb,24480,23.91,0.0233,UNMAPPED,,,,0,0,0,0,,,
runtime_models,chars/modular/warrior_modular.glb,chars,warrior_modular.glb,.glb,3477372,3395.87,3.3163,UNMAPPED,,,,92432,75440,22,8,,,
runtime_models,city/wall_tower.glb,city,wall_tower.glb,.glb,6992,6.83,0.0067,UNMAPPED,,,,162,486,3,0,,,
runtime_models,CLAUDE.md,CLAUDE.md,CLAUDE.md,.md,7002,6.84,0.0067,UNMAPPED,,,,,,,,,,
runtime_models,creatures/alpaca.glb,creatures,alpaca.glb,.glb,340456,332.48,0.3247,⚠️ CRIAR,creatures/alpaca.glb,creatures/donkey.glb,Donkey,2060,4156,7,0,,,
runtime_models,creatures/aurelhorn.glb,creatures,aurelhorn.glb,.glb,337636,329.72,0.322,⚠️ CRIAR,creatures/aurelhorn.glb,creatures/ancient_stag.glb,Ancient Stag,3667,7435,6,0,,,
runtime_models,creatures/bear_ability_anims.glb,creatures,bear_ability_anims.glb,.glb,17948,17.53,0.0171,UNMAPPED,,,,0,0,0,0,,,
runtime_models,creatures/bear_form.glb,creatures,bear_form.glb,.glb,718080,701.25,0.6848,⚠️ CRIAR,creatures/bear_form.glb,creatures/dire_bear.glb,Dire Bear,4964,3533,1,1,,,
runtime_models,creatures/bull.glb,creatures,bull.glb,.glb,344844,336.76,0.3289,⚠️ CRIAR,creatures/bull.glb,creatures/minotaur.glb,Minotaur,2418,4906,7,0,,,
runtime_models,creatures/chicken_cow.glb,creatures,chicken_cow.glb,.glb,209536,204.62,0.1998,⚠️ CRIAR,creatures/chicken_cow.glb,creatures/scarecrow.glb,Scarecrow,7120,4853,11,0,,,
runtime_models,creatures/crab_ability_anims.glb,creatures,crab_ability_anims.glb,.glb,6640,6.48,0.0063,UNMAPPED,,,,0,0,0,0,,,
runtime_models,creatures/crabenemy.glb,creatures,crabenemy.glb,.glb,62156,60.7,0.0593,⚠️ CRIAR,creatures/crabenemy.glb,creatures/cave_crab.glb,Cave Crab,3624,2455,4,0,,,
runtime_models,creatures/crabenemy_hit_variety_anims.glb,creatures,crabenemy_hit_variety_anims.glb,.glb,6380,6.23,0.0061,UNMAPPED,,,,0,0,0,0,,,
runtime_models,creatures/demon.glb,creatures,demon.glb,.glb,113392,110.73,0.1081,✅ USAR `Devil Demon.glb`,creatures/demon.glb,creatures/fallen_angel.glb,Fallen Angel,4784,2886,4,0,,,
runtime_models,creatures/demon_ability_anims.glb,creatures,demon_ability_anims.glb,.glb,16952,16.55,0.0162,UNMAPPED,,,,0,0,0,0,,,
runtime_models,creatures/demon_flying_anims.glb,creatures,demon_flying_anims.glb,.glb,18392,17.96,0.0175,UNMAPPED,,,,0,0,0,0,,,
runtime_models,creatures/demonalt.glb,creatures,demonalt.glb,.glb,160088,156.34,0.1527,✅ USAR `abomination.glb`,creatures/demonalt.glb,creatures/abyssal_demon.glb,Abyssal Demon,6712,4167,4,0,,,
runtime_models,creatures/demonalt_hit_variety_anims.glb,creatures,demonalt_hit_variety_anims.glb,.glb,12216,11.93,0.0117,UNMAPPED,,,,0,0,0,0,,,
runtime_models,creatures/dragon_egg.glb,creatures,dragon_egg.glb,.glb,116048,113.33,0.1107,✅ MANTER,creatures/dragon_egg.glb,creatures/dragon_egg.glb,Dragon Egg,4856,4604,1,1,,,
runtime_models,creatures/dragonevolved.glb,creatures,dragonevolved.glb,.glb,138560,135.31,0.1321,⚠️ CRIAR,creatures/dragonevolved.glb,creatures/elder_dragon.glb,Elder Dragon,7438,4350,4,0,,,
runtime_models,creatures/dragonkin_ability_anims.glb,creatures,dragonkin_ability_anims.glb,.glb,13628,13.31,0.013,UNMAPPED,,,,0,0,0,0,,,
runtime_models,creatures/dragonkin_baby.glb,creatures,dragonkin_baby.glb,.glb,211952,206.98,0.2021,⚠️ CRIAR,creatures/dragonkin_baby.glb,creatures/whelp.glb,Whelp,4830,5825,1,1,,,
runtime_models,creatures/dragonkin_elite.glb,creatures,dragonkin_elite.glb,.glb,455856,445.17,0.4347,⚠️ CRIAR,creatures/dragonkin_elite.glb,creatures/dragon_knight.glb,Dragon Knight,0,19332,1,1,,,
runtime_models,creatures/dragonkin_mob.glb,creatures,dragonkin_mob.glb,.glb,332360,324.57,0.317,⚠️ CRIAR,creatures/dragonkin_mob.glb,creatures/dragon_acolyte.glb,Dragon Acolyte,0,14592,1,1,,,
runtime_models,creatures/duskwisp.glb,creatures,duskwisp.glb,.glb,161640,157.85,0.1542,⚠️ CRIAR,creatures/duskwisp.glb,creatures/soul_orb.glb,Soul Orb,3868,2681,1,1,,,
runtime_models,creatures/elemental_ability_anims.glb,creatures,elemental_ability_anims.glb,.glb,8968,8.76,0.0086,UNMAPPED,,,,0,0,0,0,,,
runtime_models,creatures/emberkin.glb,creatures,emberkin.glb,.glb,1415428,1382.25,1.3499,⚠️ CRIAR,creatures/emberkin.glb,creatures/flame_spirit.glb,Flame Spirit,4104,3117,1,3,,,
runtime_models,creatures/fox.glb,creatures,fox.glb,.glb,332748,324.95,0.3173,⚠️ CRIAR,creatures/fox.glb,creatures/corpse_fox.glb,Corpse Fox,1848,3752,4,0,,,
runtime_models,creatures/frog.glb,creatures,frog.glb,.glb,140836,137.54,0.1343,⚠️ CRIAR,creatures/frog.glb,creatures/swamp_toad.glb,Swamp Toad,5016,2734,4,0,,,
runtime_models,creatures/frog_hit_variety_anims.glb,creatures,frog_hit_variety_anims.glb,.glb,12064,11.78,0.0115,UNMAPPED,,,,0,0,0,0,,,
runtime_models,creatures/ghost.glb,creatures,ghost.glb,.glb,78548,76.71,0.0749,✅ USAR `psx_horror_entity.glb`,creatures/ghost.glb,creatures/wraith.glb,Wraith,3192,1768,3,0,,,
runtime_models,creatures/ghost_ability_anims.glb,creatures,ghost_ability_anims.glb,.glb,9396,9.18,0.009,UNMAPPED,,,,0,0,0,0,,,
runtime_models,creatures/giant.glb,creatures,giant.glb,.glb,52464,51.23,0.05,⚠️ CRIAR,creatures/giant.glb,creatures/golem.glb,Golem,3812,3158,1,1,,,
runtime_models,creatures/giant_hit_variety_anims.glb,creatures,giant_hit_variety_anims.glb,.glb,3324,3.25,0.0032,UNMAPPED,,,,0,0,0,0,,,
runtime_models,creatures/gleamstag.glb,creatures,gleamstag.glb,.glb,337624,329.71,0.322,⚠️ CRIAR,creatures/gleamstag.glb,creatures/blessed_stag.glb,Blessed Stag,3667,7435,6,0,,,
runtime_models,creatures/glimmerwisp.glb,creatures,glimmerwisp.glb,.glb,162784,158.97,0.1552,⚠️ CRIAR,creatures/glimmerwisp.glb,creatures/will_o_wisp.glb,Will o Wisp,3814,2493,1,1,,,
runtime_models,creatures/gloomshade_abyssal_guardian.glb,creatures,gloomshade_abyssal_guardian.glb,.glb,1435296,1401.66,1.3688,⚠️ CRIAR,creatures/gloomshade_abyssal_guardian.glb,creatures/abyss_watcher.glb,Abyss Watcher,3916,3111,1,3,,,
runtime_models,creatures/glub_ability_anims.glb,creatures,glub_ability_anims.glb,.glb,8952,8.74,0.0085,UNMAPPED,,,,0,0,0,0,,,
runtime_models,creatures/glubevolved.glb,creatures,glubevolved.glb,.glb,68412,66.81,0.0652,⚠️ CRIAR,creatures/glubevolved.glb,creatures/swamp_lurker.glb,Swamp Lurker,4452,2426,4,0,,,
runtime_models,creatures/goblin.glb,creatures,goblin.glb,.glb,48360,47.23,0.0461,⚠️ CRIAR,creatures/goblin.glb,creatures/dreg.glb,Dreg,2912,2738,1,1,,,
runtime_models,creatures/goblin_hit_variety_anims.glb,creatures,goblin_hit_variety_anims.glb,.glb,3272,3.2,0.0031,UNMAPPED,,,,0,0,0,0,,,
runtime_models,creatures/golelingevolved.glb,creatures,golelingevolved.glb,.glb,85588,83.58,0.0816,UNMAPPED,,,,5864,3629,6,0,,,
runtime_models,creatures/gravewing.glb,creatures,gravewing.glb,.glb,1190128,1162.23,1.135,⚠️ CRIAR,creatures/gravewing.glb,creatures/death_wyvern.glb,Death Wyvern,5685,4132,1,3,,,
runtime_models,creatures/greyjaw.glb,creatures,greyjaw.glb,.glb,414832,405.11,0.3956,⚠️ CRIAR,creatures/greyjaw.glb,creatures/stone_guardian.glb,Stone Guardian,0,14472,1,1,,,
runtime_models,creatures/greyjaw_ability_anims.glb,creatures,greyjaw_ability_anims.glb,.glb,35576,34.74,0.0339,UNMAPPED,,,,0,0,0,0,,,
runtime_models,creatures/grix.glb,creatures,grix.glb,.glb,485196,473.82,0.4627,✅ USAR `muscular_abomination.glb`,creatures/grix.glb,creatures/flesh_abomination.glb,Flesh Abomination,0,22239,2,2,,,
runtime_models,creatures/grubjaw.glb,creatures,grubjaw.glb,.glb,318432,310.97,0.3037,⚠️ CRIAR,creatures/grubjaw.glb,creatures/carrion_eater.glb,Carrion Eater,0,14676,1,1,,,
runtime_models,creatures/kobold.glb,creatures,kobold.glb,.glb,324004,316.41,0.309,⚠️ CRIAR,creatures/kobold.glb,creatures/gnoll.glb,Gnoll,0,13881,1,1,,,
runtime_models,creatures/kobold_ability_anims.glb,creatures,kobold_ability_anims.glb,.glb,5156,5.04,0.0049,UNMAPPED,,,,0,0,0,0,,,
runtime_models,creatures/leaping_fish.glb,creatures,leaping_fish.glb,.glb,50188,49.01,0.0479,⚠️ CRIAR,creatures/leaping_fish.glb,creatures/river_serpent.glb,River Serpent,3000,2466,1,3,,,
runtime_models,creatures/murloc_ability_anims.glb,creatures,murloc_ability_anims.glb,.glb,17844,17.43,0.017,UNMAPPED,,,,0,0,0,0,,,
runtime_models,creatures/mushroom_pixie.glb,creatures,mushroom_pixie.glb,.glb,1302976,1272.44,1.2426,⚠️ CRIAR,creatures/mushroom_pixie.glb,creatures/fungal_zombie.glb,Fungal Zombie,3856,5930,1,3,,,
runtime_models,creatures/nightkin_ability_anims.glb,creatures,nightkin_ability_anims.glb,.glb,16100,15.72,0.0154,UNMAPPED,,,,0,0,0,0,,,
runtime_models,creatures/orc.glb,creatures,orc.glb,.glb,176892,172.75,0.1687,⚠️ CRIAR,creatures/orc.glb,creatures/orc_slave.glb,Orc Slave,7344,4382,10,0,,,
runtime_models,creatures/orc_hit_variety_anims.glb,creatures,orc_hit_variety_anims.glb,.glb,12224,11.94,0.0117,UNMAPPED,,,,0,0,0,0,,,
runtime_models,creatures/orcenemy.glb,creatures,orcenemy.glb,.glb,45384,44.32,0.0433,⚠️ CRIAR,creatures/orcenemy.glb,creatures/orc_berserker.glb,Orc Berserker,2296,1771,7,0,,,
runtime_models,creatures/pyre_colossus.glb,creatures,pyre_colossus.glb,.glb,1707388,1667.37,1.6283,⚠️ CRIAR,creatures/pyre_colossus.glb,creatures/fire_giant.glb,Fire Giant,6055,7857,1,3,,,
runtime_models,creatures/spider.glb,creatures,spider.glb,.glb,130436,127.38,0.1244,⚠️ CRIAR,creatures/spider.glb,creatures/broodmother.glb,Broodmother,2712,5461,2,0,,,
runtime_models,creatures/spider_egg_sac.glb,creatures,spider_egg_sac.glb,.glb,131548,128.46,0.1255,⚠️ CRIAR,creatures/spider_egg_sac.glb,creatures/egg_cluster.glb,Egg Cluster,4076,6185,1,1,,,
runtime_models,creatures/stag.glb,creatures,stag.glb,.glb,317028,309.6,0.3023,⚠️ CRIAR,creatures/stag.glb,creatures/wounded_stag.glb,Wounded Stag,3667,7435,5,0,,,
runtime_models,creatures/stag_ability_anims.glb,creatures,stag_ability_anims.glb,.glb,18512,18.08,0.0177,UNMAPPED,,,,0,0,0,0,,,
runtime_models,creatures/stone_cantor.glb,creatures,stone_cantor.glb,.glb,289676,282.89,0.2763,⚠️ CRIAR,creatures/stone_cantor.glb,creatures/bell_ringer.glb,Bell Ringer,0,14520,1,1,,,
runtime_models,creatures/tolling_bell.glb,creatures,tolling_bell.glb,.glb,172056,168.02,0.1641,⚠️ CRIAR,creatures/tolling_bell.glb,creatures/cursed_bell.glb,Cursed Bell,12410,10646,1,1,,,
runtime_models,creatures/training_dummy.glb,creatures,training_dummy.glb,.glb,885308,864.56,0.8443,✅ MANTER,creatures/training_dummy.glb,creatures/training_dummy.glb,Target Dummy,1285,2217,1,3,,,
runtime_models,creatures/treant_ability_anims.glb,creatures,treant_ability_anims.glb,.glb,3584,3.5,0.0034,UNMAPPED,,,,0,0,0,0,,,
runtime_models,creatures/tribal.glb,creatures,tribal.glb,.glb,95396,93.16,0.091,⚠️ CRIAR,creatures/tribal.glb,creatures/wildman.glb,Wildman,5252,3490,5,0,,,
runtime_models,creatures/troll_ability_anims.glb,creatures,troll_ability_anims.glb,.glb,12636,12.34,0.0121,UNMAPPED,,,,0,0,0,0,,,
runtime_models,creatures/veiled_doe.glb,creatures,veiled_doe.glb,.glb,337184,329.28,0.3216,⚠️ CRIAR,creatures/veiled_doe.glb,creatures/spectral_deer.glb,Spectral Deer,2051,4203,5,0,,,
runtime_models,creatures/veiled_stag.glb,creatures,veiled_stag.glb,.glb,337668,329.75,0.322,⚠️ CRIAR,creatures/veiled_stag.glb,creatures/spirit_stag.glb,Spirit Stag,3667,7435,6,0,,,
runtime_models,creatures/velociraptor.glb,creatures,velociraptor.glb,.glb,111044,108.44,0.1059,⚠️ CRIAR,creatures/velociraptor.glb,creatures/dire_wolf.glb,Dire Wolf,1248,2576,3,0,,,
runtime_models,creatures/water_elemental.glb,creatures,water_elemental.glb,.glb,255292,249.31,0.2435,⚠️ CRIAR,creatures/water_elemental.glb,creatures/abyssal_horror.glb,Abyssal Horror,10432,6312,6,0,,,
runtime_models,creatures/wild_boar.glb,creatures,wild_boar.glb,.glb,318604,311.14,0.3038,✅ USAR `killer_pig.glb`,creatures/wild_boar.glb,creatures/demon_boar.glb,Demon Boar,1570,886,1,1,,,
runtime_models,creatures/wildheart_beastmaster.glb,creatures,wildheart_beastmaster.glb,.glb,1342220,1310.76,1.28,⚠️ CRIAR,creatures/wildheart_beastmaster.glb,creatures/beast_tamer.glb,Beast Tamer,4361,8448,1,3,,,
runtime_models,creatures/wildheart_beastmaster_hit_variety_anims.glb,creatures,wildheart_beastmaster_hit_variety_anims.glb,.glb,29500,28.81,0.0281,UNMAPPED,,,,0,0,0,0,,,
runtime_models,creatures/wildheart_hexcaller.glb,creatures,wildheart_hexcaller.glb,.glb,1056052,1031.3,1.0071,⚠️ CRIAR,creatures/wildheart_hexcaller.glb,creatures/hex_witch.glb,Hex Witch,3872,3192,1,3,,,
runtime_models,creatures/wildheart_hexcaller_ability_anims.glb,creatures,wildheart_hexcaller_ability_anims.glb,.glb,28260,27.6,0.027,UNMAPPED,,,,0,0,0,0,,,
runtime_models,creatures/wildheart_hexcaller_hit_variety_anims.glb,creatures,wildheart_hexcaller_hit_variety_anims.glb,.glb,29556,28.86,0.0282,UNMAPPED,,,,0,0,0,0,,,
runtime_models,creatures/wildheart_high_priest.glb,creatures,wildheart_high_priest.glb,.glb,1260468,1230.93,1.2021,⚠️ CRIAR,creatures/wildheart_high_priest.glb,creatures/cult_leader.glb,Cult Leader,3803,6321,1,3,,,
runtime_models,creatures/wildheart_high_priest_ability_anims.glb,creatures,wildheart_high_priest_ability_anims.glb,.glb,32948,32.18,0.0314,UNMAPPED,,,,0,0,0,0,,,
runtime_models,creatures/wildheart_high_priest_hit_variety_anims.glb,creatures,wildheart_high_priest_hit_variety_anims.glb,.glb,29640,28.95,0.0283,UNMAPPED,,,,0,0,0,0,,,
runtime_models,creatures/wildheart_ravager.glb,creatures,wildheart_ravager.glb,.glb,1257032,1227.57,1.1988,⚠️ CRIAR,creatures/wildheart_ravager.glb,berserker_druid.glb,Berserker Druid,3971,6711,1,3,,,
runtime_models,creatures/wildheart_ravager_ability_anims.glb,creatures,wildheart_ravager_ability_anims.glb,.glb,31412,30.68,0.03,UNMAPPED,,,,0,0,0,0,,,
runtime_models,creatures/wildheart_ravager_hit_variety_anims.glb,creatures,wildheart_ravager_hit_variety_anims.glb,.glb,29572,28.88,0.0282,UNMAPPED,,,,0,0,0,0,,,
runtime_models,creatures/wildheart_stalker.glb,creatures,wildheart_stalker.glb,.glb,1199520,1171.41,1.144,⚠️ CRIAR,creatures/wildheart_stalker.glb,creatures/shadow_druid.glb,Shadow Druid,4004,6096,1,3,,,
runtime_models,creatures/wildheart_stalker_ability_anims.glb,creatures,wildheart_stalker_ability_anims.glb,.glb,23616,23.06,0.0225,UNMAPPED,,,,0,0,0,0,,,
runtime_models,creatures/wildheart_stalker_hit_variety_anims.glb,creatures,wildheart_stalker_hit_variety_anims.glb,.glb,29524,28.83,0.0282,UNMAPPED,,,,0,0,0,0,,,
runtime_models,creatures/wolf.glb,creatures,wolf.glb,.glb,336460,328.57,0.3209,⚠️ CRIAR,creatures/wolf.glb,creatures/shadow_hound.glb,Shadow Hound,1962,3994,4,0,,,
runtime_models,creatures/wolf_basic.glb,creatures,wolf_basic.glb,.glb,334888,327.04,0.3194,⚠️ CRIAR,creatures/wolf_basic.glb,creatures/corpse_dog.glb,Corpse Dog,0,8574,1,1,,,
runtime_models,creatures/yeti.glb,creatures,yeti.glb,.glb,41144,40.18,0.0392,⚠️ CRIAR,creatures/yeti.glb,creatures/frost_giant.glb,Frost Giant,2136,1410,6,0,,,
runtime_models,creatures/yeti_ability_anims.glb,creatures,yeti_ability_anims.glb,.glb,21668,21.16,0.0207,UNMAPPED,,,,0,0,0,0,,,
runtime_models,creatures/yeti_hit_variety_anims.glb,creatures,yeti_hit_variety_anims.glb,.glb,3892,3.8,0.0037,UNMAPPED,,,,0,0,0,0,,,
runtime_models,creatures/yetialt.glb,creatures,yetialt.glb,.glb,149784,146.27,0.1428,⚠️ CRIAR,creatures/yetialt.glb,creatures/ice_golem.glb,Ice Golem,6094,3331,6,0,,,
runtime_models,creatures/yetialt_hit_variety_anims.glb,creatures,yetialt_hit_variety_anims.glb,.glb,12100,11.82,0.0115,UNMAPPED,,,,0,0,0,0,,,
runtime_models,creatures/yumi_cat.glb,creatures,yumi_cat.glb,.glb,430368,420.28,0.4104,⚠️ CRIAR,creatures/yumi_cat.glb,creatures/hellcat.glb,Hellcat,9960,13658,1,1,,,
runtime_models,dungeon/arch.glb,dungeon,arch.glb,.glb,36168,35.32,0.0345,⚠️ REESTILIZAR,dungeon/arch.glb,dungeon/arch.glb,Stone Arch,436,820,1,1,,,
runtime_models,dungeon/arch_gate.glb,dungeon,arch_gate.glb,.glb,48776,47.63,0.0465,⚠️ REESTILIZAR,dungeon/arch_gate.glb,dungeon/arch_gate.glb,Gate Arch,868,1658,1,1,,,
runtime_models,dungeon/banner_blue.glb,dungeon,banner_blue.glb,.glb,29200,28.52,0.0278,⚠️ REESTILIZAR,dungeon/banner_blue.glb,dungeon/banner_blue.glb,Banner Blue,97,205,1,1,,,
runtime_models,dungeon/banner_brown.glb,dungeon,banner_brown.glb,.glb,32352,31.59,0.0309,⚠️ REESTILIZAR,dungeon/banner_brown.glb,dungeon/banner_brown.glb,Banner Brown,97,187,1,1,,,
runtime_models,dungeon/banner_green.glb,dungeon,banner_green.glb,.glb,29204,28.52,0.0279,⚠️ REESTILIZAR,dungeon/banner_green.glb,dungeon/banner_green.glb,Banner Green,97,205,1,1,,,
runtime_models,dungeon/banner_patterna_blue.glb,dungeon,banner_patterna_blue.glb,.glb,32664,31.9,0.0312,UNMAPPED,,,,110,220,1,1,,,
runtime_models,dungeon/banner_patterna_brown.glb,dungeon,banner_patterna_brown.glb,.glb,32668,31.9,0.0312,UNMAPPED,,,,110,220,1,1,,,
runtime_models,dungeon/banner_patterna_green.glb,dungeon,banner_patterna_green.glb,.glb,32668,31.9,0.0312,UNMAPPED,,,,110,220,1,1,,,
runtime_models,dungeon/banner_patterna_red.glb,dungeon,banner_patterna_red.glb,.glb,32664,31.9,0.0312,UNMAPPED,,,,110,220,1,1,,,
runtime_models,dungeon/banner_patterna_white.glb,dungeon,banner_patterna_white.glb,.glb,32664,31.9,0.0312,UNMAPPED,,,,110,220,1,1,,,
runtime_models,dungeon/banner_patterna_yellow.glb,dungeon,banner_patterna_yellow.glb,.glb,32668,31.9,0.0312,UNMAPPED,,,,110,220,1,1,,,
runtime_models,dungeon/banner_patternb_blue.glb,dungeon,banner_patternb_blue.glb,.glb,32452,31.69,0.0309,UNMAPPED,,,,97,197,1,1,,,
runtime_models,dungeon/banner_patternb_brown.glb,dungeon,banner_patternb_brown.glb,.glb,32452,31.69,0.0309,UNMAPPED,,,,97,197,1,1,,,
runtime_models,dungeon/banner_patternb_green.glb,dungeon,banner_patternb_green.glb,.glb,32452,31.69,0.0309,UNMAPPED,,,,97,197,1,1,,,
runtime_models,dungeon/banner_patternb_red.glb,dungeon,banner_patternb_red.glb,.glb,32444,31.68,0.0309,UNMAPPED,,,,97,197,1,1,,,
runtime_models,dungeon/banner_patternb_white.glb,dungeon,banner_patternb_white.glb,.glb,32452,31.69,0.0309,UNMAPPED,,,,97,197,1,1,,,
runtime_models,dungeon/banner_patternb_yellow.glb,dungeon,banner_patternb_yellow.glb,.glb,32452,31.69,0.0309,UNMAPPED,,,,97,197,1,1,,,
runtime_models,dungeon/banner_patternc_blue.glb,dungeon,banner_patternc_blue.glb,.glb,32452,31.69,0.0309,UNMAPPED,,,,97,197,1,1,,,
runtime_models,dungeon/banner_patternc_brown.glb,dungeon,banner_patternc_brown.glb,.glb,32452,31.69,0.0309,UNMAPPED,,,,97,197,1,1,,,
runtime_models,dungeon/banner_patternC_green.glb,dungeon,banner_patternC_green.glb,.glb,29212,28.53,0.0279,UNMAPPED,,,,97,205,1,1,,,
runtime_models,dungeon/banner_patternc_red.glb,dungeon,banner_patternc_red.glb,.glb,32448,31.69,0.0309,UNMAPPED,,,,97,197,1,1,,,
runtime_models,dungeon/banner_patternc_white.glb,dungeon,banner_patternc_white.glb,.glb,32448,31.69,0.0309,UNMAPPED,,,,97,197,1,1,,,
runtime_models,dungeon/banner_patternc_yellow.glb,dungeon,banner_patternc_yellow.glb,.glb,32456,31.7,0.031,UNMAPPED,,,,97,197,1,1,,,
runtime_models,dungeon/banner_red.glb,dungeon,banner_red.glb,.glb,32344,31.59,0.0308,⚠️ REESTILIZAR,dungeon/banner_red.glb,dungeon/banner_red.glb,Banner Red,97,187,1,1,,,
runtime_models,dungeon/banner_shield_blue.glb,dungeon,banner_shield_blue.glb,.glb,39056,38.14,0.0372,UNMAPPED,,,,639,1068,1,1,,,
runtime_models,dungeon/banner_shield_brown.glb,dungeon,banner_shield_brown.glb,.glb,41564,40.59,0.0396,UNMAPPED,,,,639,1022,1,1,,,
runtime_models,dungeon/banner_shield_green.glb,dungeon,banner_shield_green.glb,.glb,41564,40.59,0.0396,UNMAPPED,,,,639,1022,1,1,,,
runtime_models,dungeon/banner_shield_red.glb,dungeon,banner_shield_red.glb,.glb,41556,40.58,0.0396,UNMAPPED,,,,639,1022,1,1,,,
runtime_models,dungeon/banner_shield_white.glb,dungeon,banner_shield_white.glb,.glb,41560,40.59,0.0396,UNMAPPED,,,,639,1022,1,1,,,
runtime_models,dungeon/banner_shield_yellow.glb,dungeon,banner_shield_yellow.glb,.glb,41560,40.59,0.0396,UNMAPPED,,,,639,1022,1,1,,,
runtime_models,dungeon/banner_thin_blue.glb,dungeon,banner_thin_blue.glb,.glb,32020,31.27,0.0305,UNMAPPED,,,,83,155,1,1,,,
runtime_models,dungeon/banner_thin_brown.glb,dungeon,banner_thin_brown.glb,.glb,32024,31.27,0.0305,UNMAPPED,,,,83,155,1,1,,,
runtime_models,dungeon/banner_thin_green.glb,dungeon,banner_thin_green.glb,.glb,32028,31.28,0.0305,UNMAPPED,,,,83,155,1,1,,,
runtime_models,dungeon/banner_thin_red.glb,dungeon,banner_thin_red.glb,.glb,32020,31.27,0.0305,UNMAPPED,,,,83,155,1,1,,,
runtime_models,dungeon/banner_thin_white.glb,dungeon,banner_thin_white.glb,.glb,28868,28.19,0.0275,UNMAPPED,,,,83,172,1,1,,,
runtime_models,dungeon/banner_thin_yellow.glb,dungeon,banner_thin_yellow.glb,.glb,32024,31.27,0.0305,UNMAPPED,,,,83,155,1,1,,,
runtime_models,dungeon/banner_triple_blue.glb,dungeon,banner_triple_blue.glb,.glb,32620,31.86,0.0311,UNMAPPED,,,,263,549,1,1,,,
runtime_models,dungeon/banner_triple_brown.glb,dungeon,banner_triple_brown.glb,.glb,35356,34.53,0.0337,UNMAPPED,,,,263,497,1,1,,,
runtime_models,dungeon/banner_triple_green.glb,dungeon,banner_triple_green.glb,.glb,32616,31.85,0.0311,UNMAPPED,,,,263,549,1,1,,,
runtime_models,dungeon/banner_triple_red.glb,dungeon,banner_triple_red.glb,.glb,35344,34.52,0.0337,UNMAPPED,,,,263,497,1,1,,,
runtime_models,dungeon/banner_triple_white.glb,dungeon,banner_triple_white.glb,.glb,35348,34.52,0.0337,UNMAPPED,,,,263,497,1,1,,,
runtime_models,dungeon/banner_triple_yellow.glb,dungeon,banner_triple_yellow.glb,.glb,35352,34.52,0.0337,UNMAPPED,,,,263,497,1,1,,,
runtime_models,dungeon/banner_white.glb,dungeon,banner_white.glb,.glb,29204,28.52,0.0279,⚠️ REESTILIZAR,dungeon/banner_white.glb,dungeon/banner_white.glb,Banner White,97,205,1,1,,,
runtime_models,dungeon/banner_yellow.glb,dungeon,banner_yellow.glb,.glb,32348,31.59,0.0308,⚠️ REESTILIZAR,dungeon/banner_yellow.glb,dungeon/banner_yellow.glb,Banner Yellow,97,187,1,1,,,
runtime_models,dungeon/bar_innercorner.glb,dungeon,bar_innercorner.glb,.glb,38256,37.36,0.0365,⚠️ REESTILIZAR,dungeon/bar_innercorner.glb,dungeon/bar_innercorner.glb,Railing Corner,552,804,1,1,,,
runtime_models,dungeon/bar_outercorner.glb,dungeon,bar_outercorner.glb,.glb,38828,37.92,0.037,⚠️ REESTILIZAR,dungeon/bar_outercorner.glb,dungeon/bar_outercorner.glb,Railing Outer,604,872,1,1,,,
runtime_models,dungeon/bar_straight_a.glb,dungeon,bar_straight_a.glb,.glb,35352,34.52,0.0337,UNMAPPED,,,,352,512,1,1,,,
runtime_models,dungeon/bar_straight_a_short.glb,dungeon,bar_straight_a_short.glb,.glb,33524,32.74,0.032,UNMAPPED,,,,220,320,1,1,,,
runtime_models,dungeon/bar_straight_b.glb,dungeon,bar_straight_b.glb,.glb,35092,34.27,0.0335,UNMAPPED,,,,340,492,1,1,,,
runtime_models,dungeon/bar_straight_b_short.glb,dungeon,bar_straight_b_short.glb,.glb,34892,34.07,0.0333,UNMAPPED,,,,316,450,1,1,,,
runtime_models,dungeon/bar_straight_c.glb,dungeon,bar_straight_c.glb,.glb,37152,36.28,0.0354,UNMAPPED,,,,516,678,1,1,,,
runtime_models,dungeon/bar_straight_c_short.glb,dungeon,bar_straight_c_short.glb,.glb,34948,34.13,0.0333,UNMAPPED,,,,334,446,1,1,,,
runtime_models,dungeon/barrel_large.glb,dungeon,barrel_large.glb,.glb,35188,34.36,0.0336,⚠️ REESTILIZAR,dungeon/barrel_large.glb,dungeon/barrel_large.glb,Large Barrel,561,745,1,1,,,
runtime_models,dungeon/barrel_large_decorated.glb,dungeon,barrel_large_decorated.glb,.glb,45748,44.68,0.0436,⚠️ REESTILIZAR,dungeon/barrel_large_decorated.glb,dungeon/barrel_large_decorated.glb,Ornate Barrel,1047,1403,1,1,,,
runtime_models,dungeon/barrel_small.glb,dungeon,barrel_small.glb,.glb,34692,33.88,0.0331,⚠️ REESTILIZAR,dungeon/barrel_small.glb,dungeon/barrel_small.glb,Small Barrel,207,419,1,1,,,
runtime_models,dungeon/barrel_small_stack.glb,dungeon,barrel_small_stack.glb,.glb,51676,50.46,0.0493,⚠️ REESTILIZAR,dungeon/barrel_small_stack.glb,dungeon/barrel_small_stack.glb,Barrel Stack,1149,2316,1,1,,,
runtime_models,dungeon/barrier.glb,dungeon,barrier.glb,.glb,31888,31.14,0.0304,⚠️ REESTILIZAR,dungeon/barrier.glb,dungeon/barrier.glb,Barricade,90,180,1,1,,,
runtime_models,dungeon/barrier_colum_half.glb,dungeon,barrier_colum_half.glb,.glb,31996,31.25,0.0305,UNMAPPED,,,,86,176,1,1,,,
runtime_models,dungeon/barrier_column.glb,dungeon,barrier_column.glb,.glb,32268,31.51,0.0308,⚠️ REESTILIZAR,dungeon/barrier_column.glb,dungeon/barrier_column.glb,Column,110,224,1,1,,,
runtime_models,dungeon/barrier_corner.glb,dungeon,barrier_corner.glb,.glb,32820,32.05,0.0313,⚠️ REESTILIZAR,dungeon/barrier_corner.glb,dungeon/barrier_corner.glb,Corner,128,260,1,1,,,
runtime_models,dungeon/barrier_half.glb,dungeon,barrier_half.glb,.glb,31100,30.37,0.0297,⚠️ REESTILIZAR,dungeon/barrier_half.glb,dungeon/barrier_half.glb,Half Wall,42,84,1,1,,,
runtime_models,dungeon/bartop_a_large.glb,dungeon,bartop_a_large.glb,.glb,34520,33.71,0.0329,UNMAPPED,,,,348,432,1,1,,,
runtime_models,dungeon/bartop_a_medium.glb,dungeon,bartop_a_medium.glb,.glb,34672,33.86,0.0331,UNMAPPED,,,,348,432,1,1,,,
runtime_models,dungeon/bartop_a_small.glb,dungeon,bartop_a_small.glb,.glb,34664,33.85,0.0331,UNMAPPED,,,,348,432,1,1,,,
runtime_models,dungeon/bartop_b_large.glb,dungeon,bartop_b_large.glb,.glb,35592,34.76,0.0339,UNMAPPED,,,,416,538,1,1,,,
runtime_models,dungeon/bartop_b_medium.glb,dungeon,bartop_b_medium.glb,.glb,35204,34.38,0.0336,UNMAPPED,,,,392,496,1,1,,,
runtime_models,dungeon/bartop_b_small.glb,dungeon,bartop_b_small.glb,.glb,35200,34.38,0.0336,UNMAPPED,,,,392,496,1,1,,,
runtime_models,dungeon/bed_a_double.glb,dungeon,bed_a_double.glb,.glb,39252,38.33,0.0374,UNMAPPED,,,,676,876,1,1,,,
runtime_models,dungeon/bed_a_single.glb,dungeon,bed_a_single.glb,.glb,37876,36.99,0.0361,UNMAPPED,,,,558,756,1,1,,,
runtime_models,dungeon/bed_a_stacked.glb,dungeon,bed_a_stacked.glb,.glb,51404,50.2,0.049,UNMAPPED,,,,1336,2056,1,1,,,
runtime_models,dungeon/bed_b_double.glb,dungeon,bed_b_double.glb,.glb,46984,45.88,0.0448,UNMAPPED,,,,1282,1700,1,1,,,
runtime_models,dungeon/bed_b_single.glb,dungeon,bed_b_single.glb,.glb,45236,44.18,0.0431,UNMAPPED,,,,1108,1524,1,1,,,
runtime_models,dungeon/bed_decorated.glb,dungeon,bed_decorated.glb,.glb,50740,49.55,0.0484,⚠️ REESTILIZAR,dungeon/bed_decorated.glb,dungeon/bed_decorated.glb,Ornate Bed,1410,1926,1,1,,,
runtime_models,dungeon/bed_floor.glb,dungeon,bed_floor.glb,.glb,32616,31.85,0.0311,⚠️ REESTILIZAR,dungeon/bed_floor.glb,dungeon/bed_floor.glb,Pallet Bed,232,192,1,1,,,
runtime_models,dungeon/bed_frame.glb,dungeon,bed_frame.glb,.glb,34004,33.21,0.0324,⚠️ REESTILIZAR,dungeon/bed_frame.glb,dungeon/bed_frame.glb,Bed Frame,304,338,1,1,,,
runtime_models,dungeon/bench.glb,dungeon,bench.glb,.glb,35708,34.87,0.0341,⚠️ REESTILIZAR,dungeon/bench.glb,dungeon/bench.glb,Bench,348,513,1,1,,,
runtime_models,dungeon/bench_decorated.glb,dungeon,bench_decorated.glb,.glb,44628,43.58,0.0426,⚠️ REESTILIZAR,dungeon/bench_decorated.glb,dungeon/bench_decorated.glb,Ornate Bench,978,1298,1,1,,,
runtime_models,dungeon/bone_A.glb,dungeon,bone_A.glb,.glb,30776,30.05,0.0294,⚠️ REESTILIZAR,dungeon/bone_A.glb,dungeon/bone_A.glb,Bone A,204,199,1,1,,,
runtime_models,dungeon/bone_B.glb,dungeon,bone_B.glb,.glb,30312,29.6,0.0289,⚠️ REESTILIZAR,dungeon/bone_B.glb,dungeon/bone_B.glb,Bone B,220,148,1,1,,,
runtime_models,dungeon/bone_c.glb,dungeon,bone_c.glb,.glb,32808,32.04,0.0313,⚠️ REESTILIZAR,dungeon/bone_c.glb,dungeon/bone_c.glb,Bone C,204,199,1,1,,,
runtime_models,dungeon/book_brown.glb,dungeon,book_brown.glb,.glb,31360,30.62,0.0299,UNMAPPED,,,,52,92,1,1,,,
runtime_models,dungeon/book_grey.glb,dungeon,book_grey.glb,.glb,31372,30.64,0.0299,UNMAPPED,,,,52,92,1,1,,,
runtime_models,dungeon/book_tan.glb,dungeon,book_tan.glb,.glb,31356,30.62,0.0299,UNMAPPED,,,,52,92,1,1,,,
runtime_models,dungeon/bookcase_double.glb,dungeon,bookcase_double.glb,.glb,33912,33.12,0.0323,UNMAPPED,,,,236,432,1,1,,,
runtime_models,dungeon/bookcase_double_decorateda.glb,dungeon,bookcase_double_decorateda.glb,.glb,66396,64.84,0.0633,UNMAPPED,,,,2212,3928,1,1,,,
runtime_models,dungeon/bookcase_double_decoratedb.glb,dungeon,bookcase_double_decoratedb.glb,.glb,63812,62.32,0.0609,UNMAPPED,,,,1994,3469,1,1,,,
runtime_models,dungeon/bookcase_single.glb,dungeon,bookcase_single.glb,.glb,33736,32.95,0.0322,UNMAPPED,,,,216,394,1,1,,,
runtime_models,dungeon/bookcase_single_decorateda.glb,dungeon,bookcase_single_decorateda.glb,.glb,50392,49.21,0.0481,UNMAPPED,,,,1204,2142,1,1,,,
runtime_models,dungeon/bookcase_single_decoratedb.glb,dungeon,bookcase_single_decoratedb.glb,.glb,52576,51.34,0.0501,UNMAPPED,,,,1261,2226,1,1,,,
runtime_models,dungeon/bottle_a_brown.glb,dungeon,bottle_a_brown.glb,.glb,33024,32.25,0.0315,UNMAPPED,,,,144,215,1,1,,,
runtime_models,dungeon/bottle_a_green.glb,dungeon,bottle_a_green.glb,.glb,33188,32.41,0.0317,UNMAPPED,,,,144,231,1,1,,,
runtime_models,dungeon/bottle_a_labeled_brown.glb,dungeon,bottle_a_labeled_brown.glb,.glb,33080,32.3,0.0315,UNMAPPED,,,,144,219,1,1,,,
runtime_models,dungeon/bottle_a_labeled_green.glb,dungeon,bottle_a_labeled_green.glb,.glb,33232,32.45,0.0317,UNMAPPED,,,,144,235,1,1,,,
runtime_models,dungeon/bottle_b_brown.glb,dungeon,bottle_b_brown.glb,.glb,33028,32.25,0.0315,UNMAPPED,,,,144,215,1,1,,,
runtime_models,dungeon/bottle_b_green.glb,dungeon,bottle_b_green.glb,.glb,33192,32.41,0.0317,UNMAPPED,,,,144,231,1,1,,,
runtime_models,dungeon/bottle_c_brown.glb,dungeon,bottle_c_brown.glb,.glb,33024,32.25,0.0315,UNMAPPED,,,,144,215,1,1,,,
runtime_models,dungeon/bottle_c_green.glb,dungeon,bottle_c_green.glb,.glb,33192,32.41,0.0317,UNMAPPED,,,,144,231,1,1,,,
runtime_models,dungeon/box_large.glb,dungeon,box_large.glb,.glb,33684,32.89,0.0321,UNMAPPED,,,,188,320,1,1,,,
runtime_models,dungeon/box_small.glb,dungeon,box_small.glb,.glb,30608,29.89,0.0292,UNMAPPED,,,,188,330,1,1,,,
runtime_models,dungeon/box_small_decorated.glb,dungeon,box_small_decorated.glb,.glb,47020,45.92,0.0448,UNMAPPED,,,,928,1522,1,1,,,
runtime_models,dungeon/box_stacked.glb,dungeon,box_stacked.glb,.glb,66744,65.18,0.0637,UNMAPPED,,,,2173,3651,1,1,,,
runtime_models,dungeon/bucket.glb,dungeon,bucket.glb,.glb,34724,33.91,0.0331,UNMAPPED,,,,208,428,1,1,,,
runtime_models,dungeon/bucket_pickaxes.glb,dungeon,bucket_pickaxes.glb,.glb,38788,37.88,0.037,UNMAPPED,,,,488,764,1,1,,,
runtime_models,dungeon/candle.glb,dungeon,candle.glb,.glb,31468,30.73,0.03,UNMAPPED,,,,66,91,1,1,,,
runtime_models,dungeon/candle_lit.glb,dungeon,candle_lit.glb,.glb,28892,28.21,0.0276,UNMAPPED,,,,120,152,1,1,,,
runtime_models,dungeon/candle_melted.glb,dungeon,candle_melted.glb,.glb,31512,30.77,0.0301,UNMAPPED,,,,66,91,1,1,,,
runtime_models,dungeon/candle_thin.glb,dungeon,candle_thin.glb,.glb,31476,30.74,0.03,UNMAPPED,,,,66,91,1,1,,,
runtime_models,dungeon/candle_thin_lit.glb,dungeon,candle_thin_lit.glb,.glb,31864,31.12,0.0304,UNMAPPED,,,,120,120,1,1,,,
runtime_models,dungeon/candle_triple.glb,dungeon,candle_triple.glb,.glb,30616,29.9,0.0292,UNMAPPED,,,,198,312,1,1,,,
runtime_models,dungeon/candy_blue_a.glb,dungeon,candy_blue_a.glb,.glb,32652,31.89,0.0311,UNMAPPED,,,,176,180,1,1,,,
runtime_models,dungeon/candy_blue_b.glb,dungeon,candy_blue_b.glb,.glb,32648,31.88,0.0311,UNMAPPED,,,,176,180,1,1,,,
runtime_models,dungeon/candy_brown_a.glb,dungeon,candy_brown_a.glb,.glb,32648,31.88,0.0311,UNMAPPED,,,,176,180,1,1,,,
runtime_models,dungeon/candy_brown_b.glb,dungeon,candy_brown_b.glb,.glb,32648,31.88,0.0311,UNMAPPED,,,,176,180,1,1,,,
runtime_models,dungeon/candy_brown_c.glb,dungeon,candy_brown_c.glb,.glb,32640,31.88,0.0311,UNMAPPED,,,,176,180,1,1,,,
runtime_models,dungeon/candy_bucket_a.glb,dungeon,candy_bucket_a.glb,.glb,34812,34.0,0.0332,UNMAPPED,,,,248,270,1,1,,,
runtime_models,dungeon/candy_bucket_a_decorated.glb,dungeon,candy_bucket_a_decorated.glb,.glb,42992,41.98,0.041,UNMAPPED,,,,816,955,1,1,,,
runtime_models,dungeon/candy_bucket_b.glb,dungeon,candy_bucket_b.glb,.glb,35548,34.71,0.0339,UNMAPPED,,,,344,330,1,1,,,
runtime_models,dungeon/candy_bucket_b_decorated.glb,dungeon,candy_bucket_b_decorated.glb,.glb,43752,42.73,0.0417,UNMAPPED,,,,912,1013,1,1,,,
runtime_models,dungeon/candy_green_a.glb,dungeon,candy_green_a.glb,.glb,32644,31.88,0.0311,UNMAPPED,,,,176,180,1,1,,,
runtime_models,dungeon/candy_green_b.glb,dungeon,candy_green_b.glb,.glb,32640,31.88,0.0311,UNMAPPED,,,,176,180,1,1,,,
runtime_models,dungeon/candy_green_c.glb,dungeon,candy_green_c.glb,.glb,32644,31.88,0.0311,UNMAPPED,,,,176,180,1,1,,,
runtime_models,dungeon/candy_orange_a.glb,dungeon,candy_orange_a.glb,.glb,32644,31.88,0.0311,UNMAPPED,,,,176,180,1,1,,,
runtime_models,dungeon/candy_orange_b.glb,dungeon,candy_orange_b.glb,.glb,32652,31.89,0.0311,UNMAPPED,,,,176,180,1,1,,,
runtime_models,dungeon/candy_orange_c.glb,dungeon,candy_orange_c.glb,.glb,32640,31.88,0.0311,UNMAPPED,,,,176,180,1,1,,,
runtime_models,dungeon/candy_pink_a.glb,dungeon,candy_pink_a.glb,.glb,32648,31.88,0.0311,UNMAPPED,,,,176,180,1,1,,,
runtime_models,dungeon/candy_pink_b.glb,dungeon,candy_pink_b.glb,.glb,32640,31.88,0.0311,UNMAPPED,,,,176,180,1,1,,,
runtime_models,dungeon/candy_purple_a.glb,dungeon,candy_purple_a.glb,.glb,32640,31.88,0.0311,UNMAPPED,,,,176,180,1,1,,,
runtime_models,dungeon/candy_purple_b.glb,dungeon,candy_purple_b.glb,.glb,32640,31.88,0.0311,UNMAPPED,,,,176,180,1,1,,,
runtime_models,dungeon/candycorn.glb,dungeon,candycorn.glb,.glb,31420,30.68,0.03,UNMAPPED,,,,96,66,1,1,,,
runtime_models,dungeon/ceiling_tile.glb,dungeon,ceiling_tile.glb,.glb,31156,30.43,0.0297,UNMAPPED,,,,60,101,1,1,,,
runtime_models,dungeon/chair.glb,dungeon,chair.glb,.glb,35564,34.73,0.0339,UNMAPPED,,,,294,506,1,1,,,
runtime_models,dungeon/chest.glb,dungeon,chest.glb,.glb,41900,40.92,0.04,UNMAPPED,,,,728,1204,1,1,,,
runtime_models,dungeon/chest_gold.glb,dungeon,chest_gold.glb,.glb,55240,53.95,0.0527,UNMAPPED,,,,1568,2322,1,1,,,
runtime_models,dungeon/chest_large.glb,dungeon,chest_large.glb,.glb,43100,42.09,0.0411,UNMAPPED,,,,728,1124,1,1,,,
runtime_models,dungeon/chest_large_gold.glb,dungeon,chest_large_gold.glb,.glb,43088,42.08,0.0411,UNMAPPED,,,,728,1124,1,1,,,
runtime_models,dungeon/chest_mimic.glb,dungeon,chest_mimic.glb,.glb,48060,46.93,0.0458,UNMAPPED,,,,1072,1546,1,1,,,
runtime_models,dungeon/coffin.glb,dungeon,coffin.glb,.glb,34572,33.76,0.033,UNMAPPED,,,,316,506,1,1,,,
runtime_models,dungeon/coffin_decorated.glb,dungeon,coffin_decorated.glb,.glb,51432,50.23,0.049,UNMAPPED,,,,2064,2090,1,1,,,
runtime_models,dungeon/coin.glb,dungeon,coin.glb,.glb,31928,31.18,0.0304,UNMAPPED,,,,80,124,1,1,,,
runtime_models,dungeon/coin_stack_large.glb,dungeon,coin_stack_large.glb,.glb,57364,56.02,0.0547,UNMAPPED,,,,1776,2244,1,1,,,
runtime_models,dungeon/coin_stack_medium.glb,dungeon,coin_stack_medium.glb,.glb,42852,41.85,0.0409,UNMAPPED,,,,968,1284,1,1,,,
runtime_models,dungeon/coin_stack_small.glb,dungeon,coin_stack_small.glb,.glb,37380,36.5,0.0356,UNMAPPED,,,,416,572,1,1,,,
runtime_models,dungeon/column.glb,dungeon,column.glb,.glb,31252,30.52,0.0298,UNMAPPED,,,,44,92,1,1,,,
runtime_models,dungeon/crate_large.glb,dungeon,crate_large.glb,.glb,33384,32.6,0.0318,UNMAPPED,,,,176,324,1,1,,,
runtime_models,dungeon/crate_large_decorated.glb,dungeon,crate_large_decorated.glb,.glb,42060,41.07,0.0401,UNMAPPED,,,,647,1127,1,1,,,
runtime_models,dungeon/crate_small.glb,dungeon,crate_small.glb,.glb,33468,32.68,0.0319,UNMAPPED,,,,176,324,1,1,,,
runtime_models,dungeon/crates_stacked.glb,dungeon,crates_stacked.glb,.glb,53920,52.66,0.0514,UNMAPPED,,,,1331,2457,1,1,,,
runtime_models,dungeon/crypt.glb,dungeon,crypt.glb,.glb,45956,44.88,0.0438,UNMAPPED,,,,952,1654,1,1,,,
runtime_models,dungeon/delve_entrance_2.glb,dungeon,delve_entrance_2.glb,.glb,496380,484.75,0.4734,UNMAPPED,,,,8000,8659,1,1,,,
runtime_models,dungeon/delve_entrance_2_base_color.png,dungeon,delve_entrance_2_base_color.png,.png,8299849,8105.32,7.9154,UNMAPPED,,,,,,,,2048,2048,RGB
runtime_models,dungeon/fence.glb,dungeon,fence.glb,.glb,37352,36.48,0.0356,UNMAPPED,,,,380,764,1,1,,,
runtime_models,dungeon/fence_broken.glb,dungeon,fence_broken.glb,.glb,38336,37.44,0.0366,UNMAPPED,,,,446,825,1,1,,,
runtime_models,dungeon/fence_gate.glb,dungeon,fence_gate.glb,.glb,44192,43.16,0.0421,UNMAPPED,,,,620,1198,1,1,,,
runtime_models,dungeon/fence_pillar.glb,dungeon,fence_pillar.glb,.glb,32172,31.42,0.0307,UNMAPPED,,,,94,180,1,1,,,
runtime_models,dungeon/fence_pillar_broken.glb,dungeon,fence_pillar_broken.glb,.glb,32388,31.63,0.0309,UNMAPPED,,,,102,185,1,1,,,
runtime_models,dungeon/fence_seperate.glb,dungeon,fence_seperate.glb,.glb,36212,35.36,0.0345,UNMAPPED,,,,312,652,1,1,,,
runtime_models,dungeon/fence_seperate_broken.glb,dungeon,fence_seperate_broken.glb,.glb,36712,35.85,0.035,UNMAPPED,,,,354,690,1,1,,,
runtime_models,dungeon/floor_dirt.glb,dungeon,floor_dirt.glb,.glb,32464,31.7,0.031,UNMAPPED,,,,120,240,1,1,,,
runtime_models,dungeon/floor_dirt_grave.glb,dungeon,floor_dirt_grave.glb,.glb,32760,31.99,0.0312,UNMAPPED,,,,132,245,1,1,,,
runtime_models,dungeon/floor_dirt_large.glb,dungeon,floor_dirt_large.glb,.glb,29536,28.84,0.0282,UNMAPPED,,,,104,216,1,1,,,
runtime_models,dungeon/floor_dirt_large_rocky.glb,dungeon,floor_dirt_large_rocky.glb,.glb,31436,30.7,0.03,UNMAPPED,,,,187,375,1,1,,,
runtime_models,dungeon/floor_dirt_small.glb,dungeon,floor_dirt_small.glb,.glb,31824,31.08,0.0303,UNMAPPED,,,,80,160,1,1,,,
runtime_models,dungeon/floor_dirt_small_a.glb,dungeon,floor_dirt_small_a.glb,.glb,31440,30.7,0.03,UNMAPPED,,,,45,90,1,1,,,
runtime_models,dungeon/floor_dirt_small_b.glb,dungeon,floor_dirt_small_b.glb,.glb,31096,30.37,0.0297,UNMAPPED,,,,36,62,1,1,,,
runtime_models,dungeon/floor_dirt_small_c.glb,dungeon,floor_dirt_small_c.glb,.glb,31128,30.4,0.0297,UNMAPPED,,,,33,65,1,1,,,
runtime_models,dungeon/floor_dirt_small_corner.glb,dungeon,floor_dirt_small_corner.glb,.glb,31544,30.8,0.0301,UNMAPPED,,,,56,103,1,1,,,
runtime_models,dungeon/floor_dirt_small_d.glb,dungeon,floor_dirt_small_d.glb,.glb,30816,30.09,0.0294,UNMAPPED,,,,20,39,1,1,,,
runtime_models,dungeon/floor_dirt_small_weeds.glb,dungeon,floor_dirt_small_weeds.glb,.glb,36740,35.88,0.035,UNMAPPED,,,,416,534,1,1,,,
runtime_models,dungeon/floor_foundation_allsides.glb,dungeon,floor_foundation_allsides.glb,.glb,35744,34.91,0.0341,UNMAPPED,,,,360,804,1,1,,,
runtime_models,dungeon/floor_foundation_corner.glb,dungeon,floor_foundation_corner.glb,.glb,34652,33.84,0.033,UNMAPPED,,,,202,418,1,1,,,
runtime_models,dungeon/floor_foundation_diagonal_corner.glb,dungeon,floor_foundation_diagonal_corner.glb,.glb,32780,32.01,0.0313,UNMAPPED,,,,111,223,1,1,,,
runtime_models,dungeon/floor_foundation_front.glb,dungeon,floor_foundation_front.glb,.glb,32744,31.98,0.0312,UNMAPPED,,,,123,237,1,1,,,
runtime_models,dungeon/floor_foundation_front_and_back.glb,dungeon,floor_foundation_front_and_back.glb,.glb,34628,33.82,0.033,UNMAPPED,,,,202,418,1,1,,,
runtime_models,dungeon/floor_foundation_front_and_sides.glb,dungeon,floor_foundation_front_and_sides.glb,.glb,36480,35.62,0.0348,UNMAPPED,,,,281,599,1,1,,,
runtime_models,dungeon/floor_tile_big_grate.glb,dungeon,floor_tile_big_grate.glb,.glb,35660,34.82,0.034,UNMAPPED,,,,292,548,1,1,,,
runtime_models,dungeon/floor_tile_big_grate_open.glb,dungeon,floor_tile_big_grate_open.glb,.glb,35544,34.71,0.0339,UNMAPPED,,,,284,532,1,1,,,
runtime_models,dungeon/floor_tile_big_spikes.glb,dungeon,floor_tile_big_spikes.glb,.glb,42828,41.82,0.0408,UNMAPPED,,,,638,1166,1,1,,,
runtime_models,dungeon/floor_tile_extralarge_grates.glb,dungeon,floor_tile_extralarge_grates.glb,.glb,42592,41.59,0.0406,UNMAPPED,,,,772,1348,1,1,,,
runtime_models,dungeon/floor_tile_extralarge_grates_open.glb,dungeon,floor_tile_extralarge_grates_open.glb,.glb,42448,41.45,0.0405,UNMAPPED,,,,764,1332,1,1,,,
runtime_models,dungeon/floor_tile_grate.glb,dungeon,floor_tile_grate.glb,.glb,29712,29.02,0.0283,UNMAPPED,,,,142,276,1,1,,,
runtime_models,dungeon/floor_tile_grate_open.glb,dungeon,floor_tile_grate_open.glb,.glb,32696,31.93,0.0312,UNMAPPED,,,,140,272,1,1,,,
runtime_models,dungeon/floor_tile_large.glb,dungeon,floor_tile_large.glb,.glb,30248,29.54,0.0288,UNMAPPED,,,,188,311,1,1,,,
runtime_models,dungeon/floor_tile_large_rocks.glb,dungeon,floor_tile_large_rocks.glb,.glb,33820,33.03,0.0323,UNMAPPED,,,,338,604,1,1,,,
runtime_models,dungeon/floor_tile_small.glb,dungeon,floor_tile_small.glb,.glb,28040,27.38,0.0267,UNMAPPED,,,,66,104,1,1,,,
runtime_models,dungeon/floor_tile_small_broken_A.glb,dungeon,floor_tile_small_broken_A.glb,.glb,28424,27.76,0.0271,UNMAPPED,,,,94,142,1,1,,,
runtime_models,dungeon/floor_tile_small_broken_B.glb,dungeon,floor_tile_small_broken_B.glb,.glb,28284,27.62,0.027,UNMAPPED,,,,76,129,1,1,,,
runtime_models,dungeon/floor_tile_small_corner.glb,dungeon,floor_tile_small_corner.glb,.glb,30920,30.2,0.0295,UNMAPPED,,,,31,52,1,1,,,
runtime_models,dungeon/floor_tile_small_decorated.glb,dungeon,floor_tile_small_decorated.glb,.glb,34260,33.46,0.0327,UNMAPPED,,,,390,670,1,1,,,
runtime_models,dungeon/floor_tile_small_weeds_A.glb,dungeon,floor_tile_small_weeds_A.glb,.glb,35388,34.56,0.0337,UNMAPPED,,,,589,733,1,1,,,
runtime_models,dungeon/floor_tile_small_weeds_B.glb,dungeon,floor_tile_small_weeds_B.glb,.glb,35084,34.26,0.0335,UNMAPPED,,,,447,708,1,1,,,
runtime_models,dungeon/floor_wood_large.glb,dungeon,floor_wood_large.glb,.glb,35080,34.26,0.0335,UNMAPPED,,,,272,528,1,1,,,
runtime_models,dungeon/floor_wood_large_dark.glb,dungeon,floor_wood_large_dark.glb,.glb,35124,34.3,0.0335,UNMAPPED,,,,272,528,1,1,,,
runtime_models,dungeon/floor_wood_small.glb,dungeon,floor_wood_small.glb,.glb,31736,30.99,0.0303,UNMAPPED,,,,78,146,1,1,,,
runtime_models,dungeon/floor_wood_small_dark.glb,dungeon,floor_wood_small_dark.glb,.glb,31756,31.01,0.0303,UNMAPPED,,,,78,146,1,1,,,
runtime_models,dungeon/grave_a.glb,dungeon,grave_a.glb,.glb,34828,34.01,0.0332,UNMAPPED,,,,323,430,1,1,,,
runtime_models,dungeon/grave_a_destroyed.glb,dungeon,grave_a_destroyed.glb,.glb,37580,36.7,0.0358,UNMAPPED,,,,416,659,1,1,,,
runtime_models,dungeon/grave_B.glb,dungeon,grave_B.glb,.glb,32276,31.52,0.0308,UNMAPPED,,,,190,396,1,1,,,
runtime_models,dungeon/gravemarker_A.glb,dungeon,gravemarker_A.glb,.glb,29740,29.04,0.0284,UNMAPPED,,,,56,115,1,1,,,
runtime_models,dungeon/gravemarker_b.glb,dungeon,gravemarker_b.glb,.glb,33832,33.04,0.0323,UNMAPPED,,,,136,307,1,1,,,
runtime_models,dungeon/gravestone.glb,dungeon,gravestone.glb,.glb,31808,31.06,0.0303,UNMAPPED,,,,271,334,1,1,,,
runtime_models,dungeon/haybale.glb,dungeon,haybale.glb,.glb,37360,36.48,0.0356,UNMAPPED,,,,444,640,1,1,,,
runtime_models,dungeon/keg.glb,dungeon,keg.glb,.glb,40192,39.25,0.0383,UNMAPPED,,,,807,1187,1,1,,,
runtime_models,dungeon/keg_decorated.glb,dungeon,keg_decorated.glb,.glb,63516,62.03,0.0606,UNMAPPED,,,,2058,3217,1,1,,,
runtime_models,dungeon/key.glb,dungeon,key.glb,.glb,32364,31.61,0.0309,UNMAPPED,,,,160,160,1,1,,,
runtime_models,dungeon/key_gold.glb,dungeon,key_gold.glb,.glb,32380,31.62,0.0309,UNMAPPED,,,,160,160,1,1,,,
runtime_models,dungeon/keyring.glb,dungeon,keyring.glb,.glb,38896,37.98,0.0371,UNMAPPED,,,,728,714,1,1,,,
runtime_models,dungeon/keyring_hanging.glb,dungeon,keyring_hanging.glb,.glb,39008,38.09,0.0372,UNMAPPED,,,,728,714,1,1,,,
runtime_models,dungeon/lantern_hanging.glb,dungeon,lantern_hanging.glb,.glb,36308,35.46,0.0346,UNMAPPED,,,,472,520,1,1,,,
runtime_models,dungeon/lantern_standing.glb,dungeon,lantern_standing.glb,.glb,34196,33.39,0.0326,UNMAPPED,,,,264,338,1,1,,,
runtime_models,dungeon/lollipop_blue.glb,dungeon,lollipop_blue.glb,.glb,34116,33.32,0.0325,UNMAPPED,,,,216,325,1,1,,,
runtime_models,dungeon/lollipop_brown.glb,dungeon,lollipop_brown.glb,.glb,34116,33.32,0.0325,UNMAPPED,,,,216,325,1,1,,,
runtime_models,dungeon/lollipop_green.glb,dungeon,lollipop_green.glb,.glb,34116,33.32,0.0325,UNMAPPED,,,,216,325,1,1,,,
runtime_models,dungeon/lollipop_orange.glb,dungeon,lollipop_orange.glb,.glb,34116,33.32,0.0325,UNMAPPED,,,,216,325,1,1,,,
runtime_models,dungeon/lollipop_pink.glb,dungeon,lollipop_pink.glb,.glb,34124,33.32,0.0325,UNMAPPED,,,,216,325,1,1,,,
runtime_models,dungeon/lollipop_purple.glb,dungeon,lollipop_purple.glb,.glb,34124,33.32,0.0325,UNMAPPED,,,,216,325,1,1,,,
runtime_models,dungeon/maze_short.glb,dungeon,maze_short.glb,.glb,39672,38.74,0.0378,UNMAPPED,,,,558,882,1,1,,,
runtime_models,dungeon/maze_tall.glb,dungeon,maze_tall.glb,.glb,39556,38.63,0.0377,UNMAPPED,,,,558,884,1,1,,,
runtime_models,dungeon/path_a.glb,dungeon,path_a.glb,.glb,34316,33.51,0.0327,UNMAPPED,,,,361,391,1,1,,,
runtime_models,dungeon/path_b.glb,dungeon,path_b.glb,.glb,34292,33.49,0.0327,UNMAPPED,,,,370,386,1,1,,,
runtime_models,dungeon/path_c.glb,dungeon,path_c.glb,.glb,34768,33.95,0.0332,UNMAPPED,,,,393,436,1,1,,,
runtime_models,dungeon/path_d.glb,dungeon,path_d.glb,.glb,33500,32.71,0.0319,UNMAPPED,,,,275,300,1,1,,,
runtime_models,dungeon/pickaxe.glb,dungeon,pickaxe.glb,.glb,32256,31.5,0.0308,UNMAPPED,,,,144,158,1,1,,,
runtime_models,dungeon/pickaxe_gold.glb,dungeon,pickaxe_gold.glb,.glb,32268,31.51,0.0308,UNMAPPED,,,,144,158,1,1,,,
runtime_models,dungeon/pillar.glb,dungeon,pillar.glb,.glb,29452,28.76,0.0281,UNMAPPED,,,,136,241,1,1,,,
runtime_models,dungeon/pillar_decorated.glb,dungeon,pillar_decorated.glb,.glb,40800,39.84,0.0389,UNMAPPED,,,,761,1276,1,1,,,
runtime_models,dungeon/pitchfork.glb,dungeon,pitchfork.glb,.glb,34932,34.11,0.0333,UNMAPPED,,,,390,399,1,1,,,
runtime_models,dungeon/plaque.glb,dungeon,plaque.glb,.glb,31832,31.09,0.0304,UNMAPPED,,,,88,160,1,1,,,
runtime_models,dungeon/plaque_candles.glb,dungeon,plaque_candles.glb,.glb,34584,33.77,0.033,UNMAPPED,,,,418,615,1,1,,,
runtime_models,dungeon/plate.glb,dungeon,plate.glb,.glb,31928,31.18,0.0304,UNMAPPED,,,,120,143,1,1,,,
runtime_models,dungeon/plate_food_a.glb,dungeon,plate_food_a.glb,.glb,37164,36.29,0.0354,UNMAPPED,,,,547,558,1,1,,,
runtime_models,dungeon/plate_food_b.glb,dungeon,plate_food_b.glb,.glb,34460,33.65,0.0329,UNMAPPED,,,,306,334,1,1,,,
runtime_models,dungeon/plate_small.glb,dungeon,plate_small.glb,.glb,31936,31.19,0.0305,UNMAPPED,,,,120,143,1,1,,,
runtime_models,dungeon/plate_stack.glb,dungeon,plate_stack.glb,.glb,35240,34.41,0.0336,UNMAPPED,,,,360,427,1,1,,,
runtime_models,dungeon/post.glb,dungeon,post.glb,.glb,31596,30.86,0.0301,UNMAPPED,,,,92,136,1,1,,,
runtime_models,dungeon/post_lantern.glb,dungeon,post_lantern.glb,.glb,39608,38.68,0.0378,UNMAPPED,,,,568,693,1,1,,,
runtime_models,dungeon/post_skull.glb,dungeon,post_skull.glb,.glb,41284,40.32,0.0394,UNMAPPED,,,,776,787,1,1,,,
runtime_models,dungeon/pumpkin_orange.glb,dungeon,pumpkin_orange.glb,.glb,33284,32.5,0.0317,UNMAPPED,,,,306,212,1,1,,,
runtime_models,dungeon/pumpkin_orange_jackolantern.glb,dungeon,pumpkin_orange_jackolantern.glb,.glb,34812,34.0,0.0332,UNMAPPED,,,,374,347,1,1,,,
runtime_models,dungeon/pumpkin_orange_small.glb,dungeon,pumpkin_orange_small.glb,.glb,33496,32.71,0.0319,UNMAPPED,,,,322,229,1,1,,,
runtime_models,dungeon/pumpkin_yellow.glb,dungeon,pumpkin_yellow.glb,.glb,33292,32.51,0.0317,UNMAPPED,,,,306,212,1,1,,,
runtime_models,dungeon/pumpkin_yellow_jackolantern.glb,dungeon,pumpkin_yellow_jackolantern.glb,.glb,34808,33.99,0.0332,UNMAPPED,,,,374,347,1,1,,,
runtime_models,dungeon/pumpkin_yellow_small.glb,dungeon,pumpkin_yellow_small.glb,.glb,33500,32.71,0.0319,UNMAPPED,,,,322,229,1,1,,,
runtime_models,dungeon/ribcage.glb,dungeon,ribcage.glb,.glb,44328,43.29,0.0423,UNMAPPED,,,,1240,1401,1,1,,,
runtime_models,dungeon/rocks.glb,dungeon,rocks.glb,.glb,34040,33.24,0.0325,UNMAPPED,,,,146,294,1,1,,,
runtime_models,dungeon/rocks_decorated.glb,dungeon,rocks_decorated.glb,.glb,43116,42.11,0.0411,UNMAPPED,,,,681,1197,1,1,,,
runtime_models,dungeon/rocks_gold.glb,dungeon,rocks_gold.glb,.glb,38092,37.2,0.0363,UNMAPPED,,,,307,655,1,1,,,
runtime_models,dungeon/rocks_small.glb,dungeon,rocks_small.glb,.glb,34000,33.2,0.0324,UNMAPPED,,,,140,292,1,1,,,
runtime_models,dungeon/rubble_half.glb,dungeon,rubble_half.glb,.glb,33464,32.68,0.0319,UNMAPPED,,,,390,607,1,1,,,
runtime_models,dungeon/rubble_large.glb,dungeon,rubble_large.glb,.glb,42744,41.74,0.0408,UNMAPPED,,,,788,1200,1,1,,,
runtime_models,dungeon/scaffold_beam_corner.glb,dungeon,scaffold_beam_corner.glb,.glb,31136,30.41,0.0297,UNMAPPED,,,,36,69,1,1,,,
runtime_models,dungeon/scaffold_beam_wall.glb,dungeon,scaffold_beam_wall.glb,.glb,30672,29.95,0.0293,UNMAPPED,,,,16,30,1,1,,,
runtime_models,dungeon/scaffold_beams_connected.glb,dungeon,scaffold_beams_connected.glb,.glb,32220,31.46,0.0307,UNMAPPED,,,,108,188,1,1,,,
runtime_models,dungeon/scaffold_frame_large.glb,dungeon,scaffold_frame_large.glb,.glb,32764,32.0,0.0312,UNMAPPED,,,,132,256,1,1,,,
runtime_models,dungeon/scaffold_frame_small.glb,dungeon,scaffold_frame_small.glb,.glb,32820,32.05,0.0313,UNMAPPED,,,,132,256,1,1,,,
runtime_models,dungeon/scaffold_pillar_corner.glb,dungeon,scaffold_pillar_corner.glb,.glb,31340,30.61,0.0299,UNMAPPED,,,,49,94,1,1,,,
runtime_models,dungeon/scaffold_pillar_wall.glb,dungeon,scaffold_pillar_wall.glb,.glb,31368,30.63,0.0299,UNMAPPED,,,,52,100,1,1,,,
runtime_models,dungeon/scaffold_pillar_wall_cross.glb,dungeon,scaffold_pillar_wall_cross.glb,.glb,31732,30.99,0.0303,UNMAPPED,,,,80,142,1,1,,,
runtime_models,dungeon/scaffold_pillar_wall_cross_top.glb,dungeon,scaffold_pillar_wall_cross_top.glb,.glb,31740,31.0,0.0303,UNMAPPED,,,,80,142,1,1,,,
runtime_models,dungeon/scaffold_pillar_wall_torch.glb,dungeon,scaffold_pillar_wall_torch.glb,.glb,35496,34.66,0.0339,UNMAPPED,,,,330,511,1,1,,,
runtime_models,dungeon/scaffold_pillars_connected.glb,dungeon,scaffold_pillars_connected.glb,.glb,32768,32.0,0.0312,UNMAPPED,,,,140,248,1,1,,,
runtime_models,dungeon/scaffold_pillars_connected_torch.glb,dungeon,scaffold_pillars_connected_torch.glb,.glb,40908,39.95,0.039,UNMAPPED,,,,696,1070,1,1,,,
runtime_models,dungeon/scarecrow.glb,dungeon,scarecrow.glb,.glb,50984,49.79,0.0486,UNMAPPED,,,,1586,1787,1,1,,,
runtime_models,dungeon/shelf_large.glb,dungeon,shelf_large.glb,.glb,31692,30.95,0.0302,UNMAPPED,,,,76,142,1,1,,,
runtime_models,dungeon/shelf_small.glb,dungeon,shelf_small.glb,.glb,31464,30.73,0.03,UNMAPPED,,,,60,110,1,1,,,
runtime_models,dungeon/shelf_small_books.glb,dungeon,shelf_small_books.glb,.glb,34208,33.41,0.0326,UNMAPPED,,,,216,386,1,1,,,
runtime_models,dungeon/shelf_small_candles.glb,dungeon,shelf_small_candles.glb,.glb,34072,33.27,0.0325,UNMAPPED,,,,231,329,1,1,,,
runtime_models,dungeon/shelves.glb,dungeon,shelves.glb,.glb,32948,32.18,0.0314,UNMAPPED,,,,152,284,1,1,,,
runtime_models,dungeon/shelves_decorated.glb,dungeon,shelves_decorated.glb,.glb,49976,48.8,0.0477,UNMAPPED,,,,1116,1942,1,1,,,
runtime_models,dungeon/shrine.glb,dungeon,shrine.glb,.glb,30000,29.3,0.0286,UNMAPPED,,,,94,176,1,1,,,
runtime_models,dungeon/shrine_candles.glb,dungeon,shrine_candles.glb,.glb,34056,33.26,0.0325,UNMAPPED,,,,360,544,1,1,,,
runtime_models,dungeon/sign_both.glb,dungeon,sign_both.glb,.glb,33752,32.96,0.0322,UNMAPPED,,,,206,317,1,1,,,
runtime_models,dungeon/sign_left.glb,dungeon,sign_left.glb,.glb,32384,31.62,0.0309,UNMAPPED,,,,126,191,1,1,,,
runtime_models,dungeon/sign_right.glb,dungeon,sign_right.glb,.glb,32452,31.69,0.0309,UNMAPPED,,,,126,195,1,1,,,
runtime_models,dungeon/skull.glb,dungeon,skull.glb,.glb,32540,31.78,0.031,UNMAPPED,,,,344,328,1,1,,,
runtime_models,dungeon/skull_candle.glb,dungeon,skull_candle.glb,.glb,35924,35.08,0.0343,UNMAPPED,,,,542,636,1,1,,,
runtime_models,dungeon/stairs.glb,dungeon,stairs.glb,.glb,37852,36.96,0.0361,UNMAPPED,,,,358,736,1,1,,,
runtime_models,dungeon/stairs_long.glb,dungeon,stairs_long.glb,.glb,39696,38.77,0.0379,UNMAPPED,,,,442,928,1,1,,,
runtime_models,dungeon/stairs_long_modular_center.glb,dungeon,stairs_long_modular_center.glb,.glb,31156,30.43,0.0297,UNMAPPED,,,,54,106,1,1,,,
runtime_models,dungeon/stairs_long_modular_left.glb,dungeon,stairs_long_modular_left.glb,.glb,35392,34.56,0.0338,UNMAPPED,,,,248,517,1,1,,,
runtime_models,dungeon/stairs_long_modular_right.glb,dungeon,stairs_long_modular_right.glb,.glb,35408,34.58,0.0338,UNMAPPED,,,,248,517,1,1,,,
runtime_models,dungeon/stairs_modular_center.glb,dungeon,stairs_modular_center.glb,.glb,31152,30.42,0.0297,UNMAPPED,,,,54,106,1,1,,,
runtime_models,dungeon/stairs_modular_left.glb,dungeon,stairs_modular_left.glb,.glb,34520,33.71,0.0329,UNMAPPED,,,,206,421,1,1,,,
runtime_models,dungeon/stairs_modular_right.glb,dungeon,stairs_modular_right.glb,.glb,34588,33.78,0.033,UNMAPPED,,,,206,421,1,1,,,
runtime_models,dungeon/stairs_narrow.glb,dungeon,stairs_narrow.glb,.glb,37864,36.98,0.0361,UNMAPPED,,,,358,736,1,1,,,
runtime_models,dungeon/stairs_wall_left.glb,dungeon,stairs_wall_left.glb,.glb,41832,40.85,0.0399,UNMAPPED,,,,574,1131,1,1,,,
runtime_models,dungeon/stairs_wall_right.glb,dungeon,stairs_wall_right.glb,.glb,42028,41.04,0.0401,UNMAPPED,,,,574,1131,1,1,,,
runtime_models,dungeon/stairs_walled.glb,dungeon,stairs_walled.glb,.glb,45940,44.86,0.0438,UNMAPPED,,,,790,1526,1,1,,,
runtime_models,dungeon/stairs_wide.glb,dungeon,stairs_wide.glb,.glb,37780,36.89,0.036,UNMAPPED,,,,358,736,1,1,,,
runtime_models,dungeon/stairs_wood.glb,dungeon,stairs_wood.glb,.glb,34532,33.72,0.0329,UNMAPPED,,,,296,492,1,1,,,
runtime_models,dungeon/stairs_wood_decorated.glb,dungeon,stairs_wood_decorated.glb,.glb,68520,66.91,0.0653,UNMAPPED,,,,2537,3878,1,1,,,
runtime_models,dungeon/stool.glb,dungeon,stool.glb,.glb,33548,32.76,0.032,UNMAPPED,,,,172,308,1,1,,,
runtime_models,dungeon/stool_round.glb,dungeon,stool_round.glb,.glb,34652,33.84,0.033,UNMAPPED,,,,268,401,1,1,,,
runtime_models,dungeon/sword_shield.glb,dungeon,sword_shield.glb,.glb,37220,36.35,0.0355,UNMAPPED,,,,542,857,1,1,,,
runtime_models,dungeon/sword_shield_broken.glb,dungeon,sword_shield_broken.glb,.glb,34664,33.85,0.0331,UNMAPPED,,,,396,641,1,1,,,
runtime_models,dungeon/sword_shield_gold.glb,dungeon,sword_shield_gold.glb,.glb,39776,38.84,0.0379,UNMAPPED,,,,542,801,1,1,,,
runtime_models,dungeon/table_long.glb,dungeon,table_long.glb,.glb,35012,34.19,0.0334,UNMAPPED,,,,280,476,1,1,,,
runtime_models,dungeon/table_long_broken.glb,dungeon,table_long_broken.glb,.glb,38892,37.98,0.0371,UNMAPPED,,,,550,1088,1,1,,,
runtime_models,dungeon/table_long_decorated_a.glb,dungeon,table_long_decorated_a.glb,.glb,56120,54.8,0.0535,UNMAPPED,,,,1961,2480,1,1,,,
runtime_models,dungeon/table_long_decorated_b.glb,dungeon,table_long_decorated_b.glb,.glb,42376,41.38,0.0404,UNMAPPED,,,,752,1208,1,1,,,
runtime_models,dungeon/table_long_decorated_c.glb,dungeon,table_long_decorated_c.glb,.glb,84676,82.69,0.0808,UNMAPPED,,,,3499,5321,1,1,,,
runtime_models,dungeon/table_long_tablecloth.glb,dungeon,table_long_tablecloth.glb,.glb,35692,34.86,0.034,UNMAPPED,,,,354,568,1,1,,,
runtime_models,dungeon/table_long_tablecloth_decorated_a.glb,dungeon,table_long_tablecloth_decorated_a.glb,.glb,56892,55.56,0.0543,UNMAPPED,,,,2035,2572,1,1,,,
runtime_models,dungeon/table_medium.glb,dungeon,table_medium.glb,.glb,34736,33.92,0.0331,UNMAPPED,,,,256,440,1,1,,,
runtime_models,dungeon/table_medium_broken.glb,dungeon,table_medium_broken.glb,.glb,35776,34.94,0.0341,UNMAPPED,,,,247,477,1,1,,,
runtime_models,dungeon/table_medium_decorated_a.glb,dungeon,table_medium_decorated_a.glb,.glb,47104,46.0,0.0449,UNMAPPED,,,,1186,1576,1,1,,,
runtime_models,dungeon/table_medium_decorated_b.glb,dungeon,table_medium_decorated_b.glb,.glb,41444,40.47,0.0395,UNMAPPED,,,,676,1080,1,1,,,
runtime_models,dungeon/table_medium_tablecloth.glb,dungeon,table_medium_tablecloth.glb,.glb,35024,34.2,0.0334,UNMAPPED,,,,270,482,1,1,,,
runtime_models,dungeon/table_medium_tablecloth_decorated_b.glb,dungeon,table_medium_tablecloth_decorated_b.glb,.glb,47504,46.39,0.0453,UNMAPPED,,,,1200,1618,1,1,,,
runtime_models,dungeon/table_round_large.glb,dungeon,table_round_large.glb,.glb,39036,38.12,0.0372,UNMAPPED,,,,666,856,1,1,,,
runtime_models,dungeon/table_round_medium.glb,dungeon,table_round_medium.glb,.glb,37276,36.4,0.0355,UNMAPPED,,,,506,664,1,1,,,
runtime_models,dungeon/table_round_small.glb,dungeon,table_round_small.glb,.glb,36628,35.77,0.0349,UNMAPPED,,,,434,612,1,1,,,
runtime_models,dungeon/table_small.glb,dungeon,table_small.glb,.glb,33848,33.05,0.0323,UNMAPPED,,,,192,348,1,1,,,
runtime_models,dungeon/table_small_decorated_a.glb,dungeon,table_small_decorated_a.glb,.glb,44116,43.08,0.0421,UNMAPPED,,,,986,1290,1,1,,,
runtime_models,dungeon/table_small_decorated_b.glb,dungeon,table_small_decorated_b.glb,.glb,57312,55.97,0.0547,UNMAPPED,,,,1576,2408,1,1,,,
runtime_models,dungeon/table_small_decorated_c.glb,dungeon,table_small_decorated_c.glb,.glb,35860,35.02,0.0342,UNMAPPED,,,,310,531,1,1,,,
runtime_models,dungeon/torch.glb,dungeon,torch.glb,.glb,33720,32.93,0.0322,UNMAPPED,,,,216,288,1,1,,,
runtime_models,dungeon/torch_lit.glb,dungeon,torch_lit.glb,.glb,34136,33.34,0.0326,UNMAPPED,,,,270,317,1,1,,,
runtime_models,dungeon/torch_mounted.glb,dungeon,torch_mounted.glb,.glb,32384,31.62,0.0309,UNMAPPED,,,,278,452,1,1,,,
runtime_models,dungeon/tractor.glb,dungeon,tractor.glb,.glb,109172,106.61,0.1041,UNMAPPED,,,,5382,6685,1,1,,,
runtime_models,dungeon/tree_dead_large.glb,dungeon,tree_dead_large.glb,.glb,32600,31.84,0.0311,UNMAPPED,,,,256,177,1,1,,,
runtime_models,dungeon/tree_dead_large_decorated.glb,dungeon,tree_dead_large_decorated.glb,.glb,44724,43.68,0.0427,UNMAPPED,,,,1496,1271,1,1,,,
runtime_models,dungeon/tree_dead_medium.glb,dungeon,tree_dead_medium.glb,.glb,32052,31.3,0.0306,UNMAPPED,,,,216,134,1,1,,,
runtime_models,dungeon/tree_dead_small.glb,dungeon,tree_dead_small.glb,.glb,31976,31.23,0.0305,UNMAPPED,,,,184,124,1,1,,,
runtime_models,dungeon/tree_pine_orange_large.glb,dungeon,tree_pine_orange_large.glb,.glb,36228,35.38,0.0345,UNMAPPED,,,,318,487,1,1,,,
runtime_models,dungeon/tree_pine_orange_medium.glb,dungeon,tree_pine_orange_medium.glb,.glb,36200,35.35,0.0345,UNMAPPED,,,,318,483,1,1,,,
runtime_models,dungeon/tree_pine_orange_small.glb,dungeon,tree_pine_orange_small.glb,.glb,35036,34.21,0.0334,UNMAPPED,,,,260,385,1,1,,,
runtime_models,dungeon/tree_pine_yellow_large.glb,dungeon,tree_pine_yellow_large.glb,.glb,36228,35.38,0.0345,UNMAPPED,,,,318,487,1,1,,,
runtime_models,dungeon/tree_pine_yellow_medium.glb,dungeon,tree_pine_yellow_medium.glb,.glb,36200,35.35,0.0345,UNMAPPED,,,,318,483,1,1,,,
runtime_models,dungeon/tree_pine_yellow_small.glb,dungeon,tree_pine_yellow_small.glb,.glb,35036,34.21,0.0334,UNMAPPED,,,,260,385,1,1,,,
runtime_models,dungeon/trunk_large_A.glb,dungeon,trunk_large_A.glb,.glb,31076,30.35,0.0296,UNMAPPED,,,,204,371,1,1,,,
runtime_models,dungeon/trunk_large_b.glb,dungeon,trunk_large_b.glb,.glb,34060,33.26,0.0325,UNMAPPED,,,,204,358,1,1,,,
runtime_models,dungeon/trunk_large_c.glb,dungeon,trunk_large_c.glb,.glb,34060,33.26,0.0325,UNMAPPED,,,,204,358,1,1,,,
runtime_models,dungeon/trunk_medium_a.glb,dungeon,trunk_medium_a.glb,.glb,33056,32.28,0.0315,UNMAPPED,,,,148,254,1,1,,,
runtime_models,dungeon/trunk_medium_b.glb,dungeon,trunk_medium_b.glb,.glb,33056,32.28,0.0315,UNMAPPED,,,,148,254,1,1,,,
runtime_models,dungeon/trunk_medium_c.glb,dungeon,trunk_medium_c.glb,.glb,33056,32.28,0.0315,UNMAPPED,,,,148,254,1,1,,,
runtime_models,dungeon/trunk_small_a.glb,dungeon,trunk_small_a.glb,.glb,34108,33.31,0.0325,UNMAPPED,,,,204,358,1,1,,,
runtime_models,dungeon/trunk_small_b.glb,dungeon,trunk_small_b.glb,.glb,34104,33.3,0.0325,UNMAPPED,,,,204,358,1,1,,,
runtime_models,dungeon/trunk_small_c.glb,dungeon,trunk_small_c.glb,.glb,34108,33.31,0.0325,UNMAPPED,,,,204,358,1,1,,,
runtime_models,dungeon/wagon.glb,dungeon,wagon.glb,.glb,54052,52.79,0.0515,UNMAPPED,,,,2004,2678,1,1,,,
runtime_models,dungeon/wagon_hay.glb,dungeon,wagon_hay.glb,.glb,94156,91.95,0.0898,UNMAPPED,,,,4668,6518,1,1,,,
runtime_models,dungeon/wall.glb,dungeon,wall.glb,.glb,38296,37.4,0.0365,UNMAPPED,,,,494,1037,1,1,,,
runtime_models,dungeon/wall_arched.glb,dungeon,wall_arched.glb,.glb,43432,42.41,0.0414,UNMAPPED,,,,724,1492,1,1,,,
runtime_models,dungeon/wall_archedwindow_gated.glb,dungeon,wall_archedwindow_gated.glb,.glb,41092,40.13,0.0392,UNMAPPED,,,,732,1354,1,1,,,
runtime_models,dungeon/wall_archedwindow_gated_scaffold.glb,dungeon,wall_archedwindow_gated_scaffold.glb,.glb,42376,41.38,0.0404,UNMAPPED,,,,674,1222,1,1,,,
runtime_models,dungeon/wall_archedwindow_open.glb,dungeon,wall_archedwindow_open.glb,.glb,41700,40.72,0.0398,UNMAPPED,,,,635,1135,1,1,,,
runtime_models,dungeon/wall_broken.glb,dungeon,wall_broken.glb,.glb,45396,44.33,0.0433,UNMAPPED,,,,784,1482,1,1,,,
runtime_models,dungeon/wall_corner.glb,dungeon,wall_corner.glb,.glb,39328,38.41,0.0375,UNMAPPED,,,,443,890,1,1,,,
runtime_models,dungeon/wall_corner_gated.glb,dungeon,wall_corner_gated.glb,.glb,39032,38.12,0.0372,UNMAPPED,,,,557,916,1,1,,,
runtime_models,dungeon/wall_corner_scaffold.glb,dungeon,wall_corner_scaffold.glb,.glb,40832,39.88,0.0389,UNMAPPED,,,,515,1035,1,1,,,
runtime_models,dungeon/wall_corner_small.glb,dungeon,wall_corner_small.glb,.glb,35100,34.28,0.0335,UNMAPPED,,,,223,468,1,1,,,
runtime_models,dungeon/wall_cracked.glb,dungeon,wall_cracked.glb,.glb,64640,63.12,0.0616,UNMAPPED,,,,2010,3416,1,1,,,
runtime_models,dungeon/wall_crossing.glb,dungeon,wall_crossing.glb,.glb,44028,43.0,0.042,UNMAPPED,,,,698,1364,1,1,,,
runtime_models,dungeon/wall_doorway.glb,dungeon,wall_doorway.glb,.glb,46572,45.48,0.0444,UNMAPPED,,,,1068,1436,1,1,,,
runtime_models,dungeon/wall_doorway_scaffold.glb,dungeon,wall_doorway_scaffold.glb,.glb,48564,47.43,0.0463,UNMAPPED,,,,1150,1618,1,1,,,
runtime_models,dungeon/wall_doorway_sides.glb,dungeon,wall_doorway_sides.glb,.glb,53108,51.86,0.0506,UNMAPPED,,,,1160,2234,1,1,,,
runtime_models,dungeon/wall_doorway_tsplit.glb,dungeon,wall_doorway_tsplit.glb,.glb,50920,49.73,0.0486,UNMAPPED,,,,1096,2087,1,1,,,
runtime_models,dungeon/wall_endcap.glb,dungeon,wall_endcap.glb,.glb,35276,34.45,0.0336,UNMAPPED,,,,222,472,1,1,,,
runtime_models,dungeon/wall_gated.glb,dungeon,wall_gated.glb,.glb,35096,34.27,0.0335,UNMAPPED,,,,449,833,1,1,,,
runtime_models,dungeon/wall_half.glb,dungeon,wall_half.glb,.glb,36028,35.18,0.0344,UNMAPPED,,,,272,554,1,1,,,
runtime_models,dungeon/wall_half_endcap.glb,dungeon,wall_half_endcap.glb,.glb,35948,35.11,0.0343,UNMAPPED,,,,268,551,1,1,,,
runtime_models,dungeon/wall_half_endcap_sloped.glb,dungeon,wall_half_endcap_sloped.glb,.glb,34996,34.18,0.0334,UNMAPPED,,,,230,460,1,1,,,
runtime_models,dungeon/wall_inset.glb,dungeon,wall_inset.glb,.glb,43692,42.67,0.0417,UNMAPPED,,,,668,1302,1,1,,,
runtime_models,dungeon/wall_inset_candles.glb,dungeon,wall_inset_candles.glb,.glb,47648,46.53,0.0454,UNMAPPED,,,,917,1669,1,1,,,
runtime_models,dungeon/wall_inset_shelves.glb,dungeon,wall_inset_shelves.glb,.glb,43992,42.96,0.042,UNMAPPED,,,,705,1359,1,1,,,
runtime_models,dungeon/wall_inset_shelves_broken.glb,dungeon,wall_inset_shelves_broken.glb,.glb,45140,44.08,0.043,UNMAPPED,,,,751,1455,1,1,,,
runtime_models,dungeon/wall_inset_shelves_decorateda.glb,dungeon,wall_inset_shelves_decorateda.glb,.glb,59372,57.98,0.0566,UNMAPPED,,,,1621,2935,1,1,,,
runtime_models,dungeon/wall_inset_shelves_decoratedb.glb,dungeon,wall_inset_shelves_decoratedb.glb,.glb,59912,58.51,0.0571,UNMAPPED,,,,1947,2913,1,1,,,
runtime_models,dungeon/wall_open_scaffold.glb,dungeon,wall_open_scaffold.glb,.glb,33580,32.79,0.032,UNMAPPED,,,,196,356,1,1,,,
runtime_models,dungeon/wall_pillar.glb,dungeon,wall_pillar.glb,.glb,38596,37.69,0.0368,UNMAPPED,,,,540,1091,1,1,,,
runtime_models,dungeon/wall_scaffold.glb,dungeon,wall_scaffold.glb,.glb,42376,41.38,0.0404,UNMAPPED,,,,584,1180,1,1,,,
runtime_models,dungeon/wall_shelves.glb,dungeon,wall_shelves.glb,.glb,58844,57.46,0.0561,UNMAPPED,,,,1582,2884,1,1,,,
runtime_models,dungeon/wall_sloped.glb,dungeon,wall_sloped.glb,.glb,35880,35.04,0.0342,UNMAPPED,,,,257,533,1,1,,,
runtime_models,dungeon/wall_tsplit.glb,dungeon,wall_tsplit.glb,.glb,42356,41.36,0.0404,UNMAPPED,,,,596,1187,1,1,,,
runtime_models,dungeon/wall_tsplit_sloped.glb,dungeon,wall_tsplit_sloped.glb,.glb,41668,40.69,0.0397,UNMAPPED,,,,555,1115,1,1,,,
runtime_models,dungeon/wall_window_closed.glb,dungeon,wall_window_closed.glb,.glb,42540,41.54,0.0406,UNMAPPED,,,,664,1248,1,1,,,
runtime_models,dungeon/wall_window_closed_scaffold.glb,dungeon,wall_window_closed_scaffold.glb,.glb,44016,42.98,0.042,UNMAPPED,,,,736,1392,1,1,,,
runtime_models,dungeon/wall_window_open.glb,dungeon,wall_window_open.glb,.glb,41444,40.47,0.0395,UNMAPPED,,,,604,1128,1,1,,,
runtime_models,dungeon/wall_window_open_scaffold.glb,dungeon,wall_window_open_scaffold.glb,.glb,42908,41.9,0.0409,UNMAPPED,,,,676,1272,1,1,,,
runtime_models,dungeon/wooden_gate.glb,dungeon,wooden_gate.glb,.glb,32516,31.75,0.031,UNMAPPED,,,,130,213,1,1,,,
runtime_models,dungeon/wooden_gate_halloween.glb,dungeon,wooden_gate_halloween.glb,.glb,49128,47.98,0.0469,UNMAPPED,,,,1800,1702,1,1,,,
runtime_models,foliage/bush.glb,foliage,bush.glb,.glb,49364,48.21,0.0471,⚠️ REESTILIZAR,foliage/bush.glb,foliage/dead_bush.glb,Dead Bush,495,1017,1,1,,,
runtime_models,foliage/bush_flowers.glb,foliage,bush_flowers.glb,.glb,101296,98.92,0.0966,⚠️ REESTILIZAR,foliage/bush_flowers.glb,foliage/withered_flowers.glb,Withered Flowers,869,1638,2,2,,,
runtime_models,foliage/dead_1.glb,foliage,dead_1.glb,.glb,417648,407.86,0.3983,UNMAPPED,,,,6106,7992,1,2,,,
runtime_models,foliage/dead_2.glb,foliage,dead_2.glb,.glb,425648,415.67,0.4059,UNMAPPED,,,,6507,8600,1,2,,,
runtime_models,foliage/dead_3.glb,foliage,dead_3.glb,.glb,412716,403.04,0.3936,UNMAPPED,,,,5759,7904,1,2,,,
runtime_models,foliage/fern.glb,foliage,fern.glb,.glb,62500,61.04,0.0596,⚠️ REESTILIZAR,foliage/fern.glb,foliage/dead_fern.glb,Dead Fern,288,243,1,1,,,
runtime_models,foliage/mushroom.glb,foliage,mushroom.glb,.glb,58676,57.3,0.056,⚠️ REESTILIZAR,foliage/mushroom.glb,foliage/poison_mushroom.glb,Poison Mushroom,440,308,1,1,,,
runtime_models,foliage/oak_1.glb,foliage,oak_1.glb,.glb,393512,384.29,0.3753,UNMAPPED,,,,6211,6661,2,3,,,
runtime_models,foliage/oak_2.glb,foliage,oak_2.glb,.glb,377532,368.68,0.36,UNMAPPED,,,,5580,5388,2,3,,,
runtime_models,foliage/oak_3.glb,foliage,oak_3.glb,.glb,361100,352.64,0.3444,UNMAPPED,,,,3351,4438,2,3,,,
runtime_models,foliage/oak_4.glb,foliage,oak_4.glb,.glb,352140,343.89,0.3358,UNMAPPED,,,,3984,3578,2,3,,,
runtime_models,foliage/oak_5.glb,foliage,oak_5.glb,.glb,361568,353.09,0.3448,UNMAPPED,,,,3140,3746,2,3,,,
runtime_models,foliage/pine_1.glb,foliage,pine_1.glb,.glb,331332,323.57,0.316,UNMAPPED,,,,3864,2963,2,3,,,
runtime_models,foliage/pine_2.glb,foliage,pine_2.glb,.glb,329620,321.89,0.3144,UNMAPPED,,,,3586,2872,2,3,,,
runtime_models,foliage/pine_3.glb,foliage,pine_3.glb,.glb,376164,367.35,0.3587,UNMAPPED,,,,4898,6521,2,3,,,
runtime_models,foliage/pine_4.glb,foliage,pine_4.glb,.glb,329580,321.86,0.3143,UNMAPPED,,,,3267,2896,2,3,,,
runtime_models,foliage/pine_5.glb,foliage,pine_5.glb,.glb,309224,301.98,0.2949,UNMAPPED,,,,1558,1552,2,3,,,
runtime_models,foliage/rock_1.glb,foliage,rock_1.glb,.glb,54048,52.78,0.0515,UNMAPPED,,,,342,351,1,1,,,
runtime_models,foliage/rock_2.glb,foliage,rock_2.glb,.glb,52852,51.61,0.0504,UNMAPPED,,,,244,249,1,1,,,
runtime_models,foliage/rock_3.glb,foliage,rock_3.glb,.glb,56280,54.96,0.0537,UNMAPPED,,,,522,531,1,1,,,
runtime_models,foliage/twisted_1.glb,foliage,twisted_1.glb,.glb,516208,504.11,0.4923,UNMAPPED,,,,8896,12813,2,3,,,
runtime_models,foliage/twisted_2.glb,foliage,twisted_2.glb,.glb,488792,477.34,0.4661,UNMAPPED,,,,7678,10648,2,3,,,
runtime_models,foliage/twisted_3.glb,foliage,twisted_3.glb,.glb,513556,501.52,0.4898,UNMAPPED,,,,8931,12658,2,3,,,
runtime_models,medieval_village_v2/buildings/CastleBase_03.glb,medieval_village_v2,CastleBase_03.glb,.glb,62364,60.9,0.0595,UNMAPPED,,,,1136,2154,1,1,,,
runtime_models,medieval_village_v2/buildings/CastleStairs_03.glb,medieval_village_v2,CastleStairs_03.glb,.glb,255212,249.23,0.2434,UNMAPPED,,,,20184,24988,1,1,,,
runtime_models,medieval_village_v2/buildings/Stairs_01.glb,medieval_village_v2,Stairs_01.glb,.glb,58684,57.31,0.056,UNMAPPED,,,,984,1765,1,1,,,
runtime_models,mounts/aether_hover_cycle.glb,mounts,aether_hover_cycle.glb,.glb,282948,276.32,0.2698,⚠️ CRIAR,mounts/aether_hover_cycle.glb,mounts/chariot.glb,Chariot,2018,3062,1,3,,,
runtime_models,mounts/drakemaw_raptor.glb,mounts,drakemaw_raptor.glb,.glb,352276,344.02,0.336,⚠️ CRIAR,mounts/drakemaw_raptor.glb,mounts/wyvern.glb,Wyvern,4913,7208,1,1,,,
runtime_models,mounts/grag_bear.glb,mounts,grag_bear.glb,.glb,651200,635.94,0.621,⚠️ CRIAR,mounts/grag_bear.glb,mounts/dire_bear_mount.glb,Dire Bear,3763,6431,1,3,,,
runtime_models,mounts/shadowjump_toad.glb,mounts,shadowjump_toad.glb,.glb,638220,623.26,0.6087,⚠️ CRIAR,mounts/shadowjump_toad.glb,mounts/giant_toad.glb,Giant Toad,4040,6677,1,3,,,
runtime_models,mounts/stalkglider_snail.glb,mounts,stalkglider_snail.glb,.glb,208104,203.23,0.1985,⚠️ CRIAR,mounts/stalkglider_snail.glb,mounts/giant_beetle.glb,Giant Beetle,1854,2909,1,3,,,
runtime_models,mounts/stormfeather_griffin.glb,mounts,stormfeather_griffin.glb,.glb,261604,255.47,0.2495,⚠️ CRIAR,mounts/stormfeather_griffin.glb,mounts/griffin.glb,Griffin,1966,2983,1,3,,,
runtime_models,mounts/terrorspark_groundshaker.glb,mounts,terrorspark_groundshaker.glb,.glb,1161436,1134.21,1.1076,⚠️ CRIAR,mounts/terrorspark_groundshaker.glb,mounts/war_elephant.glb,War Elephant,0,37344,6,6,,,
runtime_models,mounts/thunderstrut_gobbler.glb,mounts,thunderstrut_gobbler.glb,.glb,354552,346.24,0.3381,⚠️ CRIAR,mounts/thunderstrut_gobbler.glb,mounts/war_pig.glb,War Pig,5000,7300,1,1,,,
runtime_models,mounts/valorsteed.glb,mounts,valorsteed.glb,.glb,575216,561.73,0.5486,⚠️ CRIAR,mounts/valorsteed.glb,mounts/warhorse.glb,Warhorse,2066,2102,1,0,,,
runtime_models,props/alchemy_cauldron.glb,props,alchemy_cauldron.glb,.glb,237944,232.37,0.2269,✅ MANTER (renomear),props/alchemy_cauldron.glb,props/cauldron.glb,Cauldron,1957,3148,1,3,,,
runtime_models,props/anvil.glb,props,anvil.glb,.glb,1050280,1025.66,1.0016,✅ MANTER,props/anvil.glb,props/anvil.glb,Anvil,750,610,1,3,,,
runtime_models,props/banker_chest.glb,props,banker_chest.glb,.glb,43956,42.93,0.0419,⚠️ REESTILIZAR,props/banker_chest.glb,props/chest.glb,Chest,0,6144,4,0,,,
runtime_models,props/barrel.glb,props,barrel.glb,.glb,1998896,1952.05,1.9063,✅ MANTER,props/barrel.glb,props/barrel.glb,Barrel,824,1305,2,6,,,
runtime_models,props/bell_tower.glb,props,bell_tower.glb,.glb,135736,132.55,0.1294,UNMAPPED,,,,11799,20143,10,0,,,
runtime_models,props/blacksmith.glb,props,blacksmith.glb,.glb,97444,95.16,0.0929,⚠️ REESTILIZAR,props/blacksmith.glb,props/forge.glb,Forge,7659,12768,8,0,,,
runtime_models,props/bone_pile.glb,props,bone_pile.glb,.glb,265672,259.45,0.2534,✅ MANTER,props/bone_pile.glb,props/bone_pile.glb,Bone Pile,2032,3471,1,3,,,
runtime_models,props/bone_throne.glb,props,bone_throne.glb,.glb,274048,267.62,0.2614,✅ MANTER,props/bone_throne.glb,props/bone_throne.glb,Bone Throne,1786,3464,1,3,,,
runtime_models,props/bonfire.glb,props,bonfire.glb,.glb,13284,12.97,0.0127,✅ MANTER,props/bonfire.glb,props/bonfire.glb,Bonfire,602,922,4,0,,,
runtime_models,props/cart.glb,props,cart.glb,.glb,30972,30.25,0.0295,UNMAPPED,,,,2659,3617,5,0,,,
runtime_models,props/CLAUDE.md,props,CLAUDE.md,.md,3764,3.68,0.0036,UNMAPPED,,,,,,,,,,
runtime_models,props/column.glb,props,column.glb,.glb,5324,5.2,0.0051,UNMAPPED,,,,122,210,3,0,,,
runtime_models,props/column_broken.glb,props,column_broken.glb,.glb,4104,4.01,0.0039,UNMAPPED,,,,108,176,2,0,,,
runtime_models,props/cooking_spit.glb,props,cooking_spit.glb,.glb,242568,236.88,0.2313,✅ MANTER,props/cooking_spit.glb,props/cooking_spit.glb,Cooking Spit,1909,3032,1,3,,,
runtime_models,props/course_arch.glb,props,course_arch.glb,.glb,304380,297.25,0.2903,UNMAPPED,,,,1874,3154,1,3,,,
runtime_models,props/cracked_grave.glb,props,cracked_grave.glb,.glb,90992,88.86,0.0868,✅ MANTER (renomear),props/cracked_grave.glb,props/grave.glb,Grave,9294,7119,1,3,,,
runtime_models,props/crate_wooden.glb,props,crate_wooden.glb,.glb,1999980,1953.11,1.9073,✅ MANTER,props/crate_wooden.glb,props/crate_wooden.glb,Wooden Crate,1576,1426,2,6,,,
runtime_models,props/crystal_amethyst_cluster.glb,props,crystal_amethyst_cluster.glb,.glb,190496,186.03,0.1817,UNMAPPED,,,,1947,2676,1,3,,,
runtime_models,props/crystal_mound_cave.glb,props,crystal_mound_cave.glb,.glb,334060,326.23,0.3186,UNMAPPED,,,,4901,8529,1,3,,,
runtime_models,props/delve_module_exit.glb,props,delve_module_exit.glb,.glb,387652,378.57,0.3697,⚠️ REESTILIZAR,props/delve_module_exit.glb,props/exit_portal.glb,Exit Portal,1896,3314,1,3,,,
runtime_models,props/delve_pressure_plate.glb,props,delve_pressure_plate.glb,.glb,331212,323.45,0.3159,✅ MANTER,props/delve_pressure_plate.glb,props/pressure_plate.glb,Pressure Plate,1845,2936,1,3,,,
runtime_models,props/delve_rite_shrine_bell.glb,props,delve_rite_shrine_bell.glb,.glb,280628,274.05,0.2676,✅ MANTER,props/delve_rite_shrine_bell.glb,props/shrine_bell.glb,Shrine Bell,1791,1653,1,3,,,
runtime_models,props/delve_rite_shrine_candle.glb,props,delve_rite_shrine_candle.glb,.glb,316652,309.23,0.302,✅ MANTER,props/delve_rite_shrine_candle.glb,props/shrine_candle.glb,Shrine Candle,1744,2721,1,3,,,
runtime_models,props/delve_rite_shrine_reed.glb,props,delve_rite_shrine_reed.glb,.glb,387940,378.85,0.37,✅ MANTER,props/delve_rite_shrine_reed.glb,props/shrine_reed.glb,Shrine Reed,1845,2797,1,3,,,
runtime_models,props/delve_rite_shrine_skull.glb,props,delve_rite_shrine_skull.glb,.glb,279796,273.24,0.2668,✅ MANTER,props/delve_rite_shrine_skull.glb,props/skull_shrine.glb,Skull Shrine,1808,2800,1,3,,,
runtime_models,props/delve_surface_exit.glb,props,delve_surface_exit.glb,.glb,363436,354.92,0.3466,⚠️ REESTILIZAR,props/delve_surface_exit.glb,props/surface_exit.glb,Surface Exit,1964,3032,1,3,,,
runtime_models,props/demon_idol.glb,props,demon_idol.glb,.glb,235924,230.39,0.225,✅ MANTER,props/demon_idol.glb,props/demon_idol.glb,Demon Idol,2052,3341,1,3,,,
runtime_models,props/destructible_wall.glb,props,destructible_wall.glb,.glb,121116,118.28,0.1155,✅ MANTER (renomear),props/destructible_wall.glb,props/breakable_wall.glb,Breakable Wall,9380,7669,1,3,,,
runtime_models,props/dock_platform.glb,props,dock_platform.glb,.glb,17332,16.93,0.0165,UNMAPPED,,,,324,616,1,1,,,
runtime_models,props/dragon_eggs.glb,props,dragon_eggs.glb,.glb,497268,485.61,0.4742,✅ MANTER,props/dragon_eggs.glb,props/dragon_eggs.glb,Dragon Eggs,5000,4382,1,3,,,
runtime_models,props/dragon_hoard.glb,props,dragon_hoard.glb,.glb,873808,853.33,0.8333,✅ MANTER,props/dragon_hoard.glb,props/dragon_hoard.glb,Dragon Hoard,7998,7692,1,3,,,
runtime_models,props/dungeon_door_arch.glb,props,dungeon_door_arch.glb,.glb,218428,213.31,0.2083,⚠️ REESTILIZAR,props/dungeon_door_arch.glb,props/dungeon_door.glb,Dungeon Door,1890,2518,1,3,,,
runtime_models,props/eastbrook_bank.glb,props,eastbrook_bank.glb,.glb,52508,51.28,0.0501,⚠️ REESTILIZAR,props/eastbrook_bank.glb,props/bank.glb,Bank,0,9312,2,0,,,
runtime_models,props/eastbrook_chapel.glb,props,eastbrook_chapel.glb,.glb,66132,64.58,0.0631,⚠️ REESTILIZAR,props/eastbrook_chapel.glb,props/chapel.glb,Chapel,0,12360,2,0,,,
runtime_models,props/eastbrook_civic_well_beacon.glb,props,eastbrook_civic_well_beacon.glb,.glb,13216,12.91,0.0126,⚠️ REESTILIZAR,props/eastbrook_civic_well_beacon.glb,props/well.glb,Well,0,1392,2,0,,,
runtime_models,props/eastbrook_grand_armoury.glb,props,eastbrook_grand_armoury.glb,.glb,137012,133.8,0.1307,⚠️ REESTILIZAR,props/eastbrook_grand_armoury.glb,props/armoury.glb,Armoury,0,24678,6,0,,,
runtime_models,props/eastbrook_inn.glb,props,eastbrook_inn.glb,.glb,67768,66.18,0.0646,⚠️ REESTILIZAR,props/eastbrook_inn.glb,props/tavern.glb,Tavern,0,13044,2,0,,,
runtime_models,props/eastbrook_market_stall.glb,props,eastbrook_market_stall.glb,.glb,27072,26.44,0.0258,⚠️ REESTILIZAR,props/eastbrook_market_stall.glb,props/market_stall.glb,Market Stall,0,3942,2,0,,,
runtime_models,props/eastbrook_noticeboard.glb,props,eastbrook_noticeboard.glb,.glb,24684,24.11,0.0235,⚠️ REESTILIZAR,props/eastbrook_noticeboard.glb,props/noticeboard.glb,Notice Board,0,3552,2,0,,,
runtime_models,props/eastbrook_smithy.glb,props,eastbrook_smithy.glb,.glb,40352,39.41,0.0385,⚠️ REESTILIZAR,props/eastbrook_smithy.glb,props/blacksmith.glb,Blacksmith,0,7230,2,0,,,
runtime_models,props/eastbrook_toolworks.glb,props,eastbrook_toolworks.glb,.glb,39920,38.98,0.0381,⚠️ REESTILIZAR,props/eastbrook_toolworks.glb,props/workshop.glb,Workshop,0,6960,2,0,,,
runtime_models,props/eastbrook_wall_wing.glb,props,eastbrook_wall_wing.glb,.glb,8352,8.16,0.008,⚠️ REESTILIZAR,props/eastbrook_wall_wing.glb,props/wall_wing.glb,Wall Wing,0,618,2,0,,,
runtime_models,props/eastbrook_weaving_workshop.glb,props,eastbrook_weaving_workshop.glb,.glb,40392,39.45,0.0385,⚠️ REESTILIZAR,props/eastbrook_weaving_workshop.glb,props/weaver.glb,Weaver,0,7236,2,0,,,
runtime_models,props/ember_lily.glb,props,ember_lily.glb,.glb,437664,427.41,0.4174,⚠️ REESTILIZAR,props/ember_lily.glb,props/blood_lily.glb,Blood Lily,4000,4732,1,3,,,
runtime_models,props/enchanting_altar.glb,props,enchanting_altar.glb,.glb,298488,291.49,0.2847,⚠️ REESTILIZAR,props/enchanting_altar.glb,props/enchanting_table.glb,Enchanting Table,1905,2950,1,3,,,
runtime_models,props/engineering_workbench.glb,props,engineering_workbench.glb,.glb,171672,167.65,0.1637,⚠️ REESTILIZAR,props/engineering_workbench.glb,props/workbench.glb,Workbench,1938,1863,1,3,,,
runtime_models,props/fallback_crate.glb,props,fallback_crate.glb,.glb,97220,94.94,0.0927,✅ MANTER,props/fallback_crate.glb,props/crate.glb,Crate,9346,7483,1,3,,,
runtime_models,props/fallen_coconuts.glb,props,fallen_coconuts.glb,.glb,372232,363.51,0.355,⚠️ REESTILIZAR,props/fallen_coconuts.glb,props/fallen_fruit.glb,Fallen Fruit,3025,3612,1,3,,,
runtime_models,props/farmcrate_apple.glb,props,farmcrate_apple.glb,.glb,3224488,3148.91,3.0751,✅ MANTER (renomear),props/farmcrate_apple.glb,props/apple_crate.glb,Apple Crate,4028,2758,3,9,,,
runtime_models,props/fen_lilies.glb,props,fen_lilies.glb,.glb,341380,333.38,0.3256,⚠️ REESTILIZAR,props/fen_lilies.glb,props/swamp_lilies.glb,Swamp Lilies,6000,6173,1,3,,,
runtime_models,props/fen_log.glb,props,fen_log.glb,.glb,553564,540.59,0.5279,⚠️ REESTILIZAR,props/fen_log.glb,props/dead_log.glb,Dead Log,5000,6446,1,3,,,
runtime_models,props/fen_mushrooms.glb,props,fen_mushrooms.glb,.glb,529112,516.71,0.5046,⚠️ REESTILIZAR,props/fen_mushrooms.glb,props/poison_mushrooms.glb,Poison Mushrooms,7000,7751,1,3,,,
runtime_models,props/fen_reeds.glb,props,fen_reeds.glb,.glb,304296,297.16,0.2902,⚠️ REESTILIZAR,props/fen_reeds.glb,props/swamp_reeds.glb,Swamp Reeds,6000,6219,1,3,,,
runtime_models,props/fenbridge_boardwalk.glb,props,fenbridge_boardwalk.glb,.glb,9264,9.05,0.0088,⚠️ REESTILIZAR,props/fenbridge_boardwalk.glb,props/boardwalk.glb,Boardwalk,0,1128,1,0,,,
runtime_models,props/fenbridge_crooked_reed_inn.glb,props,fenbridge_crooked_reed_inn.glb,.glb,149080,145.59,0.1422,⚠️ REESTILIZAR,props/fenbridge_crooked_reed_inn.glb,props/swamp_inn.glb,Swamp Inn,0,26847,2,0,,,
runtime_models,props/fenbridge_gate_arch.glb,props,fenbridge_gate_arch.glb,.glb,24648,24.07,0.0235,⚠️ REESTILIZAR,props/fenbridge_gate_arch.glb,props/gate_arch.glb,Gate Arch,0,3720,2,0,,,
runtime_models,props/fenbridge_gilded_strongbox.glb,props,fenbridge_gilded_strongbox.glb,.glb,69908,68.27,0.0667,⚠️ REESTILIZAR,props/fenbridge_gilded_strongbox.glb,props/strongbox.glb,Strongbox,0,12399,2,0,,,
runtime_models,props/fenbridge_hesk_tannery.glb,props,fenbridge_hesk_tannery.glb,.glb,198888,194.23,0.1897,⚠️ REESTILIZAR,props/fenbridge_hesk_tannery.glb,props/tannery.glb,Tannery,0,38220,2,0,,,
runtime_models,props/fenbridge_lantern_chapel.glb,props,fenbridge_lantern_chapel.glb,.glb,107736,105.21,0.1027,⚠️ REESTILIZAR,props/fenbridge_lantern_chapel.glb,props/lantern_chapel.glb,Lantern Chapel,0,20073,2,0,,,
runtime_models,props/fenbridge_mirelight_cistern.glb,props,fenbridge_mirelight_cistern.glb,.glb,48940,47.79,0.0467,⚠️ REESTILIZAR,props/fenbridge_mirelight_cistern.glb,props/cistern.glb,Cistern,0,7164,2,0,,,
runtime_models,props/fenbridge_moonwort_apothecary.glb,props,fenbridge_moonwort_apothecary.glb,.glb,104468,102.02,0.0996,⚠️ REESTILIZAR,props/fenbridge_moonwort_apothecary.glb,props/apothecary.glb,Apothecary,0,18258,2,0,,,
runtime_models,props/fenbridge_muster_board.glb,props,fenbridge_muster_board.glb,.glb,17636,17.22,0.0168,UNMAPPED,,,,0,2304,2,0,,,
runtime_models,props/fenbridge_palisade_wing.glb,props,fenbridge_palisade_wing.glb,.glb,16792,16.4,0.016,UNMAPPED,,,,0,2487,1,0,,,
runtime_models,props/fenbridge_provision_stall.glb,props,fenbridge_provision_stall.glb,.glb,26332,25.71,0.0251,UNMAPPED,,,,0,3912,2,0,,,
runtime_models,props/fenbridge_scout_lodge.glb,props,fenbridge_scout_lodge.glb,.glb,110868,108.27,0.1057,UNMAPPED,,,,0,19581,2,0,,,
runtime_models,props/fenbridge_warden_gatehouse.glb,props,fenbridge_warden_gatehouse.glb,.glb,142328,138.99,0.1357,UNMAPPED,,,,0,26382,2,0,,,
runtime_models,props/fence.glb,props,fence.glb,.glb,4836,4.72,0.0046,UNMAPPED,,,,208,392,1,0,,,
runtime_models,props/flower_bed_round.glb,props,flower_bed_round.glb,.glb,300044,293.01,0.2861,UNMAPPED,,,,12000,14721,1,3,,,
runtime_models,props/flower_bed_square_a.glb,props,flower_bed_square_a.glb,.glb,959032,936.55,0.9146,UNMAPPED,,,,13998,12419,1,3,,,
runtime_models,props/flower_bed_square_b.glb,props,flower_bed_square_b.glb,.glb,1030012,1005.87,0.9823,UNMAPPED,,,,13996,15617,1,3,,,
runtime_models,props/flower_glow.glb,props,flower_glow.glb,.glb,205160,200.35,0.1957,UNMAPPED,,,,7142,9852,1,2,,,
runtime_models,props/frostveil_ice_spire.glb,props,frostveil_ice_spire.glb,.glb,73228,71.51,0.0698,UNMAPPED,,,,666,990,1,3,,,
runtime_models,props/garden_arch.glb,props,garden_arch.glb,.glb,38264,37.37,0.0365,UNMAPPED,,,,436,820,1,1,,,
runtime_models,props/garden_iron_fence.glb,props,garden_iron_fence.glb,.glb,37352,36.48,0.0356,UNMAPPED,,,,380,764,1,1,,,
runtime_models,props/garden_iron_gate.glb,props,garden_iron_gate.glb,.glb,44192,43.16,0.0421,UNMAPPED,,,,620,1198,1,1,,,
runtime_models,props/garden_iron_pillar.glb,props,garden_iron_pillar.glb,.glb,32172,31.42,0.0307,UNMAPPED,,,,94,180,1,1,,,
runtime_models,props/golden_horse_statue.glb,props,golden_horse_statue.glb,.glb,692416,676.19,0.6603,UNMAPPED,,,,12000,12770,1,3,,,
runtime_models,props/gravestone_bevel.glb,props,gravestone_bevel.glb,.glb,15580,15.21,0.0149,UNMAPPED,,,,174,272,1,1,,,
runtime_models,props/gravestone_cross.glb,props,gravestone_cross.glb,.glb,16576,16.19,0.0158,UNMAPPED,,,,222,364,1,1,,,
runtime_models,props/gravestone_decorative.glb,props,gravestone_decorative.glb,.glb,14704,14.36,0.014,UNMAPPED,,,,92,166,1,1,,,
runtime_models,props/gravestone_round.glb,props,gravestone_round.glb,.glb,15832,15.46,0.0151,UNMAPPED,,,,178,292,1,1,,,
runtime_models,props/hanging_cage.glb,props,hanging_cage.glb,.glb,193000,188.48,0.1841,UNMAPPED,,,,1843,3257,1,3,,,
runtime_models,props/hell_forge.glb,props,hell_forge.glb,.glb,246844,241.06,0.2354,UNMAPPED,,,,2034,3954,1,3,,,
runtime_models,props/herbalism_drying_rack.glb,props,herbalism_drying_rack.glb,.glb,278556,272.03,0.2657,UNMAPPED,,,,1763,3684,1,3,,,
runtime_models,props/hollow_gate_crystal.glb,props,hollow_gate_crystal.glb,.glb,708872,692.26,0.676,UNMAPPED,,,,12000,13041,1,3,,,
runtime_models,props/hollow_gate_tree.glb,props,hollow_gate_tree.glb,.glb,804784,785.92,0.7675,UNMAPPED,,,,13996,15444,1,3,,,
runtime_models,props/house_1.glb,props,house_1.glb,.glb,84484,82.5,0.0806,UNMAPPED,,,,5758,11372,9,0,,,
runtime_models,props/house_2.glb,props,house_2.glb,.glb,103180,100.76,0.0984,UNMAPPED,,,,7162,14222,9,0,,,
runtime_models,props/house_3.glb,props,house_3.glb,.glb,43696,42.67,0.0417,UNMAPPED,,,,3024,5626,5,0,,,
runtime_models,props/infernal_altar.glb,props,infernal_altar.glb,.glb,244896,239.16,0.2336,UNMAPPED,,,,1826,2670,1,3,,,
runtime_models,props/infernal_brazier.glb,props,infernal_brazier.glb,.glb,150536,147.01,0.1436,UNMAPPED,,,,1862,1705,1,3,,,
runtime_models,props/infernal_statue.glb,props,infernal_statue.glb,.glb,187016,182.63,0.1784,UNMAPPED,,,,2045,2961,1,3,,,
runtime_models,props/inn.glb,props,inn.glb,.glb,92748,90.57,0.0885,UNMAPPED,,,,7756,12898,7,0,,,
runtime_models,props/inscription_lectern.glb,props,inscription_lectern.glb,.glb,228212,222.86,0.2176,UNMAPPED,,,,2100,2774,1,3,,,
runtime_models,props/jewelcrafting_bench.glb,props,jewelcrafting_bench.glb,.glb,205648,200.83,0.1961,UNMAPPED,,,,1754,1685,1,3,,,
runtime_models,props/jump_oxer.glb,props,jump_oxer.glb,.glb,280792,274.21,0.2678,UNMAPPED,,,,1865,2803,1,3,,,
runtime_models,props/jump_vertical.glb,props,jump_vertical.glb,.glb,283600,276.95,0.2705,UNMAPPED,,,,1900,3067,1,3,,,
runtime_models,props/kmed_blacksmith_hollow.glb,props,kmed_blacksmith_hollow.glb,.glb,146368,142.94,0.1396,UNMAPPED,,,,2410,3393,1,1,,,
runtime_models,props/kmed_church_hollow.glb,props,kmed_church_hollow.glb,.glb,113052,110.4,0.1078,UNMAPPED,,,,1601,2504,1,1,,,
runtime_models,props/kmed_home_A_hollow.glb,props,kmed_home_A_hollow.glb,.glb,78668,76.82,0.075,UNMAPPED,,,,1011,1540,1,1,,,
runtime_models,props/kmed_home_B_hollow.glb,props,kmed_home_B_hollow.glb,.glb,105436,102.96,0.1006,UNMAPPED,,,,1393,2305,1,1,,,
runtime_models,props/kmed_market_hollow.glb,props,kmed_market_hollow.glb,.glb,175480,171.37,0.1674,UNMAPPED,,,,3125,4169,1,1,,,
runtime_models,props/kmed_tavern_hollow.glb,props,kmed_tavern_hollow.glb,.glb,194172,189.62,0.1852,UNMAPPED,,,,2992,4778,1,1,,,
runtime_models,props/lantern_wall.glb,props,lantern_wall.glb,.glb,1086232,1060.77,1.0359,UNMAPPED,,,,2822,3222,1,3,,,
runtime_models,props/lava_pool.glb,props,lava_pool.glb,.glb,629448,614.7,0.6003,UNMAPPED,,,,4000,3860,1,3,,,
runtime_models,props/lava_river_a.glb,props,lava_river_a.glb,.glb,876828,856.28,0.8362,UNMAPPED,,,,4000,3837,1,3,,,
runtime_models,props/lava_river_b.glb,props,lava_river_b.glb,.glb,760404,742.58,0.7252,UNMAPPED,,,,4000,4076,1,3,,,
runtime_models,props/lava_river_c.glb,props,lava_river_c.glb,.glb,902268,881.12,0.8605,UNMAPPED,,,,4000,4081,1,3,,,
runtime_models,props/lava_river_end.glb,props,lava_river_end.glb,.glb,742212,724.82,0.7078,UNMAPPED,,,,4000,3906,1,3,,,
runtime_models,props/lava_terrace.glb,props,lava_terrace.glb,.glb,677404,661.53,0.646,UNMAPPED,,,,4000,3864,1,3,,,
runtime_models,props/leafy_fox_statue.glb,props,leafy_fox_statue.glb,.glb,237400,231.84,0.2264,UNMAPPED,,,,9508,6705,1,3,,,
runtime_models,props/leatherworking_rack.glb,props,leatherworking_rack.glb,.glb,211812,206.85,0.202,UNMAPPED,,,,2034,1889,1,3,,,
runtime_models,props/mailbox_pillar.glb,props,mailbox_pillar.glb,.glb,32884,32.11,0.0314,UNMAPPED,,,,0,4920,2,0,,,
runtime_models,props/maledict_eye.glb,props,maledict_eye.glb,.glb,201436,196.71,0.1921,UNMAPPED,,,,1577,1386,1,3,,,
runtime_models,props/market_stand_1.glb,props,market_stand_1.glb,.glb,25184,24.59,0.024,UNMAPPED,,,,1548,2952,4,0,,,
runtime_models,props/market_stand_2.glb,props,market_stand_2.glb,.glb,18868,18.43,0.018,UNMAPPED,,,,1132,2210,3,0,,,
runtime_models,props/marsh_bell_gallows.glb,props,marsh_bell_gallows.glb,.glb,207152,202.3,0.1976,UNMAPPED,,,,1752,2403,1,3,,,
runtime_models,props/marsh_corpse_candle.glb,props,marsh_corpse_candle.glb,.glb,139808,136.53,0.1333,UNMAPPED,,,,1716,1509,1,3,,,
runtime_models,props/marsh_dead_tree.glb,props,marsh_dead_tree.glb,.glb,119416,116.62,0.1139,UNMAPPED,,,,1940,1635,1,3,,,
runtime_models,props/marsh_plank_bridge.glb,props,marsh_plank_bridge.glb,.glb,183360,179.06,0.1749,UNMAPPED,,,,1998,3215,1,3,,,
runtime_models,props/marsh_reed_cluster.glb,props,marsh_reed_cluster.glb,.glb,176148,172.02,0.168,UNMAPPED,,,,1753,2612,1,3,,,
runtime_models,props/marsh_root_wall.glb,props,marsh_root_wall.glb,.glb,227768,222.43,0.2172,UNMAPPED,,,,1810,3052,1,3,,,
runtime_models,props/marsh_shrine_fragment.glb,props,marsh_shrine_fragment.glb,.glb,167356,163.43,0.1596,UNMAPPED,,,,1778,2135,1,3,,,
runtime_models,props/marsh_sluice_post.glb,props,marsh_sluice_post.glb,.glb,249524,243.68,0.238,UNMAPPED,,,,1928,2904,1,3,,,
runtime_models,props/maze_hedge_arch.glb,props,maze_hedge_arch.glb,.glb,302708,295.61,0.2887,UNMAPPED,,,,6460,7978,1,3,,,
runtime_models,props/maze_hedge_wall.glb,props,maze_hedge_wall.glb,.glb,294856,287.95,0.2812,UNMAPPED,,,,7512,7981,1,3,,,
runtime_models,props/mining_ore_cart.glb,props,mining_ore_cart.glb,.glb,185556,181.21,0.177,UNMAPPED,,,,1800,1842,1,3,,,
runtime_models,props/mushroom_giant_purple.glb,props,mushroom_giant_purple.glb,.glb,232460,227.01,0.2217,UNMAPPED,,,,2446,1914,1,2,,,
runtime_models,props/mushroom_glow_cluster.glb,props,mushroom_glow_cluster.glb,.glb,164420,160.57,0.1568,UNMAPPED,,,,4261,5590,1,2,,,
runtime_models,props/mushroom_red.glb,props,mushroom_red.glb,.glb,3736,3.65,0.0036,UNMAPPED,,,,48,122,2,0,,,
runtime_models,props/mushroom_tan.glb,props,mushroom_tan.glb,.glb,3652,3.57,0.0035,UNMAPPED,,,,48,104,2,0,,,
runtime_models,props/obsidian_fang.glb,props,obsidian_fang.glb,.glb,209628,204.71,0.1999,UNMAPPED,,,,1932,3110,1,3,,,
runtime_models,props/ore_rocks.glb,props,ore_rocks.glb,.glb,3356,3.28,0.0032,UNMAPPED,,,,84,156,1,0,,,
runtime_models,props/pixie_mushroom_house.glb,props,pixie_mushroom_house.glb,.glb,238992,233.39,0.2279,UNMAPPED,,,,1808,2862,1,3,,,
runtime_models,props/reeds.glb,props,reeds.glb,.glb,47672,46.55,0.0455,UNMAPPED,,,,459,713,1,1,,,
runtime_models,props/rift_flame.glb,props,rift_flame.glb,.glb,128464,125.45,0.1225,UNMAPPED,,,,1941,2670,1,3,,,
runtime_models,props/rift_portal.glb,props,rift_portal.glb,.glb,5113152,4993.31,4.8763,UNMAPPED,,,,13686,13117,1,4,,,
runtime_models,props/rift_rune.glb,props,rift_rune.glb,.glb,183628,179.32,0.1751,UNMAPPED,,,,1987,3015,1,3,,,
runtime_models,props/rock_large_d.glb,props,rock_large_d.glb,.glb,4996,4.88,0.0048,UNMAPPED,,,,80,147,3,0,,,
runtime_models,props/rock_large_f.glb,props,rock_large_f.glb,.glb,4916,4.8,0.0047,UNMAPPED,,,,73,135,3,0,,,
runtime_models,props/rock_tall_a.glb,props,rock_tall_a.glb,.glb,5724,5.59,0.0055,UNMAPPED,,,,136,254,3,0,,,
runtime_models,props/rock_tall_h.glb,props,rock_tall_h.glb,.glb,4952,4.84,0.0047,UNMAPPED,,,,78,142,3,0,,,
runtime_models,props/rowboat.glb,props,rowboat.glb,.glb,16028,15.65,0.0153,UNMAPPED,,,,168,292,1,1,,,
runtime_models,props/ship_monument.glb,props,ship_monument.glb,.glb,715768,698.99,0.6826,UNMAPPED,,,,11996,13314,1,3,,,
runtime_models,props/shrub_flowering.glb,props,shrub_flowering.glb,.glb,411428,401.79,0.3924,UNMAPPED,,,,16461,22703,1,2,,,
runtime_models,props/slag_cauldron.glb,props,slag_cauldron.glb,.glb,219836,214.68,0.2097,UNMAPPED,,,,2174,3821,1,3,,,
runtime_models,props/stag_shrine.glb,props,stag_shrine.glb,.glb,258948,252.88,0.247,UNMAPPED,,,,4399,8039,1,3,,,
runtime_models,props/star_heart_crystal.glb,props,star_heart_crystal.glb,.glb,264284,258.09,0.252,UNMAPPED,,,,4675,7330,1,3,,,
runtime_models,props/statue_block.glb,props,statue_block.glb,.glb,4300,4.2,0.0041,UNMAPPED,,,,140,240,2,0,,,
runtime_models,props/statue_head.glb,props,statue_head.glb,.glb,6128,5.98,0.0058,UNMAPPED,,,,196,318,3,0,,,
runtime_models,props/streetlamp_amberfall_crystal.glb,props,streetlamp_amberfall_crystal.glb,.glb,107408,104.89,0.1024,UNMAPPED,,,,1168,1276,3,3,,,
runtime_models,props/streetlamp_drakelands_brazier.glb,props,streetlamp_drakelands_brazier.glb,.glb,123820,120.92,0.1181,UNMAPPED,,,,1103,1548,2,3,,,
runtime_models,props/streetlamp_eastbrook_civic.glb,props,streetlamp_eastbrook_civic.glb,.glb,73652,71.93,0.0702,UNMAPPED,,,,1206,1183,3,3,,,
runtime_models,props/streetlamp_evergarden_flower.glb,props,streetlamp_evergarden_flower.glb,.glb,105036,102.57,0.1002,UNMAPPED,,,,1190,1251,3,3,,,
runtime_models,props/streetlamp_farshore_coral.glb,props,streetlamp_farshore_coral.glb,.glb,112236,109.61,0.107,UNMAPPED,,,,1242,2101,3,3,,,
runtime_models,props/streetlamp_frostveil_icicle.glb,props,streetlamp_frostveil_icicle.glb,.glb,95676,93.43,0.0912,UNMAPPED,,,,1165,1941,3,3,,,
runtime_models,props/streetlamp_galecrest_mast.glb,props,streetlamp_galecrest_mast.glb,.glb,93844,91.64,0.0895,UNMAPPED,,,,1150,1210,3,3,,,
runtime_models,props/streetlamp_mirefen_witchflame.glb,props,streetlamp_mirefen_witchflame.glb,.glb,104824,102.37,0.1,UNMAPPED,,,,1083,1819,3,3,,,
runtime_models,props/streetlamp_nightbloom_moonflower.glb,props,streetlamp_nightbloom_moonflower.glb,.glb,86832,84.8,0.0828,UNMAPPED,,,,1180,1877,3,3,,,
runtime_models,props/streetlamp_palmreach_totem.glb,props,streetlamp_palmreach_totem.glb,.glb,86024,84.01,0.082,UNMAPPED,,,,1226,1288,2,3,,,
runtime_models,props/streetlamp_thornpeak_beacon.glb,props,streetlamp_thornpeak_beacon.glb,.glb,120852,118.02,0.1153,UNMAPPED,,,,1177,1920,3,3,,,
runtime_models,props/streetlamp_veiled_crystal.glb,props,streetlamp_veiled_crystal.glb,.glb,76728,74.93,0.0732,UNMAPPED,,,,1136,1813,3,3,,,
runtime_models,props/streetlamp_willowfen_reed.glb,props,streetlamp_willowfen_reed.glb,.glb,104948,102.49,0.1001,UNMAPPED,,,,1048,1725,3,3,,,
runtime_models,props/streetlamp_wraithwood_ghost.glb,props,streetlamp_wraithwood_ghost.glb,.glb,92352,90.19,0.0881,UNMAPPED,,,,1148,1929,3,3,,,
runtime_models,props/tailoring_loom.glb,props,tailoring_loom.glb,.glb,205776,200.95,0.1962,UNMAPPED,,,,1882,1735,1,3,,,
runtime_models,props/tent_open.glb,props,tent_open.glb,.glb,5204,5.08,0.005,UNMAPPED,,,,232,332,2,0,,,
runtime_models,props/tent_small.glb,props,tent_small.glb,.glb,5932,5.79,0.0057,UNMAPPED,,,,224,268,3,0,,,
runtime_models,props/timber_pillar.glb,props,timber_pillar.glb,.glb,14336,14.0,0.0137,UNMAPPED,,,,44,72,1,1,,,
runtime_models,props/weapon_stand.glb,props,weapon_stand.glb,.glb,2006008,1958.99,1.9131,UNMAPPED,,,,2084,1994,2,6,,,
runtime_models,props/well.glb,props,well.glb,.glb,27788,27.14,0.0265,UNMAPPED,,,,1870,2884,5,0,,,
runtime_models,props/wildheart_ancestor_ruin.glb,props,wildheart_ancestor_ruin.glb,.glb,164060,160.21,0.1565,UNMAPPED,,,,1683,3080,1,3,,,
runtime_models,props/wildheart_beast_den.glb,props,wildheart_beast_den.glb,.glb,138136,134.9,0.1317,UNMAPPED,,,,1786,3074,1,3,,,
runtime_models,props/wildheart_canopy_platform.glb,props,wildheart_canopy_platform.glb,.glb,158744,155.02,0.1514,UNMAPPED,,,,1809,3115,1,3,,,
runtime_models,props/wildheart_giant_fern.glb,props,wildheart_giant_fern.glb,.glb,209240,204.34,0.1995,UNMAPPED,,,,1955,3276,1,3,,,
runtime_models,props/wildheart_jaguar_gate.glb,props,wildheart_jaguar_gate.glb,.glb,228532,223.18,0.2179,UNMAPPED,,,,1870,3232,1,3,,,
runtime_models,props/wildheart_jungle_canopy_tree.glb,props,wildheart_jungle_canopy_tree.glb,.glb,126108,123.15,0.1203,UNMAPPED,,,,1971,3600,1,3,,,
runtime_models,props/wildheart_limestone_cliff.glb,props,wildheart_limestone_cliff.glb,.glb,171344,167.33,0.1634,UNMAPPED,,,,1733,3005,1,3,,,
runtime_models,props/wildheart_mask_totem.glb,props,wildheart_mask_totem.glb,.glb,165356,161.48,0.1577,UNMAPPED,,,,1892,1800,1,3,,,
runtime_models,props/wildheart_ritual_pyramid.glb,props,wildheart_ritual_pyramid.glb,.glb,201300,196.58,0.192,UNMAPPED,,,,1872,3271,1,3,,,
runtime_models,props/wildheart_rope_bridge.glb,props,wildheart_rope_bridge.glb,.glb,186880,182.5,0.1782,UNMAPPED,,,,1707,3000,1,3,,,
runtime_models,props/willow_tree.glb,props,willow_tree.glb,.glb,560744,547.6,0.5348,UNMAPPED,,,,11394,16280,1,3,,,
runtime_models,props/yumi_brazier_stand.glb,props,yumi_brazier_stand.glb,.glb,264676,258.47,0.2524,UNMAPPED,,,,1951,2712,1,3,,,
runtime_models,props/yumi_torch_handle.glb,props,yumi_torch_handle.glb,.glb,164384,160.53,0.1568,UNMAPPED,,,,1792,1583,1,3,,,
runtime_models,quest/bastion_ward_stone.glb,quest,bastion_ward_stone.glb,.glb,127096,124.12,0.1212,UNMAPPED,,,,8333,8064,1,1,,,
runtime_models,quest/crypt_ritual_circle.glb,quest,crypt_ritual_circle.glb,.glb,373000,364.26,0.3557,UNMAPPED,,,,1827,3048,1,3,,,
runtime_models,quest/fenbridge_muster_order.glb,quest,fenbridge_muster_order.glb,.glb,6888,6.73,0.0066,UNMAPPED,,,,0,612,1,0,,,
runtime_models,quest/gravecaller_sigil.glb,quest,gravecaller_sigil.glb,.glb,195364,190.79,0.1863,UNMAPPED,,,,13588,12205,1,1,,,
runtime_models,quest/gravewyrm_sigil.glb,quest,gravewyrm_sigil.glb,.glb,186312,181.95,0.1777,UNMAPPED,,,,12334,11647,1,1,,,
runtime_models,quest/lost_caravan_goods.glb,quest,lost_caravan_goods.glb,.glb,199636,194.96,0.1904,UNMAPPED,,,,12912,12921,1,1,,,
runtime_models,quest/morthen_grimoire.glb,quest,morthen_grimoire.glb,.glb,325576,317.95,0.3105,UNMAPPED,,,,1790,2359,1,2,,,
runtime_models,quest/ogre_war_totem.glb,quest,ogre_war_totem.glb,.glb,307884,300.67,0.2936,UNMAPPED,,,,28084,24139,1,1,,,
runtime_models,quest/rusted_censer.glb,quest,rusted_censer.glb,.glb,277588,271.08,0.2647,UNMAPPED,,,,20689,20562,1,1,,,
runtime_models,quest/sanctum_key_shard.glb,quest,sanctum_key_shard.glb,.glb,182692,178.41,0.1742,UNMAPPED,,,,13220,12525,1,1,,,
runtime_models,quest/supply_crate.glb,quest,supply_crate.glb,.glb,188688,184.27,0.1799,UNMAPPED,,,,11470,12144,1,1,,,
runtime_models,quest/weathered_ledger_page.glb,quest,weathered_ledger_page.glb,.glb,265204,258.99,0.2529,UNMAPPED,,,,22098,20490,1,1,,,
runtime_models,resources/containers_box_large.glb,resources,containers_box_large.glb,.glb,33172,32.39,0.0316,UNMAPPED,,,,278,446,1,1,,,
runtime_models,resources/containers_box_large_dirty.glb,resources,containers_box_large_dirty.glb,.glb,34184,33.38,0.0326,UNMAPPED,,,,268,487,1,1,,,
runtime_models,resources/containers_box_medium.glb,resources,containers_box_medium.glb,.glb,31620,30.88,0.0302,UNMAPPED,,,,164,284,1,1,,,
runtime_models,resources/containers_box_small.glb,resources,containers_box_small.glb,.glb,31516,30.78,0.0301,UNMAPPED,,,,152,273,1,1,,,
runtime_models,resources/containers_crate_large.glb,resources,containers_crate_large.glb,.glb,50488,49.3,0.0481,UNMAPPED,,,,1670,2180,1,1,,,
runtime_models,resources/containers_crate_medium_grey.glb,resources,containers_crate_medium_grey.glb,.glb,48244,47.11,0.046,UNMAPPED,,,,1478,1972,1,1,,,
runtime_models,resources/containers_crate_medium_tan.glb,resources,containers_crate_medium_tan.glb,.glb,48248,47.12,0.046,UNMAPPED,,,,1478,1972,1,1,,,
runtime_models,resources/containers_crate_medium_wood.glb,resources,containers_crate_medium_wood.glb,.glb,42916,41.91,0.0409,UNMAPPED,,,,1048,1432,1,1,,,
runtime_models,resources/containers_crate_small_green.glb,resources,containers_crate_small_green.glb,.glb,42212,41.22,0.0403,UNMAPPED,,,,1044,1344,1,1,,,
runtime_models,resources/containers_crate_small_grey.glb,resources,containers_crate_small_grey.glb,.glb,42212,41.22,0.0403,UNMAPPED,,,,1044,1344,1,1,,,
runtime_models,resources/containers_pile_large.glb,resources,containers_pile_large.glb,.glb,100168,97.82,0.0955,UNMAPPED,,,,5370,7135,1,1,,,
runtime_models,resources/containers_pile_medium.glb,resources,containers_pile_medium.glb,.glb,82240,80.31,0.0784,UNMAPPED,,,,3906,5294,1,1,,,
runtime_models,resources/containers_pile_small.glb,resources,containers_pile_small.glb,.glb,39680,38.75,0.0378,UNMAPPED,,,,646,1091,1,1,,,
runtime_models,resources/copper_bar.glb,resources,copper_bar.glb,.glb,30236,29.53,0.0288,UNMAPPED,,,,108,100,1,1,,,
runtime_models,resources/copper_bars.glb,resources,copper_bars.glb,.glb,39952,39.02,0.0381,UNMAPPED,,,,936,908,1,1,,,
runtime_models,resources/copper_bars_stack_large.glb,resources,copper_bars_stack_large.glb,.glb,87960,85.9,0.0839,UNMAPPED,,,,5184,4800,1,1,,,
runtime_models,resources/copper_bars_stack_medium.glb,resources,copper_bars_stack_medium.glb,.glb,43772,42.75,0.0417,UNMAPPED,,,,1296,1200,1,1,,,
runtime_models,resources/copper_bars_stack_small.glb,resources,copper_bars_stack_small.glb,.glb,36560,35.7,0.0349,UNMAPPED,,,,648,600,1,1,,,
runtime_models,resources/copper_nugget_large.glb,resources,copper_nugget_large.glb,.glb,31544,30.8,0.0301,UNMAPPED,,,,100,205,1,1,,,
runtime_models,resources/copper_nugget_medium.glb,resources,copper_nugget_medium.glb,.glb,30068,29.36,0.0287,UNMAPPED,,,,40,83,1,1,,,
runtime_models,resources/copper_nugget_small.glb,resources,copper_nugget_small.glb,.glb,30068,29.36,0.0287,UNMAPPED,,,,40,83,1,1,,,
runtime_models,resources/copper_nuggets.glb,resources,copper_nuggets.glb,.glb,38148,37.25,0.0364,UNMAPPED,,,,360,748,1,1,,,
runtime_models,resources/food_apple_green.glb,resources,food_apple_green.glb,.glb,31044,30.32,0.0296,UNMAPPED,,,,212,170,1,1,,,
runtime_models,resources/food_apple_red.glb,resources,food_apple_red.glb,.glb,31036,30.31,0.0296,UNMAPPED,,,,212,170,1,1,,,
runtime_models,resources/food_barrel_empty.glb,resources,food_barrel_empty.glb,.glb,39588,38.66,0.0378,UNMAPPED,,,,800,978,1,1,,,
runtime_models,resources/food_barrel_fish.glb,resources,food_barrel_fish.glb,.glb,51796,50.58,0.0494,UNMAPPED,,,,2040,2003,1,1,,,
runtime_models,resources/food_basket_a_berries.glb,resources,food_basket_a_berries.glb,.glb,40876,39.92,0.039,UNMAPPED,,,,1114,963,1,1,,,
runtime_models,resources/food_basket_a_empty.glb,resources,food_basket_a_empty.glb,.glb,34252,33.45,0.0327,UNMAPPED,,,,384,448,1,1,,,
runtime_models,resources/food_basket_b_berries.glb,resources,food_basket_b_berries.glb,.glb,40868,39.91,0.039,UNMAPPED,,,,1114,963,1,1,,,
runtime_models,resources/food_basket_b_empty.glb,resources,food_basket_b_empty.glb,.glb,34248,33.45,0.0327,UNMAPPED,,,,384,448,1,1,,,
runtime_models,resources/food_berry_blue.glb,resources,food_berry_blue.glb,.glb,30264,29.55,0.0289,UNMAPPED,,,,110,107,1,1,,,
runtime_models,resources/food_berry_orange.glb,resources,food_berry_orange.glb,.glb,30268,29.56,0.0289,UNMAPPED,,,,110,107,1,1,,,
runtime_models,resources/food_cheese.glb,resources,food_cheese.glb,.glb,32244,31.49,0.0308,UNMAPPED,,,,322,262,1,1,,,
runtime_models,resources/food_crate_large_apples.glb,resources,food_crate_large_apples.glb,.glb,46956,45.86,0.0448,UNMAPPED,,,,1852,1579,1,1,,,
runtime_models,resources/food_crate_large_empty.glb,resources,food_crate_large_empty.glb,.glb,31888,31.14,0.0304,UNMAPPED,,,,172,349,1,1,,,
runtime_models,resources/food_crate_small_berries.glb,resources,food_crate_small_berries.glb,.glb,35664,34.83,0.034,UNMAPPED,,,,552,650,1,1,,,
runtime_models,resources/food_crate_small_empty.glb,resources,food_crate_small_empty.glb,.glb,31880,31.13,0.0304,UNMAPPED,,,,172,352,1,1,,,
runtime_models,resources/food_flour.glb,resources,food_flour.glb,.glb,31752,31.01,0.0303,UNMAPPED,,,,324,212,1,1,,,
runtime_models,resources/food_pile_large.glb,resources,food_pile_large.glb,.glb,75116,73.36,0.0716,UNMAPPED,,,,4538,4055,1,1,,,
runtime_models,resources/food_pile_medium.glb,resources,food_pile_medium.glb,.glb,58316,56.95,0.0556,UNMAPPED,,,,2920,2443,1,1,,,
runtime_models,resources/food_pile_small.glb,resources,food_pile_small.glb,.glb,42692,41.69,0.0407,UNMAPPED,,,,1300,1202,1,1,,,
runtime_models,resources/fuel_a_barrel.glb,resources,fuel_a_barrel.glb,.glb,37564,36.68,0.0358,UNMAPPED,,,,868,795,1,1,,,
runtime_models,resources/fuel_a_barrel_dirty.glb,resources,fuel_a_barrel_dirty.glb,.glb,39860,38.93,0.038,UNMAPPED,,,,1140,983,1,1,,,
runtime_models,resources/fuel_a_barrels.glb,resources,fuel_a_barrels.glb,.glb,72352,70.66,0.069,UNMAPPED,,,,4400,4040,1,1,,,
runtime_models,resources/fuel_a_jerrycan.glb,resources,fuel_a_jerrycan.glb,.glb,36636,35.78,0.0349,UNMAPPED,,,,640,697,1,1,,,
runtime_models,resources/fuel_b_barrel.glb,resources,fuel_b_barrel.glb,.glb,37564,36.68,0.0358,UNMAPPED,,,,868,795,1,1,,,
runtime_models,resources/fuel_b_barrel_dirty.glb,resources,fuel_b_barrel_dirty.glb,.glb,39860,38.93,0.038,UNMAPPED,,,,1140,983,1,1,,,
runtime_models,resources/fuel_b_barrels.glb,resources,fuel_b_barrels.glb,.glb,72352,70.66,0.069,UNMAPPED,,,,4400,4040,1,1,,,
runtime_models,resources/fuel_b_jerrycan.glb,resources,fuel_b_jerrycan.glb,.glb,36680,35.82,0.035,UNMAPPED,,,,640,701,1,1,,,
runtime_models,resources/fuel_c_barrel.glb,resources,fuel_c_barrel.glb,.glb,37592,36.71,0.0359,UNMAPPED,,,,868,795,1,1,,,
runtime_models,resources/fuel_c_barrel_dirty.glb,resources,fuel_c_barrel_dirty.glb,.glb,39888,38.95,0.038,UNMAPPED,,,,1140,983,1,1,,,
runtime_models,resources/fuel_c_barrels.glb,resources,fuel_c_barrels.glb,.glb,72444,70.75,0.0691,UNMAPPED,,,,4400,4040,1,1,,,
runtime_models,resources/fuel_c_jerrycan.glb,resources,fuel_c_jerrycan.glb,.glb,36672,35.81,0.035,UNMAPPED,,,,640,701,1,1,,,
runtime_models,resources/gather_herb_cluster.glb,resources,gather_herb_cluster.glb,.glb,84236,82.26,0.0803,UNMAPPED,,,,5866,7054,1,2,,,
runtime_models,resources/gather_ore_vein.glb,resources,gather_ore_vein.glb,.glb,61416,59.98,0.0586,UNMAPPED,,,,4986,4892,1,2,,,
runtime_models,resources/gather_wood_pile.glb,resources,gather_wood_pile.glb,.glb,66396,64.84,0.0633,UNMAPPED,,,,5000,4543,1,1,,,
runtime_models,resources/gem_large.glb,resources,gem_large.glb,.glb,30752,30.03,0.0293,UNMAPPED,,,,92,176,1,1,,,
runtime_models,resources/gem_medium.glb,resources,gem_medium.glb,.glb,30496,29.78,0.0291,UNMAPPED,,,,76,144,1,1,,,
runtime_models,resources/gem_small.glb,resources,gem_small.glb,.glb,29400,28.71,0.028,UNMAPPED,,,,20,40,1,1,,,
runtime_models,resources/gems_chest.glb,resources,gems_chest.glb,.glb,67860,66.27,0.0647,UNMAPPED,,,,2200,3531,1,1,,,
runtime_models,resources/gems_chest_empty.glb,resources,gems_chest_empty.glb,.glb,43896,42.87,0.0419,UNMAPPED,,,,998,1239,1,1,,,
runtime_models,resources/gems_pile_large.glb,resources,gems_pile_large.glb,.glb,45984,44.91,0.0439,UNMAPPED,,,,804,1536,1,1,,,
runtime_models,resources/gems_pile_small.glb,resources,gems_pile_small.glb,.glb,37036,36.17,0.0353,UNMAPPED,,,,376,720,1,1,,,
runtime_models,resources/gems_sack.glb,resources,gems_sack.glb,.glb,64240,62.73,0.0613,UNMAPPED,,,,2484,3098,1,1,,,
runtime_models,resources/gold_bar.glb,resources,gold_bar.glb,.glb,30228,29.52,0.0288,UNMAPPED,,,,108,100,1,1,,,
runtime_models,resources/gold_bars.glb,resources,gold_bars.glb,.glb,39928,38.99,0.0381,UNMAPPED,,,,936,908,1,1,,,
runtime_models,resources/gold_bars_stack_large.glb,resources,gold_bars_stack_large.glb,.glb,87788,85.73,0.0837,UNMAPPED,,,,5184,4800,1,1,,,
runtime_models,resources/gold_bars_stack_medium.glb,resources,gold_bars_stack_medium.glb,.glb,43724,42.7,0.0417,UNMAPPED,,,,1296,1200,1,1,,,
runtime_models,resources/gold_bars_stack_small.glb,resources,gold_bars_stack_small.glb,.glb,36536,35.68,0.0348,UNMAPPED,,,,648,600,1,1,,,
runtime_models,resources/gold_nugget_large.glb,resources,gold_nugget_large.glb,.glb,31540,30.8,0.0301,UNMAPPED,,,,100,208,1,1,,,
runtime_models,resources/gold_nugget_medium.glb,resources,gold_nugget_medium.glb,.glb,30076,29.37,0.0287,UNMAPPED,,,,40,85,1,1,,,
runtime_models,resources/gold_nugget_small.glb,resources,gold_nugget_small.glb,.glb,30076,29.37,0.0287,UNMAPPED,,,,40,85,1,1,,,
runtime_models,resources/gold_nuggets.glb,resources,gold_nuggets.glb,.glb,38248,37.35,0.0365,UNMAPPED,,,,360,762,1,1,,,
runtime_models,resources/iron_bar.glb,resources,iron_bar.glb,.glb,30228,29.52,0.0288,UNMAPPED,,,,108,100,1,1,,,
runtime_models,resources/iron_bars.glb,resources,iron_bars.glb,.glb,39928,38.99,0.0381,UNMAPPED,,,,936,908,1,1,,,
runtime_models,resources/iron_bars_stack_large.glb,resources,iron_bars_stack_large.glb,.glb,87788,85.73,0.0837,UNMAPPED,,,,5184,4800,1,1,,,
runtime_models,resources/iron_bars_stack_medium.glb,resources,iron_bars_stack_medium.glb,.glb,43724,42.7,0.0417,UNMAPPED,,,,1296,1200,1,1,,,
runtime_models,resources/iron_bars_stack_small.glb,resources,iron_bars_stack_small.glb,.glb,36536,35.68,0.0348,UNMAPPED,,,,648,600,1,1,,,
runtime_models,resources/iron_nugget_large.glb,resources,iron_nugget_large.glb,.glb,31532,30.79,0.0301,UNMAPPED,,,,100,206,1,1,,,
runtime_models,resources/iron_nugget_medium.glb,resources,iron_nugget_medium.glb,.glb,30068,29.36,0.0287,UNMAPPED,,,,40,84,1,1,,,
runtime_models,resources/iron_nugget_small.glb,resources,iron_nugget_small.glb,.glb,30068,29.36,0.0287,UNMAPPED,,,,40,84,1,1,,,
runtime_models,resources/iron_nuggets.glb,resources,iron_nuggets.glb,.glb,38156,37.26,0.0364,UNMAPPED,,,,360,754,1,1,,,
runtime_models,resources/money_bill.glb,resources,money_bill.glb,.glb,29948,29.25,0.0286,UNMAPPED,,,,104,114,1,1,,,
runtime_models,resources/money_bill_arched.glb,resources,money_bill_arched.glb,.glb,31180,30.45,0.0297,UNMAPPED,,,,192,194,1,1,,,
runtime_models,resources/money_bills_stack_large.glb,resources,money_bills_stack_large.glb,.glb,31028,30.3,0.0296,UNMAPPED,,,,172,242,1,1,,,
runtime_models,resources/money_bills_stack_medium.glb,resources,money_bills_stack_medium.glb,.glb,36984,36.12,0.0353,UNMAPPED,,,,666,715,1,1,,,
runtime_models,resources/money_bills_stack_small.glb,resources,money_bills_stack_small.glb,.glb,30944,30.22,0.0295,UNMAPPED,,,,156,218,1,1,,,
runtime_models,resources/money_coins_stack_large.glb,resources,money_coins_stack_large.glb,.glb,32328,31.57,0.0308,UNMAPPED,,,,308,322,1,1,,,
runtime_models,resources/money_coins_stack_medium.glb,resources,money_coins_stack_medium.glb,.glb,31844,31.1,0.0304,UNMAPPED,,,,260,274,1,1,,,
runtime_models,resources/money_coins_stack_single.glb,resources,money_coins_stack_single.glb,.glb,30868,30.14,0.0294,UNMAPPED,,,,164,178,1,1,,,
runtime_models,resources/money_coins_stack_small.glb,resources,money_coins_stack_small.glb,.glb,31376,30.64,0.0299,UNMAPPED,,,,212,226,1,1,,,
runtime_models,resources/money_pile_large.glb,resources,money_pile_large.glb,.glb,65876,64.33,0.0628,UNMAPPED,,,,3332,3702,1,1,,,
runtime_models,resources/money_pile_medium.glb,resources,money_pile_medium.glb,.glb,53348,52.1,0.0509,UNMAPPED,,,,2086,2329,1,1,,,
runtime_models,resources/money_pile_small.glb,resources,money_pile_small.glb,.glb,39008,38.09,0.0372,UNMAPPED,,,,868,954,1,1,,,
runtime_models,resources/money_single.glb,resources,money_single.glb,.glb,31656,30.91,0.0302,UNMAPPED,,,,232,258,1,1,,,
runtime_models,resources/pallet_plastic_blue.glb,resources,pallet_plastic_blue.glb,.glb,36208,35.36,0.0345,UNMAPPED,,,,560,801,1,1,,,
runtime_models,resources/pallet_plastic_grey.glb,resources,pallet_plastic_grey.glb,.glb,35900,35.06,0.0342,UNMAPPED,,,,560,771,1,1,,,
runtime_models,resources/pallet_plastic_orange.glb,resources,pallet_plastic_orange.glb,.glb,35904,35.06,0.0342,UNMAPPED,,,,560,771,1,1,,,
runtime_models,resources/pallet_wood.glb,resources,pallet_wood.glb,.glb,32612,31.85,0.0311,UNMAPPED,,,,192,378,1,1,,,
runtime_models,resources/pallet_wood_covered_a.glb,resources,pallet_wood_covered_a.glb,.glb,33492,32.71,0.0319,UNMAPPED,,,,366,432,1,1,,,
runtime_models,resources/pallet_wood_covered_b.glb,resources,pallet_wood_covered_b.glb,.glb,33484,32.7,0.0319,UNMAPPED,,,,366,432,1,1,,,
runtime_models,resources/parts_cog.glb,resources,parts_cog.glb,.glb,31424,30.69,0.03,UNMAPPED,,,,192,240,1,1,,,
runtime_models,resources/parts_pile_large.glb,resources,parts_pile_large.glb,.glb,65268,63.74,0.0622,UNMAPPED,,,,2736,3450,1,1,,,
runtime_models,resources/parts_pile_medium.glb,resources,parts_pile_medium.glb,.glb,53092,51.85,0.0506,UNMAPPED,,,,1556,2287,1,1,,,
runtime_models,resources/parts_pile_small.glb,resources,parts_pile_small.glb,.glb,43576,42.55,0.0416,UNMAPPED,,,,1148,1376,1,1,,,
runtime_models,resources/silver_bar.glb,resources,silver_bar.glb,.glb,30232,29.52,0.0288,UNMAPPED,,,,108,100,1,1,,,
runtime_models,resources/silver_bars.glb,resources,silver_bars.glb,.glb,39928,38.99,0.0381,UNMAPPED,,,,936,908,1,1,,,
runtime_models,resources/silver_bars_stack_large.glb,resources,silver_bars_stack_large.glb,.glb,87792,85.73,0.0837,UNMAPPED,,,,5184,4800,1,1,,,
runtime_models,resources/silver_bars_stack_medium.glb,resources,silver_bars_stack_medium.glb,.glb,43728,42.7,0.0417,UNMAPPED,,,,1296,1200,1,1,,,
runtime_models,resources/silver_bars_stack_small.glb,resources,silver_bars_stack_small.glb,.glb,36540,35.68,0.0348,UNMAPPED,,,,648,600,1,1,,,
runtime_models,resources/silver_nugget_large.glb,resources,silver_nugget_large.glb,.glb,31536,30.8,0.0301,UNMAPPED,,,,100,206,1,1,,,
runtime_models,resources/silver_nugget_medium.glb,resources,silver_nugget_medium.glb,.glb,30072,29.37,0.0287,UNMAPPED,,,,40,84,1,1,,,
runtime_models,resources/silver_nugget_small.glb,resources,silver_nugget_small.glb,.glb,30072,29.37,0.0287,UNMAPPED,,,,40,84,1,1,,,
runtime_models,resources/silver_nuggets.glb,resources,silver_nuggets.glb,.glb,38160,37.27,0.0364,UNMAPPED,,,,360,754,1,1,,,
runtime_models,resources/stone_brick.glb,resources,stone_brick.glb,.glb,29592,28.9,0.0282,UNMAPPED,,,,44,72,1,1,,,
runtime_models,resources/stone_bricks_stack_large.glb,resources,stone_bricks_stack_large.glb,.glb,51492,50.29,0.0491,UNMAPPED,,,,1444,2284,1,1,,,
runtime_models,resources/stone_bricks_stack_medium.glb,resources,stone_bricks_stack_medium.glb,.glb,40880,39.92,0.039,UNMAPPED,,,,768,1194,1,1,,,
runtime_models,resources/stone_bricks_stack_small.glb,resources,stone_bricks_stack_small.glb,.glb,33436,32.65,0.0319,UNMAPPED,,,,282,434,1,1,,,
runtime_models,resources/stone_chunks_large.glb,resources,stone_chunks_large.glb,.glb,59128,57.74,0.0564,UNMAPPED,,,,1578,2516,1,1,,,
runtime_models,resources/stone_chunks_small.glb,resources,stone_chunks_small.glb,.glb,39876,38.94,0.038,UNMAPPED,,,,554,902,1,1,,,
runtime_models,resources/textiles_a.glb,resources,textiles_a.glb,.glb,33996,33.2,0.0324,UNMAPPED,,,,424,405,1,1,,,
runtime_models,resources/textiles_b.glb,resources,textiles_b.glb,.glb,39344,38.42,0.0375,UNMAPPED,,,,828,896,1,1,,,
runtime_models,resources/textiles_c.glb,resources,textiles_c.glb,.glb,37700,36.82,0.036,UNMAPPED,,,,840,726,1,1,,,
runtime_models,resources/textiles_stack_large.glb,resources,textiles_stack_large.glb,.glb,50004,48.83,0.0477,UNMAPPED,,,,1676,1846,1,1,,,
runtime_models,resources/textiles_stack_large_colored.glb,resources,textiles_stack_large_colored.glb,.glb,53484,52.23,0.051,UNMAPPED,,,,1916,2190,1,1,,,
runtime_models,resources/textiles_stack_small.glb,resources,textiles_stack_small.glb,.glb,49044,47.89,0.0468,UNMAPPED,,,,1668,1731,1,1,,,
runtime_models,resources/wood_log_a.glb,resources,wood_log_a.glb,.glb,41376,40.41,0.0395,UNMAPPED,,,,756,1118,1,1,,,
runtime_models,resources/wood_log_b.glb,resources,wood_log_b.glb,.glb,38464,37.56,0.0367,UNMAPPED,,,,580,860,1,1,,,
runtime_models,resources/wood_log_stack.glb,resources,wood_log_stack.glb,.glb,87508,85.46,0.0835,UNMAPPED,,,,3576,5316,1,1,,,
runtime_models,resources/wood_plank_a.glb,resources,wood_plank_a.glb,.glb,29428,28.74,0.0281,UNMAPPED,,,,28,56,1,1,,,
runtime_models,resources/wood_plank_b.glb,resources,wood_plank_b.glb,.glb,29836,29.14,0.0285,UNMAPPED,,,,52,100,1,1,,,
runtime_models,resources/wood_plank_c.glb,resources,wood_plank_c.glb,.glb,30400,29.69,0.029,UNMAPPED,,,,76,150,1,1,,,
runtime_models,resources/wood_planks_stack_large.glb,resources,wood_planks_stack_large.glb,.glb,51124,49.93,0.0488,UNMAPPED,,,,1176,2272,1,1,,,
runtime_models,resources/wood_planks_stack_medium.glb,resources,wood_planks_stack_medium.glb,.glb,42096,41.11,0.0401,UNMAPPED,,,,704,1334,1,1,,,
runtime_models,resources/wood_planks_stack_small.glb,resources,wood_planks_stack_small.glb,.glb,33312,32.53,0.0318,UNMAPPED,,,,248,434,1,1,,,
runtime_models,tools/anvil.glb,tools,anvil.glb,.glb,36308,35.46,0.0346,✅ MANTER,props/anvil.glb,props/anvil.glb,Anvil,316,400,1,1,,,
runtime_models,tools/axe.glb,tools,axe.glb,.glb,39044,38.13,0.0372,UNMAPPED,,,,508,594,1,1,,,
runtime_models,tools/blueprint.glb,tools,blueprint.glb,.glb,63836,62.34,0.0609,UNMAPPED,,,,128,231,2,2,,,
runtime_models,tools/blueprint_stacked.glb,tools,blueprint_stacked.glb,.glb,69340,67.71,0.0661,UNMAPPED,,,,384,766,2,2,,,
runtime_models,tools/bucket_metal.glb,tools,bucket_metal.glb,.glb,39300,38.38,0.0375,UNMAPPED,,,,466,496,1,1,,,
runtime_models,tools/chisel.glb,tools,chisel.glb,.glb,35408,34.58,0.0338,UNMAPPED,,,,214,281,1,1,,,
runtime_models,tools/compass_base.glb,tools,compass_base.glb,.glb,52296,51.07,0.0499,UNMAPPED,,,,1320,1506,2,1,,,
runtime_models,tools/drafting_compass.glb,tools,drafting_compass.glb,.glb,53256,52.01,0.0508,UNMAPPED,,,,1144,1671,1,1,,,
runtime_models,tools/file.glb,tools,file.glb,.glb,35832,34.99,0.0342,UNMAPPED,,,,272,320,1,1,,,
runtime_models,tools/fishing_floater.glb,tools,fishing_floater.glb,.glb,37032,36.16,0.0353,UNMAPPED,,,,512,404,1,1,,,
runtime_models,tools/fishing_hook_a.glb,tools,fishing_hook_a.glb,.glb,36436,35.58,0.0347,UNMAPPED,,,,381,360,1,1,,,
runtime_models,tools/fishing_hook_b.glb,tools,fishing_hook_b.glb,.glb,39080,38.16,0.0373,UNMAPPED,,,,672,590,1,1,,,
runtime_models,tools/fishing_rod.glb,tools,fishing_rod.glb,.glb,73196,71.48,0.0698,UNMAPPED,,,,3605,3248,1,1,,,
runtime_models,tools/fishing_rod_base.glb,tools,fishing_rod_base.glb,.glb,59216,57.83,0.0565,UNMAPPED,,,,2692,2443,1,1,,,
runtime_models,tools/fishing_tacklebox.glb,tools,fishing_tacklebox.glb,.glb,59680,58.28,0.0569,UNMAPPED,,,,1915,2608,1,1,,,
runtime_models,tools/fishing_tacklebox_empty.glb,tools,fishing_tacklebox_empty.glb,.glb,49080,47.93,0.0468,UNMAPPED,,,,1068,1662,1,1,,,
runtime_models,tools/fishing_worm.glb,tools,fishing_worm.glb,.glb,35172,34.35,0.0335,UNMAPPED,,,,308,227,1,1,,,
runtime_models,tools/grindstone.glb,tools,grindstone.glb,.glb,47636,46.52,0.0454,UNMAPPED,,,,1114,1442,1,1,,,
runtime_models,tools/hammer.glb,tools,hammer.glb,.glb,36780,35.92,0.0351,UNMAPPED,,,,396,382,1,1,,,
runtime_models,tools/handdrill.glb,tools,handdrill.glb,.glb,40784,39.83,0.0389,UNMAPPED,,,,898,824,1,1,,,
runtime_models,tools/handplane.glb,tools,handplane.glb,.glb,38988,38.07,0.0372,UNMAPPED,,,,650,657,1,1,,,
runtime_models,tools/journal_closed.glb,tools,journal_closed.glb,.glb,41248,40.28,0.0393,UNMAPPED,,,,657,900,1,1,,,
runtime_models,tools/journal_open.glb,tools,journal_open.glb,.glb,39488,38.56,0.0377,UNMAPPED,,,,539,682,1,1,,,
runtime_models,tools/key_a.glb,tools,key_a.glb,.glb,35804,34.96,0.0341,UNMAPPED,,,,272,347,1,1,,,
runtime_models,tools/key_b.glb,tools,key_b.glb,.glb,35652,34.82,0.034,UNMAPPED,,,,278,303,1,1,,,
runtime_models,tools/key_c.glb,tools,key_c.glb,.glb,39940,39.0,0.0381,UNMAPPED,,,,470,685,1,1,,,
runtime_models,tools/knife.glb,tools,knife.glb,.glb,35644,34.81,0.034,UNMAPPED,,,,228,308,1,1,,,
runtime_models,tools/lantern.glb,tools,lantern.glb,.glb,44888,43.84,0.0428,UNMAPPED,,,,772,885,2,1,,,
runtime_models,tools/lock_a.glb,tools,lock_a.glb,.glb,38876,37.96,0.0371,UNMAPPED,,,,412,521,1,1,,,
runtime_models,tools/lock_b.glb,tools,lock_b.glb,.glb,38560,37.66,0.0368,UNMAPPED,,,,376,445,1,1,,,
runtime_models,tools/lock_c.glb,tools,lock_c.glb,.glb,39540,38.61,0.0377,UNMAPPED,,,,456,536,1,1,,,
runtime_models,tools/lockpick_a.glb,tools,lockpick_a.glb,.glb,35220,34.39,0.0336,UNMAPPED,,,,220,274,1,1,,,
runtime_models,tools/lockpick_a_old.glb,tools,lockpick_a_old.glb,.glb,36420,35.57,0.0347,UNMAPPED,,,,280,385,1,1,,,
runtime_models,tools/lockpick_b.glb,tools,lockpick_b.glb,.glb,34828,34.01,0.0332,UNMAPPED,,,,192,236,1,1,,,
runtime_models,tools/lockpick_c.glb,tools,lockpick_c.glb,.glb,35112,34.29,0.0335,UNMAPPED,,,,216,260,1,1,,,
runtime_models,tools/lockpick_d.glb,tools,lockpick_d.glb,.glb,34924,34.11,0.0333,UNMAPPED,,,,200,248,1,1,,,
runtime_models,tools/lockpick_set.glb,tools,lockpick_set.glb,.glb,53248,52.0,0.0508,UNMAPPED,,,,1530,1927,1,1,,,
runtime_models,tools/magnifying_glass.glb,tools,magnifying_glass.glb,.glb,39740,38.81,0.0379,UNMAPPED,,,,570,594,2,1,,,
runtime_models,tools/mallet.glb,tools,mallet.glb,.glb,36864,36.0,0.0352,UNMAPPED,,,,472,409,1,1,,,
runtime_models,tools/map.glb,tools,map.glb,.glb,57900,56.54,0.0552,UNMAPPED,,,,596,594,2,2,,,
runtime_models,tools/map_empty.glb,tools,map_empty.glb,.glb,46676,45.58,0.0445,UNMAPPED,,,,596,594,2,2,,,
runtime_models,tools/map_rolled.glb,tools,map_rolled.glb,.glb,35556,34.72,0.0339,UNMAPPED,,,,348,282,1,1,,,
runtime_models,tools/nail.glb,tools,nail.glb,.glb,33004,32.23,0.0315,UNMAPPED,,,,72,77,1,1,,,
runtime_models,tools/pencil_a_long.glb,tools,pencil_a_long.glb,.glb,33068,32.29,0.0315,UNMAPPED,,,,48,85,1,1,,,
runtime_models,tools/pencil_a_short.glb,tools,pencil_a_short.glb,.glb,33072,32.3,0.0315,UNMAPPED,,,,48,85,1,1,,,
runtime_models,tools/pencil_b_long.glb,tools,pencil_b_long.glb,.glb,35940,35.1,0.0343,UNMAPPED,,,,268,361,1,1,,,
runtime_models,tools/pencil_b_short.glb,tools,pencil_b_short.glb,.glb,36024,35.18,0.0344,UNMAPPED,,,,268,361,1,1,,,
runtime_models,tools/pickaxe.glb,tools,pickaxe.glb,.glb,38376,37.48,0.0366,UNMAPPED,,,,508,560,1,1,,,
runtime_models,tools/rope_bundle_a.glb,tools,rope_bundle_a.glb,.glb,40264,39.32,0.0384,UNMAPPED,,,,1248,728,1,1,,,
runtime_models,tools/rope_bundle_b.glb,tools,rope_bundle_b.glb,.glb,38084,37.19,0.0363,UNMAPPED,,,,826,531,1,1,,,
runtime_models,tools/saw.glb,tools,saw.glb,.glb,39224,38.3,0.0374,UNMAPPED,,,,512,703,1,1,,,
runtime_models,tools/scissors.glb,tools,scissors.glb,.glb,41756,40.78,0.0398,UNMAPPED,,,,780,736,1,1,,,
runtime_models,tools/screw_a.glb,tools,screw_a.glb,.glb,35160,34.34,0.0335,UNMAPPED,,,,240,288,1,1,,,
runtime_models,tools/screw_b.glb,tools,screw_b.glb,.glb,35580,34.75,0.0339,UNMAPPED,,,,264,326,1,1,,,
runtime_models,tools/screwdriver_a_long.glb,tools,screwdriver_a_long.glb,.glb,35080,34.26,0.0335,UNMAPPED,,,,190,256,1,1,,,
runtime_models,tools/screwdriver_a_long_color.glb,tools,screwdriver_a_long_color.glb,.glb,35104,34.28,0.0335,UNMAPPED,,,,190,256,1,1,,,
runtime_models,tools/screwdriver_a_short.glb,tools,screwdriver_a_short.glb,.glb,35108,34.29,0.0335,UNMAPPED,,,,190,256,1,1,,,
runtime_models,tools/screwdriver_a_short_color.glb,tools,screwdriver_a_short_color.glb,.glb,35132,34.31,0.0335,UNMAPPED,,,,190,256,1,1,,,
runtime_models,tools/screwdriver_b_long.glb,tools,screwdriver_b_long.glb,.glb,35440,34.61,0.0338,UNMAPPED,,,,216,292,1,1,,,
runtime_models,tools/screwdriver_b_long_color.glb,tools,screwdriver_b_long_color.glb,.glb,35464,34.63,0.0338,UNMAPPED,,,,216,292,1,1,,,
runtime_models,tools/screwdriver_b_short.glb,tools,screwdriver_b_short.glb,.glb,35416,34.59,0.0338,UNMAPPED,,,,216,284,1,1,,,
runtime_models,tools/screwdriver_b_short_color.glb,tools,screwdriver_b_short_color.glb,.glb,35440,34.61,0.0338,UNMAPPED,,,,216,284,1,1,,,
runtime_models,tools/shovel.glb,tools,shovel.glb,.glb,40420,39.47,0.0385,UNMAPPED,,,,810,750,1,1,,,
runtime_models,tools/tongs.glb,tools,tongs.glb,.glb,38244,37.35,0.0365,UNMAPPED,,,,340,411,1,1,,,
runtime_models,tools/torch.glb,tools,torch.glb,.glb,37636,36.75,0.0359,UNMAPPED,,,,474,462,1,1,,,
runtime_models,tools/torch_burnt.glb,tools,torch_burnt.glb,.glb,37648,36.77,0.0359,UNMAPPED,,,,474,462,1,1,,,
runtime_models,tools/trowel.glb,tools,trowel.glb,.glb,35464,34.63,0.0338,UNMAPPED,,,,242,297,1,1,,,
runtime_models,tools/wrench_a.glb,tools,wrench_a.glb,.glb,37392,36.52,0.0357,UNMAPPED,,,,356,453,1,1,,,
runtime_models,tools/wrench_b.glb,tools,wrench_b.glb,.glb,35424,34.59,0.0338,UNMAPPED,,,,212,293,1,1,,,
runtime_models,weapons/adv_axe_1handed.glb,weapons,adv_axe_1handed.glb,.glb,31688,30.95,0.0302,⚠️ CRIAR,weapons/adv_axe_1handed.glb,weapons/knight_axe.glb,Knight Axe,274,340,1,1,,,
runtime_models,weapons/adv_axe_2handed.glb,weapons,adv_axe_2handed.glb,.glb,41116,40.15,0.0392,⚠️ CRIAR,weapons/adv_axe_2handed.glb,weapons/executioner_axe.glb,Executioner Axe,508,591,1,1,,,
runtime_models,weapons/adv_dagger.glb,weapons,adv_dagger.glb,.glb,29676,28.98,0.0283,⚠️ CRIAR,weapons/adv_dagger.glb,weapons/elite_dagger.glb,Elite Dagger,172,207,1,1,,,
runtime_models,weapons/adv_druid_staff.glb,weapons,adv_druid_staff.glb,.glb,63980,62.48,0.061,⚠️ CRIAR,weapons/adv_druid_staff.glb,weapons/holy_staff.glb,Holy Staff,1062,1094,1,1,,,
runtime_models,weapons/adv_staff.glb,weapons,adv_staff.glb,.glb,39464,38.54,0.0376,⚠️ CRIAR,weapons/adv_staff.glb,weapons/elite_staff.glb,Elite Staff,440,498,1,1,,,
runtime_models,weapons/adv_sword_1handed.glb,weapons,adv_sword_1handed.glb,.glb,30420,29.71,0.029,⚠️ CRIAR,weapons/adv_sword_1handed.glb,weapons/knight_sword.glb,Knight Sword,300,358,1,1,,,
runtime_models,weapons/adv_sword_2handed.glb,weapons,adv_sword_2handed.glb,.glb,37076,36.21,0.0354,⚠️ CRIAR,weapons/adv_sword_2handed.glb,weapons/elite_greatsword.glb,Elite Greatsword,412,545,1,1,,,
runtime_models,weapons/adv_sword_2handed_color.glb,weapons,adv_sword_2handed_color.glb,.glb,37056,36.19,0.0353,⚠️ CRIAR,weapons/adv_sword_2handed_color.glb,weapons/blood_greatsword.glb,Blood Greatsword,412,544,1,1,,,
runtime_models,weapons/adv_wand.glb,weapons,adv_wand.glb,.glb,26836,26.21,0.0256,⚠️ CRIAR,weapons/adv_wand.glb,weapons/elite_wand.glb,Elite Wand,150,158,1,1,,,
runtime_models,weapons/ashspark_shiv.glb,weapons,ashspark_shiv.glb,.glb,66616,65.05,0.0635,✅ MANTER (renomear),weapons/ashspark_shiv.glb,weapons/ash_shiv.glb,Ash Shiv,488,512,1,3,,,
runtime_models,weapons/astravyr_fang_of_the_fallen_star.glb,weapons,astravyr_fang_of_the_fallen_star.glb,.glb,159984,156.23,0.1526,✅ MANTER (simplificar nome),weapons/astravyr_fang_of_the_fallen_star.glb,weapons/astral_fang.glb,Astral Fang,826,836,2,3,,,
runtime_models,weapons/axe_1handed.glb,weapons,axe_1handed.glb,.glb,32372,31.61,0.0309,⚠️ CRIAR,weapons/axe_1handed.glb,weapons/hand_axe.glb,Hand Axe,274,340,1,1,,,
runtime_models,weapons/axe_2handed.glb,weapons,axe_2handed.glb,.glb,35248,34.42,0.0336,⚠️ CRIAR,weapons/axe_2handed.glb,weapons/battle_axe.glb,Battle Axe,508,591,1,1,,,
runtime_models,weapons/axe_a.glb,weapons,axe_a.glb,.glb,72820,71.11,0.0694,⚠️ CRIAR,weapons/axe_a.glb,weapons/iron_axe.glb,Iron Axe,1206,1243,1,1,,,
runtime_models,weapons/axe_b.glb,weapons,axe_b.glb,.glb,75268,73.5,0.0718,⚠️ CRIAR,weapons/axe_b.glb,weapons/steel_axe.glb,Steel Axe,1246,1312,1,1,,,
runtime_models,weapons/axe_c.glb,weapons,axe_c.glb,.glb,62284,60.82,0.0594,⚠️ CRIAR,weapons/axe_c.glb,weapons/cleaver.glb,Cleaver,890,973,1,1,,,
runtime_models,weapons/axe_d.glb,weapons,axe_d.glb,.glb,66020,64.47,0.063,⚠️ CRIAR,weapons/axe_d.glb,weapons/great_axe.glb,Great Axe,888,1090,1,1,,,
runtime_models,weapons/brasscap_hatchet.glb,weapons,brasscap_hatchet.glb,.glb,236716,231.17,0.2257,✅ MANTER (renomear),weapons/brasscap_hatchet.glb,weapons/war_hatchet.glb,War Hatchet,452,514,1,3,,,
runtime_models,weapons/brasscrown_walking_staff.glb,weapons,brasscrown_walking_staff.glb,.glb,260560,254.45,0.2485,✅ MANTER (renomear),weapons/brasscrown_walking_staff.glb,weapons/pilgrim_staff.glb,Pilgrim Staff,482,543,1,3,,,
runtime_models,weapons/cinderbrand.glb,weapons,cinderbrand.glb,.glb,77264,75.45,0.0737,✅ MANTER,weapons/cinderbrand.glb,weapons/cinderbrand.glb,Cinderbrand,512,527,1,3,,,
runtime_models,weapons/cinderlatch.glb,weapons,cinderlatch.glb,.glb,106392,103.9,0.1015,✅ MANTER,weapons/cinderlatch.glb,weapons/cinderlatch.glb,Cinderlatch,754,808,1,3,,,
runtime_models,weapons/cosmarch_spire_of_the_endless_void.glb,weapons,cosmarch_spire_of_the_endless_void.glb,.glb,95564,93.32,0.0911,✅ MANTER (simplificar nome),weapons/cosmarch_spire_of_the_endless_void.glb,weapons/void_spire.glb,Void Spire,554,1125,1,3,,,
runtime_models,weapons/crossbow_1handed.glb,weapons,crossbow_1handed.glb,.glb,40584,39.63,0.0387,⚠️ CRIAR,weapons/crossbow_1handed.glb,weapons/hand_crossbow.glb,Hand Crossbow,584,678,1,1,,,
runtime_models,weapons/crossbow_2handed.glb,weapons,crossbow_2handed.glb,.glb,43380,42.36,0.0414,⚠️ CRIAR,weapons/crossbow_2handed.glb,weapons/heavy_crossbow.glb,Heavy Crossbow,792,942,1,1,,,
runtime_models,weapons/dagger.glb,weapons,dagger.glb,.glb,35340,34.51,0.0337,⚠️ CRIAR,weapons/dagger.glb,weapons/dagger.glb,Dagger,172,207,1,1,,,
runtime_models,weapons/dagger_a.glb,weapons,dagger_a.glb,.glb,43288,42.27,0.0413,⚠️ CRIAR,weapons/dagger_a.glb,weapons/ritual_dagger.glb,Ritual Dagger,374,476,1,1,,,
runtime_models,weapons/dagger_b.glb,weapons,dagger_b.glb,.glb,45816,44.74,0.0437,⚠️ CRIAR,weapons/dagger_b.glb,weapons/shadow_dagger.glb,Shadow Dagger,502,531,1,1,,,
runtime_models,weapons/dagger_c.glb,weapons,dagger_c.glb,.glb,59460,58.07,0.0567,⚠️ CRIAR,weapons/dagger_c.glb,weapons/assassin_blade.glb,Assassin Blade,754,910,1,1,,,
runtime_models,weapons/emberbite.glb,weapons,emberbite.glb,.glb,86136,84.12,0.0821,✅ MANTER,weapons/emberbite.glb,weapons/emberbite.glb,Emberbite,496,528,1,3,,,
runtime_models,weapons/emberfang_sword.glb,weapons,emberfang_sword.glb,.glb,228912,223.55,0.2183,✅ MANTER,weapons/emberfang_sword.glb,weapons/emberfang.glb,Emberfang,782,736,1,3,,,
runtime_models,weapons/emberwish_mote_of_the_dying_sun.glb,weapons,emberwish_mote_of_the_dying_sun.glb,.glb,56440,55.12,0.0538,✅ MANTER (simplificar nome),weapons/emberwish_mote_of_the_dying_sun.glb,weapons/sun_mote.glb,Sun Mote,398,469,1,3,,,
runtime_models,weapons/emberwrought_wand.glb,weapons,emberwrought_wand.glb,.glb,60272,58.86,0.0575,✅ MANTER (renomear),weapons/emberwrought_wand.glb,weapons/ember_wand.glb,Ember Wand,468,595,1,3,,,
runtime_models,weapons/encore_the_second_falling_star.glb,weapons,encore_the_second_falling_star.glb,.glb,94468,92.25,0.0901,✅ MANTER (simplificar nome),weapons/encore_the_second_falling_star.glb,weapons/second_star.glb,Second Star,826,787,1,3,,,
runtime_models,weapons/fletcher_s_guild_bow.glb,weapons,fletcher_s_guild_bow.glb,.glb,275280,268.83,0.2625,✅ MANTER (renomear),weapons/fletcher_s_guild_bow.glb,weapons/longbow.glb,Longbow,486,514,1,3,,,
runtime_models,weapons/forgeheart_stave.glb,weapons,forgeheart_stave.glb,.glb,85028,83.04,0.0811,✅ MANTER (renomear),weapons/forgeheart_stave.glb,weapons/flame_stave.glb,Flame Stave,520,764,1,3,,,
runtime_models,weapons/frostbite.glb,weapons,frostbite.glb,.glb,69980,68.34,0.0667,✅ MANTER,weapons/frostbite.glb,weapons/frostbite.glb,Frostbite,384,814,1,3,,,
runtime_models,weapons/glaciersplit.glb,weapons,glaciersplit.glb,.glb,61232,59.8,0.0584,✅ MANTER,weapons/glaciersplit.glb,weapons/glaciersplit.glb,Glaciersplit,647,673,1,3,,,
runtime_models,weapons/guildmark_arming_sword.glb,weapons,guildmark_arming_sword.glb,.glb,278284,271.76,0.2654,✅ MANTER (renomear),weapons/guildmark_arming_sword.glb,weapons/guild_sword.glb,Guild Sword,510,547,1,3,,,
runtime_models,weapons/guildmark_dirk.glb,weapons,guildmark_dirk.glb,.glb,322516,314.96,0.3076,✅ MANTER (renomear),weapons/guildmark_dirk.glb,weapons/guild_dirk.glb,Guild Dirk,513,841,1,3,,,
runtime_models,weapons/halberd.glb,weapons,halberd.glb,.glb,89928,87.82,0.0858,⚠️ CRIAR,weapons/halberd.glb,weapons/halberd.glb,Halberd,1496,1723,1,1,,,
runtime_models,weapons/hammer_a.glb,weapons,hammer_a.glb,.glb,49056,47.91,0.0468,⚠️ CRIAR,weapons/hammer_a.glb,weapons/mace.glb,Mace,524,628,1,1,,,
runtime_models,weapons/hammer_b.glb,weapons,hammer_b.glb,.glb,54792,53.51,0.0523,⚠️ CRIAR,weapons/hammer_b.glb,weapons/war_hammer.glb,War Hammer,712,772,1,1,,,
runtime_models,weapons/hammer_c.glb,weapons,hammer_c.glb,.glb,58216,56.85,0.0555,⚠️ CRIAR,weapons/hammer_c.glb,weapons/great_hammer.glb,Great Hammer,840,855,1,1,,,
runtime_models,weapons/hammer_d.glb,weapons,hammer_d.glb,.glb,99344,97.02,0.0947,⚠️ CRIAR,weapons/hammer_d.glb,weapons/maul.glb,Maul,1578,2002,1,1,,,
runtime_models,weapons/hoarfrost_vigil.glb,weapons,hoarfrost_vigil.glb,.glb,47476,46.36,0.0453,✅ MANTER,weapons/hoarfrost_vigil.glb,weapons/hoarfrost.glb,Hoarfrost,696,606,1,3,,,
runtime_models,weapons/ice_fang.glb,weapons,ice_fang.glb,.glb,74816,73.06,0.0714,✅ MANTER,weapons/ice_fang.glb,weapons/ice_fang.glb,Ice Fang,430,521,1,3,,,
runtime_models,weapons/iron_field_hammer.glb,weapons,iron_field_hammer.glb,.glb,245868,240.11,0.2345,✅ MANTER (renomear),weapons/iron_field_hammer.glb,weapons/field_hammer.glb,Field Hammer,492,476,1,3,,,
runtime_models,weapons/knotted_oak_stave.glb,weapons,knotted_oak_stave.glb,.glb,160972,157.2,0.1535,✅ MANTER (renomear),weapons/knotted_oak_stave.glb,weapons/oak_stave.glb,Oak Stave,503,851,1,3,,,
runtime_models,weapons/lacquered_rod.glb,weapons,lacquered_rod.glb,.glb,245988,240.22,0.2346,✅ MANTER (renomear),weapons/lacquered_rod.glb,weapons/rod.glb,Rod,506,523,1,3,,,
runtime_models,weapons/meteorlatch_the_sky_s_last_judgment.glb,weapons,meteorlatch_the_sky_s_last_judgment.glb,.glb,138468,135.22,0.1321,✅ MANTER (simplificar nome),weapons/meteorlatch_the_sky_s_last_judgment.glb,weapons/meteorlatch.glb,Meteorlatch,969,1679,1,3,,,
runtime_models,weapons/notched_woodaxe.glb,weapons,notched_woodaxe.glb,.glb,229284,223.91,0.2187,✅ MANTER (renomear),weapons/notched_woodaxe.glb,weapons/woodcutter_axe.glb,Woodcutter Axe,470,567,1,3,,,
runtime_models,weapons/peeled_birch_wand.glb,weapons,peeled_birch_wand.glb,.glb,209332,204.43,0.1996,✅ MANTER (renomear),weapons/peeled_birch_wand.glb,weapons/bone_wand_birch.glb,Bone Wand,462,665,1,3,,,
runtime_models,weapons/purple_axe.glb,weapons,purple_axe.glb,.glb,54336,53.06,0.0518,✅ MANTER (renomear),weapons/purple_axe.glb,weapons/shadow_axe.glb,Shadow Axe,1044,1407,1,1,,,
runtime_models,weapons/purple_dagger.glb,weapons,purple_dagger.glb,.glb,41864,40.88,0.0399,✅ MANTER (renomear),weapons/purple_dagger.glb,weapons/phantom_blade.glb,Phantom Blade,478,473,1,1,,,
runtime_models,weapons/purple_staff.glb,weapons,purple_staff.glb,.glb,44260,43.22,0.0422,✅ MANTER (renomear),weapons/purple_staff.glb,weapons/shadow_staff.glb,Shadow Staff,1008,817,1,1,,,
runtime_models,weapons/purple_sword.glb,weapons,purple_sword.glb,.glb,49976,48.8,0.0477,✅ MANTER (renomear),weapons/purple_sword.glb,weapons/shadow_blade.glb,Shadow Blade,962,828,1,1,,,
runtime_models,weapons/purple_wand.glb,weapons,purple_wand.glb,.glb,47408,46.3,0.0452,UNMAPPED,,,,986,911,1,1,,,
runtime_models,weapons/quiver.glb,weapons,quiver.glb,.glb,37460,36.58,0.0357,⚠️ CRIAR,weapons/quiver.glb,weapons/quiver.glb,Quiver,255,386,1,1,,,
runtime_models,weapons/redskull_dagger.glb,weapons,redskull_dagger.glb,.glb,72044,70.36,0.0687,✅ MANTER (renomear),weapons/redskull_dagger.glb,weapons/skull_shiv.glb,Skull Shiv,514,781,1,1,,,
runtime_models,weapons/redskull_hammer.glb,weapons,redskull_hammer.glb,.glb,77644,75.82,0.074,✅ MANTER (renomear),weapons/redskull_hammer.glb,weapons/skull_hammer.glb,Skull Hammer,1036,1660,1,1,,,
runtime_models,weapons/redskull_staff.glb,weapons,redskull_staff.glb,.glb,77288,75.48,0.0737,✅ MANTER (renomear),weapons/redskull_staff.glb,weapons/skull_staff.glb,Skull Staff,1072,1579,1,1,,,
runtime_models,weapons/redskull_sword.glb,weapons,redskull_sword.glb,.glb,75164,73.4,0.0717,✅ MANTER (renomear),weapons/redskull_sword.glb,weapons/skull_sword.glb,Skull Sword,1006,885,1,1,,,
runtime_models,weapons/redskull_wand.glb,weapons,redskull_wand.glb,.glb,66600,65.04,0.0635,UNMAPPED,,,,542,834,1,1,,,
runtime_models,weapons/rimecrusher.glb,weapons,rimecrusher.glb,.glb,62960,61.48,0.06,✅ MANTER,weapons/rimecrusher.glb,weapons/rimecrusher.glb,Rimecrusher,402,517,1,3,,,
runtime_models,weapons/rude_awakening_sword.glb,weapons,rude_awakening_sword.glb,.glb,116952,114.21,0.1115,✅ MANTER (renomear),weapons/rude_awakening_sword.glb,weapons/morning_star.glb,Morning Star,797,1082,1,3,,,
runtime_models,weapons/scythe.glb,weapons,scythe.glb,.glb,74656,72.91,0.0712,⚠️ CRIAR,weapons/scythe.glb,weapons/scythe.glb,Scythe,1234,1295,1,1,,,
runtime_models,weapons/shard_of_everwinter.glb,weapons,shard_of_everwinter.glb,.glb,75876,74.1,0.0724,✅ MANTER (simplificar nome),weapons/shard_of_everwinter.glb,weapons/everwinter_shard.glb,Everwinter Shard,736,1313,1,3,,,
runtime_models,weapons/shield_badge.glb,weapons,shield_badge.glb,.glb,29948,29.25,0.0286,⚠️ CRIAR,weapons/shield_badge.glb,weapons/shield_crest.glb,Crest Shield,262,283,1,1,,,
runtime_models,weapons/shield_round.glb,weapons,shield_round.glb,.glb,30432,29.72,0.029,⚠️ CRIAR,weapons/shield_round.glb,weapons/shield_round.glb,Round Shield,284,322,1,1,,,
runtime_models,weapons/shield_square.glb,weapons,shield_square.glb,.glb,29960,29.26,0.0286,⚠️ CRIAR,weapons/shield_square.glb,weapons/shield_heater.glb,Heater Shield,262,286,1,1,,,
runtime_models,weapons/simple_farmhand_crossbow.glb,weapons,simple_farmhand_crossbow.glb,.glb,185204,180.86,0.1766,✅ MANTER (renomear),weapons/simple_farmhand_crossbow.glb,weapons/light_crossbow.glb,Light Crossbow,784,1005,1,3,,,
runtime_models,weapons/skeleton_axe.glb,weapons,skeleton_axe.glb,.glb,38476,37.57,0.0367,✅ MANTER (renomear),weapons/skeleton_axe.glb,weapons/bone_axe.glb,Bone Axe,534,692,1,1,,,
runtime_models,weapons/skeleton_blade.glb,weapons,skeleton_blade.glb,.glb,37096,36.23,0.0354,✅ MANTER (renomear),weapons/skeleton_blade.glb,weapons/bone_sword.glb,Bone Sword,457,541,1,1,,,
runtime_models,weapons/skeleton_crossbow.glb,weapons,skeleton_crossbow.glb,.glb,39892,38.96,0.038,UNMAPPED,,,,584,785,1,1,,,
runtime_models,weapons/skeleton_shield_large_a.glb,weapons,skeleton_shield_large_a.glb,.glb,41460,40.49,0.0395,✅ MANTER (renomear),weapons/skeleton_shield_large_a.glb,weapons/shield_bone.glb,Bone Shield,626,923,1,1,,,
runtime_models,weapons/skeleton_staff.glb,weapons,skeleton_staff.glb,.glb,51660,50.45,0.0493,UNMAPPED,,,,1519,1879,1,1,,,
runtime_models,weapons/skyrender_the_firmament_s_wound.glb,weapons,skyrender_the_firmament_s_wound.glb,.glb,86100,84.08,0.0821,✅ MANTER (simplificar nome),weapons/skyrender_the_firmament_s_wound.glb,weapons/skyrender.glb,Skyrender,653,877,1,3,,,
runtime_models,weapons/smoulderfall.glb,weapons,smoulderfall.glb,.glb,83032,81.09,0.0792,✅ MANTER,weapons/smoulderfall.glb,weapons/smoulderfall.glb,Smoulderfall,528,495,1,3,,,
runtime_models,weapons/solheim_last_light_of_the_dawn.glb,weapons,solheim_last_light_of_the_dawn.glb,.glb,130092,127.04,0.1241,✅ MANTER (simplificar nome),weapons/solheim_last_light_of_the_dawn.glb,weapons/solheim.glb,Solheim,808,1216,1,3,,,
runtime_models,weapons/spear_a.glb,weapons,spear_a.glb,.glb,78552,76.71,0.0749,⚠️ CRIAR,weapons/spear_a.glb,weapons/spear.glb,Spear,1216,1420,1,1,,,
runtime_models,weapons/spellbook_open.glb,weapons,spellbook_open.glb,.glb,35136,34.31,0.0335,✅ MANTER (renomear),weapons/spellbook_open.glb,weapons/grimoire.glb,Grimoire,292,418,1,1,,,
runtime_models,weapons/staff.glb,weapons,staff.glb,.glb,36168,35.32,0.0345,⚠️ CRIAR,weapons/staff.glb,weapons/staff.glb,Staff,440,498,1,1,,,
runtime_models,weapons/staff_a.glb,weapons,staff_a.glb,.glb,46832,45.73,0.0447,⚠️ CRIAR,weapons/staff_a.glb,weapons/battle_staff.glb,Battle Staff,500,563,1,1,,,
runtime_models,weapons/staff_b.glb,weapons,staff_b.glb,.glb,58372,57.0,0.0557,⚠️ CRIAR,weapons/staff_b.glb,weapons/war_staff.glb,War Staff,664,893,1,1,,,
runtime_models,weapons/staff_c.glb,weapons,staff_c.glb,.glb,89272,87.18,0.0851,⚠️ CRIAR,weapons/staff_c.glb,weapons/grand_staff.glb,Grand Staff,1528,1668,2,1,,,
runtime_models,weapons/staff_d.glb,weapons,staff_d.glb,.glb,101228,98.86,0.0965,⚠️ CRIAR,weapons/staff_d.glb,weapons/arcane_staff.glb,Arcane Staff,1718,2002,2,1,,,
runtime_models,weapons/starfall_judgment_of_the_heavens.glb,weapons,starfall_judgment_of_the_heavens.glb,.glb,90700,88.57,0.0865,✅ MANTER (simplificar nome),weapons/starfall_judgment_of_the_heavens.glb,weapons/starfall.glb,Starfall,933,905,1,3,,,
runtime_models,weapons/sword_1handed.glb,weapons,sword_1handed.glb,.glb,30608,29.89,0.0292,⚠️ CRIAR,weapons/sword_1handed.glb,weapons/short_sword.glb,Short Sword,300,358,1,1,,,
runtime_models,weapons/sword_2handed.glb,weapons,sword_2handed.glb,.glb,32520,31.76,0.031,⚠️ CRIAR,weapons/sword_2handed.glb,weapons/great_sword.glb,Great Sword,412,545,1,1,,,
runtime_models,weapons/sword_a.glb,weapons,sword_a.glb,.glb,39308,38.39,0.0375,⚠️ CRIAR,weapons/sword_a.glb,weapons/arming_sword.glb,Arming Sword,292,367,1,1,,,
runtime_models,weapons/sword_b.glb,weapons,sword_b.glb,.glb,46048,44.97,0.0439,⚠️ CRIAR,weapons/sword_b.glb,weapons/bastard_sword.glb,Bastard Sword,460,546,1,1,,,
runtime_models,weapons/sword_c.glb,weapons,sword_c.glb,.glb,42792,41.79,0.0408,⚠️ CRIAR,weapons/sword_c.glb,weapons/claymore.glb,Claymore,349,465,1,1,,,
runtime_models,weapons/sword_d.glb,weapons,sword_d.glb,.glb,51788,50.57,0.0494,⚠️ CRIAR,weapons/sword_d.glb,weapons/broadsword.glb,Broadsword,730,675,1,1,,,
runtime_models,weapons/sword_e.glb,weapons,sword_e.glb,.glb,55684,54.38,0.0531,⚠️ CRIAR,weapons/sword_e.glb,weapons/falchion.glb,Falchion,616,818,1,1,,,
runtime_models,weapons/sword_f.glb,weapons,sword_f.glb,.glb,61624,60.18,0.0588,⚠️ CRIAR,weapons/sword_f.glb,weapons/rapier.glb,Rapier,878,926,2,1,,,
runtime_models,weapons/sword_g.glb,weapons,sword_g.glb,.glb,77556,75.74,0.074,⚠️ CRIAR,weapons/sword_g.glb,weapons/zweihander.glb,Zweihander,1012,1427,1,1,,,
runtime_models,weapons/tempered_flanged_mace.glb,weapons,tempered_flanged_mace.glb,.glb,237412,231.85,0.2264,✅ MANTER (renomear),weapons/tempered_flanged_mace.glb,weapons/flanged_mace.glb,Flanged Mace,440,498,1,3,,,
runtime_models,weapons/wand.glb,weapons,wand.glb,.glb,32520,31.76,0.031,⚠️ CRIAR,weapons/wand.glb,weapons/wand.glb,Wand,150,158,1,1,,,
runtime_models,weapons/wand_a.glb,weapons,wand_a.glb,.glb,45452,44.39,0.0433,⚠️ CRIAR,weapons/wand_a.glb,weapons/crystal_wand.glb,Crystal Wand,442,531,1,1,,,
runtime_models,weapons/wand_b.glb,weapons,wand_b.glb,.glb,47324,46.21,0.0451,⚠️ CRIAR,weapons/wand_b.glb,weapons/bone_wand.glb,Bone Wand,548,541,2,1,,,
runtime_models,weapons/whittler_s_knife.glb,weapons,whittler_s_knife.glb,.glb,183924,179.61,0.1754,✅ MANTER (renomear),weapons/whittler_s_knife.glb,weapons/carver_knife.glb,Carver Knife,454,480,1,3,,,
runtime_models,weapons/winterbite.glb,weapons,winterbite.glb,.glb,91808,89.66,0.0876,✅ MANTER,weapons/winterbite.glb,weapons/winterbite.glb,Winterbite,710,645,1,3,,,
runtime_models,weapons/wrought_iron_longsword.glb,weapons,wrought_iron_longsword.glb,.glb,217804,212.7,0.2077,✅ MANTER (renomear),weapons/wrought_iron_longsword.glb,weapons/iron_longsword.glb,Iron Longsword,488,604,1,3,,,
